lake_info_id,lake_name,time_update,hour,water_level_m,inflow_m3s,total_outflow_m3s,powerhouse_outflow_m3s,spillway_outflow_m3s,hours_with_data,note,time_changed
45,Bản Chát,2026-06-01T00:00:00.000,0,441.97,56.0,0.0,0.0,0.0,0.0,,2026-06-01T18:05:21.000
45,Bản Chát,2026-06-01T01:00:00.000,0,441.98,56.0,0.0,0.0,0.0,0.0,,2026-06-01T18:05:21.000
45,Bản Chát,2026-06-01T02:00:00.000,0,441.99,48.0,0.0,0.0,0.0,0.0,,2026-06-01T18:05:21.000
45,Bản Chát,2026-06-01T03:00:00.000,0,441.99,41.0,0.0,0.0,0.0,0.0,,2026-06-01T18:05:21.000
45,Bản Chát,2026-06-01T04:00:00.000,0,442.0,64.0,0.0,0.0,0.0,0.0,,2026-06-01T18:05:21.000
45,Bản Chát,2026-06-01T05:00:00.000,0,442.01,72.0,0.0,0.0,0.0,0.0,,2026-06-01T18:05:21.000
45,Bản Chát,2026-06-01T06:00:00.000,0,442.02,89.0,0.0,0.0,0.0,0.0,,2026-06-01T18:05:21.000
45,Bản Chát,2026-06-01T07:00:00.000,0,442.03,89.0,0.0,0.0,0.0,0.0,,2026-06-01T18:05:21.000
45,Bản Chát,2026-06-01T08:00:00.000,0,442.04,88.0,7.0,7.0,0.0,0.0,,2026-06-01T18:05:21.000
45,Bản Chát,2026-06-01T09:00:00.000,0,442.02,64.0,240.0,240.0,0.0,0.0,,2026-06-01T18:05:21.000
45,Bản Chát,2026-06-01T10:00:00.000,0,442.0,56.0,168.0,168.0,0.0,0.0,,2026-06-01T18:05:21.000
45,Bản Chát,2026-06-01T11:00:00.000,0,442.01,50.0,0.0,0.0,0.0,0.0,,2026-06-01T18:05:21.000
45,Bản Chát,2026-06-01T12:00:00.000,0,442.01,53.0,60.0,60.0,0.0,0.0,,2026-06-01T18:05:21.000
45,Bản Chát,2026-06-01T13:00:00.000,0,442.02,77.0,3.0,3.0,0.0,0.0,,2026-06-01T18:05:21.000
45,Bản Chát,2026-06-01T14:00:00.000,0,442.02,25.0,0.0,0.0,0.0,0.0,,2026-06-01T18:05:21.000
45,Bản Chát,2026-06-01T15:00:00.000,0,442.02,17.0,0.0,0.0,0.0,0.0,,2026-06-01T18:05:21.000
45,Bản Chát,2026-06-01T16:00:00.000,0,442.03,73.0,0.0,0.0,0.0,0.0,,2026-06-01T18:05:21.000
45,Bản Chát,2026-06-01T17:00:00.000,0,442.04,65.0,0.0,0.0,0.0,0.0,,2026-06-01T18:05:21.000
45,Bản Chát,2026-06-01T18:00:00.000,0,442.05,114.0,0.0,0.0,0.0,0.0,,2026-06-01T18:05:21.000
45,Bản Chát,2026-06-01T19:00:00.000,0,442.07,130.0,0.0,0.0,0.0,0.0,,2026-06-01T18:05:21.000
45,Bản Chát,2026-06-01T20:00:00.000,0,442.08,98.0,0.0,0.0,0.0,0.0,,2026-06-01T18:05:21.000
45,Bản Chát,2026-06-01T21:00:00.000,0,442.1,106.0,0.0,0.0,0.0,0.0,,2026-06-01T18:05:21.000
45,Bản Chát,2026-06-01T22:00:00.000,0,442.11,82.0,0.0,0.0,0.0,0.0,,2026-06-01T18:05:21.000
45,Bản Chát,2026-06-01T23:00:00.000,0,442.12,8.0,0.0,0.0,0.0,0.0,,2026-06-01T18:05:21.000
45,Bản Chát,2026-06-02T00:00:00.000,0,442.12,73.0,0.0,0.0,0.0,0.0,,2026-06-02T18:02:15.000
45,Bản Chát,2026-06-02T01:00:00.000,0,442.13,65.0,0.0,0.0,0.0,0.0,,2026-06-02T18:02:15.000
45,Bản Chát,2026-06-02T02:00:00.000,0,442.14,65.0,0.0,0.0,0.0,0.0,,2026-06-02T18:02:15.000
45,Bản Chát,2026-06-02T03:00:00.000,0,442.15,58.0,0.0,0.0,0.0,0.0,,2026-06-02T18:02:15.000
45,Bản Chát,2026-06-02T04:00:00.000,0,442.15,61.0,0.0,0.0,0.0,0.0,,2026-06-02T18:02:15.000
45,Bản Chát,2026-06-02T05:00:00.000,0,442.16,61.0,0.0,0.0,0.0,0.0,,2026-06-02T18:02:15.000
45,Bản Chát,2026-06-02T06:00:00.000,0,442.17,57.0,0.0,0.0,0.0,0.0,,2026-06-02T18:02:15.000
45,Bản Chát,2026-06-02T07:00:00.000,0,442.18,57.0,0.0,0.0,0.0,0.0,,2026-06-02T18:02:15.000
45,Bản Chát,2026-06-02T08:00:00.000,0,442.18,58.0,0.0,0.0,0.0,0.0,,2026-06-02T18:02:15.000
45,Bản Chát,2026-06-02T09:00:00.000,0,442.19,58.0,0.0,0.0,0.0,0.0,,2026-06-02T18:02:15.000
45,Bản Chát,2026-06-02T10:00:00.000,0,442.2,57.0,0.0,0.0,0.0,0.0,,2026-06-02T18:02:15.000
45,Bản Chát,2026-06-02T11:00:00.000,0,442.2,46.0,20.0,20.0,0.0,0.0,,2026-06-02T18:02:15.000
45,Bản Chát,2026-06-02T12:00:00.000,0,442.19,41.0,112.0,112.0,0.0,0.0,,2026-06-02T18:02:15.000
45,Bản Chát,2026-06-02T13:00:00.000,0,442.2,34.0,0.0,0.0,0.0,0.0,,2026-06-02T18:02:15.000
45,Bản Chát,2026-06-02T14:00:00.000,0,442.2,25.0,0.0,0.0,0.0,0.0,,2026-06-02T18:02:15.000
45,Bản Chát,2026-06-02T15:00:00.000,0,442.2,17.0,0.0,0.0,0.0,0.0,,2026-06-02T18:02:15.000
45,Bản Chát,2026-06-02T16:00:00.000,0,442.2,87.0,103.0,103.0,0.0,0.0,,2026-06-02T18:02:15.000
45,Bản Chát,2026-06-02T17:00:00.000,0,442.18,95.0,239.0,239.0,0.0,0.0,,2026-06-02T18:02:15.000
45,Bản Chát,2026-06-02T18:00:00.000,0,442.2,122.0,0.0,0.0,0.0,0.0,,2026-06-02T18:02:15.000
45,Bản Chát,2026-06-02T19:00:00.000,0,442.21,122.0,0.0,0.0,0.0,0.0,,2026-06-02T18:02:15.000
45,Bản Chát,2026-06-02T20:00:00.000,0,442.22,41.0,0.0,0.0,0.0,0.0,,2026-06-02T18:02:15.000
45,Bản Chát,2026-06-02T21:00:00.000,0,442.22,41.0,0.0,0.0,0.0,0.0,,2026-06-02T18:02:15.000
45,Bản Chát,2026-06-02T22:00:00.000,0,442.23,57.0,0.0,0.0,0.0,0.0,,2026-06-02T18:02:15.000
45,Bản Chát,2026-06-02T23:00:00.000,0,442.24,65.0,0.0,0.0,0.0,0.0,,2026-06-02T18:02:15.000
45,Bản Chát,2026-06-03T00:00:00.000,0,442.24,74.0,0.0,0.0,0.0,0.0,,2026-06-03T17:04:56.000
45,Bản Chát,2026-06-03T01:00:00.000,0,442.26,90.0,0.0,0.0,0.0,0.0,,2026-06-03T17:04:56.000
45,Bản Chát,2026-06-03T02:00:00.000,0,442.27,154.0,0.0,0.0,0.0,0.0,,2026-06-03T17:04:56.000
45,Bản Chát,2026-06-03T03:00:00.000,0,442.3,195.0,0.0,0.0,0.0,0.0,,2026-06-03T17:04:56.000
45,Bản Chát,2026-06-03T04:00:00.000,0,442.32,183.0,0.0,0.0,0.0,0.0,,2026-06-03T17:04:56.000
45,Bản Chát,2026-06-03T05:00:00.000,0,442.34,183.0,0.0,0.0,0.0,0.0,,2026-06-03T17:04:56.000
45,Bản Chát,2026-06-03T06:00:00.000,0,442.36,98.0,0.0,0.0,0.0,0.0,,2026-06-03T17:04:56.000
45,Bản Chát,2026-06-03T07:00:00.000,0,442.36,58.0,0.0,0.0,0.0,0.0,,2026-06-03T17:04:56.000
45,Bản Chát,2026-06-03T08:00:00.000,0,442.37,34.0,0.0,0.0,0.0,0.0,,2026-06-03T17:04:56.000
45,Bản Chát,2026-06-03T09:00:00.000,0,442.37,34.0,0.0,0.0,0.0,0.0,,2026-06-03T17:04:56.000
45,Bản Chát,2026-06-03T10:00:00.000,0,442.37,42.0,0.0,0.0,0.0,0.0,,2026-06-03T17:04:56.000
45,Bản Chát,2026-06-03T11:00:00.000,0,442.38,42.0,0.0,0.0,0.0,0.0,,2026-06-03T17:04:56.000
45,Bản Chát,2026-06-03T12:00:00.000,0,442.39,62.0,0.0,0.0,0.0,0.0,,2026-06-03T17:04:56.000
45,Bản Chát,2026-06-03T13:00:00.000,0,442.4,62.0,0.0,0.0,0.0,0.0,,2026-06-03T17:04:56.000
45,Bản Chát,2026-06-03T14:00:00.000,0,442.41,90.0,0.0,0.0,0.0,0.0,,2026-06-03T17:04:56.000
45,Bản Chát,2026-06-03T15:00:00.000,0,442.42,114.0,0.0,0.0,0.0,0.0,,2026-06-03T17:04:56.000
45,Bản Chát,2026-06-03T16:00:00.000,0,442.44,179.0,0.0,0.0,0.0,0.0,,2026-06-03T17:04:56.000
45,Bản Chát,2026-06-03T17:00:00.000,0,442.47,186.0,0.0,0.0,0.0,0.0,,2026-06-03T17:04:56.000
45,Bản Chát,2026-06-03T18:00:00.000,0,442.48,114.0,0.0,0.0,0.0,0.0,,2026-06-03T17:04:56.000
45,Bản Chát,2026-06-03T19:00:00.000,0,442.49,106.0,0.0,0.0,0.0,0.0,,2026-06-03T17:04:56.000
45,Bản Chát,2026-06-03T20:00:00.000,0,442.5,82.0,0.0,0.0,0.0,0.0,,2026-06-03T17:04:56.000
45,Bản Chát,2026-06-03T21:00:00.000,0,442.51,74.0,0.0,0.0,0.0,0.0,,2026-06-03T17:04:56.000
45,Bản Chát,2026-06-03T22:00:00.000,0,442.52,98.0,0.0,0.0,0.0,0.0,,2026-06-03T17:04:56.000
45,Bản Chát,2026-06-03T23:00:00.000,0,442.54,106.0,0.0,0.0,0.0,0.0,,2026-06-03T17:04:56.000
45,Bản Chát,2026-06-04T00:00:00.000,0,442.56,162.0,0.0,0.0,0.0,0.0,,2026-06-04T17:27:59.000
45,Bản Chát,2026-06-04T01:00:00.000,0,442.58,186.0,0.0,0.0,0.0,0.0,,2026-06-04T17:27:59.000
45,Bản Chát,2026-06-04T02:00:00.000,0,442.61,219.0,0.0,0.0,0.0,0.0,,2026-06-04T17:27:59.000
45,Bản Chát,2026-06-04T03:00:00.000,0,442.64,243.0,0.0,0.0,0.0,0.0,,2026-06-04T17:27:59.000
45,Bản Chát,2026-06-04T04:00:00.000,0,442.65,138.0,0.0,0.0,0.0,0.0,,2026-06-04T17:27:59.000
45,Bản Chát,2026-06-04T05:00:00.000,0,442.67,130.0,0.0,0.0,0.0,0.0,,2026-06-04T17:27:59.000
45,Bản Chát,2026-06-04T06:00:00.000,0,442.68,122.0,0.0,0.0,0.0,0.0,,2026-06-04T17:27:59.000
45,Bản Chát,2026-06-04T07:00:00.000,0,442.7,114.0,0.0,0.0,0.0,0.0,,2026-06-04T17:27:59.000
45,Bản Chát,2026-06-04T08:00:00.000,0,442.7,50.0,0.0,0.0,0.0,0.0,,2026-06-04T17:27:59.000
45,Bản Chát,2026-06-04T09:00:00.000,0,442.71,58.0,0.0,0.0,0.0,0.0,,2026-06-04T17:27:59.000
45,Bản Chát,2026-06-04T10:00:00.000,0,442.72,42.0,0.0,0.0,0.0,0.0,,2026-06-04T17:27:59.000
45,Bản Chát,2026-06-04T11:00:00.000,0,442.72,42.0,0.0,0.0,0.0,0.0,,2026-06-04T17:27:59.000
45,Bản Chát,2026-06-04T12:00:00.000,0,442.73,82.0,0.0,0.0,0.0,0.0,,2026-06-04T17:27:59.000
45,Bản Chát,2026-06-04T13:00:00.000,0,442.74,82.0,0.0,0.0,0.0,0.0,,2026-06-04T17:27:59.000
45,Bản Chát,2026-06-04T14:00:00.000,0,442.76,122.0,0.0,0.0,0.0,0.0,,2026-06-04T17:27:59.000
45,Bản Chát,2026-06-04T15:00:00.000,0,442.77,122.0,0.0,0.0,0.0,0.0,,2026-06-04T17:27:59.000
45,Bản Chát,2026-06-04T16:00:00.000,0,442.79,162.0,0.0,0.0,0.0,0.0,,2026-06-04T17:27:59.000
45,Bản Chát,2026-06-04T17:00:00.000,0,442.81,162.0,0.0,0.0,0.0,0.0,,2026-06-04T17:27:59.000
45,Bản Chát,2026-06-04T18:00:00.000,0,442.83,122.0,0.1,0.1,0.0,0.0,,2026-06-04T17:27:59.000
45,Bản Chát,2026-06-04T19:00:00.000,0,442.84,147.0,25.0,25.0,0.0,0.0,,2026-06-04T17:27:59.000
45,Bản Chát,2026-06-04T20:00:00.000,0,442.85,115.0,25.0,25.0,0.0,0.0,,2026-06-04T17:27:59.000
45,Bản Chát,2026-06-04T21:00:00.000,0,442.87,114.0,0.1,0.1,0.0,0.0,,2026-06-04T17:27:59.000
45,Bản Chát,2026-06-04T22:00:00.000,0,442.88,106.0,0.0,0.0,0.0,0.0,,2026-06-04T17:27:59.000
45,Bản Chát,2026-06-04T23:00:00.000,0,442.89,98.0,0.0,0.0,0.0,0.0,,2026-06-04T17:27:59.000
45,Bản Chát,2026-06-05T00:00:00.000,0,442.91,163.0,0.0,0.0,0.0,0.0,,2026-06-05T18:01:04.000
45,Bản Chát,2026-06-05T01:00:00.000,0,442.93,163.0,0.0,0.0,0.0,0.0,,2026-06-05T18:01:04.000
45,Bản Chát,2026-06-05T02:00:00.000,0,442.95,187.0,0.0,0.0,0.0,0.0,,2026-06-05T18:01:04.000
45,Bản Chát,2026-06-05T03:00:00.000,0,442.98,219.0,0.0,0.0,0.0,0.0,,2026-06-05T18:01:04.000
45,Bản Chát,2026-06-05T04:00:00.000,0,443.01,246.0,0.0,0.0,0.0,0.0,,2026-06-05T18:01:04.000
45,Bản Chát,2026-06-05T05:00:00.000,0,443.04,250.0,0.0,0.0,0.0,0.0,,2026-06-05T18:01:04.000
45,Bản Chát,2026-06-05T06:00:00.000,0,443.08,291.0,0.0,0.0,0.0,0.0,,2026-06-05T18:01:04.000
45,Bản Chát,2026-06-05T07:00:00.000,0,443.11,291.0,0.0,0.0,0.0,0.0,,2026-06-05T18:01:04.000
45,Bản Chát,2026-06-05T08:00:00.000,0,443.14,250.0,0.0,0.0,0.0,0.0,,2026-06-05T18:01:04.000
45,Bản Chát,2026-06-05T09:00:00.000,0,443.17,250.0,0.0,0.0,0.0,0.0,,2026-06-05T18:01:04.000
45,Bản Chát,2026-06-05T10:00:00.000,0,443.2,208.0,0.0,0.0,0.0,0.0,,2026-06-05T18:01:04.000
45,Bản Chát,2026-06-05T11:00:00.000,0,443.22,208.0,0.0,0.0,0.0,0.0,,2026-06-05T18:01:04.000
45,Bản Chát,2026-06-05T12:00:00.000,0,443.25,241.0,0.0,0.0,0.0,0.0,,2026-06-05T18:01:04.000
45,Bản Chát,2026-06-05T13:00:00.000,0,443.28,241.0,0.0,0.0,0.0,0.0,,2026-06-05T18:01:04.000
45,Bản Chát,2026-06-05T14:00:00.000,0,443.31,225.0,0.0,0.0,0.0,0.0,,2026-06-05T18:01:04.000
45,Bản Chát,2026-06-05T15:00:00.000,0,443.33,225.0,0.0,0.0,0.0,0.0,,2026-06-05T18:01:04.000
45,Bản Chát,2026-06-05T16:00:00.000,0,443.36,258.0,0.0,0.0,0.0,0.0,,2026-06-05T18:01:04.000
45,Bản Chát,2026-06-05T17:00:00.000,0,443.4,266.0,0.0,0.0,0.0,0.0,,2026-06-05T18:01:04.000
45,Bản Chát,2026-06-05T18:00:00.000,0,443.42,241.0,0.0,0.0,0.0,0.0,,2026-06-05T18:01:04.000
45,Bản Chát,2026-06-05T19:00:00.000,0,443.45,217.0,0.0,0.0,0.0,0.0,,2026-06-05T18:01:04.000
45,Bản Chát,2026-06-05T20:00:00.000,0,443.48,208.0,0.0,0.0,0.0,0.0,,2026-06-05T18:01:04.000
45,Bản Chát,2026-06-05T21:00:00.000,0,443.5,208.0,0.0,0.0,0.0,0.0,,2026-06-05T18:01:04.000
45,Bản Chát,2026-06-05T22:00:00.000,0,443.52,175.0,0.0,0.0,0.0,0.0,,2026-06-05T18:01:04.000
45,Bản Chát,2026-06-05T23:00:00.000,0,443.54,167.0,0.0,0.0,0.0,0.0,,2026-06-05T18:01:04.000
45,Bản Chát,2026-06-06T00:00:00.000,0,443.56,175.0,0.0,0.0,0.0,0.0,,2026-06-06T17:28:58.000
45,Bản Chát,2026-06-06T01:00:00.000,0,443.58,175.0,0.0,0.0,0.0,0.0,,2026-06-06T17:28:58.000
45,Bản Chát,2026-06-06T02:00:00.000,0,443.6,175.0,0.0,0.0,0.0,0.0,,2026-06-06T17:28:58.000
45,Bản Chát,2026-06-06T03:00:00.000,0,443.63,183.0,0.0,0.0,0.0,0.0,,2026-06-06T17:28:58.000
45,Bản Chát,2026-06-06T04:00:00.000,0,443.64,150.0,0.0,0.0,0.0,0.0,,2026-06-06T17:28:58.000
45,Bản Chát,2026-06-06T05:00:00.000,0,443.66,150.0,0.0,0.0,0.0,0.0,,2026-06-06T17:28:58.000
45,Bản Chát,2026-06-06T06:00:00.000,0,443.68,109.0,0.0,0.0,0.0,0.0,,2026-06-06T17:28:58.000
45,Bản Chát,2026-06-06T07:00:00.000,0,443.69,109.0,0.0,0.0,0.0,0.0,,2026-06-06T17:28:58.000
45,Bản Chát,2026-06-06T08:00:00.000,0,443.7,100.0,0.0,0.0,0.0,0.0,,2026-06-06T17:28:58.000
45,Bản Chát,2026-06-06T09:00:00.000,0,443.71,84.0,0.0,0.0,0.0,0.0,,2026-06-06T17:28:58.000
45,Bản Chát,2026-06-06T10:00:00.000,0,443.72,84.0,0.0,0.0,0.0,0.0,,2026-06-06T17:28:58.000
45,Bản Chát,2026-06-06T11:00:00.000,0,443.73,84.0,0.0,0.0,0.0,0.0,,2026-06-06T17:28:58.000
45,Bản Chát,2026-06-06T12:00:00.000,0,443.74,68.0,0.0,0.0,0.0,0.0,,2026-06-06T17:28:58.000
45,Bản Chát,2026-06-06T13:00:00.000,0,443.75,59.0,0.0,0.0,0.0,0.0,,2026-06-06T17:28:58.000
45,Bản Chát,2026-06-06T14:00:00.000,0,443.76,125.0,0.0,0.0,0.0,0.0,,2026-06-06T17:28:58.000
45,Bản Chát,2026-06-06T15:00:00.000,0,443.78,150.0,0.0,0.0,0.0,0.0,,2026-06-06T17:28:58.000
45,Bản Chát,2026-06-06T16:00:00.000,0,443.8,208.0,0.0,0.0,0.0,0.0,,2026-06-06T17:28:58.000
45,Bản Chát,2026-06-06T17:00:00.000,0,443.84,266.0,0.0,0.0,0.0,0.0,,2026-06-06T17:28:58.000
45,Bản Chát,2026-06-06T18:00:00.000,0,443.86,233.0,0.0,0.0,0.0,0.0,,2026-06-06T17:28:58.000
45,Bản Chát,2026-06-06T19:00:00.000,0,443.89,225.0,0.0,0.0,0.0,0.0,,2026-06-06T17:28:58.000
45,Bản Chát,2026-06-06T20:00:00.000,0,443.91,158.0,0.0,0.0,0.0,0.0,,2026-06-06T17:28:58.000
45,Bản Chát,2026-06-06T21:00:00.000,0,443.92,125.0,0.0,0.0,0.0,0.0,,2026-06-06T17:28:58.000
45,Bản Chát,2026-06-06T22:00:00.000,0,443.94,117.0,0.0,0.0,0.0,0.0,,2026-06-06T17:28:58.000
45,Bản Chát,2026-06-06T23:00:00.000,0,443.95,109.0,0.0,0.0,0.0,0.0,,2026-06-06T17:28:58.000
45,Bản Chát,2026-06-07T00:00:00.000,0,443.97,159.0,0.0,0.0,0.0,0.0,,2026-06-07T17:19:05.000
45,Bản Chát,2026-06-07T01:00:00.000,0,443.99,167.0,0.0,0.0,0.0,0.0,,2026-06-07T17:19:05.000
45,Bản Chát,2026-06-07T02:00:00.000,0,444.02,212.0,0.0,0.0,0.0,0.0,,2026-06-07T17:19:05.000
45,Bản Chát,2026-06-07T03:00:00.000,0,444.04,213.0,0.0,0.0,0.0,0.0,,2026-06-07T17:19:05.000
45,Bản Chát,2026-06-07T04:00:00.000,0,444.06,196.0,0.0,0.0,0.0,0.0,,2026-06-07T17:19:05.000
45,Bản Chát,2026-06-07T05:00:00.000,0,444.09,192.0,0.0,0.0,0.0,0.0,,2026-06-07T17:19:05.000
45,Bản Chát,2026-06-07T06:00:00.000,0,444.1,154.0,0.0,0.0,0.0,0.0,,2026-06-07T17:19:05.000
45,Bản Chát,2026-06-07T07:00:00.000,0,444.12,146.0,0.0,0.0,0.0,0.0,,2026-06-07T17:19:05.000
45,Bản Chát,2026-06-07T08:00:00.000,0,444.14,145.0,0.0,0.0,0.0,0.0,,2026-06-07T17:19:05.000
45,Bản Chát,2026-06-07T09:00:00.000,0,444.16,162.0,0.0,0.0,0.0,0.0,,2026-06-07T17:19:05.000
45,Bản Chát,2026-06-07T10:00:00.000,0,444.18,163.0,0.0,0.0,0.0,0.0,,2026-06-07T17:19:05.000
45,Bản Chát,2026-06-07T11:00:00.000,0,444.2,171.0,0.0,0.0,0.0,0.0,,2026-06-07T17:19:05.000
45,Bản Chát,2026-06-07T12:00:00.000,0,444.21,163.0,0.0,0.0,0.0,0.0,,2026-06-07T17:19:05.000
45,Bản Chát,2026-06-07T13:00:00.000,0,444.24,179.0,0.0,0.0,0.0,0.0,,2026-06-07T17:19:05.000
45,Bản Chát,2026-06-07T14:00:00.000,0,444.26,205.0,0.0,0.0,0.0,0.0,,2026-06-07T17:19:05.000
45,Bản Chát,2026-06-07T15:00:00.000,0,444.29,230.0,0.0,0.0,0.0,0.0,,2026-06-07T17:19:05.000
45,Bản Chát,2026-06-07T16:00:00.000,0,444.32,231.0,0.0,0.0,0.0,0.0,,2026-06-07T17:19:05.000
45,Bản Chát,2026-06-07T17:00:00.000,0,444.34,231.0,0.0,0.0,0.0,0.0,,2026-06-07T17:19:05.000
45,Bản Chát,2026-06-07T18:00:00.000,0,444.35,86.0,0.0,0.0,0.0,0.0,,2026-06-07T17:19:05.000
45,Bản Chát,2026-06-07T19:00:00.000,0,444.36,86.0,0.0,0.0,0.0,0.0,,2026-06-07T17:19:05.000
45,Bản Chát,2026-06-07T20:00:00.000,0,444.37,86.0,0.0,0.0,0.0,0.0,,2026-06-07T17:19:05.000
45,Bản Chát,2026-06-07T21:00:00.000,0,444.38,86.0,0.0,0.0,0.0,0.0,,2026-06-07T17:19:05.000
45,Bản Chát,2026-06-07T22:00:00.000,0,444.4,194.0,39.0,39.0,0.0,0.0,,2026-06-07T17:19:05.000
45,Bản Chát,2026-06-07T23:00:00.000,0,444.43,239.0,0.0,0.0,0.0,0.0,,2026-06-07T17:19:05.000
45,Bản Chát,2026-06-08T00:00:00.000,0,444.45,172.0,0.0,0.0,0.0,0.0,,2026-06-08T18:10:14.000
45,Bản Chát,2026-06-08T01:00:00.000,0,444.45,165.0,138.0,138.0,0.0,0.0,,2026-06-08T18:10:14.000
45,Bản Chát,2026-06-08T02:00:00.000,0,444.44,145.0,263.0,263.0,0.0,0.0,,2026-06-08T18:10:14.000
45,Bản Chát,2026-06-08T03:00:00.000,0,444.45,147.0,10.0,10.0,0.0,0.0,,2026-06-08T18:10:14.000
45,Bản Chát,2026-06-08T04:00:00.000,0,444.47,145.0,0.0,0.0,0.0,0.0,,2026-06-08T18:10:14.000
45,Bản Chát,2026-06-08T05:00:00.000,0,444.49,146.0,0.0,0.0,0.0,0.0,,2026-06-08T18:10:14.000
45,Bản Chát,2026-06-08T06:00:00.000,0,444.5,129.0,0.0,0.0,0.0,0.0,,2026-06-08T18:10:14.000
45,Bản Chát,2026-06-08T07:00:00.000,0,444.51,103.0,0.0,0.0,0.0,0.0,,2026-06-08T18:10:14.000
45,Bản Chát,2026-06-08T08:00:00.000,0,444.52,125.0,99.0,99.0,0.0,0.0,,2026-06-08T18:10:14.000
45,Bản Chát,2026-06-08T09:00:00.000,0,444.51,139.0,197.0,197.0,0.0,0.0,,2026-06-08T18:10:14.000
45,Bản Chát,2026-06-08T10:00:00.000,0,444.52,120.0,0.0,0.0,0.0,0.0,,2026-06-08T18:10:14.000
45,Bản Chát,2026-06-08T11:00:00.000,0,444.54,112.0,0.0,0.0,0.0,0.0,,2026-06-08T18:10:14.000
45,Bản Chát,2026-06-08T12:00:00.000,0,444.54,143.0,125.0,125.0,0.0,0.0,,2026-06-08T18:10:14.000
45,Bản Chát,2026-06-08T13:00:00.000,0,444.54,164.0,220.0,220.0,0.0,0.0,,2026-06-08T18:10:14.000
45,Bản Chát,2026-06-08T14:00:00.000,0,444.56,260.0,105.0,105.0,0.0,0.0,,2026-06-08T18:10:14.000
45,Bản Chát,2026-06-08T15:00:00.000,0,444.56,273.0,263.0,263.0,0.0,0.0,,2026-06-08T18:10:14.000
45,Bản Chát,2026-06-08T16:00:00.000,0,444.57,296.0,256.0,256.0,0.0,0.0,,2026-06-08T18:10:14.000
45,Bản Chát,2026-06-08T17:00:00.000,0,444.57,296.0,256.0,256.0,0.0,0.0,,2026-06-08T18:10:14.000
45,Bản Chát,2026-06-08T18:00:00.000,0,444.57,240.0,256.0,256.0,0.0,0.0,,2026-06-08T18:10:14.000
45,Bản Chát,2026-06-08T19:00:00.000,0,444.56,223.0,256.0,256.0,0.0,0.0,,2026-06-08T18:10:14.000
45,Bản Chát,2026-06-08T20:00:00.000,0,444.55,164.0,256.0,256.0,0.0,0.0,,2026-06-08T18:10:14.000
45,Bản Chát,2026-06-08T21:00:00.000,0,444.54,156.0,256.0,256.0,0.0,0.0,,2026-06-08T18:10:14.000
45,Bản Chát,2026-06-08T22:00:00.000,0,444.53,181.0,256.0,256.0,0.0,0.0,,2026-06-08T18:10:14.000
45,Bản Chát,2026-06-08T23:00:00.000,0,444.52,173.0,256.0,256.0,0.0,0.0,,2026-06-08T18:10:14.000
45,Bản Chát,2026-06-09T00:00:00.000,0,444.52,254.0,253.0,253.0,0.0,0.0,,2026-06-09T18:50:52.000
45,Bản Chát,2026-06-09T01:00:00.000,0,444.52,251.0,250.0,250.0,0.0,0.0,,2026-06-09T18:50:52.000
45,Bản Chát,2026-06-09T02:00:00.000,0,444.52,268.0,249.0,249.0,0.0,0.0,,2026-06-09T18:50:52.000
45,Bản Chát,2026-06-09T03:00:00.000,0,444.53,288.0,253.0,253.0,0.0,0.0,,2026-06-09T18:50:52.000
45,Bản Chát,2026-06-09T04:00:00.000,0,444.54,319.0,250.0,250.0,0.0,0.0,,2026-06-09T18:50:52.000
45,Bản Chát,2026-06-09T05:00:00.000,0,444.54,319.0,250.0,250.0,0.0,0.0,,2026-06-09T18:50:52.000
45,Bản Chát,2026-06-09T06:00:00.000,0,444.6,477.0,0.0,0.0,0.0,0.0,,2026-06-09T18:50:52.000
45,Bản Chát,2026-06-09T07:00:00.000,0,444.69,732.0,0.0,0.0,0.0,0.0,,2026-06-09T18:50:52.000
45,Bản Chát,2026-06-09T08:00:00.000,0,444.78,758.0,0.0,0.0,0.0,0.0,,2026-06-09T18:50:52.000
45,Bản Chát,2026-06-09T09:00:00.000,0,444.9,1064.0,0.0,0.0,0.0,0.0,,2026-06-09T18:50:52.000
45,Bản Chát,2026-06-09T10:00:00.000,0,445.08,1548.0,0.0,0.0,0.0,0.0,,2026-06-09T18:50:52.000
45,Bản Chát,2026-06-09T11:00:00.000,0,445.27,1657.0,0.0,0.0,0.0,0.0,,2026-06-09T18:50:52.000
45,Bản Chát,2026-06-09T12:00:00.000,0,445.48,1832.0,0.0,0.0,0.0,0.0,,2026-06-09T18:50:52.000
45,Bản Chát,2026-06-09T13:00:00.000,0,445.66,1570.0,0.0,0.0,0.0,0.0,,2026-06-09T18:50:52.000
45,Bản Chát,2026-06-09T14:00:00.000,0,445.82,1396.0,0.0,0.0,0.0,0.0,,2026-06-09T18:50:52.000
45,Bản Chát,2026-06-09T15:00:00.000,0,445.94,1047.0,0.0,0.0,0.0,0.0,,2026-06-09T18:50:52.000
45,Bản Chát,2026-06-09T16:00:00.000,0,446.06,1178.9,91.4,91.4,0.0,0.0,,2026-06-09T18:50:52.000
45,Bản Chát,2026-06-09T17:00:00.000,0,446.19,1386.2,250.0,250.0,0.0,0.0,,2026-06-09T18:50:52.000
45,Bản Chát,2026-06-09T18:00:00.000,0,446.27,981.0,256.0,256.0,0.0,0.0,,2026-06-09T18:50:52.000
45,Bản Chát,2026-06-09T19:00:00.000,0,446.35,963.0,255.0,255.0,0.0,0.0,,2026-06-09T18:50:52.000
45,Bản Chát,2026-06-09T20:00:00.000,0,446.41,793.0,255.0,255.0,0.0,0.0,,2026-06-09T18:50:52.000
45,Bản Chát,2026-06-09T21:00:00.000,0,446.47,766.0,255.0,255.0,0.0,0.0,,2026-06-09T18:50:52.000
45,Bản Chát,2026-06-09T22:00:00.000,0,446.52,685.0,254.0,254.0,0.0,0.0,,2026-06-09T18:50:52.000
45,Bản Chát,2026-06-09T23:00:00.000,0,446.55,604.0,254.0,254.0,0.0,0.0,,2026-06-09T18:50:52.000
45,Bản Chát,2026-06-10T00:00:00.000,0,446.6,693.0,254.0,254.0,0.0,0.0,,2026-06-10T17:25:09.000
45,Bản Chát,2026-06-10T01:00:00.000,0,446.66,525.0,32.0,32.0,0.0,0.0,,2026-06-10T17:25:09.000
45,Bản Chát,2026-06-10T02:00:00.000,0,446.72,591.0,0.0,0.0,0.0,0.0,,2026-06-10T17:25:09.000
45,Bản Chát,2026-06-10T03:00:00.000,0,446.79,582.0,0.0,0.0,0.0,0.0,,2026-06-10T17:25:09.000
45,Bản Chát,2026-06-10T04:00:00.000,0,446.85,565.0,0.0,0.0,0.0,0.0,,2026-06-10T17:25:09.000
45,Bản Chát,2026-06-10T05:00:00.000,0,446.92,565.0,0.0,0.0,0.0,0.0,,2026-06-10T17:25:09.000
45,Bản Chát,2026-06-10T06:00:00.000,0,446.97,514.0,57.0,57.0,0.0,0.0,,2026-06-10T17:25:09.000
45,Bản Chát,2026-06-10T07:00:00.000,0,447.01,597.0,246.0,246.0,0.0,0.0,,2026-06-10T17:25:09.000
45,Bản Chát,2026-06-10T08:00:00.000,0,447.04,604.0,246.0,246.0,0.0,0.0,,2026-06-10T17:25:09.000
45,Bản Chát,2026-06-10T09:00:00.000,0,447.09,503.0,126.0,126.0,0.0,0.0,,2026-06-10T17:25:09.000
45,Bản Chát,2026-06-10T10:00:00.000,0,447.13,395.0,0.0,0.0,0.0,0.0,,2026-06-10T17:25:09.000
45,Bản Chát,2026-06-10T11:00:00.000,0,447.17,386.0,0.0,0.0,0.0,0.0,,2026-06-10T17:25:09.000
45,Bản Chát,2026-06-10T12:00:00.000,0,447.22,450.0,0.0,0.0,0.0,0.0,,2026-06-10T17:25:09.000
45,Bản Chát,2026-06-10T13:00:00.000,0,447.27,468.0,0.0,0.0,0.0,0.0,,2026-06-10T17:25:09.000
45,Bản Chát,2026-06-10T14:00:00.000,0,447.32,476.0,63.0,63.0,0.0,0.0,,2026-06-10T17:25:09.000
45,Bản Chát,2026-06-10T15:00:00.000,0,447.34,418.0,188.0,188.0,0.0,0.0,,2026-06-10T17:25:09.000
45,Bản Chát,2026-06-10T16:00:00.000,0,447.37,434.0,204.0,204.0,0.0,0.0,,2026-06-10T17:25:09.000
45,Bản Chát,2026-06-10T17:00:00.000,0,447.41,408.0,12.0,12.0,0.0,0.0,,2026-06-10T17:25:09.000
45,Bản Chát,2026-06-10T18:00:00.000,0,447.44,327.0,0.0,0.0,0.0,0.0,,2026-06-10T17:25:09.000
45,Bản Chát,2026-06-10T19:00:00.000,0,447.48,336.0,0.0,0.0,0.0,0.0,,2026-06-10T17:25:09.000
45,Bản Chát,2026-06-10T20:00:00.000,0,447.52,340.0,0.0,0.0,0.0,0.0,,2026-06-10T17:25:09.000
45,Bản Chát,2026-06-10T21:00:00.000,0,447.56,358.0,0.0,0.0,0.0,0.0,,2026-06-10T17:25:09.000
45,Bản Chát,2026-06-10T22:00:00.000,0,444.59,295.0,0.0,0.0,0.0,0.0,,2026-06-10T17:25:09.000
45,Bản Chát,2026-06-10T23:00:00.000,0,444.62,295.0,0.0,0.0,0.0,0.0,,2026-06-10T17:25:09.000
45,Bản Chát,2026-06-11T00:00:00.000,0,447.65,285.0,0.0,0.0,0.0,0.0,,2026-06-11T17:08:28.000
45,Bản Chát,2026-06-11T01:00:00.000,0,447.68,267.0,0.0,0.0,0.0,0.0,,2026-06-11T17:08:28.000
45,Bản Chát,2026-06-11T02:00:00.000,0,447.71,313.0,0.0,0.0,0.0,0.0,,2026-06-11T17:08:28.000
45,Bản Chát,2026-06-11T03:00:00.000,0,447.75,331.0,0.0,0.0,0.0,0.0,,2026-06-11T17:08:28.000
45,Bản Chát,2026-06-11T04:00:00.000,0,447.79,340.0,0.0,0.0,0.0,0.0,,2026-06-11T17:08:28.000
45,Bản Chát,2026-06-11T05:00:00.000,0,447.83,358.0,0.0,0.0,0.0,0.0,,2026-06-11T17:08:28.000
45,Bản Chát,2026-06-11T06:00:00.000,0,447.85,240.0,0.0,0.0,0.0,0.0,,2026-06-11T17:08:28.000
45,Bản Chát,2026-06-11T07:00:00.000,0,447.88,258.0,0.0,0.0,0.0,0.0,,2026-06-11T17:08:28.000
45,Bản Chát,2026-06-11T08:00:00.000,0,447.92,322.0,0.0,0.0,0.0,0.0,,2026-06-11T17:08:28.000
45,Bản Chát,2026-06-11T09:00:00.000,0,447.95,322.0,0.0,0.0,0.0,0.0,,2026-06-11T17:08:28.000
45,Bản Chát,2026-06-11T10:00:00.000,0,447.98,277.0,0.0,0.0,0.0,0.0,,2026-06-11T17:08:28.000
45,Bản Chát,2026-06-11T11:00:00.000,0,448.01,277.0,0.0,0.0,0.0,0.0,,2026-06-11T17:08:28.000
45,Bản Chát,2026-06-11T12:00:00.000,0,448.03,221.0,0.0,0.0,0.0,0.0,,2026-06-11T17:08:28.000
45,Bản Chát,2026-06-11T13:00:00.000,0,448.06,221.0,0.0,0.0,0.0,0.0,,2026-06-11T17:08:28.000
45,Bản Chát,2026-06-11T14:00:00.000,0,448.08,244.0,0.0,0.0,0.0,0.0,,2026-06-11T17:08:28.000
45,Bản Chát,2026-06-11T15:00:00.000,0,448.11,253.0,0.0,0.0,0.0,0.0,,2026-06-11T17:08:28.000
45,Bản Chát,2026-06-11T16:00:00.000,0,448.13,265.0,124.0,124.0,0.0,0.0,,2026-06-11T17:08:28.000
45,Bản Chát,2026-06-11T17:00:00.000,0,448.13,261.0,260.0,260.0,0.0,0.0,,2026-06-11T17:08:28.000
45,Bản Chát,2026-06-11T18:00:00.000,0,448.13,260.0,260.0,260.0,0.0,0.0,,2026-06-11T17:08:28.000
45,Bản Chát,2026-06-11T19:00:00.000,0,448.13,261.0,260.0,260.0,0.0,0.0,,2026-06-11T17:08:28.000
45,Bản Chát,2026-06-11T20:00:00.000,0,448.12,233.0,260.0,260.0,0.0,0.0,,2026-06-11T17:08:28.000
45,Bản Chát,2026-06-11T21:00:00.000,0,448.12,224.0,260.0,260.0,0.0,0.0,,2026-06-11T17:08:28.000
45,Bản Chát,2026-06-11T22:00:00.000,0,448.11,187.0,260.0,260.0,0.0,0.0,,2026-06-11T17:08:28.000
45,Bản Chát,2026-06-11T23:00:00.000,0,448.1,177.0,260.0,260.0,0.0,0.0,,2026-06-11T17:08:28.000
45,Bản Chát,2026-06-12T00:00:00.000,0,448.11,299.0,260.0,260.0,0.0,0.0,,2026-06-12T17:06:41.000
45,Bản Chát,2026-06-12T01:00:00.000,0,448.1,221.0,266.0,266.0,0.0,0.0,,2026-06-12T17:06:41.000
45,Bản Chát,2026-06-12T02:00:00.000,0,448.1,255.0,263.0,263.0,0.0,0.0,,2026-06-12T17:06:41.000
45,Bản Chát,2026-06-12T03:00:00.000,0,448.1,258.0,266.0,266.0,0.0,0.0,,2026-06-12T17:06:41.000
45,Bản Chát,2026-06-12T04:00:00.000,0,448.09,230.0,266.0,266.0,0.0,0.0,,2026-06-12T17:06:41.000
45,Bản Chát,2026-06-12T05:00:00.000,0,448.09,181.0,266.0,266.0,0.0,0.0,,2026-06-12T17:06:41.000
45,Bản Chát,2026-06-12T06:00:00.000,0,448.08,171.0,263.0,263.0,0.0,0.0,,2026-06-12T17:06:41.000
45,Bản Chát,2026-06-12T07:00:00.000,0,448.07,171.0,263.0,263.0,0.0,0.0,,2026-06-12T17:06:41.000
45,Bản Chát,2026-06-12T08:00:00.000,0,448.05,152.0,263.0,263.0,0.0,0.0,,2026-06-12T17:06:41.000
45,Bản Chát,2026-06-12T09:00:00.000,0,448.04,143.0,263.0,263.0,0.0,0.0,,2026-06-12T17:06:41.000
45,Bản Chát,2026-06-12T10:00:00.000,0,448.03,162.0,263.0,263.0,0.0,0.0,,2026-06-12T17:06:41.000
45,Bản Chát,2026-06-12T11:00:00.000,0,448.02,180.0,263.0,263.0,0.0,0.0,,2026-06-12T17:06:41.000
45,Bản Chát,2026-06-12T12:00:00.000,0,448.02,237.0,263.0,263.0,0.0,0.0,,2026-06-12T17:06:41.000
45,Bản Chát,2026-06-12T13:00:00.000,0,448.02,246.0,263.0,263.0,0.0,0.0,,2026-06-12T17:06:41.000
45,Bản Chát,2026-06-12T14:00:00.000,0,448.01,246.0,264.0,264.0,0.0,0.0,,2026-06-12T17:06:41.000
45,Bản Chát,2026-06-12T15:00:00.000,0,448.01,255.0,264.0,264.0,0.0,0.0,,2026-06-12T17:06:41.000
45,Bản Chát,2026-06-12T16:00:00.000,0,448.01,227.0,264.0,264.0,0.0,0.0,,2026-06-12T17:06:41.000
45,Bản Chát,2026-06-12T17:00:00.000,0,448.01,232.0,264.0,264.0,0.0,0.0,,2026-06-12T17:06:41.000
45,Bản Chát,2026-06-12T18:00:00.000,0,448.01,297.0,264.0,264.0,0.0,0.0,,2026-06-12T17:06:41.000
45,Bản Chát,2026-06-12T19:00:00.000,0,448.01,297.0,264.0,264.0,0.0,0.0,,2026-06-12T17:06:41.000
45,Bản Chát,2026-06-12T20:00:00.000,0,448.01,269.0,264.0,264.0,0.0,0.0,,2026-06-12T17:06:41.000
45,Bản Chát,2026-06-12T21:00:00.000,0,448.01,269.0,264.0,264.0,0.0,0.0,,2026-06-12T17:06:41.000
45,Bản Chát,2026-06-12T22:00:00.000,0,448.01,255.0,264.0,264.0,0.0,0.0,,2026-06-12T17:06:41.000
45,Bản Chát,2026-06-12T23:00:00.000,0,448.01,246.0,264.0,264.0,0.0,0.0,,2026-06-12T17:06:41.000
45,Bản Chát,2026-06-13T00:00:00.000,0,448.01,265.0,264.0,264.0,0.0,0.0,,2026-06-13T17:19:21.000
45,Bản Chát,2026-06-13T01:00:00.000,0,448.01,256.0,264.0,264.0,0.0,0.0,,2026-06-13T17:19:21.000
45,Bản Chát,2026-06-13T02:00:00.000,0,448.01,237.0,264.0,264.0,0.0,0.0,,2026-06-13T17:19:21.000
45,Bản Chát,2026-06-13T03:00:00.000,0,448.0,237.0,264.0,264.0,0.0,0.0,,2026-06-13T17:19:21.000
45,Bản Chát,2026-06-13T04:00:00.000,0,448.0,246.0,264.0,264.0,0.0,0.0,,2026-06-13T17:19:21.000
45,Bản Chát,2026-06-13T05:00:00.000,0,448.0,255.0,264.0,264.0,0.0,0.0,,2026-06-13T17:19:21.000
45,Bản Chát,2026-06-13T06:00:00.000,0,448.0,234.0,264.0,264.0,0.0,0.0,,2026-06-13T17:19:21.000
45,Bản Chát,2026-06-13T07:00:00.000,0,447.99,234.0,264.0,264.0,0.0,0.0,,2026-06-13T17:19:21.000
45,Bản Chát,2026-06-13T08:00:00.000,0,447.99,283.0,264.0,264.0,0.0,0.0,,2026-06-13T17:19:21.000
45,Bản Chát,2026-06-13T09:00:00.000,0,448.01,290.0,132.0,132.0,0.0,0.0,,2026-06-13T17:19:21.000
45,Bản Chát,2026-06-13T10:00:00.000,0,448.02,264.0,132.0,132.0,0.0,0.0,,2026-06-13T17:19:21.000
45,Bản Chát,2026-06-13T11:00:00.000,0,448.03,264.0,225.0,225.0,0.0,0.0,,2026-06-13T17:19:21.000
45,Bản Chát,2026-06-13T12:00:00.000,0,448.03,264.0,263.0,263.0,0.0,0.0,,2026-06-13T17:19:21.000
45,Bản Chát,2026-06-13T13:00:00.000,0,448.03,265.0,263.0,263.0,0.0,0.0,,2026-06-13T17:19:21.000
45,Bản Chát,2026-06-13T14:00:00.000,0,448.02,228.0,263.0,263.0,0.0,0.0,,2026-06-13T17:19:21.000
45,Bản Chát,2026-06-13T15:00:00.000,0,448.02,228.0,263.0,263.0,0.0,0.0,,2026-06-13T17:19:21.000
45,Bản Chát,2026-06-13T16:00:00.000,0,448.02,265.0,263.0,263.0,0.0,0.0,,2026-06-13T17:19:21.000
45,Bản Chát,2026-06-13T17:00:00.000,0,448.02,274.0,263.0,263.0,0.0,0.0,,2026-06-13T17:19:21.000
45,Bản Chát,2026-06-13T18:00:00.000,0,448.02,255.0,263.0,263.0,0.0,0.0,,2026-06-13T17:19:21.000
45,Bản Chát,2026-06-13T19:00:00.000,0,448.02,237.0,263.0,263.0,0.0,0.0,,2026-06-13T17:19:21.000
45,Bản Chát,2026-06-13T20:00:00.000,0,448.01,228.0,263.0,263.0,0.0,0.0,,2026-06-13T17:19:21.000
45,Bản Chát,2026-06-13T21:00:00.000,0,448.01,209.0,263.0,263.0,0.0,0.0,,2026-06-13T17:19:21.000
45,Bản Chát,2026-06-13T22:00:00.000,0,448.0,199.0,264.0,264.0,0.0,0.0,,2026-06-13T17:19:21.000
45,Bản Chát,2026-06-13T23:00:00.000,0,447.99,173.0,264.0,264.0,0.0,0.0,,2026-06-13T17:19:21.000
45,Bản Chát,2026-06-14T00:00:00.000,0,447.99,247.0,264.0,264.0,0.0,0.0,,2026-06-14T17:14:03.000
45,Bản Chát,2026-06-14T01:00:00.000,0,447.99,283.0,264.0,264.0,0.0,0.0,,2026-06-14T17:14:03.000
45,Bản Chát,2026-06-14T02:00:00.000,0,447.99,274.0,264.0,264.0,0.0,0.0,,2026-06-14T17:14:03.000
45,Bản Chát,2026-06-14T03:00:00.000,0,447.99,265.0,264.0,264.0,0.0,0.0,,2026-06-14T17:14:03.000
45,Bản Chát,2026-06-14T04:00:00.000,0,447.99,237.0,264.0,264.0,0.0,0.0,,2026-06-14T17:14:03.000
45,Bản Chát,2026-06-14T05:00:00.000,0,447.99,238.0,264.0,264.0,0.0,0.0,,2026-06-14T17:14:03.000
45,Bản Chát,2026-06-14T06:00:00.000,0,447.98,219.0,264.0,264.0,0.0,0.0,,2026-06-14T17:14:03.000
45,Bản Chát,2026-06-14T07:00:00.000,0,447.98,219.0,264.0,264.0,0.0,0.0,,2026-06-14T17:14:03.000
45,Bản Chát,2026-06-14T08:00:00.000,0,447.97,196.0,264.0,264.0,0.0,0.0,,2026-06-14T17:14:03.000
45,Bản Chát,2026-06-14T09:00:00.000,0,447.96,196.0,264.0,264.0,0.0,0.0,,2026-06-14T17:14:03.000
45,Bản Chát,2026-06-14T10:00:00.000,0,447.95,187.0,264.0,264.0,0.0,0.0,,2026-06-14T17:14:03.000
45,Bản Chát,2026-06-14T11:00:00.000,0,447.94,187.0,264.0,264.0,0.0,0.0,,2026-06-14T17:14:03.000
45,Bản Chát,2026-06-14T12:00:00.000,0,447.93,114.0,264.0,264.0,0.0,0.0,,2026-06-14T17:14:03.000
45,Bản Chát,2026-06-14T13:00:00.000,0,447.91,114.0,264.0,264.0,0.0,0.0,,2026-06-14T17:14:03.000
45,Bản Chát,2026-06-14T14:00:00.000,0,447.9,192.0,264.0,264.0,0.0,0.0,,2026-06-14T17:14:03.000
45,Bản Chát,2026-06-14T15:00:00.000,0,447.9,201.0,264.0,264.0,0.0,0.0,,2026-06-14T17:14:03.000
45,Bản Chát,2026-06-14T16:00:00.000,0,447.89,210.0,264.0,264.0,0.0,0.0,,2026-06-14T17:14:03.000
45,Bản Chát,2026-06-14T17:00:00.000,0,447.89,228.0,264.0,264.0,0.0,0.0,,2026-06-14T17:14:03.000
45,Bản Chát,2026-06-14T18:00:00.000,0,447.88,183.0,264.0,264.0,0.0,0.0,,2026-06-14T17:14:03.000
45,Bản Chát,2026-06-14T19:00:00.000,0,447.87,165.0,264.0,264.0,0.0,0.0,,2026-06-14T17:14:03.000
45,Bản Chát,2026-06-14T20:00:00.000,0,447.86,174.0,264.0,264.0,0.0,0.0,,2026-06-14T17:14:03.000
45,Bản Chát,2026-06-14T21:00:00.000,0,447.84,156.0,264.0,264.0,0.0,0.0,,2026-06-14T17:14:03.000
45,Bản Chát,2026-06-14T22:00:00.000,0,447.83,174.0,264.0,264.0,0.0,0.0,,2026-06-14T17:14:03.000
45,Bản Chát,2026-06-14T23:00:00.000,0,447.83,192.0,264.0,264.0,0.0,0.0,,2026-06-14T17:14:03.000
45,Bản Chát,2026-06-15T00:00:00.000,0,447.82,193.0,264.0,264.0,0.0,0.0,,2026-06-15T18:00:39.000
45,Bản Chát,2026-06-15T01:00:00.000,0,447.81,183.0,264.0,264.0,0.0,0.0,,2026-06-15T18:00:39.000
45,Bản Chát,2026-06-15T02:00:00.000,0,447.79,101.0,264.0,264.0,0.0,0.0,,2026-06-15T18:00:39.000
45,Bản Chát,2026-06-15T03:00:00.000,0,447.77,119.0,264.0,264.0,0.0,0.0,,2026-06-15T18:00:39.000
45,Bản Chát,2026-06-15T04:00:00.000,0,447.76,119.0,265.0,265.0,0.0,0.0,,2026-06-15T18:00:39.000
45,Bản Chát,2026-06-15T05:00:00.000,0,447.74,119.0,265.0,265.0,0.0,0.0,,2026-06-15T18:00:39.000
45,Bản Chát,2026-06-15T06:00:00.000,0,447.73,120.0,265.0,265.0,0.0,0.0,,2026-06-15T18:00:39.000
45,Bản Chát,2026-06-15T07:00:00.000,0,447.71,138.0,265.0,265.0,0.0,0.0,,2026-06-15T18:00:39.000
45,Bản Chát,2026-06-15T08:00:00.000,0,447.7,179.0,265.0,265.0,0.0,0.0,,2026-06-15T18:00:39.000
45,Bản Chát,2026-06-15T09:00:00.000,0,447.69,179.0,265.0,265.0,0.0,0.0,,2026-06-15T18:00:39.000
45,Bản Chát,2026-06-15T10:00:00.000,0,447.68,115.0,265.0,265.0,0.0,0.0,,2026-06-15T18:00:39.000
45,Bản Chát,2026-06-15T11:00:00.000,0,447.66,115.0,265.0,265.0,0.0,0.0,,2026-06-15T18:00:39.000
45,Bản Chát,2026-06-15T12:00:00.000,0,447.64,115.0,265.0,265.0,0.0,0.0,,2026-06-15T18:00:39.000
45,Bản Chát,2026-06-15T13:00:00.000,0,447.63,115.0,265.0,265.0,0.0,0.0,,2026-06-15T18:00:39.000
45,Bản Chát,2026-06-15T14:00:00.000,0,447.62,230.0,265.0,265.0,0.0,0.0,,2026-06-15T18:00:39.000
45,Bản Chát,2026-06-15T15:00:00.000,0,447.62,230.0,265.0,265.0,0.0,0.0,,2026-06-15T18:00:39.000
45,Bản Chát,2026-06-15T16:00:00.000,0,447.62,294.0,265.0,265.0,0.0,0.0,,2026-06-15T18:00:39.000
45,Bản Chát,2026-06-15T17:00:00.000,0,447.62,285.0,265.0,265.0,0.0,0.0,,2026-06-15T18:00:39.000
45,Bản Chát,2026-06-15T18:00:00.000,0,447.62,202.0,265.0,265.0,0.0,0.0,,2026-06-15T18:00:39.000
45,Bản Chát,2026-06-15T19:00:00.000,0,447.61,202.0,265.0,265.0,0.0,0.0,,2026-06-15T18:00:39.000
45,Bản Chát,2026-06-15T20:00:00.000,0,447.6,129.0,265.0,265.0,0.0,0.0,,2026-06-15T18:00:39.000
45,Bản Chát,2026-06-15T21:00:00.000,0,447.58,129.0,265.0,265.0,0.0,0.0,,2026-06-15T18:00:39.000
45,Bản Chát,2026-06-15T22:00:00.000,0,447.57,147.0,265.0,265.0,0.0,0.0,,2026-06-15T18:00:39.000
45,Bản Chát,2026-06-15T23:00:00.000,0,447.55,139.0,265.0,265.0,0.0,0.0,,2026-06-15T18:00:39.000
45,Bản Chát,2026-06-16T00:00:00.000,0,447.55,221.0,265.0,265.0,0.0,0.0,,2026-06-17T20:43:34.000
45,Bản Chát,2026-06-16T01:00:00.000,0,447.55,239.0,265.0,265.0,0.0,0.0,,2026-06-17T20:43:34.000
45,Bản Chát,2026-06-16T02:00:00.000,0,447.54,230.0,265.0,265.0,0.0,0.0,,2026-06-17T20:43:34.000
45,Bản Chát,2026-06-16T03:00:00.000,0,447.54,221.0,265.0,265.0,0.0,0.0,,2026-06-17T20:43:34.000
45,Bản Chát,2026-06-16T04:00:00.000,0,447.53,230.0,265.0,265.0,0.0,0.0,,2026-06-17T20:43:34.000
45,Bản Chát,2026-06-16T05:00:00.000,0,447.53,212.0,265.0,265.0,0.0,0.0,,2026-06-17T20:43:34.000
45,Bản Chát,2026-06-16T06:00:00.000,0,447.52,230.0,265.0,265.0,0.0,0.0,,2026-06-17T20:43:34.000
45,Bản Chát,2026-06-16T07:00:00.000,0,447.52,248.0,265.0,265.0,0.0,0.0,,2026-06-17T20:43:34.000
45,Bản Chát,2026-06-16T08:00:00.000,0,447.52,226.0,266.0,266.0,0.0,0.0,,2026-06-17T20:43:34.000
45,Bản Chát,2026-06-16T09:00:00.000,0,447.51,226.0,266.0,266.0,0.0,0.0,,2026-06-17T20:43:34.000
45,Bản Chát,2026-06-16T10:00:00.000,0,447.49,98.0,266.0,266.0,0.0,0.0,,2026-06-17T20:43:34.000
45,Bản Chát,2026-06-16T11:00:00.000,0,447.47,98.0,266.0,266.0,0.0,0.0,,2026-06-17T20:43:34.000
45,Bản Chát,2026-06-16T12:00:00.000,0,447.46,98.0,266.0,266.0,0.0,0.0,,2026-06-17T20:43:34.000
45,Bản Chát,2026-06-16T13:00:00.000,0,447.46,100.0,94.0,94.0,0.0,0.0,,2026-06-17T20:43:34.000
45,Bản Chát,2026-06-16T14:00:00.000,0,447.45,176.0,257.0,257.0,0.0,0.0,,2026-06-17T20:43:34.000
45,Bản Chát,2026-06-16T15:00:00.000,0,447.44,185.0,266.0,266.0,0.0,0.0,,2026-06-17T20:43:34.000
45,Bản Chát,2026-06-16T16:00:00.000,0,447.43,203.0,266.0,266.0,0.0,0.0,,2026-06-17T20:43:34.000
45,Bản Chát,2026-06-16T17:00:00.000,0,447.42,203.0,266.0,266.0,0.0,0.0,,2026-06-17T20:43:34.000
45,Bản Chát,2026-06-16T18:00:00.000,0,447.42,194.0,266.0,266.0,0.0,0.0,,2026-06-17T20:43:34.000
45,Bản Chát,2026-06-16T19:00:00.000,0,447.41,194.0,266.0,266.0,0.0,0.0,,2026-06-17T20:43:34.000
45,Bản Chát,2026-06-16T20:00:00.000,0,447.4,167.0,266.0,266.0,0.0,0.0,,2026-06-17T20:43:34.000
45,Bản Chát,2026-06-16T21:00:00.000,0,447.38,149.0,266.0,266.0,0.0,0.0,,2026-06-17T20:43:34.000
45,Bản Chát,2026-06-16T22:00:00.000,0,447.37,158.0,266.0,266.0,0.0,0.0,,2026-06-17T20:43:34.000
45,Bản Chát,2026-06-16T23:00:00.000,0,447.36,158.0,266.0,266.0,0.0,0.0,,2026-06-17T20:43:34.000
45,Bản Chát,2026-06-17T00:00:00.000,0,447.36,250.0,266.0,266.0,0.0,0.0,,2026-06-17T20:42:59.000
45,Bản Chát,2026-06-17T01:00:00.000,0,447.36,240.0,266.0,266.0,0.0,0.0,,2026-06-17T20:42:59.000
45,Bản Chát,2026-06-17T02:00:00.000,0,447.35,199.0,266.0,266.0,0.0,0.0,,2026-06-17T20:42:59.000
45,Bản Chát,2026-06-17T03:00:00.000,0,447.34,199.0,266.0,266.0,0.0,0.0,,2026-06-17T20:42:59.000
45,Bản Chát,2026-06-17T04:00:00.000,0,447.34,250.0,267.0,267.0,0.0,0.0,,2026-06-17T20:42:59.000
45,Bản Chát,2026-06-17T05:00:00.000,0,447.35,198.0,86.0,86.0,0.0,0.0,,2026-06-17T20:42:59.000
45,Bản Chát,2026-06-17T06:00:00.000,0,447.37,212.0,0.0,0.0,0.0,0.0,,2026-06-17T20:42:59.000
45,Bản Chát,2026-06-17T07:00:00.000,0,447.4,212.0,0.0,0.0,0.0,0.0,,2026-06-17T20:42:59.000
45,Bản Chát,2026-06-17T08:00:00.000,0,447.43,294.0,0.0,0.0,0.0,0.0,,2026-06-17T20:42:59.000
45,Bản Chát,2026-06-17T09:00:00.000,0,447.46,294.0,0.0,0.0,0.0,0.0,,2026-06-17T20:42:59.000
45,Bản Chát,2026-06-17T10:00:00.000,0,447.5,322.0,0.0,0.0,0.0,0.0,,2026-06-17T20:42:59.000
45,Bản Chát,2026-06-17T11:00:00.000,0,447.53,322.0,0.0,0.0,0.0,0.0,,2026-06-17T20:42:59.000
45,Bản Chát,2026-06-17T12:00:00.000,0,447.57,322.0,0.0,0.0,0.0,0.0,,2026-06-17T20:42:59.000
45,Bản Chát,2026-06-17T13:00:00.000,0,447.57,322.0,0.0,0.0,0.0,0.0,,2026-06-17T20:42:59.000
45,Bản Chát,2026-06-17T14:00:00.000,0,447.64,359.0,0.0,0.0,0.0,0.0,,2026-06-17T20:42:59.000
45,Bản Chát,2026-06-17T15:00:00.000,0,447.68,395.0,0.0,0.0,0.0,0.0,,2026-06-17T20:42:59.000
45,Bản Chát,2026-06-17T16:00:00.000,0,447.73,404.0,0.0,0.0,0.0,0.0,,2026-06-17T20:42:59.000
45,Bản Chát,2026-06-17T17:00:00.000,0,447.75,417.0,196.0,196.0,0.0,0.0,,2026-06-17T20:42:59.000
45,Bản Chát,2026-06-17T18:00:00.000,0,447.76,355.0,261.0,261.0,0.0,0.0,,2026-06-17T20:42:59.000
45,Bản Chát,2026-06-17T19:00:00.000,0,447.76,245.0,261.0,261.0,0.0,0.0,,2026-06-17T20:42:59.000
45,Bản Chát,2026-06-17T20:00:00.000,0,447.77,272.0,261.0,261.0,0.0,0.0,,2026-06-17T20:42:59.000
45,Bản Chát,2026-06-17T21:00:00.000,0,447.76,263.0,261.0,261.0,0.0,0.0,,2026-06-17T20:42:59.000
45,Bản Chát,2026-06-17T22:00:00.000,0,447.76,266.0,265.0,265.0,0.0,0.0,,2026-06-17T20:42:59.000
45,Bản Chát,2026-06-17T23:00:00.000,0,447.76,257.0,265.0,265.0,0.0,0.0,,2026-06-17T20:42:59.000
45,Bản Chát,2026-06-18T00:00:00.000,0,447.75,193.0,266.0,266.0,0.0,0.0,,2026-06-18T18:08:03.000
45,Bản Chát,2026-06-18T01:00:00.000,0,447.77,288.0,266.0,266.0,0.0,0.0,,2026-06-18T18:08:03.000
45,Bản Chát,2026-06-18T02:00:00.000,0,447.8,295.0,0.0,0.0,0.0,0.0,,2026-06-18T18:08:03.000
45,Bản Chát,2026-06-18T03:00:00.000,0,447.83,285.0,0.0,0.0,0.0,0.0,,2026-06-18T18:08:03.000
45,Bản Chát,2026-06-18T04:00:00.000,0,447.86,285.0,0.0,0.0,0.0,0.0,,2026-06-18T18:08:03.000
45,Bản Chát,2026-06-18T05:00:00.000,0,447.89,285.0,0.0,0.0,0.0,0.0,,2026-06-18T18:08:03.000
45,Bản Chát,2026-06-18T06:00:00.000,0,447.93,368.0,0.0,0.0,0.0,0.0,,2026-06-18T18:08:03.000
45,Bản Chát,2026-06-18T07:00:00.000,0,447.97,368.0,0.0,0.0,0.0,0.0,,2026-06-18T18:08:03.000
45,Bản Chát,2026-06-18T08:00:00.000,0,448.0,411.0,135.0,135.0,0.0,0.0,,2026-06-18T18:08:03.000
45,Bản Chát,2026-06-18T09:00:00.000,0,448.02,445.0,257.0,257.0,0.0,0.0,,2026-06-18T18:08:03.000
45,Bản Chát,2026-06-18T10:00:00.000,0,448.04,464.0,248.0,248.0,0.0,0.0,,2026-06-18T18:08:03.000
45,Bản Chát,2026-06-18T11:00:00.000,0,448.06,445.0,248.0,248.0,0.0,0.0,,2026-06-18T18:08:03.000
45,Bản Chát,2026-06-18T12:00:00.000,0,448.09,441.0,206.0,206.0,0.0,0.0,,2026-06-18T18:08:03.000
45,Bản Chát,2026-06-18T13:00:00.000,0,448.13,447.0,100.0,100.0,0.0,0.0,,2026-06-18T18:08:03.000
45,Bản Chát,2026-06-18T14:00:00.000,0,448.16,378.0,31.0,31.0,0.0,0.0,,2026-06-18T18:08:03.000
45,Bản Chát,2026-06-18T15:00:00.000,0,448.19,317.0,63.0,63.0,0.0,0.0,,2026-06-18T18:08:03.000
45,Bản Chát,2026-06-18T16:00:00.000,0,448.22,411.0,129.0,129.0,0.0,0.0,,2026-06-18T18:08:03.000
45,Bản Chát,2026-06-18T17:00:00.000,0,448.25,494.0,213.0,213.0,0.0,0.0,,2026-06-18T18:08:03.000
45,Bản Chát,2026-06-18T18:00:00.000,0,448.27,401.0,213.0,213.0,0.0,0.0,,2026-06-18T18:08:03.000
45,Bản Chát,2026-06-18T19:00:00.000,0,448.29,395.0,206.0,206.0,0.0,0.0,,2026-06-18T18:08:03.000
45,Bản Chát,2026-06-18T20:00:00.000,0,448.33,397.0,42.0,42.0,0.0,0.0,,2026-06-18T18:08:03.000
45,Bản Chát,2026-06-18T21:00:00.000,0,448.35,372.0,165.0,165.0,0.0,0.0,,2026-06-18T18:08:03.000
45,Bản Chát,2026-06-18T22:00:00.000,0,448.37,226.0,0.0,0.0,0.0,0.0,,2026-06-18T18:08:03.000
45,Bản Chát,2026-06-18T23:00:00.000,0,448.39,247.0,77.0,77.0,0.0,0.0,,2026-06-18T18:08:03.000
45,Bản Chát,2026-06-19T00:00:00.000,0,448.4,332.0,228.0,228.0,0.0,0.0,,2026-06-19T17:18:55.000
45,Bản Chát,2026-06-19T01:00:00.000,0,448.41,335.0,249.0,249.0,0.0,0.0,,2026-06-19T17:18:55.000
45,Bản Chát,2026-06-19T02:00:00.000,0,448.42,329.0,262.0,262.0,0.0,0.0,,2026-06-19T17:18:55.000
45,Bản Chát,2026-06-19T03:00:00.000,0,448.43,328.0,262.0,262.0,0.0,0.0,,2026-06-19T17:18:55.000
45,Bản Chát,2026-06-19T04:00:00.000,0,448.44,375.0,262.0,262.0,0.0,0.0,,2026-06-19T17:18:55.000
45,Bản Chát,2026-06-19T05:00:00.000,0,448.48,612.0,237.0,237.0,0.0,0.0,,2026-06-19T17:18:55.000
45,Bản Chát,2026-06-19T06:00:00.000,0,448.52,597.0,166.0,166.0,0.0,0.0,,2026-06-19T17:18:55.000
45,Bản Chát,2026-06-19T07:00:00.000,0,448.59,618.0,0.0,0.0,0.0,0.0,,2026-06-19T17:18:55.000
45,Bản Chát,2026-06-19T08:00:00.000,0,448.64,468.0,0.0,0.0,0.0,0.0,,2026-06-19T17:18:55.000
45,Bản Chát,2026-06-19T09:00:00.000,0,448.66,390.0,202.0,202.0,0.0,0.0,,2026-06-19T17:18:55.000
45,Bản Chát,2026-06-19T10:00:00.000,0,448.68,343.0,202.0,202.0,0.0,0.0,,2026-06-19T17:18:55.000
45,Bản Chát,2026-06-19T11:00:00.000,0,448.69,326.0,138.0,138.0,0.0,0.0,,2026-06-19T17:18:55.000
45,Bản Chát,2026-06-19T12:00:00.000,0,448.73,328.0,0.0,0.0,0.0,0.0,,2026-06-19T17:18:55.000
45,Bản Chát,2026-06-19T13:00:00.000,0,448.76,281.0,0.0,0.0,0.0,0.0,,2026-06-19T17:18:55.000
45,Bản Chát,2026-06-19T14:00:00.000,0,448.8,338.0,0.0,0.0,0.0,0.0,,2026-06-19T17:18:55.000
45,Bản Chát,2026-06-19T15:00:00.000,0,448.83,347.0,0.0,0.0,0.0,0.0,,2026-06-19T17:18:55.000
45,Bản Chát,2026-06-19T16:00:00.000,0,448.87,338.0,0.0,0.0,0.0,0.0,,2026-06-19T17:18:55.000
45,Bản Chát,2026-06-19T17:00:00.000,0,448.91,338.0,0.0,0.0,0.0,0.0,,2026-06-19T17:18:55.000
45,Bản Chát,2026-06-19T18:00:00.000,0,448.94,319.0,0.0,0.0,0.0,0.0,,2026-06-19T17:18:55.000
45,Bản Chát,2026-06-19T19:00:00.000,0,448.97,310.0,0.0,0.0,0.0,0.0,,2026-06-19T17:18:55.000
45,Bản Chát,2026-06-19T20:00:00.000,0,449.01,311.0,0.0,0.0,0.0,0.0,,2026-06-19T17:18:55.000
45,Bản Chát,2026-06-19T21:00:00.000,0,449.04,311.0,0.0,0.0,0.0,0.0,,2026-06-19T17:18:55.000
45,Bản Chát,2026-06-19T22:00:00.000,0,449.07,321.0,0.0,0.0,0.0,0.0,,2026-06-19T17:18:55.000
45,Bản Chát,2026-06-19T23:00:00.000,0,449.1,311.0,0.0,0.0,0.0,0.0,,2026-06-19T17:18:55.000
45,Bản Chát,2026-06-20T00:00:00.000,0,449.13,311.0,0.0,0.0,0.0,0.0,,2026-06-20T17:53:50.000
45,Bản Chát,2026-06-20T01:00:00.000,0,449.17,330.0,0.0,0.0,0.0,0.0,,2026-06-20T17:53:50.000
45,Bản Chát,2026-06-20T02:00:00.000,0,449.2,311.0,0.0,0.0,0.0,0.0,,2026-06-20T17:53:50.000
45,Bản Chát,2026-06-20T03:00:00.000,0,449.23,292.0,0.0,0.0,0.0,0.0,,2026-06-20T17:53:50.000
45,Bản Chát,2026-06-20T04:00:00.000,0,449.26,291.0,0.0,0.0,0.0,0.0,,2026-06-20T17:53:50.000
45,Bản Chát,2026-06-20T05:00:00.000,0,449.29,292.0,0.0,0.0,0.0,0.0,,2026-06-20T17:53:50.000
45,Bản Chát,2026-06-20T06:00:00.000,0,449.32,301.0,0.0,0.0,0.0,0.0,,2026-06-20T17:53:50.000
45,Bản Chát,2026-06-20T07:00:00.000,0,449.35,311.0,0.0,0.0,0.0,0.0,,2026-06-20T17:53:50.000
45,Bản Chát,2026-06-20T08:00:00.000,0,449.4,408.0,0.0,0.0,0.0,0.0,,2026-06-20T17:53:50.000
45,Bản Chát,2026-06-20T09:00:00.000,0,449.44,408.0,0.0,0.0,0.0,0.0,,2026-06-20T17:53:50.000
45,Bản Chát,2026-06-20T10:00:00.000,0,449.47,331.0,0.0,0.0,0.0,0.0,,2026-06-20T17:53:50.000
45,Bản Chát,2026-06-20T11:00:00.000,0,449.51,331.0,0.0,0.0,0.0,0.0,,2026-06-20T17:53:50.000
45,Bản Chát,2026-06-20T12:00:00.000,0,449.54,365.0,0.0,0.0,0.0,0.0,,2026-06-20T17:53:50.000
45,Bản Chát,2026-06-20T13:00:00.000,0,449.58,365.0,0.0,0.0,0.0,0.0,,2026-06-20T17:53:50.000
45,Bản Chát,2026-06-20T14:00:00.000,0,449.62,381.0,36.0,36.0,0.0,0.0,,2026-06-20T17:53:50.000
45,Bản Chát,2026-06-20T15:00:00.000,0,449.65,385.0,50.0,50.0,0.0,0.0,,2026-06-20T17:53:50.000
45,Bản Chát,2026-06-20T16:00:00.000,0,449.67,439.0,244.0,244.0,0.0,0.0,,2026-06-20T17:53:50.000
45,Bản Chát,2026-06-20T17:00:00.000,0,449.69,445.0,250.0,250.0,0.0,0.0,,2026-06-20T17:53:50.000
45,Bản Chát,2026-06-20T18:00:00.000,0,449.71,445.0,250.0,250.0,0.0,0.0,,2026-06-20T17:53:50.000
45,Bản Chát,2026-06-20T19:00:00.000,0,449.73,451.0,256.0,256.0,0.0,0.0,,2026-06-20T17:53:50.000
45,Bản Chát,2026-06-20T20:00:00.000,0,449.74,354.0,256.0,256.0,0.0,0.0,,2026-06-20T17:53:50.000
45,Bản Chát,2026-06-20T21:00:00.000,0,449.75,306.0,256.0,256.0,0.0,0.0,,2026-06-20T17:53:50.000
45,Bản Chát,2026-06-20T22:00:00.000,0,449.76,367.0,259.0,259.0,0.0,0.0,,2026-06-20T17:53:50.000
45,Bản Chát,2026-06-20T23:00:00.000,0,449.77,396.0,259.0,259.0,0.0,0.0,,2026-06-20T17:53:50.000
45,Bản Chát,2026-06-21T00:00:00.000,0,449.78,376.0,259.0,259.0,0.0,0.0,,2026-06-21T17:43:33.000
45,Bản Chát,2026-06-21T01:00:00.000,0,449.79,357.0,259.0,259.0,0.0,0.0,,2026-06-21T17:43:33.000
45,Bản Chát,2026-06-21T02:00:00.000,0,449.8,338.0,259.0,259.0,0.0,0.0,,2026-06-21T17:43:33.000
45,Bản Chát,2026-06-21T03:00:00.000,0,449.81,309.0,259.0,259.0,0.0,0.0,,2026-06-21T17:43:33.000
45,Bản Chát,2026-06-21T04:00:00.000,0,449.82,312.0,165.0,165.0,0.0,0.0,,2026-06-21T17:43:33.000
45,Bản Chát,2026-06-21T05:00:00.000,0,449.85,311.0,0.0,0.0,0.0,0.0,,2026-06-21T17:43:33.000
45,Bản Chát,2026-06-21T06:00:00.000,0,449.88,263.0,0.0,0.0,0.0,0.0,,2026-06-21T17:43:33.000
45,Bản Chát,2026-06-21T07:00:00.000,0,449.9,244.0,0.0,0.0,0.0,0.0,,2026-06-21T17:43:33.000
45,Bản Chát,2026-06-21T08:00:00.000,0,449.93,263.0,0.0,0.0,0.0,0.0,,2026-06-21T17:43:33.000
45,Bản Chát,2026-06-21T09:00:00.000,0,449.96,263.0,0.0,0.0,0.0,0.0,,2026-06-21T17:43:33.000
45,Bản Chát,2026-06-21T10:00:00.000,0,449.99,321.0,0.0,0.0,0.0,0.0,,2026-06-21T17:43:33.000
45,Bản Chát,2026-06-21T11:00:00.000,0,450.02,325.0,0.0,0.0,0.0,0.0,,2026-06-21T17:43:33.000
45,Bản Chát,2026-06-21T12:00:00.000,0,450.06,485.0,99.0,99.0,0.0,0.0,,2026-06-21T17:43:33.000
45,Bản Chát,2026-06-21T13:00:00.000,0,450.09,481.0,213.0,213.0,0.0,0.0,,2026-06-21T17:43:33.000
45,Bản Chát,2026-06-21T14:00:00.000,0,450.12,525.0,228.0,228.0,0.0,0.0,,2026-06-21T17:43:33.000
45,Bản Chát,2026-06-21T15:00:00.000,0,450.16,414.0,18.0,18.0,0.0,0.0,,2026-06-21T17:43:33.000
45,Bản Chát,2026-06-21T16:00:00.000,0,450.21,485.0,0.0,0.0,0.0,0.0,,2026-06-21T17:43:33.000
45,Bản Chát,2026-06-21T17:00:00.000,0,450.26,524.0,0.0,0.0,0.0,0.0,,2026-06-21T17:43:33.000
45,Bản Chát,2026-06-21T18:00:00.000,0,450.31,455.0,0.0,0.0,0.0,0.0,,2026-06-21T17:43:33.000
45,Bản Chát,2026-06-21T19:00:00.000,0,450.35,445.0,0.0,0.0,0.0,0.0,,2026-06-21T17:43:33.000
45,Bản Chát,2026-06-21T20:00:00.000,0,450.39,416.0,0.0,0.0,0.0,0.0,,2026-06-21T17:43:33.000
45,Bản Chát,2026-06-21T21:00:00.000,0,450.41,377.0,188.0,188.0,0.0,0.0,,2026-06-21T17:43:33.000
45,Bản Chát,2026-06-21T22:00:00.000,0,450.43,387.0,238.0,238.0,0.0,0.0,,2026-06-21T17:43:33.000
45,Bản Chát,2026-06-21T23:00:00.000,0,450.45,301.0,93.0,93.0,0.0,0.0,,2026-06-21T17:43:33.000
45,Bản Chát,2026-06-22T00:00:00.000,0,450.47,268.0,0.0,0.0,0.0,0.0,,2026-06-22T16:03:25.000
45,Bản Chát,2026-06-22T01:00:00.000,0,450.5,277.0,0.0,0.0,0.0,0.0,,2026-06-22T16:03:25.000
45,Bản Chát,2026-06-22T02:00:00.000,0,450.53,248.0,0.0,0.0,0.0,0.0,,2026-06-22T16:03:25.000
45,Bản Chát,2026-06-22T03:00:00.000,0,450.55,248.0,0.0,0.0,0.0,0.0,,2026-06-22T16:03:25.000
45,Bản Chát,2026-06-22T04:00:00.000,0,450.58,248.0,0.0,0.0,0.0,0.0,,2026-06-22T16:03:25.000
45,Bản Chát,2026-06-22T05:00:00.000,0,450.6,238.0,0.0,0.0,0.0,0.0,,2026-06-22T16:03:25.000
45,Bản Chát,2026-06-22T06:00:00.000,0,450.63,268.0,0.0,0.0,0.0,0.0,,2026-06-22T16:03:25.000
45,Bản Chát,2026-06-22T07:00:00.000,0,450.66,268.0,0.0,0.0,0.0,0.0,,2026-06-22T16:03:25.000
45,Bản Chát,2026-06-22T08:00:00.000,0,450.68,258.0,0.0,0.0,0.0,0.0,,2026-06-22T16:03:25.000
45,Bản Chát,2026-06-22T09:00:00.000,0,450.71,248.0,0.0,0.0,0.0,0.0,,2026-06-22T16:03:25.000
45,Bản Chát,2026-06-22T10:00:00.000,0,450.73,208.0,0.0,0.0,0.0,0.0,,2026-06-22T16:03:25.000
45,Bản Chát,2026-06-22T11:00:00.000,0,450.75,189.0,0.0,0.0,0.0,0.0,,2026-06-22T16:03:25.000
45,Bản Chát,2026-06-22T12:00:00.000,0,450.77,278.0,0.0,0.0,0.0,0.0,,2026-06-22T16:03:25.000
45,Bản Chát,2026-06-22T13:00:00.000,0,450.8,268.0,0.0,0.0,0.0,0.0,,2026-06-22T16:03:25.000
45,Bản Chát,2026-06-22T14:00:00.000,0,450.83,278.0,0.0,0.0,0.0,0.0,,2026-06-22T16:03:25.000
45,Bản Chát,2026-06-22T15:00:00.000,0,450.86,278.0,0.0,0.0,0.0,0.0,,2026-06-22T16:03:25.000
45,Bản Chát,2026-06-22T16:00:00.000,0,450.88,238.0,0.0,0.0,0.0,0.0,,2026-06-22T16:03:25.000
45,Bản Chát,2026-06-22T17:00:00.000,0,450.91,238.0,0.0,0.0,0.0,0.0,,2026-06-22T16:03:25.000
45,Bản Chát,2026-06-22T18:00:00.000,0,450.93,228.0,0.0,0.0,0.0,0.0,,2026-06-22T16:03:25.000
45,Bản Chát,2026-06-22T19:00:00.000,0,450.95,223.0,0.0,0.0,0.0,0.0,,2026-06-22T16:03:25.000
45,Bản Chát,2026-06-22T20:00:00.000,0,450.98,248.0,0.0,0.0,0.0,0.0,,2026-06-22T16:03:25.000
45,Bản Chát,2026-06-22T21:00:00.000,0,451.0,248.0,0.0,0.0,0.0,0.0,,2026-06-22T16:03:25.000
45,Bản Chát,2026-06-22T22:00:00.000,0,451.02,234.0,0.0,0.0,0.0,0.0,,2026-06-22T16:03:25.000
45,Bản Chát,2026-06-22T23:00:00.000,0,451.04,214.0,0.0,0.0,0.0,0.0,,2026-06-22T16:03:25.000
45,Bản Chát,2026-06-23T00:00:00.000,0,451.06,204.0,0.0,0.0,0.0,0.0,,2026-06-23T18:06:03.000
45,Bản Chát,2026-06-23T01:00:00.000,0,451.08,279.0,167.0,167.0,0.0,0.0,,2026-06-23T18:06:03.000
45,Bản Chát,2026-06-23T02:00:00.000,0,451.07,203.0,262.0,262.0,0.0,0.0,,2026-06-23T18:06:03.000
45,Bản Chát,2026-06-23T03:00:00.000,0,451.06,193.0,263.0,263.0,0.0,0.0,,2026-06-23T18:06:03.000
45,Bản Chát,2026-06-23T04:00:00.000,0,451.05,183.0,263.0,263.0,0.0,0.0,,2026-06-23T18:06:03.000
45,Bản Chát,2026-06-23T05:00:00.000,0,451.05,183.0,263.0,263.0,0.0,0.0,,2026-06-23T18:06:03.000
45,Bản Chát,2026-06-23T06:00:00.000,0,451.04,183.0,263.0,263.0,0.0,0.0,,2026-06-23T18:06:03.000
45,Bản Chát,2026-06-23T07:00:00.000,0,451.05,165.0,33.0,33.0,0.0,0.0,,2026-06-23T18:06:03.000
45,Bản Chát,2026-06-23T08:00:00.000,0,451.06,143.0,0.0,0.0,0.0,0.0,,2026-06-23T18:06:03.000
45,Bản Chát,2026-06-23T09:00:00.000,0,451.08,153.0,0.0,0.0,0.0,0.0,,2026-06-23T18:06:03.000
45,Bản Chát,2026-06-23T10:00:00.000,0,451.1,193.0,0.0,0.0,0.0,0.0,,2026-06-23T18:06:03.000
45,Bản Chát,2026-06-23T11:00:00.000,0,451.12,214.0,0.0,0.0,0.0,0.0,,2026-06-23T18:06:03.000
45,Bản Chát,2026-06-23T12:00:00.000,0,451.13,113.0,0.0,0.0,0.0,0.0,,2026-06-23T18:06:03.000
45,Bản Chát,2026-06-23T13:00:00.000,0,451.14,93.0,0.0,0.0,0.0,0.0,,2026-06-23T18:06:03.000
45,Bản Chát,2026-06-23T14:00:00.000,0,451.17,254.0,0.0,0.0,0.0,0.0,,2026-06-23T18:06:03.000
45,Bản Chát,2026-06-23T15:00:00.000,0,451.19,254.0,0.0,0.0,0.0,0.0,,2026-06-23T18:06:03.000
45,Bản Chát,2026-06-23T16:00:00.000,0,451.22,275.0,0.0,0.0,0.0,0.0,,2026-06-23T18:06:03.000
45,Bản Chát,2026-06-23T17:00:00.000,0,451.25,285.0,0.0,0.0,0.0,0.0,,2026-06-23T18:06:03.000
45,Bản Chát,2026-06-23T18:00:00.000,0,451.27,244.0,0.0,0.0,0.0,0.0,,2026-06-23T18:06:03.000
45,Bản Chát,2026-06-23T19:00:00.000,0,451.27,239.0,218.0,218.0,0.0,0.0,,2026-06-23T18:06:03.000
45,Bản Chát,2026-06-23T20:00:00.000,0,451.26,145.0,265.0,265.0,0.0,0.0,,2026-06-23T18:06:03.000
45,Bản Chát,2026-06-23T21:00:00.000,0,451.25,135.0,265.0,265.0,0.0,0.0,,2026-06-23T18:06:03.000
45,Bản Chát,2026-06-23T22:00:00.000,0,451.24,206.0,265.0,265.0,0.0,0.0,,2026-06-23T18:06:03.000
45,Bản Chát,2026-06-23T23:00:00.000,0,451.24,215.0,265.0,265.0,0.0,0.0,,2026-06-23T18:06:03.000
45,Bản Chát,2026-06-24T00:00:00.000,0,451.23,215.0,265.0,265.0,0.0,0.0,,2026-06-24T17:02:24.000
45,Bản Chát,2026-06-24T01:00:00.000,0,451.23,215.0,265.0,265.0,0.0,0.0,,2026-06-24T17:02:24.000
45,Bản Chát,2026-06-24T02:00:00.000,0,451.22,196.0,265.0,265.0,0.0,0.0,,2026-06-24T17:02:24.000
45,Bản Chát,2026-06-24T03:00:00.000,0,451.23,197.0,125.0,125.0,0.0,0.0,,2026-06-24T17:02:24.000
45,Bản Chát,2026-06-24T04:00:00.000,0,451.24,163.0,0.0,0.0,0.0,0.0,,2026-06-24T17:02:24.000
45,Bản Chát,2026-06-24T05:00:00.000,0,451.26,153.0,0.0,0.0,0.0,0.0,,2026-06-24T17:02:24.000
45,Bản Chát,2026-06-24T06:00:00.000,0,451.27,163.0,0.0,0.0,0.0,0.0,,2026-06-24T17:02:24.000
45,Bản Chát,2026-06-24T07:00:00.000,0,451.29,173.0,0.0,0.0,0.0,0.0,,2026-06-24T17:02:24.000
45,Bản Chát,2026-06-24T08:00:00.000,0,451.31,174.0,0.0,0.0,0.0,0.0,,2026-06-24T17:02:24.000
45,Bản Chát,2026-06-24T09:00:00.000,0,451.32,174.0,0.0,0.0,0.0,0.0,,2026-06-24T17:02:24.000
45,Bản Chát,2026-06-24T10:00:00.000,0,451.33,98.0,0.0,0.0,0.0,0.0,,2026-06-24T17:02:24.000
45,Bản Chát,2026-06-24T11:00:00.000,0,451.34,98.0,0.0,0.0,0.0,0.0,,2026-06-24T17:02:24.000
45,Bản Chát,2026-06-24T12:00:00.000,0,451.35,157.0,24.0,24.0,0.0,0.0,,2026-06-24T17:02:24.000
45,Bản Chát,2026-06-24T13:00:00.000,0,451.35,147.0,157.0,157.0,0.0,0.0,,2026-06-24T17:02:24.000
45,Bản Chát,2026-06-24T14:00:00.000,0,451.36,223.0,191.0,191.0,0.0,0.0,,2026-06-24T17:02:24.000
45,Bản Chát,2026-06-24T15:00:00.000,0,451.36,283.0,261.0,261.0,0.0,0.0,,2026-06-24T17:02:24.000
45,Bản Chát,2026-06-24T16:00:00.000,0,451.36,243.0,261.0,261.0,0.0,0.0,,2026-06-24T17:02:24.000
45,Bản Chát,2026-06-24T17:00:00.000,0,451.35,233.0,261.0,261.0,0.0,0.0,,2026-06-24T17:02:24.000
45,Bản Chát,2026-06-24T18:00:00.000,0,451.34,132.0,261.0,261.0,0.0,0.0,,2026-06-24T17:02:24.000
45,Bản Chát,2026-06-24T19:00:00.000,0,451.33,132.0,261.0,261.0,0.0,0.0,,2026-06-24T17:02:24.000
45,Bản Chát,2026-06-24T20:00:00.000,0,451.32,142.0,261.0,261.0,0.0,0.0,,2026-06-24T17:02:24.000
45,Bản Chát,2026-06-24T21:00:00.000,0,451.3,142.0,261.0,261.0,0.0,0.0,,2026-06-24T17:02:24.000
45,Bản Chát,2026-06-24T22:00:00.000,0,451.29,135.0,265.0,265.0,0.0,0.0,,2026-06-24T17:02:24.000
45,Bản Chát,2026-06-24T23:00:00.000,0,451.28,135.0,265.0,265.0,0.0,0.0,,2026-06-24T17:02:24.000
45,Bản Chát,2026-06-25T00:00:00.000,0,451.28,246.0,265.0,265.0,0.0,0.0,,2026-06-25T18:01:24.000
45,Bản Chát,2026-06-25T01:00:00.000,0,451.28,266.0,265.0,265.0,0.0,0.0,,2026-06-25T18:01:24.000
45,Bản Chát,2026-06-25T02:00:00.000,0,451.27,216.0,265.0,265.0,0.0,0.0,,2026-06-25T18:01:24.000
45,Bản Chát,2026-06-25T03:00:00.000,0,451.29,198.0,25.0,25.0,0.0,0.0,,2026-06-25T18:01:24.000
45,Bản Chát,2026-06-25T04:00:00.000,0,451.3,133.0,0.0,0.0,0.0,0.0,,2026-06-25T18:01:24.000
45,Bản Chát,2026-06-25T05:00:00.000,0,451.31,133.0,0.0,0.0,0.0,0.0,,2026-06-25T18:01:24.000
45,Bản Chát,2026-06-25T06:00:00.000,0,451.32,108.0,0.0,0.0,0.0,0.0,,2026-06-25T18:01:24.000
45,Bản Chát,2026-06-25T07:00:00.000,0,451.33,108.0,0.0,0.0,0.0,0.0,,2026-06-25T18:01:24.000
45,Bản Chát,2026-06-25T08:00:00.000,0,451.34,103.0,0.0,0.0,0.0,0.0,,2026-06-25T18:01:24.000
45,Bản Chát,2026-06-25T09:00:00.000,0,451.35,103.0,0.0,0.0,0.0,0.0,,2026-06-25T18:01:24.000
45,Bản Chát,2026-06-25T10:00:00.000,0,451.36,62.0,0.0,0.0,0.0,0.0,,2026-06-25T18:01:24.000
45,Bản Chát,2026-06-25T11:00:00.000,0,451.35,55.0,117.0,117.0,0.0,0.0,,2026-06-25T18:01:24.000
45,Bản Chát,2026-06-25T12:00:00.000,0,451.33,69.0,250.0,250.0,0.0,0.0,,2026-06-25T18:01:24.000
45,Bản Chát,2026-06-25T13:00:00.000,0,451.31,79.0,250.0,250.0,0.0,0.0,,2026-06-25T18:01:24.000
45,Bản Chát,2026-06-25T14:00:00.000,0,451.3,120.0,250.0,250.0,0.0,0.0,,2026-06-25T18:01:24.000
45,Bản Chát,2026-06-25T15:00:00.000,0,451.29,130.0,250.0,250.0,0.0,0.0,,2026-06-25T18:01:24.000
45,Bản Chát,2026-06-25T16:00:00.000,0,451.29,264.0,252.0,252.0,0.0,0.0,,2026-06-25T18:01:24.000
45,Bản Chát,2026-06-25T17:00:00.000,0,451.29,251.0,250.0,250.0,0.0,0.0,,2026-06-25T18:01:24.000
45,Bản Chát,2026-06-25T18:00:00.000,0,451.28,186.0,256.0,256.0,0.0,0.0,,2026-06-25T18:01:24.000
45,Bản Chát,2026-06-25T19:00:00.000,0,451.27,166.0,256.0,256.0,0.0,0.0,,2026-06-25T18:01:24.000
45,Bản Chát,2026-06-25T20:00:00.000,0,451.26,126.0,256.0,256.0,0.0,0.0,,2026-06-25T18:01:24.000
45,Bản Chát,2026-06-25T21:00:00.000,0,451.24,116.0,256.0,256.0,0.0,0.0,,2026-06-25T18:01:24.000
45,Bản Chát,2026-06-25T22:00:00.000,0,451.23,120.0,265.0,265.0,0.0,0.0,,2026-06-25T18:01:24.000
45,Bản Chát,2026-06-25T23:00:00.000,0,451.21,120.0,265.0,265.0,0.0,0.0,,2026-06-25T18:01:24.000
45,Bản Chát,2026-06-26T00:00:00.000,0,451.21,226.0,265.0,265.0,0.0,0.0,,2026-06-26T18:05:13.000
45,Bản Chát,2026-06-26T01:00:00.000,0,451.23,224.0,21.0,21.0,0.0,0.0,,2026-06-26T18:05:13.000
45,Bản Chát,2026-06-26T02:00:00.000,0,451.24,158.0,0.0,0.0,0.0,0.0,,2026-06-26T18:05:13.000
45,Bản Chát,2026-06-26T03:00:00.000,0,451.26,158.0,0.0,0.0,0.0,0.0,,2026-06-26T18:05:13.000
45,Bản Chát,2026-06-26T04:00:00.000,0,451.27,133.0,0.0,0.0,0.0,0.0,,2026-06-26T18:05:13.000
45,Bản Chát,2026-06-26T05:00:00.000,0,451.29,123.0,0.0,0.0,0.0,0.0,,2026-06-26T18:05:13.000
45,Bản Chát,2026-06-26T06:00:00.000,0,451.3,179.0,0.0,0.0,0.0,0.0,,2026-06-26T18:05:13.000
45,Bản Chát,2026-06-26T07:00:00.000,0,451.32,179.0,0.0,0.0,0.0,0.0,,2026-06-26T18:05:13.000
45,Bản Chát,2026-06-26T08:00:00.000,0,451.34,214.0,0.0,0.0,0.0,0.0,,2026-06-26T18:05:13.000
45,Bản Chát,2026-06-26T09:00:00.000,0,451.36,214.0,0.0,0.0,0.0,0.0,,2026-06-26T18:05:13.000
45,Bản Chát,2026-06-26T10:00:00.000,0,451.39,244.0,0.0,0.0,0.0,0.0,,2026-06-26T18:05:13.000
45,Bản Chát,2026-06-26T11:00:00.000,0,451.41,244.0,0.0,0.0,0.0,0.0,,2026-06-26T18:05:13.000
45,Bản Chát,2026-06-26T12:00:00.000,0,451.43,224.0,0.0,0.0,0.0,0.0,,2026-06-26T18:05:13.000
45,Bản Chát,2026-06-26T13:00:00.000,0,451.45,214.0,0.0,0.0,0.0,0.0,,2026-06-26T18:05:13.000
45,Bản Chát,2026-06-26T14:00:00.000,0,451.48,224.0,0.0,0.0,0.0,0.0,,2026-06-26T18:05:13.000
45,Bản Chát,2026-06-26T15:00:00.000,0,451.5,224.0,0.0,0.0,0.0,0.0,,2026-06-26T18:05:13.000
45,Bản Chát,2026-06-26T16:00:00.000,0,451.52,244.0,0.0,0.0,0.0,0.0,,2026-06-26T18:05:13.000
45,Bản Chát,2026-06-26T17:00:00.000,0,451.55,284.0,0.0,0.0,0.0,0.0,,2026-06-26T18:05:13.000
45,Bản Chát,2026-06-26T18:00:00.000,0,451.57,224.0,0.0,0.0,0.0,0.0,,2026-06-26T18:05:13.000
45,Bản Chát,2026-06-26T19:00:00.000,0,451.59,214.0,0.0,0.0,0.0,0.0,,2026-06-26T18:05:13.000
45,Bản Chát,2026-06-26T20:00:00.000,0,451.62,234.0,0.0,0.0,0.0,0.0,,2026-06-26T18:05:13.000
45,Bản Chát,2026-06-26T21:00:00.000,0,451.64,234.0,0.0,0.0,0.0,0.0,,2026-06-26T18:05:13.000
45,Bản Chát,2026-06-26T22:00:00.000,0,451.66,204.0,0.0,0.0,0.0,0.0,,2026-06-26T18:05:13.000
45,Bản Chát,2026-06-26T23:00:00.000,0,451.68,204.0,0.0,0.0,0.0,0.0,,2026-06-26T18:05:13.000
45,Bản Chát,2026-06-27T00:00:00.000,0,451.7,214.0,0.0,0.0,0.0,0.0,,2026-06-27T17:17:03.000
45,Bản Chát,2026-06-27T01:00:00.000,0,451.72,214.0,0.0,0.0,0.0,0.0,,2026-06-27T17:17:03.000
45,Bản Chát,2026-06-27T02:00:00.000,0,451.74,214.0,0.0,0.0,0.0,0.0,,2026-06-27T17:17:03.000
45,Bản Chát,2026-06-27T03:00:00.000,0,451.76,194.0,0.0,0.0,0.0,0.0,,2026-06-27T17:17:03.000
45,Bản Chát,2026-06-27T04:00:00.000,0,451.78,203.0,0.0,0.0,0.0,0.0,,2026-06-27T17:17:03.000
45,Bản Chát,2026-06-27T05:00:00.000,0,451.8,204.0,0.0,0.0,0.0,0.0,,2026-06-27T17:17:03.000
45,Bản Chát,2026-06-27T06:00:00.000,0,451.82,244.0,0.0,0.0,0.0,0.0,,2026-06-27T17:17:03.000
45,Bản Chát,2026-06-27T07:00:00.000,0,451.85,264.0,0.0,0.0,0.0,0.0,,2026-06-27T17:17:03.000
45,Bản Chát,2026-06-27T08:00:00.000,0,451.89,355.0,0.0,0.0,0.0,0.0,,2026-06-27T17:17:03.000
45,Bản Chát,2026-06-27T09:00:00.000,0,451.92,355.0,0.0,0.0,0.0,0.0,,2026-06-27T17:17:03.000
45,Bản Chát,2026-06-27T10:00:00.000,0,451.96,355.0,0.0,0.0,0.0,0.0,,2026-06-27T17:17:03.000
45,Bản Chát,2026-06-27T11:00:00.000,0,451.99,365.0,0.0,0.0,0.0,0.0,,2026-06-27T17:17:03.000
45,Bản Chát,2026-06-27T12:00:00.000,0,452.03,362.0,0.0,0.0,0.0,0.0,,2026-06-27T17:17:03.000
45,Bản Chát,2026-06-27T13:00:00.000,0,452.06,354.0,0.0,0.0,0.0,0.0,,2026-06-27T17:17:03.000
45,Bản Chát,2026-06-27T14:00:00.000,0,452.09,270.0,0.0,0.0,0.0,0.0,,2026-06-27T17:17:03.000
45,Bản Chát,2026-06-27T15:00:00.000,0,452.11,270.0,0.0,0.0,0.0,0.0,,2026-06-27T17:17:03.000
45,Bản Chát,2026-06-27T16:00:00.000,0,452.14,322.0,0.0,0.0,0.0,0.0,,2026-06-27T17:17:03.000
45,Bản Chát,2026-06-27T17:00:00.000,0,452.18,353.0,0.0,0.0,0.0,0.0,,2026-06-27T17:17:03.000
45,Bản Chát,2026-06-27T18:00:00.000,0,452.21,343.0,0.0,0.0,0.0,0.0,,2026-06-27T17:17:03.000
45,Bản Chát,2026-06-27T19:00:00.000,0,452.24,312.0,0.0,0.0,0.0,0.0,,2026-06-27T17:17:03.000
45,Bản Chát,2026-06-27T20:00:00.000,0,452.27,261.0,0.0,0.0,0.0,0.0,,2026-06-27T17:17:03.000
45,Bản Chát,2026-06-27T21:00:00.000,0,452.29,250.0,0.0,0.0,0.0,0.0,,2026-06-27T17:17:03.000
45,Bản Chát,2026-06-27T22:00:00.000,0,452.31,219.0,0.0,0.0,0.0,0.0,,2026-06-27T17:17:03.000
45,Bản Chát,2026-06-27T23:00:00.000,0,452.23,219.0,0.0,0.0,0.0,0.0,,2026-06-27T17:17:03.000
45,Bản Chát,2026-06-28T00:00:00.000,0,452.36,281.0,0.0,0.0,0.0,0.0,,2026-06-28T18:19:00.000
45,Bản Chát,2026-06-28T01:00:00.000,0,452.37,219.0,0.0,0.0,0.0,0.0,,2026-06-28T18:19:00.000
45,Bản Chát,2026-06-28T02:00:00.000,0,452.4,271.0,0.0,0.0,0.0,0.0,,2026-06-28T18:19:00.000
45,Bản Chát,2026-06-28T03:00:00.000,0,452.42,250.0,0.0,0.0,0.0,0.0,,2026-06-28T18:19:00.000
45,Bản Chát,2026-06-28T04:00:00.000,0,452.45,250.0,0.0,0.0,0.0,0.0,,2026-06-28T18:19:00.000
45,Bản Chát,2026-06-28T05:00:00.000,0,452.47,250.0,0.0,0.0,0.0,0.0,,2026-06-28T18:19:00.000
45,Bản Chát,2026-06-28T06:00:00.000,0,452.49,250.0,0.0,0.0,0.0,0.0,,2026-06-28T18:19:00.000
45,Bản Chát,2026-06-28T07:00:00.000,0,452.52,260.0,0.0,0.0,0.0,0.0,,2026-06-28T18:19:00.000
45,Bản Chát,2026-06-28T08:00:00.000,0,452.54,219.0,0.0,0.0,0.0,0.0,,2026-06-28T18:19:00.000
45,Bản Chát,2026-06-28T09:00:00.000,0,452.56,177.0,0.0,0.0,0.0,0.0,,2026-06-28T18:19:00.000
45,Bản Chát,2026-06-28T10:00:00.000,0,452.57,178.0,0.0,0.0,0.0,0.0,,2026-06-28T18:19:00.000
45,Bản Chát,2026-06-28T11:00:00.000,0,452.59,167.0,0.0,0.0,0.0,0.0,,2026-06-28T18:19:00.000
45,Bản Chát,2026-06-28T12:00:00.000,0,452.6,105.0,0.0,0.0,0.0,0.0,,2026-06-28T18:19:00.000
45,Bản Chát,2026-06-28T13:00:00.000,0,452.61,105.0,0.0,0.0,0.0,0.0,,2026-06-28T18:19:00.000
45,Bản Chát,2026-06-28T14:00:00.000,0,452.63,245.0,0.0,0.0,0.0,0.0,,2026-06-28T18:19:00.000
45,Bản Chát,2026-06-28T15:00:00.000,0,452.66,245.0,0.0,0.0,0.0,0.0,,2026-06-28T18:19:00.000
45,Bản Chát,2026-06-28T16:00:00.000,0,452.68,240.0,0.0,0.0,0.0,0.0,,2026-06-28T18:19:00.000
45,Bản Chát,2026-06-28T17:00:00.000,0,452.7,240.0,0.0,0.0,0.0,0.0,,2026-06-28T18:19:00.000
45,Bản Chát,2026-06-28T18:00:00.000,0,452.73,250.0,0.0,0.0,0.0,0.0,,2026-06-28T18:19:00.000
45,Bản Chát,2026-06-28T19:00:00.000,0,452.75,261.0,0.0,0.0,0.0,0.0,,2026-06-28T18:19:00.000
45,Bản Chát,2026-06-28T20:00:00.000,0,452.77,204.0,0.0,0.0,0.0,0.0,,2026-06-28T18:19:00.000
45,Bản Chát,2026-06-28T21:00:00.000,0,452.79,204.0,0.0,0.0,0.0,0.0,,2026-06-28T18:19:00.000
45,Bản Chát,2026-06-28T22:00:00.000,0,452.82,250.0,0.0,0.0,0.0,0.0,,2026-06-28T18:19:00.000
45,Bản Chát,2026-06-28T23:00:00.000,0,452.84,250.0,0.0,0.0,0.0,0.0,,2026-06-28T18:19:00.000
45,Bản Chát,2026-06-29T00:00:00.000,0,452.86,250.0,0.0,0.0,0.0,0.0,,2026-06-29T17:21:18.000
45,Bản Chát,2026-06-29T01:00:00.000,0,452.86,259.0,258.0,258.0,0.0,0.0,,2026-06-29T17:21:18.000
45,Bản Chát,2026-06-29T02:00:00.000,0,452.86,258.0,266.0,266.0,0.0,0.0,,2026-06-29T17:21:18.000
45,Bản Chát,2026-06-29T03:00:00.000,0,452.86,258.0,266.0,266.0,0.0,0.0,,2026-06-29T17:21:18.000
45,Bản Chát,2026-06-29T04:00:00.000,0,452.88,232.0,34.0,34.0,0.0,0.0,,2026-06-29T17:21:18.000
45,Bản Chát,2026-06-29T05:00:00.000,0,452.9,227.0,0.0,0.0,0.0,0.0,,2026-06-29T17:21:18.000
45,Bản Chát,2026-06-29T06:00:00.000,0,452.93,260.0,0.0,0.0,0.0,0.0,,2026-06-29T17:21:18.000
45,Bản Chát,2026-06-29T07:00:00.000,0,452.95,260.0,0.0,0.0,0.0,0.0,,2026-06-29T17:21:18.000
45,Bản Chát,2026-06-29T08:00:00.000,0,452.98,260.0,0.0,0.0,0.0,0.0,,2026-06-29T17:21:18.000
45,Bản Chát,2026-06-29T09:00:00.000,0,453.0,259.0,40.0,40.0,0.0,0.0,,2026-06-29T17:21:18.000
45,Bản Chát,2026-06-29T10:00:00.000,0,453.02,224.0,0.0,0.0,0.0,0.0,,2026-06-29T17:21:18.000
45,Bản Chát,2026-06-29T11:00:00.000,0,453.04,224.0,0.0,0.0,0.0,0.0,,2026-06-29T17:21:18.000
45,Bản Chát,2026-06-29T12:00:00.000,0,453.07,224.0,0.0,0.0,0.0,0.0,,2026-06-29T17:21:18.000
45,Bản Chát,2026-06-29T13:00:00.000,0,453.1,341.0,0.0,0.0,0.0,0.0,,2026-06-29T17:21:18.000
45,Bản Chát,2026-06-29T14:00:00.000,0,453.13,298.0,0.0,0.0,0.0,0.0,,2026-06-29T17:21:18.000
45,Bản Chát,2026-06-29T15:00:00.000,0,453.15,267.0,0.0,0.0,0.0,0.0,,2026-06-29T17:21:18.000
45,Bản Chát,2026-06-29T16:00:00.000,0,453.18,268.0,0.0,0.0,0.0,0.0,,2026-06-29T17:21:18.000
45,Bản Chát,2026-06-29T17:00:00.000,0,453.2,256.0,0.0,0.0,0.0,0.0,,2026-06-29T17:21:18.000
45,Bản Chát,2026-06-29T18:00:00.000,0,453.21,314.0,228.0,228.0,0.0,0.0,,2026-06-29T17:21:18.000
45,Bản Chát,2026-06-29T19:00:00.000,0,453.22,365.0,268.0,268.0,0.0,0.0,,2026-06-29T17:21:18.000
45,Bản Chát,2026-06-29T20:00:00.000,0,453.23,428.0,268.0,268.0,0.0,0.0,,2026-06-29T17:21:18.000
45,Bản Chát,2026-06-29T21:00:00.000,0,453.25,418.0,268.0,268.0,0.0,0.0,,2026-06-29T17:21:18.000
45,Bản Chát,2026-06-29T22:00:00.000,0,453.25,248.0,268.0,268.0,0.0,0.0,,2026-06-29T17:21:18.000
45,Bản Chát,2026-06-29T23:00:00.000,0,453.24,216.0,268.0,268.0,0.0,0.0,,2026-06-29T17:21:18.000
45,Bản Chát,2026-06-30T00:00:00.000,0,453.24,217.0,268.0,268.0,0.0,0.0,,2026-06-30T18:13:42.000
45,Bản Chát,2026-06-30T01:00:00.000,0,453.25,275.0,114.0,114.0,0.0,0.0,,2026-06-30T18:13:42.000
45,Bản Chát,2026-06-30T02:00:00.000,0,453.28,299.0,0.0,0.0,0.0,0.0,,2026-06-30T18:13:42.000
45,Bản Chát,2026-06-30T03:00:00.000,0,453.31,341.0,0.0,0.0,0.0,0.0,,2026-06-30T18:13:42.000
45,Bản Chát,2026-06-30T04:00:00.000,0,453.34,267.0,0.0,0.0,0.0,0.0,,2026-06-30T18:13:42.000
45,Bản Chát,2026-06-30T05:00:00.000,0,453.36,267.0,0.0,0.0,0.0,0.0,,2026-06-30T18:13:42.000
45,Bản Chát,2026-06-30T06:00:00.000,0,453.39,267.0,0.0,0.0,0.0,0.0,,2026-06-30T18:13:42.000
45,Bản Chát,2026-06-30T07:00:00.000,0,453.41,267.0,0.0,0.0,0.0,0.0,,2026-06-30T18:13:42.000
45,Bản Chát,2026-06-30T08:00:00.000,0,453.43,262.0,0.0,0.0,0.0,0.0,,2026-06-30T18:13:42.000
45,Bản Chát,2026-06-30T09:00:00.000,0,453.46,262.0,0.0,0.0,0.0,0.0,,2026-06-30T18:13:42.000
45,Bản Chát,2026-06-30T10:00:00.000,0,453.49,283.0,0.0,0.0,0.0,0.0,,2026-06-30T18:13:42.000
45,Bản Chát,2026-06-30T11:00:00.000,0,453.51,283.0,0.0,0.0,0.0,0.0,,2026-06-30T18:13:42.000
45,Bản Chát,2026-06-30T12:00:00.000,0,453.55,426.0,0.0,0.0,0.0,0.0,,2026-06-30T18:13:42.000
45,Bản Chát,2026-06-30T13:00:00.000,0,453.59,447.0,0.0,0.0,0.0,0.0,,2026-06-30T18:13:42.000
45,Bản Chát,2026-06-30T14:00:00.000,0,453.64,458.0,0.0,0.0,0.0,0.0,,2026-06-30T18:13:42.000
45,Bản Chát,2026-06-30T15:00:00.000,0,453.68,458.0,0.0,0.0,0.0,0.0,,2026-06-30T18:13:42.000
45,Bản Chát,2026-06-30T16:00:00.000,0,453.72,416.0,0.0,0.0,0.0,0.0,,2026-06-30T18:13:42.000
45,Bản Chát,2026-06-30T17:00:00.000,0,453.73,413.0,263.0,263.0,0.0,0.0,,2026-06-30T18:13:42.000
45,Bản Chát,2026-06-30T18:00:00.000,0,453.75,487.0,263.0,263.0,0.0,0.0,,2026-06-30T18:13:42.000
45,Bản Chát,2026-06-30T19:00:00.000,0,453.78,487.0,263.0,263.0,0.0,0.0,,2026-06-30T18:13:42.000
45,Bản Chát,2026-06-30T20:00:00.000,0,453.8,499.0,263.0,263.0,0.0,0.0,,2026-06-30T18:13:42.000
45,Bản Chát,2026-06-30T21:00:00.000,0,453.82,487.0,263.0,263.0,0.0,0.0,,2026-06-30T18:13:42.000
45,Bản Chát,2026-06-30T22:00:00.000,0,453.82,301.0,263.0,263.0,0.0,0.0,,2026-06-30T18:13:42.000
45,Bản Chát,2026-06-30T23:00:00.000,0,453.83,301.0,263.0,263.0,0.0,0.0,,2026-06-30T18:13:42.000
45,Bản Chát,2026-07-01T00:00:00.000,0,453.83,312.0,256.9,256.9,0.0,0.0,,2026-07-01T23:36:36.000
45,Bản Chát,2026-07-01T01:00:00.000,0,453.86,299.0,0.0,0.0,0.0,0.0,,2026-07-01T23:36:36.000
45,Bản Chát,2026-07-01T02:00:00.000,0,453.88,267.0,0.0,0.0,0.0,0.0,,2026-07-01T23:36:36.000
45,Bản Chát,2026-07-01T03:00:00.000,0,453.91,267.0,0.0,0.0,0.0,0.0,,2026-07-01T23:36:36.000
45,Bản Chát,2026-07-01T04:00:00.000,0,453.94,298.0,0.0,0.0,0.0,0.0,,2026-07-01T23:36:36.000
45,Bản Chát,2026-07-01T05:00:00.000,0,453.96,298.0,0.0,0.0,0.0,0.0,,2026-07-01T23:36:36.000
45,Bản Chát,2026-07-01T06:00:00.000,0,453.99,267.0,0.0,0.0,0.0,0.0,,2026-07-01T23:36:36.000
45,Bản Chát,2026-07-01T07:00:00.000,0,454.01,260.0,0.0,0.0,0.0,0.0,,2026-07-01T23:36:36.000
45,Bản Chát,2026-07-01T08:00:00.000,0,454.04,290.0,0.0,0.0,0.0,0.0,,2026-07-01T23:36:36.000
45,Bản Chát,2026-07-01T09:00:00.000,0,454.07,290.0,0.0,0.0,0.0,0.0,,2026-07-01T23:36:36.000
45,Bản Chát,2026-07-01T10:00:00.000,0,454.09,257.0,0.0,0.0,0.0,0.0,,2026-07-01T23:36:36.000
45,Bản Chát,2026-07-01T11:00:00.000,0,454.11,257.0,0.0,0.0,0.0,0.0,,2026-07-01T23:36:36.000
45,Bản Chát,2026-07-01T12:00:00.000,0,454.14,290.0,0.0,0.0,0.0,0.0,,2026-07-01T23:36:36.000
45,Bản Chát,2026-07-01T13:00:00.000,0,454.17,290.0,0.0,0.0,0.0,0.0,,2026-07-01T23:36:36.000
45,Bản Chát,2026-07-01T14:00:00.000,0,454.19,273.0,0.0,0.0,0.0,0.0,,2026-07-01T23:36:36.000
45,Bản Chát,2026-07-01T15:00:00.000,0,454.21,252.0,0.0,0.0,0.0,0.0,,2026-07-01T23:36:36.000
45,Bản Chát,2026-07-01T16:00:00.000,0,454.24,251.0,0.0,0.0,0.0,0.0,,2026-07-01T23:36:36.000
45,Bản Chát,2026-07-01T17:00:00.000,0,454.24,265.0,252.0,252.0,0.0,0.0,,2026-07-01T23:36:36.000
45,Bản Chát,2026-07-01T18:00:00.000,0,454.24,268.0,266.0,266.0,0.0,0.0,,2026-07-01T23:36:36.000
45,Bản Chát,2026-07-01T19:00:00.000,0,454.24,257.0,266.0,266.0,0.0,0.0,,2026-07-01T23:36:36.000
45,Bản Chát,2026-07-01T20:00:00.000,0,454.24,257.0,266.0,266.0,0.0,0.0,,2026-07-01T23:36:36.000
45,Bản Chát,2026-07-01T21:00:00.000,0,454.23,225.0,266.0,266.0,0.0,0.0,,2026-07-01T23:36:36.000
45,Bản Chát,2026-07-01T22:00:00.000,0,454.23,220.0,266.0,266.0,0.0,0.0,,2026-07-01T23:36:36.000
45,Bản Chát,2026-07-01T23:00:00.000,0,454.23,279.0,266.0,266.0,0.0,0.0,,2026-07-01T23:36:36.000
45,Bản Chát,2026-07-02T00:00:00.000,0,454.22,225.0,266.0,266.0,0.0,0.0,,2026-07-02T17:44:04.000
45,Bản Chát,2026-07-02T01:00:00.000,0,454.22,225.0,266.0,266.0,0.0,0.0,,2026-07-02T17:44:04.000
45,Bản Chát,2026-07-02T02:00:00.000,0,454.21,203.0,266.0,266.0,0.0,0.0,,2026-07-02T17:44:04.000
45,Bản Chát,2026-07-02T03:00:00.000,0,454.21,203.0,266.0,266.0,0.0,0.0,,2026-07-02T17:44:04.000
45,Bản Chát,2026-07-02T04:00:00.000,0,454.2,203.0,266.0,266.0,0.0,0.0,,2026-07-02T17:44:04.000
45,Bản Chát,2026-07-02T05:00:00.000,0,454.2,214.0,266.0,266.0,0.0,0.0,,2026-07-02T17:44:04.000
45,Bản Chát,2026-07-02T06:00:00.000,0,454.19,214.0,266.0,266.0,0.0,0.0,,2026-07-02T17:44:04.000
45,Bản Chát,2026-07-02T07:00:00.000,0,454.19,214.0,266.0,266.0,0.0,0.0,,2026-07-02T17:44:04.000
45,Bản Chát,2026-07-02T08:00:00.000,0,454.18,160.0,266.0,266.0,0.0,0.0,,2026-07-02T17:44:04.000
45,Bản Chát,2026-07-02T09:00:00.000,0,454.17,177.0,219.0,219.0,0.0,0.0,,2026-07-02T17:44:04.000
45,Bản Chát,2026-07-02T10:00:00.000,0,454.18,183.0,84.0,84.0,0.0,0.0,,2026-07-02T17:44:04.000
45,Bản Chát,2026-07-02T11:00:00.000,0,454.19,184.0,150.0,150.0,0.0,0.0,,2026-07-02T17:44:04.000
45,Bản Chát,2026-07-02T12:00:00.000,0,454.18,157.0,177.0,177.0,0.0,0.0,,2026-07-02T17:44:04.000
45,Bản Chát,2026-07-02T13:00:00.000,0,454.18,162.0,182.0,182.0,0.0,0.0,,2026-07-02T17:44:04.000
45,Bản Chát,2026-07-02T14:00:00.000,0,454.18,162.0,182.0,182.0,0.0,0.0,,2026-07-02T17:44:04.000
45,Bản Chát,2026-07-02T15:00:00.000,0,454.18,195.0,182.0,182.0,0.0,0.0,,2026-07-02T17:44:04.000
45,Bản Chát,2026-07-02T16:00:00.000,0,454.18,174.0,216.0,216.0,0.0,0.0,,2026-07-02T17:44:04.000
45,Bản Chát,2026-07-02T17:00:00.000,0,454.17,203.0,266.0,266.0,0.0,0.0,,2026-07-02T17:44:04.000
45,Bản Chát,2026-07-02T18:00:00.000,0,454.16,138.0,267.0,267.0,0.0,0.0,,2026-07-02T17:44:04.000
45,Bản Chát,2026-07-02T19:00:00.000,0,454.15,138.0,267.0,267.0,0.0,0.0,,2026-07-02T17:44:04.000
45,Bản Chát,2026-07-02T20:00:00.000,0,454.14,119.0,258.0,258.0,0.0,0.0,,2026-07-02T17:44:04.000
45,Bản Chát,2026-07-02T21:00:00.000,0,454.13,146.0,177.0,177.0,0.0,0.0,,2026-07-02T17:44:04.000
45,Bản Chát,2026-07-02T22:00:00.000,0,454.13,137.0,168.0,168.0,0.0,0.0,,2026-07-02T17:44:04.000
45,Bản Chát,2026-07-02T23:00:00.000,0,454.13,143.0,174.0,174.0,0.0,0.0,,2026-07-02T17:44:04.000
45,Bản Chát,2026-07-03T00:00:00.000,0,454.04,78.0,174.0,174.0,0.0,0.0,,2026-07-03T18:12:17.000
45,Bản Chát,2026-07-03T01:00:00.000,0,454.12,122.0,185.0,185.0,0.0,0.0,,2026-07-03T18:12:17.000
45,Bản Chát,2026-07-03T02:00:00.000,0,454.11,138.0,191.0,191.0,0.0,0.0,,2026-07-03T18:12:17.000
45,Bản Chát,2026-07-03T03:00:00.000,0,454.11,143.0,174.0,174.0,0.0,0.0,,2026-07-03T18:12:17.000
45,Bản Chát,2026-07-03T04:00:00.000,0,454.11,153.0,173.0,173.0,0.0,0.0,,2026-07-03T18:12:17.000
45,Bản Chát,2026-07-03T05:00:00.000,0,454.11,153.0,173.0,173.0,0.0,0.0,,2026-07-03T18:12:17.000
45,Bản Chát,2026-07-03T06:00:00.000,0,454.1,154.0,185.0,185.0,0.0,0.0,,2026-07-03T18:12:17.000
45,Bản Chát,2026-07-03T07:00:00.000,0,454.1,146.0,188.0,188.0,0.0,0.0,,2026-07-03T18:12:17.000
45,Bản Chát,2026-07-03T08:00:00.000,0,454.09,132.0,174.0,174.0,0.0,0.0,,2026-07-03T18:12:17.000
45,Bản Chát,2026-07-03T09:00:00.000,0,454.1,113.0,79.0,79.0,0.0,0.0,,2026-07-03T18:12:17.000
45,Bản Chát,2026-07-03T10:00:00.000,0,454.09,117.0,191.0,191.0,0.0,0.0,,2026-07-03T18:12:17.000
45,Bản Chát,2026-07-03T11:00:00.000,0,454.08,109.0,194.0,194.0,0.0,0.0,,2026-07-03T18:12:17.000
45,Bản Chát,2026-07-03T12:00:00.000,0,454.09,120.0,65.0,65.0,0.0,0.0,,2026-07-03T18:12:17.000
45,Bản Chát,2026-07-03T13:00:00.000,0,454.09,111.0,98.0,98.0,0.0,0.0,,2026-07-03T18:12:17.000
45,Bản Chát,2026-07-03T14:00:00.000,0,454.09,140.0,171.0,171.0,0.0,0.0,,2026-07-03T18:12:17.000
45,Bản Chát,2026-07-03T15:00:00.000,0,454.08,115.0,222.0,222.0,0.0,0.0,,2026-07-03T18:12:17.000
45,Bản Chát,2026-07-03T16:00:00.000,0,454.08,270.0,214.0,214.0,0.0,0.0,,2026-07-03T18:12:17.000
45,Bản Chát,2026-07-03T17:00:00.000,0,454.07,119.0,183.0,183.0,0.0,0.0,,2026-07-03T18:12:17.000
45,Bản Chát,2026-07-03T18:00:00.000,0,454.07,190.0,188.0,188.0,0.0,0.0,,2026-07-03T18:12:17.000
45,Bản Chát,2026-07-03T19:00:00.000,0,454.07,190.0,211.0,211.0,0.0,0.0,,2026-07-03T18:12:17.000
45,Bản Chát,2026-07-03T20:00:00.000,0,454.07,113.0,177.0,177.0,0.0,0.0,,2026-07-03T18:12:17.000
45,Bản Chát,2026-07-03T21:00:00.000,0,454.06,109.0,194.0,194.0,0.0,0.0,,2026-07-03T18:12:17.000
45,Bản Chát,2026-07-03T22:00:00.000,0,454.05,119.0,172.0,172.0,0.0,0.0,,2026-07-03T18:12:17.000
45,Bản Chát,2026-07-03T23:00:00.000,0,454.04,81.0,177.0,177.0,0.0,0.0,,2026-07-03T18:12:17.000
45,Bản Chát,2026-07-04T00:00:00.000,0,454.04,92.0,177.0,177.0,0.0,0.0,,2026-07-04T20:20:42.000
45,Bản Chát,2026-07-04T01:00:00.000,0,454.03,100.0,174.0,174.0,0.0,0.0,,2026-07-04T20:20:42.000
45,Bản Chát,2026-07-04T02:00:00.000,0,454.02,95.0,180.0,180.0,0.0,0.0,,2026-07-04T20:20:42.000
45,Bản Chát,2026-07-04T03:00:00.000,0,454.01,98.0,194.0,194.0,0.0,0.0,,2026-07-04T20:20:42.000
45,Bản Chát,2026-07-04T04:00:00.000,0,454.0,78.0,206.0,206.0,0.0,0.0,,2026-07-04T20:20:42.000
45,Bản Chát,2026-07-04T05:00:00.000,0,454.0,126.0,216.0,216.0,0.0,0.0,,2026-07-04T20:20:42.000
45,Bản Chát,2026-07-04T06:00:00.000,0,453.99,130.0,202.0,202.0,0.0,0.0,,2026-07-04T20:20:42.000
45,Bản Chát,2026-07-04T07:00:00.000,0,453.98,107.0,180.0,180.0,0.0,0.0,,2026-07-04T20:20:42.000
45,Bản Chát,2026-07-04T08:00:00.000,0,453.97,100.0,183.0,183.0,0.0,0.0,,2026-07-04T20:20:42.000
45,Bản Chát,2026-07-04T09:00:00.000,0,453.97,133.0,163.0,163.0,0.0,0.0,,2026-07-04T20:20:42.000
45,Bản Chát,2026-07-04T10:00:00.000,0,453.96,108.0,180.0,180.0,0.0,0.0,,2026-07-04T20:20:42.000
45,Bản Chát,2026-07-04T11:00:00.000,0,453.96,110.0,172.0,172.0,0.0,0.0,,2026-07-04T20:20:42.000
45,Bản Chát,2026-07-04T12:00:00.000,0,453.96,101.0,110.0,110.0,0.0,0.0,,2026-07-04T20:20:42.000
45,Bản Chát,2026-07-04T13:00:00.000,0,453.95,75.0,94.0,94.0,0.0,0.0,,2026-07-04T20:20:42.000
45,Bản Chát,2026-07-04T14:00:00.000,0,453.95,89.0,183.0,183.0,0.0,0.0,,2026-07-04T20:20:42.000
45,Bản Chát,2026-07-04T15:00:00.000,0,453.93,100.0,225.0,225.0,0.0,0.0,,2026-07-04T20:20:42.000
45,Bản Chát,2026-07-04T16:00:00.000,0,453.93,100.0,183.0,183.0,0.0,0.0,,2026-07-04T20:20:42.000
45,Bản Chát,2026-07-04T17:00:00.000,0,453.92,100.0,183.0,183.0,0.0,0.0,,2026-07-04T20:20:42.000
45,Bản Chát,2026-07-04T18:00:00.000,0,453.91,126.0,214.0,214.0,0.0,0.0,,2026-07-04T20:20:42.000
45,Bản Chát,2026-07-04T19:00:00.000,0,453.9,125.0,203.0,203.0,0.0,0.0,,2026-07-04T20:20:42.000
45,Bản Chát,2026-07-04T20:00:00.000,0,453.9,110.0,172.0,172.0,0.0,0.0,,2026-07-04T20:20:42.000
45,Bản Chát,2026-07-04T21:00:00.000,0,453.89,117.0,200.0,200.0,0.0,0.0,,2026-07-04T20:20:42.000
45,Bản Chát,2026-07-04T22:00:00.000,0,453.88,108.0,192.0,192.0,0.0,0.0,,2026-07-04T20:20:42.000
45,Bản Chát,2026-07-04T23:00:00.000,0,453.87,99.0,214.0,214.0,0.0,0.0,,2026-07-04T20:20:42.000
45,Bản Chát,2026-07-05T00:00:00.000,0,453.86,117.0,200.0,200.0,0.0,0.0,,2026-07-05T17:03:05.000
45,Bản Chát,2026-07-05T01:00:00.000,0,453.85,110.0,214.0,214.0,0.0,0.0,,2026-07-05T17:03:05.000
45,Bản Chát,2026-07-05T02:00:00.000,0,453.84,67.0,203.0,203.0,0.0,0.0,,2026-07-05T17:03:05.000
45,Bản Chát,2026-07-05T03:00:00.000,0,453.84,211.0,178.0,178.0,0.0,0.0,,2026-07-05T17:03:05.000
45,Bản Chát,2026-07-05T04:00:00.000,0,453.86,392.0,178.0,178.0,0.0,0.0,,2026-07-05T17:03:05.000
45,Bản Chát,2026-07-05T05:00:00.000,0,453.89,445.0,178.0,178.0,0.0,0.0,,2026-07-05T17:03:05.000
45,Bản Chát,2026-07-05T06:00:00.000,0,453.9,360.0,178.0,178.0,0.0,0.0,,2026-07-05T17:03:05.000
45,Bản Chát,2026-07-05T07:00:00.000,0,453.92,364.0,161.0,161.0,0.0,0.0,,2026-07-05T17:03:05.000
45,Bản Chát,2026-07-05T08:00:00.000,0,453.94,319.0,169.0,169.0,0.0,0.0,,2026-07-05T17:03:05.000
45,Bản Chát,2026-07-05T09:00:00.000,0,453.97,348.0,28.0,28.0,0.0,0.0,,2026-07-05T17:03:05.000
45,Bản Chát,2026-07-05T10:00:00.000,0,453.99,309.0,0.0,0.0,0.0,0.0,,2026-07-05T17:03:05.000
45,Bản Chát,2026-07-05T11:00:00.000,0,454.03,337.0,0.0,0.0,0.0,0.0,,2026-07-05T17:03:05.000
45,Bản Chát,2026-07-05T12:00:00.000,0,454.07,491.0,0.0,0.0,0.0,0.0,,2026-07-05T17:03:05.000
45,Bản Chát,2026-07-05T13:00:00.000,0,454.12,502.0,0.0,0.0,0.0,0.0,,2026-07-05T17:03:05.000
45,Bản Chát,2026-07-05T14:00:00.000,0,454.16,523.0,0.0,0.0,0.0,0.0,,2026-07-05T17:03:05.000
45,Bản Chát,2026-07-05T15:00:00.000,0,454.2,415.0,0.0,0.0,0.0,0.0,,2026-07-05T17:03:05.000
45,Bản Chát,2026-07-05T16:00:00.000,0,454.25,469.0,0.0,0.0,0.0,0.0,,2026-07-05T17:03:05.000
45,Bản Chát,2026-07-05T17:00:00.000,0,454.28,354.0,26.0,26.0,0.0,0.0,,2026-07-05T17:03:05.000
45,Bản Chát,2026-07-05T18:00:00.000,0,454.33,781.0,182.0,182.0,0.0,0.0,,2026-07-05T17:03:05.000
45,Bản Chát,2026-07-05T19:00:00.000,0,454.36,651.0,187.0,187.0,0.0,0.0,,2026-07-05T17:03:05.000
45,Bản Chát,2026-07-05T20:00:00.000,0,454.42,771.0,172.0,172.0,0.0,0.0,,2026-07-05T17:03:05.000
45,Bản Chát,2026-07-05T21:00:00.000,0,454.45,672.0,176.0,176.0,0.0,0.0,,2026-07-05T17:03:05.000
45,Bản Chát,2026-07-05T22:00:00.000,0,454.5,733.0,198.0,198.0,0.0,0.0,,2026-07-05T17:03:05.000
45,Bản Chát,2026-07-05T23:00:00.000,0,454.54,613.0,176.0,176.0,0.0,0.0,,2026-07-05T17:03:05.000
45,Bản Chát,2026-07-06T00:00:00.000,0,454.57,556.0,184.0,184.0,0.0,0.0,,2026-07-06T17:06:06.000
45,Bản Chát,2026-07-06T01:00:00.000,0,454.62,678.0,176.0,176.0,0.0,0.0,,2026-07-06T17:06:06.000
45,Bản Chát,2026-07-06T02:00:00.000,0,454.66,599.0,173.0,173.0,0.0,0.0,,2026-07-06T17:06:06.000
45,Bản Chát,2026-07-06T03:00:00.000,0,454.7,580.0,176.0,176.0,0.0,0.0,,2026-07-06T17:06:06.000
45,Bản Chát,2026-07-06T04:00:00.000,0,454.72,471.0,175.0,175.0,0.0,0.0,,2026-07-06T17:06:06.000
45,Bản Chát,2026-07-06T05:00:00.000,0,454.75,512.0,217.0,217.0,0.0,0.0,,2026-07-06T17:06:06.000
45,Bản Chát,2026-07-06T06:00:00.000,0,454.79,670.0,211.0,211.0,0.0,0.0,,2026-07-06T17:06:06.000
45,Bản Chát,2026-07-06T07:00:00.000,0,454.84,735.0,211.0,211.0,0.0,0.0,,2026-07-06T17:06:06.000
45,Bản Chát,2026-07-06T08:00:00.000,0,454.9,854.0,200.0,200.0,0.0,0.0,,2026-07-06T17:06:06.000
45,Bản Chát,2026-07-06T09:00:00.000,0,455.01,1380.0,180.0,180.0,0.0,0.0,,2026-07-06T17:06:06.000
45,Bản Chát,2026-07-06T10:00:00.000,0,455.17,1963.0,180.0,180.0,0.0,0.0,,2026-07-06T17:06:06.000
45,Bản Chát,2026-07-06T11:00:00.000,0,455.32,1804.0,166.0,166.0,0.0,0.0,,2026-07-06T17:06:06.000
45,Bản Chát,2026-07-06T12:00:00.000,0,455.46,1695.0,157.0,157.0,0.0,0.0,,2026-07-06T17:06:06.000
45,Bản Chát,2026-07-06T13:00:00.000,0,455.57,1458.0,176.0,176.0,0.0,0.0,,2026-07-06T17:06:06.000
45,Bản Chát,2026-07-06T14:00:00.000,0,455.64,973.0,192.0,192.0,0.0,0.0,,2026-07-06T17:06:06.000
45,Bản Chát,2026-07-06T15:00:00.000,0,455.71,965.0,184.0,184.0,0.0,0.0,,2026-07-06T17:06:06.000
45,Bản Chát,2026-07-06T16:00:00.000,0,455.78,1006.0,224.0,224.0,0.0,0.0,,2026-07-06T17:06:06.000
45,Bản Chát,2026-07-06T17:00:00.000,0,455.85,1012.0,197.0,197.0,0.0,0.0,,2026-07-06T17:06:06.000
45,Bản Chát,2026-07-06T18:00:00.000,0,455.91,855.0,218.0,218.0,0.0,0.0,,2026-07-06T17:06:06.000
45,Bản Chát,2026-07-06T19:00:00.000,0,455.96,809.0,217.0,217.0,0.0,0.0,,2026-07-06T17:06:06.000
45,Bản Chát,2026-07-06T20:00:00.000,0,456.01,657.0,175.0,175.0,0.0,0.0,,2026-07-06T17:06:06.000
45,Bản Chát,2026-07-06T21:00:00.000,0,456.05,719.0,204.0,204.0,0.0,0.0,,2026-07-06T17:06:06.000
45,Bản Chát,2026-07-06T22:00:00.000,0,456.09,671.0,202.0,202.0,0.0,0.0,,2026-07-06T17:06:06.000
45,Bản Chát,2026-07-06T23:00:00.000,0,456.13,612.0,177.0,177.0,0.0,0.0,,2026-07-06T17:06:06.000
45,Bản Chát,2026-07-07T00:00:00.000,0,456.17,627.0,169.0,169.0,0.0,0.0,,2026-07-07T17:03:22.000
45,Bản Chát,2026-07-07T01:00:00.000,0,456.2,552.0,185.0,185.0,0.0,0.0,,2026-07-07T17:03:22.000
45,Bản Chát,2026-07-07T02:00:00.000,0,456.24,555.0,177.0,177.0,0.0,0.0,,2026-07-07T17:03:22.000
45,Bản Chát,2026-07-07T03:00:00.000,0,456.27,543.0,177.0,177.0,0.0,0.0,,2026-07-07T17:03:22.000
45,Bản Chát,2026-07-07T04:00:00.000,0,456.3,498.0,177.0,177.0,0.0,0.0,,2026-07-07T17:03:22.000
45,Bản Chát,2026-07-07T05:00:00.000,0,456.31,395.0,177.0,177.0,0.0,0.0,,2026-07-07T17:03:22.000
45,Bản Chát,2026-07-07T06:00:00.000,0,456.35,532.0,177.0,177.0,0.0,0.0,,2026-07-07T17:03:22.000
45,Bản Chát,2026-07-07T07:00:00.000,0,456.37,437.0,195.0,195.0,0.0,0.0,,2026-07-07T17:03:22.000
45,Bản Chát,2026-07-07T08:00:00.000,0,456.39,429.0,187.0,187.0,0.0,0.0,,2026-07-07T17:03:22.000
45,Bản Chát,2026-07-07T09:00:00.000,0,456.42,489.0,168.0,168.0,0.0,0.0,,2026-07-07T17:03:22.000
45,Bản Chát,2026-07-07T10:00:00.000,0,456.43,399.0,203.0,203.0,0.0,0.0,,2026-07-07T17:03:22.000
45,Bản Chát,2026-07-07T11:00:00.000,0,456.45,430.0,200.0,200.0,0.0,0.0,,2026-07-07T17:03:22.000
45,Bản Chát,2026-07-07T12:00:00.000,0,456.47,405.0,198.0,198.0,0.0,0.0,,2026-07-07T17:03:22.000
45,Bản Chát,2026-07-07T13:00:00.000,0,456.48,362.0,200.0,200.0,0.0,0.0,,2026-07-07T17:03:22.000
45,Bản Chát,2026-07-07T14:00:00.000,0,456.5,393.0,209.0,209.0,0.0,0.0,,2026-07-07T17:03:22.000
45,Bản Chát,2026-07-07T15:00:00.000,0,456.51,337.0,176.0,176.0,0.0,0.0,,2026-07-07T17:03:22.000
45,Bản Chát,2026-07-07T16:00:00.000,0,456.54,440.0,181.0,181.0,0.0,0.0,,2026-07-07T17:03:22.000
45,Bản Chát,2026-07-07T17:00:00.000,0,456.55,354.0,176.0,176.0,0.0,0.0,,2026-07-07T17:03:22.000
45,Bản Chát,2026-07-07T18:00:00.000,0,456.57,383.0,175.0,175.0,0.0,0.0,,2026-07-07T17:03:22.000
45,Bản Chát,2026-07-07T19:00:00.000,0,456.6,474.0,181.0,181.0,0.0,0.0,,2026-07-07T17:03:22.000
45,Bản Chát,2026-07-07T20:00:00.000,0,456.61,388.0,181.0,181.0,0.0,0.0,,2026-07-07T17:03:22.000
45,Bản Chát,2026-07-07T21:00:00.000,0,456.62,343.0,193.0,193.0,0.0,0.0,,2026-07-07T17:03:22.000
45,Bản Chát,2026-07-07T22:00:00.000,0,456.64,418.0,165.0,165.0,0.0,0.0,,2026-07-07T17:03:22.000
45,Bản Chát,2026-07-07T23:00:00.000,0,456.65,255.0,173.0,173.0,0.0,0.0,,2026-07-07T17:03:22.000
45,Bản Chát,2026-07-08T00:00:00.000,0,456.67,440.0,164.0,164.0,0.0,0.0,,2026-07-08T17:39:48.000
45,Bản Chát,2026-07-08T01:00:00.000,0,456.69,398.0,168.0,168.0,0.0,0.0,,2026-07-08T17:39:48.000
45,Bản Chát,2026-07-08T02:00:00.000,0,456.73,636.0,189.0,189.0,0.0,0.0,,2026-07-08T17:39:48.000
45,Bản Chát,2026-07-08T03:00:00.000,0,456.76,437.0,173.0,173.0,0.0,0.0,,2026-07-08T17:39:48.000
45,Bản Chát,2026-07-08T04:00:00.000,0,456.79,562.0,173.0,173.0,0.0,0.0,,2026-07-08T17:39:48.000
45,Bản Chát,2026-07-08T05:00:00.000,0,456.82,562.0,173.0,173.0,0.0,0.0,,2026-07-08T17:39:48.000
45,Bản Chát,2026-07-08T06:00:00.000,0,456.88,830.0,167.0,167.0,0.0,0.0,,2026-07-08T17:39:48.000
45,Bản Chát,2026-07-08T07:00:00.000,0,456.93,685.0,169.0,169.0,0.0,0.0,,2026-07-08T17:39:48.000
45,Bản Chát,2026-07-08T08:00:00.000,0,456.98,758.0,175.0,175.0,0.0,0.0,,2026-07-08T17:39:48.000
45,Bản Chát,2026-07-08T09:00:00.000,0,457.03,787.0,161.0,161.0,0.0,0.0,,2026-07-08T17:39:48.000
45,Bản Chát,2026-07-08T10:00:00.000,0,457.09,822.0,156.0,156.0,0.0,0.0,,2026-07-08T17:39:48.000
45,Bản Chát,2026-07-08T11:00:00.000,0,457.14,801.0,204.0,204.0,0.0,0.0,,2026-07-08T17:39:48.000
45,Bản Chát,2026-07-08T12:00:00.000,0,457.2,847.0,144.0,144.0,0.0,0.0,,2026-07-08T17:39:48.000
45,Bản Chát,2026-07-08T13:00:00.000,0,457.26,838.0,182.0,182.0,0.0,0.0,,2026-07-08T17:39:48.000
45,Bản Chát,2026-07-08T14:00:00.000,0,457.32,939.0,190.0,190.0,0.0,0.0,,2026-07-08T17:39:48.000
45,Bản Chát,2026-07-08T15:00:00.000,0,457.38,809.0,166.0,166.0,0.0,0.0,,2026-07-08T17:39:48.000
45,Bản Chát,2026-07-08T16:00:00.000,0,457.44,953.0,251.0,251.0,0.0,0.0,,2026-07-08T17:39:48.000
45,Bản Chát,2026-07-08T17:00:00.000,0,457.5,881.0,179.0,179.0,0.0,0.0,,2026-07-08T17:39:48.000
45,Bản Chát,2026-07-08T18:00:00.000,0,457.55,812.0,227.0,227.0,0.0,0.0,,2026-07-08T17:39:48.000
45,Bản Chát,2026-07-08T19:00:00.000,0,457.6,907.0,240.0,240.0,0.0,0.0,,2026-07-08T17:39:48.000
45,Bản Chát,2026-07-08T20:00:00.000,0,457.66,873.0,219.0,219.0,0.0,0.0,,2026-07-08T17:39:48.000
45,Bản Chát,2026-07-08T21:00:00.000,0,457.71,816.0,208.0,208.0,0.0,0.0,,2026-07-08T17:39:48.000
45,Bản Chát,2026-07-08T22:00:00.000,0,457.77,896.0,194.0,194.0,0.0,0.0,,2026-07-08T17:39:48.000
45,Bản Chát,2026-07-08T23:00:00.000,0,457.83,894.0,181.0,181.0,0.0,0.0,,2026-07-08T17:39:48.000
45,Bản Chát,2026-07-09T00:00:00.000,0,457.89,885.0,183.0,183.0,0.0,0.0,,2026-07-09T18:05:25.000
45,Bản Chát,2026-07-09T01:00:00.000,0,457.94,749.0,175.0,175.0,0.0,0.0,,2026-07-09T18:05:25.000
45,Bản Chát,2026-07-09T02:00:00.000,0,457.99,737.0,175.0,175.0,0.0,0.0,,2026-07-09T18:05:25.000
45,Bản Chát,2026-07-09T03:00:00.000,0,458.03,683.0,183.0,183.0,0.0,0.0,,2026-07-09T18:05:25.000
45,Bản Chát,2026-07-09T04:00:00.000,0,458.07,707.0,192.0,192.0,0.0,0.0,,2026-07-09T18:05:25.000
45,Bản Chát,2026-07-09T05:00:00.000,0,458.13,706.0,0.0,0.0,0.0,0.0,,2026-07-09T18:05:25.000
45,Bản Chát,2026-07-09T06:00:00.000,0,458.2,789.0,0.0,0.0,0.0,0.0,,2026-07-09T18:05:25.000
45,Bản Chát,2026-07-09T07:00:00.000,0,458.24,503.0,0.0,0.0,0.0,0.0,,2026-07-09T18:05:25.000
45,Bản Chát,2026-07-09T08:00:00.000,0,458.28,531.0,112.0,112.0,0.0,0.0,,2026-07-09T18:05:25.000
45,Bản Chát,2026-07-09T09:00:00.000,0,458.31,530.0,104.0,104.0,0.0,0.0,,2026-07-09T18:05:25.000
45,Bản Chát,2026-07-09T10:00:00.000,0,458.35,519.0,89.0,89.0,0.0,0.0,,2026-07-09T18:05:25.000
45,Bản Chát,2026-07-09T11:00:00.000,0,458.38,520.0,85.0,85.0,0.0,0.0,,2026-07-09T18:05:25.000
45,Bản Chát,2026-07-09T12:00:00.000,0,458.42,520.0,43.0,43.0,0.0,0.0,,2026-07-09T18:05:25.000
45,Bản Chát,2026-07-09T13:00:00.000,0,458.46,520.0,43.0,43.0,0.0,0.0,,2026-07-09T18:05:25.000
45,Bản Chát,2026-07-09T14:00:00.000,0,458.49,519.0,171.0,171.0,0.0,0.0,,2026-07-09T18:05:25.000
45,Bản Chát,2026-07-09T15:00:00.000,0,458.51,468.0,204.0,204.0,0.0,0.0,,2026-07-09T18:05:25.000
45,Bản Chát,2026-07-09T16:00:00.000,0,458.54,482.0,205.0,205.0,0.0,0.0,,2026-07-09T18:05:25.000
45,Bản Chát,2026-07-09T17:00:00.000,0,458.56,497.0,221.0,221.0,0.0,0.0,,2026-07-09T18:05:25.000
45,Bản Chát,2026-07-09T18:00:00.000,0,458.58,497.0,221.0,221.0,0.0,0.0,,2026-07-09T18:05:25.000
45,Bản Chát,2026-07-09T19:00:00.000,0,458.6,430.0,237.0,237.0,0.0,0.0,,2026-07-09T18:05:25.000
45,Bản Chát,2026-07-09T20:00:00.000,0,458.62,412.0,171.0,171.0,0.0,0.0,,2026-07-09T18:05:25.000
45,Bản Chát,2026-07-09T21:00:00.000,0,458.64,425.0,197.0,197.0,0.0,0.0,,2026-07-09T18:05:25.000
45,Bản Chát,2026-07-09T22:00:00.000,0,458.66,407.0,179.0,179.0,0.0,0.0,,2026-07-09T18:05:25.000
45,Bản Chát,2026-07-09T23:00:00.000,0,458.67,369.0,176.0,176.0,0.0,0.0,,2026-07-09T18:05:25.000
45,Bản Chát,2026-07-10T00:00:00.000,0,458.69,386.0,158.0,158.0,0.0,0.0,,2026-07-10T19:30:11.000
45,Bản Chát,2026-07-10T01:00:00.000,0,458.71,410.0,158.0,158.0,0.0,0.0,,2026-07-10T19:30:11.000
45,Bản Chát,2026-07-10T02:00:00.000,0,458.73,407.0,131.0,131.0,0.0,0.0,,2026-07-10T19:30:11.000
45,Bản Chát,2026-07-10T03:00:00.000,0,458.77,372.0,0.0,0.0,0.0,0.0,,2026-07-10T19:30:11.000
45,Bản Chát,2026-07-10T04:00:00.000,0,458.8,383.0,0.0,0.0,0.0,0.0,,2026-07-10T19:30:11.000
45,Bản Chát,2026-07-10T05:00:00.000,0,458.82,324.0,0.0,0.0,0.0,0.0,,2026-07-10T19:30:11.000
45,Bản Chát,2026-07-10T06:00:00.000,0,458.86,383.0,0.0,0.0,0.0,0.0,,2026-07-10T19:30:11.000
45,Bản Chát,2026-07-10T07:00:00.000,0,458.89,383.0,0.0,0.0,0.0,0.0,,2026-07-10T19:30:11.000
45,Bản Chát,2026-07-10T08:00:00.000,0,458.9,364.0,230.0,230.0,0.0,0.0,,2026-07-10T19:30:11.000
45,Bản Chát,2026-07-10T09:00:00.000,0,458.92,383.0,178.0,178.0,0.0,0.0,,2026-07-10T19:30:11.000
45,Bản Chát,2026-07-10T10:00:00.000,0,458.94,397.0,157.0,157.0,0.0,0.0,,2026-07-10T19:30:11.000
45,Bản Chát,2026-07-10T11:00:00.000,0,458.95,384.0,167.0,167.0,0.0,0.0,,2026-07-10T19:30:11.000
45,Bản Chát,2026-07-10T12:00:00.000,0,458.98,378.0,65.0,65.0,0.0,0.0,,2026-07-10T19:30:11.000
45,Bản Chát,2026-07-10T13:00:00.000,0,459.01,377.0,26.0,26.0,0.0,0.0,,2026-07-10T19:30:11.000
45,Bản Chát,2026-07-10T14:00:00.000,0,459.03,475.0,216.0,216.0,0.0,0.0,,2026-07-10T19:30:11.000
45,Bản Chát,2026-07-10T15:00:00.000,0,459.07,593.0,103.0,103.0,0.0,0.0,,2026-07-10T19:30:11.000
45,Bản Chát,2026-07-10T16:00:00.000,0,459.13,799.0,102.0,102.0,0.0,0.0,,2026-07-10T19:30:11.000
45,Bản Chát,2026-07-10T17:00:00.000,0,459.18,818.0,206.0,206.0,0.0,0.0,,2026-07-10T19:30:11.000
45,Bản Chát,2026-07-10T18:00:00.000,0,459.23,837.0,189.0,189.0,0.0,0.0,,2026-07-10T19:30:11.000
45,Bản Chát,2026-07-10T19:00:00.000,0,459.28,809.0,198.0,198.0,0.0,0.0,,2026-07-10T19:30:11.000
45,Bản Chát,2026-07-10T20:00:00.000,0,459.32,682.0,168.0,168.0,0.0,0.0,,2026-07-10T19:30:11.000
45,Bản Chát,2026-07-10T21:00:00.000,0,459.35,551.0,195.0,195.0,0.0,0.0,,2026-07-10T19:30:11.000
45,Bản Chát,2026-07-10T22:00:00.000,0,459.38,520.0,188.0,188.0,0.0,0.0,,2026-07-10T19:30:11.000
45,Bản Chát,2026-07-10T23:00:00.000,0,459.42,617.0,182.0,182.0,0.0,0.0,,2026-07-10T19:30:11.000
45,Bản Chát,2026-07-11T00:00:00.000,0,459.45,580.0,200.0,200.0,0.0,0.0,,2026-07-11T16:12:05.000
45,Bản Chát,2026-07-11T01:00:00.000,0,459.49,616.0,205.0,205.0,0.0,0.0,,2026-07-11T16:12:05.000
45,Bản Chát,2026-07-11T02:00:00.000,0,459.52,562.0,181.0,181.0,0.0,0.0,,2026-07-11T16:12:05.000
45,Bản Chát,2026-07-11T03:00:00.000,0,459.55,522.0,179.0,179.0,0.0,0.0,,2026-07-11T16:12:05.000
45,Bản Chát,2026-07-11T04:00:00.000,0,459.57,415.0,181.0,181.0,0.0,0.0,,2026-07-11T16:12:05.000
45,Bản Chát,2026-07-11T05:00:00.000,0,459.58,422.0,192.0,192.0,0.0,0.0,,2026-07-11T16:12:05.000
45,Bản Chát,2026-07-11T06:00:00.000,0,459.61,440.0,194.0,194.0,0.0,0.0,,2026-07-11T16:12:05.000
45,Bản Chát,2026-07-11T07:00:00.000,0,459.63,430.0,184.0,184.0,0.0,0.0,,2026-07-11T16:12:05.000
45,Bản Chát,2026-07-11T08:00:00.000,0,459.65,440.0,194.0,194.0,0.0,0.0,,2026-07-11T16:12:05.000
45,Bản Chát,2026-07-11T09:00:00.000,0,459.67,452.0,194.0,194.0,0.0,0.0,,2026-07-11T16:12:05.000
45,Bản Chát,2026-07-11T10:00:00.000,0,459.69,424.0,178.0,178.0,0.0,0.0,,2026-07-11T16:12:05.000
45,Bản Chát,2026-07-11T11:00:00.000,0,459.71,428.0,194.0,194.0,0.0,0.0,,2026-07-11T16:12:05.000
45,Bản Chát,2026-07-11T12:00:00.000,0,459.72,415.0,217.0,217.0,0.0,0.0,,2026-07-11T16:12:05.000
45,Bản Chát,2026-07-11T13:00:00.000,0,459.73,373.0,212.0,212.0,0.0,0.0,,2026-07-11T16:12:05.000
45,Bản Chát,2026-07-11T14:00:00.000,0,459.75,388.0,191.0,191.0,0.0,0.0,,2026-07-11T16:12:05.000
45,Bản Chát,2026-07-11T15:00:00.000,0,459.78,526.0,220.0,220.0,0.0,0.0,,2026-07-11T16:12:05.000
45,Bản Chát,2026-07-11T16:00:00.000,0,459.79,410.0,200.0,200.0,0.0,0.0,,2026-07-11T16:12:05.000
45,Bản Chát,2026-07-11T17:00:00.000,0,459.81,348.0,91.0,91.0,0.0,0.0,,2026-07-11T16:12:05.000
45,Bản Chát,2026-07-11T18:00:00.000,0,459.83,349.0,91.0,91.0,0.0,0.0,,2026-07-11T16:12:05.000
45,Bản Chát,2026-07-11T19:00:00.000,0,459.85,331.0,97.0,97.0,0.0,0.0,,2026-07-11T16:12:05.000
45,Bản Chát,2026-07-11T20:00:00.000,0,459.87,358.0,161.0,161.0,0.0,0.0,,2026-07-11T16:12:05.000
45,Bản Chát,2026-07-11T21:00:00.000,0,459.88,361.0,249.0,249.0,0.0,0.0,,2026-07-11T16:12:05.000
45,Bản Chát,2026-07-11T22:00:00.000,0,459.89,325.0,238.0,238.0,0.0,0.0,,2026-07-11T16:12:05.000
45,Bản Chát,2026-07-11T23:00:00.000,0,459.89,259.0,245.0,245.0,0.0,0.0,,2026-07-11T16:12:05.000
45,Bản Chát,2026-07-12T00:00:00.000,0,459.9,328.0,204.0,204.0,0.0,0.0,,2026-07-12T17:08:06.000
45,Bản Chát,2026-07-12T01:00:00.000,0,459.92,335.0,94.0,94.0,0.0,0.0,,2026-07-12T17:08:06.000
45,Bản Chát,2026-07-12T02:00:00.000,0,459.94,378.0,84.0,84.0,0.0,0.0,,2026-07-12T17:08:06.000
45,Bản Chát,2026-07-12T03:00:00.000,0,459.95,343.0,85.0,85.0,0.0,0.0,,2026-07-12T17:08:06.000
45,Bản Chát,2026-07-12T04:00:00.000,0,459.98,345.0,99.0,99.0,0.0,0.0,,2026-07-12T17:08:06.000
45,Bản Chát,2026-07-12T05:00:00.000,0,460.0,354.0,108.0,108.0,0.0,0.0,,2026-07-12T17:08:06.000
45,Bản Chát,2026-07-12T06:00:00.000,0,460.02,356.0,105.0,105.0,0.0,0.0,,2026-07-12T17:08:06.000
45,Bản Chát,2026-07-12T07:00:00.000,0,460.04,357.0,88.0,88.0,0.0,0.0,,2026-07-12T17:08:06.000
45,Bản Chát,2026-07-12T08:00:00.000,0,460.06,274.0,85.0,85.0,0.0,0.0,,2026-07-12T17:08:06.000
45,Bản Chát,2026-07-12T09:00:00.000,0,460.07,248.0,59.0,59.0,0.0,0.0,,2026-07-12T17:08:06.000
45,Bản Chát,2026-07-12T10:00:00.000,0,460.09,301.0,0.0,0.0,0.0,0.0,,2026-07-12T17:08:06.000
45,Bản Chát,2026-07-12T11:00:00.000,0,460.12,313.0,0.0,0.0,0.0,0.0,,2026-07-12T17:08:06.000
45,Bản Chát,2026-07-12T12:00:00.000,0,460.15,325.0,0.0,0.0,0.0,0.0,,2026-07-12T17:08:06.000
45,Bản Chát,2026-07-12T13:00:00.000,0,460.17,385.0,0.0,0.0,0.0,0.0,,2026-07-12T17:08:06.000
45,Bản Chát,2026-07-12T14:00:00.000,0,460.19,373.0,172.0,172.0,0.0,0.0,,2026-07-12T17:08:06.000
45,Bản Chát,2026-07-12T15:00:00.000,0,460.2,301.0,175.0,175.0,0.0,0.0,,2026-07-12T17:08:06.000
45,Bản Chát,2026-07-12T16:00:00.000,0,460.19,198.0,221.0,221.0,0.0,0.0,,2026-07-12T17:08:06.000
45,Bản Chát,2026-07-12T17:00:00.000,0,460.19,183.0,206.0,206.0,0.0,0.0,,2026-07-12T17:08:06.000
45,Bản Chát,2026-07-12T18:00:00.000,0,460.19,203.0,213.0,213.0,0.0,0.0,,2026-07-12T17:08:06.000
45,Bản Chát,2026-07-12T19:00:00.000,0,460.2,370.0,219.0,219.0,0.0,0.0,,2026-07-12T17:08:06.000
45,Bản Chát,2026-07-12T20:00:00.000,0,460.21,307.0,206.0,206.0,0.0,0.0,,2026-07-12T17:08:06.000
45,Bản Chát,2026-07-12T21:00:00.000,0,460.22,264.0,175.0,175.0,0.0,0.0,,2026-07-12T17:08:06.000
45,Bản Chát,2026-07-12T22:00:00.000,0,460.22,285.0,221.0,221.0,0.0,0.0,,2026-07-12T17:08:06.000
45,Bản Chát,2026-07-12T23:00:00.000,0,460.23,276.0,236.0,236.0,0.0,0.0,,2026-07-12T17:08:06.000
45,Bản Chát,2026-07-13T00:00:00.000,0,460.23,284.0,195.0,195.0,0.0,0.0,,2026-07-13T17:04:21.000
45,Bản Chát,2026-07-13T01:00:00.000,0,460.24,272.0,195.0,195.0,0.0,0.0,,2026-07-13T17:04:21.000
45,Bản Chát,2026-07-13T02:00:00.000,0,460.25,294.0,193.0,193.0,0.0,0.0,,2026-07-13T17:04:21.000
45,Bản Chát,2026-07-13T03:00:00.000,0,460.25,293.0,228.0,228.0,0.0,0.0,,2026-07-13T17:04:21.000
45,Bản Chát,2026-07-13T04:00:00.000,0,460.26,292.0,203.0,203.0,0.0,0.0,,2026-07-13T17:04:21.000
45,Bản Chát,2026-07-13T05:00:00.000,0,460.26,275.0,198.0,198.0,0.0,0.0,,2026-07-13T17:04:21.000
45,Bản Chát,2026-07-13T06:00:00.000,0,460.27,244.0,167.0,167.0,0.0,0.0,,2026-07-13T17:04:21.000
45,Bản Chát,2026-07-13T07:00:00.000,0,460.27,216.0,164.0,164.0,0.0,0.0,,2026-07-13T17:04:21.000
45,Bản Chát,2026-07-13T08:00:00.000,0,460.27,183.0,218.0,218.0,0.0,0.0,,2026-07-13T17:04:21.000
45,Bản Chát,2026-07-13T09:00:00.000,0,460.27,214.0,175.0,175.0,0.0,0.0,,2026-07-13T17:04:21.000
45,Bản Chát,2026-07-13T10:00:00.000,0,460.27,182.0,193.0,193.0,0.0,0.0,,2026-07-13T17:04:21.000
45,Bản Chát,2026-07-13T11:00:00.000,0,460.28,214.0,187.0,187.0,0.0,0.0,,2026-07-13T17:04:21.000
45,Bản Chát,2026-07-13T12:00:00.000,0,460.28,202.0,200.0,200.0,0.0,0.0,,2026-07-13T17:04:21.000
45,Bản Chát,2026-07-13T13:00:00.000,0,460.27,185.0,195.0,195.0,0.0,0.0,,2026-07-13T17:04:21.000
45,Bản Chát,2026-07-13T14:00:00.000,0,460.28,194.0,180.0,180.0,0.0,0.0,,2026-07-13T17:04:21.000
45,Bản Chát,2026-07-13T15:00:00.000,0,460.27,185.0,195.0,195.0,0.0,0.0,,2026-07-13T17:04:21.000
45,Bản Chát,2026-07-13T16:00:00.000,0,460.28,248.0,234.0,234.0,0.0,0.0,,2026-07-13T17:04:21.000
45,Bản Chát,2026-07-13T17:00:00.000,0,460.28,262.0,185.0,185.0,0.0,0.0,,2026-07-13T17:04:21.000
45,Bản Chát,2026-07-13T18:00:00.000,0,460.29,283.0,231.0,231.0,0.0,0.0,,2026-07-13T17:04:21.000
45,Bản Chát,2026-07-13T19:00:00.000,0,460.29,286.0,247.0,247.0,0.0,0.0,,2026-07-13T17:04:21.000
45,Bản Chát,2026-07-13T20:00:00.000,0,460.3,274.0,172.0,172.0,0.0,0.0,,2026-07-13T17:04:21.000
45,Bản Chát,2026-07-13T21:00:00.000,0,460.29,140.0,187.0,187.0,0.0,0.0,,2026-07-13T17:04:21.000
45,Bản Chát,2026-07-13T22:00:00.000,0,460.29,212.0,185.0,185.0,0.0,0.0,,2026-07-13T17:04:21.000
45,Bản Chát,2026-07-13T23:00:00.000,0,460.3,254.0,190.0,190.0,0.0,0.0,,2026-07-13T17:04:21.000
45,Bản Chát,2026-07-14T00:00:00.000,0,460.3,202.0,187.0,187.0,0.0,0.0,,2026-07-14T17:06:29.000
45,Bản Chát,2026-07-14T01:00:00.000,0,460.3,190.0,187.0,187.0,0.0,0.0,,2026-07-14T17:06:29.000
45,Bản Chát,2026-07-14T02:00:00.000,0,460.3,177.0,175.0,175.0,0.0,0.0,,2026-07-14T17:06:29.000
45,Bản Chát,2026-07-14T03:00:00.000,0,460.3,182.0,205.0,205.0,0.0,0.0,,2026-07-14T17:06:29.000
45,Bản Chát,2026-07-14T04:00:00.000,0,460.3,182.0,180.0,180.0,0.0,0.0,,2026-07-14T17:06:29.000
45,Bản Chát,2026-07-14T05:00:00.000,0,460.3,202.0,175.0,175.0,0.0,0.0,,2026-07-14T17:06:29.000
45,Bản Chát,2026-07-14T06:00:00.000,0,460.3,218.0,167.0,167.0,0.0,0.0,,2026-07-14T17:06:29.000
45,Bản Chát,2026-07-14T07:00:00.000,0,460.31,194.0,180.0,180.0,0.0,0.0,,2026-07-14T17:06:29.000
45,Bản Chát,2026-07-14T08:00:00.000,0,460.31,219.0,180.0,180.0,0.0,0.0,,2026-07-14T17:06:29.000
45,Bản Chát,2026-07-14T09:00:00.000,0,460.31,206.0,167.0,167.0,0.0,0.0,,2026-07-14T17:06:29.000
45,Bản Chát,2026-07-14T10:00:00.000,0,460.31,119.0,179.0,179.0,0.0,0.0,,2026-07-14T17:06:29.000
45,Bản Chát,2026-07-14T11:00:00.000,0,460.3,114.0,174.0,174.0,0.0,0.0,,2026-07-14T17:06:29.000
45,Bản Chát,2026-07-14T12:00:00.000,0,460.3,169.0,179.0,179.0,0.0,0.0,,2026-07-14T17:06:29.000
45,Bản Chát,2026-07-14T13:00:00.000,0,460.3,181.0,166.0,166.0,0.0,0.0,,2026-07-14T17:06:29.000
45,Bản Chát,2026-07-14T14:00:00.000,0,460.29,128.0,225.0,225.0,0.0,0.0,,2026-07-14T17:06:29.000
45,Bản Chát,2026-07-14T15:00:00.000,0,460.29,133.0,218.0,218.0,0.0,0.0,,2026-07-14T17:06:29.000
45,Bản Chát,2026-07-14T16:00:00.000,0,460.28,193.0,216.0,216.0,0.0,0.0,,2026-07-14T17:06:29.000
45,Bản Chát,2026-07-14T17:00:00.000,0,460.29,240.0,226.0,226.0,0.0,0.0,,2026-07-14T17:06:29.000
45,Bản Chát,2026-07-14T18:00:00.000,0,460.28,211.0,233.0,233.0,0.0,0.0,,2026-07-14T17:06:29.000
45,Bản Chát,2026-07-14T19:00:00.000,0,460.28,168.0,216.0,216.0,0.0,0.0,,2026-07-14T17:06:29.000
45,Bản Chát,2026-07-14T20:00:00.000,0,460.28,169.0,167.0,167.0,0.0,0.0,,2026-07-14T17:06:29.000
45,Bản Chát,2026-07-14T21:00:00.000,0,460.28,188.0,223.0,223.0,0.0,0.0,,2026-07-14T17:06:29.000
45,Bản Chát,2026-07-14T22:00:00.000,0,460.28,207.0,205.0,205.0,0.0,0.0,,2026-07-14T17:06:29.000
45,Bản Chát,2026-07-14T23:00:00.000,0,460.28,229.0,177.0,177.0,0.0,0.0,,2026-07-14T17:06:29.000
45,Bản Chát,2026-07-15T00:00:00.000,0,460.29,239.0,175.0,175.0,0.0,0.0,,2026-07-15T17:02:04.000
45,Bản Chát,2026-07-15T01:00:00.000,0,460.29,212.0,185.0,185.0,0.0,0.0,,2026-07-15T17:02:04.000
45,Bản Chát,2026-07-15T02:00:00.000,0,460.29,199.0,185.0,185.0,0.0,0.0,,2026-07-15T17:02:04.000
45,Bản Chát,2026-07-15T03:00:00.000,0,460.29,244.0,180.0,180.0,0.0,0.0,,2026-07-15T17:02:04.000
45,Bản Chát,2026-07-15T04:00:00.000,0,460.3,271.0,169.0,169.0,0.0,0.0,,2026-07-15T17:02:04.000
45,Bản Chát,2026-07-15T05:00:00.000,0,460.31,291.0,177.0,177.0,0.0,0.0,,2026-07-15T17:02:04.000
45,Bản Chát,2026-07-15T06:00:00.000,0,460.32,318.0,180.0,180.0,0.0,0.0,,2026-07-15T17:02:04.000
45,Bản Chát,2026-07-15T07:00:00.000,0,460.34,338.0,162.0,162.0,0.0,0.0,,2026-07-15T17:02:04.000
45,Bản Chát,2026-07-15T08:00:00.000,0,460.35,429.0,203.0,203.0,0.0,0.0,,2026-07-15T17:02:04.000
45,Bản Chát,2026-07-15T09:00:00.000,0,460.37,357.0,181.0,181.0,0.0,0.0,,2026-07-15T17:02:04.000
45,Bản Chát,2026-07-15T10:00:00.000,0,460.38,335.0,171.0,171.0,0.0,0.0,,2026-07-15T17:02:04.000
45,Bản Chát,2026-07-15T11:00:00.000,0,460.39,306.0,192.0,192.0,0.0,0.0,,2026-07-15T17:02:04.000
45,Bản Chát,2026-07-15T12:00:00.000,0,460.4,316.0,177.0,177.0,0.0,0.0,,2026-07-15T17:02:04.000
45,Bản Chát,2026-07-15T13:00:00.000,0,460.41,236.0,172.0,172.0,0.0,0.0,,2026-07-15T17:02:04.000
45,Bản Chát,2026-07-15T14:00:00.000,0,460.42,370.0,169.0,169.0,0.0,0.0,,2026-07-15T17:02:04.000
