station_id,station_name,observed_at,rain_1h_mm,rain_acc_mm
-484,TĐ Huội Quảng,2024-09-07 00:00:00,0.0,0.0
-484,TĐ Huội Quảng,2024-09-07 01:00:00,0.0,0.0
-484,TĐ Huội Quảng,2024-09-07 02:00:00,0.0,0.0
-484,TĐ Huội Quảng,2024-09-07 03:00:00,0.0,0.0
-484,TĐ Huội Quảng,2024-09-07 04:00:00,0.20000000298023224,0.20000000298023224
-484,TĐ Huội Quảng,2024-09-07 05:00:00,0.20000000298023224,0.4000000059604645
-484,TĐ Huội Quảng,2024-09-07 06:00:00,0.0,0.4000000059604645
-484,TĐ Huội Quảng,2024-09-07 07:00:00,0.20000000298023224,0.6000000089406967
-484,TĐ Huội Quảng,2024-09-07 08:00:00,0.0,0.6000000089406967
-484,TĐ Huội Quảng,2024-09-07 09:00:00,0.20000000298023224,0.800000011920929
-484,TĐ Huội Quảng,2024-09-07 10:00:00,0.0,0.800000011920929
-484,TĐ Huội Quảng,2024-09-07 11:00:00,0.20000000298023224,1.0000000149011612
-484,TĐ Huội Quảng,2024-09-07 12:00:00,0.0,1.0000000149011612
-484,TĐ Huội Quảng,2024-09-07 13:00:00,0.20000000298023224,1.2000000178813934
-484,TĐ Huội Quảng,2024-09-07 14:00:00,0.0,1.2000000178813934
-484,TĐ Huội Quảng,2024-09-07 15:00:00,0.0,1.2000000178813934
-484,TĐ Huội Quảng,2024-09-07 16:00:00,0.20000000298023224,1.4000000208616257
-484,TĐ Huội Quảng,2024-09-07 17:00:00,0.0,1.4000000208616257
-484,TĐ Huội Quảng,2024-09-07 18:00:00,0.4000000059604645,1.8000000268220901
-484,TĐ Huội Quảng,2024-09-07 19:00:00,0.4000000059604645,2.2000000327825546
-484,TĐ Huội Quảng,2024-09-07 20:00:00,0.20000000298023224,2.400000035762787
-484,TĐ Huội Quảng,2024-09-07 21:00:00,1.0,3.400000035762787
-484,TĐ Huội Quảng,2024-09-07 22:00:00,1.0,4.400000035762787
-484,TĐ Huội Quảng,2024-09-07 23:00:00,1.399999976158142,5.800000011920929
-484,TĐ Huội Quảng,2024-09-08 00:00:00,1.0,4.599999979138374
-484,TĐ Huội Quảng,2024-09-08 01:00:00,1.600000023841858,6.200000002980232
-484,TĐ Huội Quảng,2024-09-08 02:00:00,2.0,8.200000002980232
-484,TĐ Huội Quảng,2024-09-08 03:00:00,1.2000000476837158,9.400000050663948
-484,TĐ Huội Quảng,2024-09-08 04:00:00,0.20000000298023224,9.60000005364418
-484,TĐ Huội Quảng,2024-09-08 05:00:00,0.20000000298023224,9.800000056624413
-484,TĐ Huội Quảng,2024-09-08 06:00:00,0.20000000298023224,10.000000059604645
-484,TĐ Huội Quảng,2024-09-08 07:00:00,0.20000000298023224,10.200000062584877
-484,TĐ Huội Quảng,2024-09-08 08:00:00,0.20000000298023224,10.40000006556511
-484,TĐ Huội Quảng,2024-09-08 09:00:00,0.6000000238418579,11.000000089406967
-484,TĐ Huội Quảng,2024-09-08 10:00:00,1.399999976158142,12.40000006556511
-484,TĐ Huội Quảng,2024-09-08 11:00:00,0.800000011920929,13.200000077486038
-484,TĐ Huội Quảng,2024-09-08 12:00:00,2.4000000953674316,15.60000017285347
-484,TĐ Huội Quảng,2024-09-08 13:00:00,4.599999904632568,20.200000077486038
-484,TĐ Huội Quảng,2024-09-08 14:00:00,2.200000047683716,22.400000125169754
-484,TĐ Huội Quảng,2024-09-08 15:00:00,3.200000047683716,25.60000017285347
-484,TĐ Huội Quảng,2024-09-08 16:00:00,3.5999999046325684,29.200000077486038
-484,TĐ Huội Quảng,2024-09-08 17:00:00,2.5999999046325684,31.799999982118607
-484,TĐ Huội Quảng,2024-09-08 18:00:00,5.599999904632568,37.399999886751175
-484,TĐ Huội Quảng,2024-09-08 19:00:00,3.799999952316284,41.19999983906746
-484,TĐ Huội Quảng,2024-09-08 20:00:00,1.2000000476837158,42.399999886751175
-484,TĐ Huội Quảng,2024-09-08 21:00:00,4.0,46.399999886751175
-484,TĐ Huội Quảng,2024-09-08 22:00:00,1.399999976158142,47.79999986290932
-484,TĐ Huội Quảng,2024-09-08 23:00:00,9.0,56.79999986290932
-484,TĐ Huội Quảng,2024-09-09 00:00:00,4.400000095367432,20.00000011920929
-484,TĐ Huội Quảng,2024-09-09 01:00:00,6.199999809265137,26.199999928474426
-484,TĐ Huội Quảng,2024-09-09 02:00:00,3.4000000953674316,29.600000023841858
-484,TĐ Huội Quảng,2024-09-09 03:00:00,9.800000190734863,39.40000021457672
-484,TĐ Huội Quảng,2024-09-09 04:00:00,4.599999904632568,44.00000011920929
-484,TĐ Huội Quảng,2024-09-09 05:00:00,5.599999904632568,49.60000002384186
-484,TĐ Huội Quảng,2024-09-09 06:00:00,1.399999976158142,51.0
-484,TĐ Huội Quảng,2024-09-09 07:00:00,0.20000000298023224,51.20000000298023
-484,TĐ Huội Quảng,2024-09-09 08:00:00,0.0,51.20000000298023
-484,TĐ Huội Quảng,2024-09-09 09:00:00,0.0,51.20000000298023
-484,TĐ Huội Quảng,2024-09-09 10:00:00,0.0,51.20000000298023
-484,TĐ Huội Quảng,2024-09-09 11:00:00,0.0,51.20000000298023
-484,TĐ Huội Quảng,2024-09-09 12:00:00,1.2000000476837158,52.40000005066395
-484,TĐ Huội Quảng,2024-09-09 13:00:00,3.0,55.40000005066395
-484,TĐ Huội Quảng,2024-09-09 14:00:00,1.399999976158142,56.80000002682209
-484,TĐ Huội Quảng,2024-09-09 15:00:00,2.799999952316284,59.599999979138374
-484,TĐ Huội Quảng,2024-09-09 16:00:00,2.799999952316284,62.39999993145466
-484,TĐ Huội Quảng,2024-09-09 17:00:00,3.5999999046325684,65.99999983608723
-484,TĐ Huội Quảng,2024-09-09 18:00:00,0.800000011920929,66.79999984800816
-484,TĐ Huội Quảng,2024-09-09 19:00:00,1.0,67.79999984800816
-484,TĐ Huội Quảng,2024-09-09 20:00:00,0.800000011920929,68.59999985992908
-484,TĐ Huội Quảng,2024-09-09 21:00:00,0.800000011920929,69.39999987185001
-484,TĐ Huội Quảng,2024-09-09 22:00:00,0.20000000298023224,69.59999987483025
-484,TĐ Huội Quảng,2024-09-09 23:00:00,0.0,69.59999987483025
-484,TĐ Huội Quảng,2024-09-10 00:00:00,0.0,1.8000000268220901
-484,TĐ Huội Quảng,2024-09-10 01:00:00,0.0,1.8000000268220901
-484,TĐ Huội Quảng,2024-09-10 02:00:00,0.0,1.8000000268220901
-484,TĐ Huội Quảng,2024-09-10 03:00:00,0.4000000059604645,2.2000000327825546
-484,TĐ Huội Quảng,2024-09-10 04:00:00,0.20000000298023224,2.400000035762787
-484,TĐ Huội Quảng,2024-09-10 05:00:00,0.0,2.400000035762787
-484,TĐ Huội Quảng,2024-09-10 06:00:00,0.0,2.400000035762787
-484,TĐ Huội Quảng,2024-09-10 07:00:00,0.20000000298023224,2.600000038743019
-484,TĐ Huội Quảng,2024-09-10 08:00:00,0.6000000238418579,3.200000062584877
-484,TĐ Huội Quảng,2024-09-10 09:00:00,0.0,3.200000062584877
-484,TĐ Huội Quảng,2024-09-10 10:00:00,0.0,3.200000062584877
-484,TĐ Huội Quảng,2024-09-10 11:00:00,0.0,3.200000062584877
-484,TĐ Huội Quảng,2024-09-10 12:00:00,0.0,3.200000062584877
-484,TĐ Huội Quảng,2024-09-10 13:00:00,0.0,3.200000062584877
-484,TĐ Huội Quảng,2024-09-10 14:00:00,0.0,3.200000062584877
-484,TĐ Huội Quảng,2024-09-10 15:00:00,0.20000000298023224,3.4000000655651093
-484,TĐ Huội Quảng,2024-09-10 16:00:00,0.0,3.4000000655651093
-484,TĐ Huội Quảng,2024-09-10 17:00:00,0.0,3.4000000655651093
-484,TĐ Huội Quảng,2024-09-10 18:00:00,0.0,3.4000000655651093
-484,TĐ Huội Quảng,2024-09-10 19:00:00,0.0,3.4000000655651093
-484,TĐ Huội Quảng,2024-09-10 20:00:00,0.0,3.4000000655651093
-484,TĐ Huội Quảng,2024-09-10 21:00:00,0.20000000298023224,3.6000000685453415
-484,TĐ Huội Quảng,2024-09-10 22:00:00,0.0,3.6000000685453415
-484,TĐ Huội Quảng,2024-09-10 23:00:00,0.0,3.6000000685453415
-484,TĐ Huội Quảng,2024-10-01 00:00:00,0.0,0.0
-484,TĐ Huội Quảng,2024-10-01 01:00:00,0.0,0.0
-484,TĐ Huội Quảng,2024-10-01 02:00:00,0.0,0.0
-484,TĐ Huội Quảng,2024-10-01 03:00:00,0.20000000298023224,0.20000000298023224
-484,TĐ Huội Quảng,2024-10-01 04:00:00,0.0,0.20000000298023224
-484,TĐ Huội Quảng,2024-10-01 05:00:00,0.0,0.20000000298023224
-484,TĐ Huội Quảng,2024-10-01 06:00:00,0.0,0.20000000298023224
-484,TĐ Huội Quảng,2024-10-01 07:00:00,0.0,0.20000000298023224
-484,TĐ Huội Quảng,2024-10-01 08:00:00,0.0,0.20000000298023224
-484,TĐ Huội Quảng,2024-10-01 09:00:00,0.0,0.20000000298023224
-484,TĐ Huội Quảng,2024-10-01 10:00:00,0.0,0.20000000298023224
-484,TĐ Huội Quảng,2024-10-01 11:00:00,0.20000000298023224,0.4000000059604645
-484,TĐ Huội Quảng,2024-10-01 12:00:00,0.0,0.4000000059604645
-484,TĐ Huội Quảng,2024-10-01 13:00:00,4.800000190734863,5.200000196695328
-484,TĐ Huội Quảng,2024-10-01 14:00:00,0.6000000238418579,5.800000220537186
-484,TĐ Huội Quảng,2024-10-01 15:00:00,0.20000000298023224,6.000000223517418
-484,TĐ Huội Quảng,2024-10-01 16:00:00,0.0,6.000000223517418
-484,TĐ Huội Quảng,2024-10-01 17:00:00,0.0,6.000000223517418
-484,TĐ Huội Quảng,2024-10-01 18:00:00,0.0,6.000000223517418
-484,TĐ Huội Quảng,2024-10-01 19:00:00,0.0,6.000000223517418
-484,TĐ Huội Quảng,2024-10-01 20:00:00,0.0,6.000000223517418
-484,TĐ Huội Quảng,2024-10-01 21:00:00,0.0,6.000000223517418
-484,TĐ Huội Quảng,2024-10-01 22:00:00,0.0,6.000000223517418
-484,TĐ Huội Quảng,2024-10-01 23:00:00,0.0,6.000000223517418
-484,TĐ Huội Quảng,2024-10-02 00:00:00,0.0,0.0
-484,TĐ Huội Quảng,2024-10-02 01:00:00,0.0,0.0
-484,TĐ Huội Quảng,2024-10-02 02:00:00,0.0,0.0
-484,TĐ Huội Quảng,2024-10-02 03:00:00,0.0,0.0
-484,TĐ Huội Quảng,2024-10-02 04:00:00,0.0,0.0
-484,TĐ Huội Quảng,2024-10-02 05:00:00,0.0,0.0
-484,TĐ Huội Quảng,2024-10-02 06:00:00,0.0,0.0
-484,TĐ Huội Quảng,2024-10-02 07:00:00,0.0,0.0
-484,TĐ Huội Quảng,2024-10-02 08:00:00,0.0,0.0
-484,TĐ Huội Quảng,2024-10-02 09:00:00,0.0,0.0
-484,TĐ Huội Quảng,2024-10-02 10:00:00,0.0,0.0
-484,TĐ Huội Quảng,2024-10-02 11:00:00,0.0,0.0
-484,TĐ Huội Quảng,2024-10-02 12:00:00,0.0,0.0
-484,TĐ Huội Quảng,2024-10-02 13:00:00,0.0,0.0
-484,TĐ Huội Quảng,2024-10-02 14:00:00,0.0,0.0
-484,TĐ Huội Quảng,2024-10-02 15:00:00,0.0,0.0
-484,TĐ Huội Quảng,2024-10-02 16:00:00,0.0,0.0
-484,TĐ Huội Quảng,2024-10-02 17:00:00,0.0,0.0
-484,TĐ Huội Quảng,2024-10-02 18:00:00,0.0,0.0
-484,TĐ Huội Quảng,2024-10-02 19:00:00,0.0,0.0
-484,TĐ Huội Quảng,2024-10-02 20:00:00,0.0,0.0
-484,TĐ Huội Quảng,2024-10-02 21:00:00,0.0,0.0
-484,TĐ Huội Quảng,2024-10-02 22:00:00,0.0,0.0
-484,TĐ Huội Quảng,2024-10-02 23:00:00,0.0,0.0
-484,TĐ Huội Quảng,2024-10-03 00:00:00,0.0,0.0
-484,TĐ Huội Quảng,2024-10-03 01:00:00,0.0,0.0
-484,TĐ Huội Quảng,2024-10-03 02:00:00,0.0,0.0
-484,TĐ Huội Quảng,2024-10-03 03:00:00,0.0,0.0
-484,TĐ Huội Quảng,2024-10-03 04:00:00,0.0,0.0
-484,TĐ Huội Quảng,2024-10-03 05:00:00,0.0,0.0
-484,TĐ Huội Quảng,2024-10-03 06:00:00,0.0,0.0
-484,TĐ Huội Quảng,2024-10-03 07:00:00,0.0,0.0
-484,TĐ Huội Quảng,2024-10-03 08:00:00,0.0,0.0
-484,TĐ Huội Quảng,2024-10-03 09:00:00,0.0,0.0
-484,TĐ Huội Quảng,2024-10-03 10:00:00,0.0,0.0
-484,TĐ Huội Quảng,2024-10-03 11:00:00,0.0,0.0
-484,TĐ Huội Quảng,2024-10-03 12:00:00,0.0,0.0
-484,TĐ Huội Quảng,2024-10-03 13:00:00,0.0,0.0
-484,TĐ Huội Quảng,2024-10-03 14:00:00,0.0,0.0
-484,TĐ Huội Quảng,2024-10-03 15:00:00,0.0,0.0
-484,TĐ Huội Quảng,2024-10-03 16:00:00,0.0,0.0
-484,TĐ Huội Quảng,2024-10-03 17:00:00,0.0,0.0
-484,TĐ Huội Quảng,2024-10-03 18:00:00,0.0,0.0
-484,TĐ Huội Quảng,2024-10-03 19:00:00,0.0,0.0
-484,TĐ Huội Quảng,2024-10-03 20:00:00,0.0,0.0
-484,TĐ Huội Quảng,2024-10-03 21:00:00,0.0,0.0
-484,TĐ Huội Quảng,2024-10-03 22:00:00,0.0,0.0
-484,TĐ Huội Quảng,2024-10-03 23:00:00,0.0,0.0
-484,TĐ Huội Quảng,2024-10-04 00:00:00,0.0,0.0
-484,TĐ Huội Quảng,2024-10-04 01:00:00,0.0,0.0
-484,TĐ Huội Quảng,2024-10-04 02:00:00,0.0,0.0
-484,TĐ Huội Quảng,2024-10-04 03:00:00,0.0,0.0
-484,TĐ Huội Quảng,2024-10-04 04:00:00,0.0,0.0
-484,TĐ Huội Quảng,2024-10-04 05:00:00,0.0,0.0
-484,TĐ Huội Quảng,2024-10-04 06:00:00,0.0,0.0
-484,TĐ Huội Quảng,2024-10-04 07:00:00,0.0,0.0
-484,TĐ Huội Quảng,2024-10-04 08:00:00,0.0,0.0
-484,TĐ Huội Quảng,2024-10-04 09:00:00,0.0,0.0
-484,TĐ Huội Quảng,2024-10-04 10:00:00,0.0,0.0
-484,TĐ Huội Quảng,2024-10-04 11:00:00,0.0,0.0
-484,TĐ Huội Quảng,2024-10-04 12:00:00,0.0,0.0
-484,TĐ Huội Quảng,2024-10-04 13:00:00,0.0,0.0
-484,TĐ Huội Quảng,2024-10-04 14:00:00,0.0,0.0
-484,TĐ Huội Quảng,2024-10-04 15:00:00,0.0,0.0
-484,TĐ Huội Quảng,2024-10-04 16:00:00,0.0,0.0
-484,TĐ Huội Quảng,2024-10-04 17:00:00,0.0,0.0
-484,TĐ Huội Quảng,2024-10-04 18:00:00,0.0,0.0
-484,TĐ Huội Quảng,2024-10-04 19:00:00,0.0,0.0
-484,TĐ Huội Quảng,2024-10-04 20:00:00,0.0,0.0
-484,TĐ Huội Quảng,2024-10-04 21:00:00,0.0,0.0
-484,TĐ Huội Quảng,2024-10-04 22:00:00,0.0,0.0
-484,TĐ Huội Quảng,2024-10-04 23:00:00,0.0,0.0
-484,TĐ Huội Quảng,2024-10-05 00:00:00,0.0,0.0
-484,TĐ Huội Quảng,2024-10-05 01:00:00,0.0,0.0
-484,TĐ Huội Quảng,2024-10-05 02:00:00,0.0,0.0
-484,TĐ Huội Quảng,2024-10-05 03:00:00,0.0,0.0
-484,TĐ Huội Quảng,2024-10-05 04:00:00,0.0,0.0
-484,TĐ Huội Quảng,2024-10-05 05:00:00,0.0,0.0
-484,TĐ Huội Quảng,2024-10-05 06:00:00,0.0,0.0
-484,TĐ Huội Quảng,2024-10-05 07:00:00,0.0,0.0
-484,TĐ Huội Quảng,2024-10-05 08:00:00,0.0,0.0
-484,TĐ Huội Quảng,2024-10-05 09:00:00,0.0,0.0
-484,TĐ Huội Quảng,2024-10-05 10:00:00,0.0,0.0
-484,TĐ Huội Quảng,2024-10-05 11:00:00,0.0,0.0
-484,TĐ Huội Quảng,2024-10-05 12:00:00,0.0,0.0
-484,TĐ Huội Quảng,2024-10-05 13:00:00,0.0,0.0
-484,TĐ Huội Quảng,2024-10-05 14:00:00,0.0,0.0
-484,TĐ Huội Quảng,2024-10-05 15:00:00,0.0,0.0
-484,TĐ Huội Quảng,2024-10-05 16:00:00,0.0,0.0
-484,TĐ Huội Quảng,2024-10-05 17:00:00,0.0,0.0
-484,TĐ Huội Quảng,2024-10-05 18:00:00,0.0,0.0
-484,TĐ Huội Quảng,2024-10-05 19:00:00,0.0,0.0
-484,TĐ Huội Quảng,2024-10-05 20:00:00,0.0,0.0
-484,TĐ Huội Quảng,2024-10-05 21:00:00,0.0,0.0
-484,TĐ Huội Quảng,2024-10-05 22:00:00,0.0,0.0
-484,TĐ Huội Quảng,2024-10-05 23:00:00,0.0,0.0
-484,TĐ Huội Quảng,2024-10-06 00:00:00,0.0,0.0
-484,TĐ Huội Quảng,2024-10-06 01:00:00,0.0,0.0
-484,TĐ Huội Quảng,2024-10-06 02:00:00,0.0,0.0
-484,TĐ Huội Quảng,2024-10-06 03:00:00,0.0,0.0
-484,TĐ Huội Quảng,2024-10-06 04:00:00,0.0,0.0
-484,TĐ Huội Quảng,2024-10-06 05:00:00,0.0,0.0
-484,TĐ Huội Quảng,2024-10-06 06:00:00,0.0,0.0
-484,TĐ Huội Quảng,2024-10-06 07:00:00,0.0,0.0
-484,TĐ Huội Quảng,2024-10-06 08:00:00,0.0,0.0
-484,TĐ Huội Quảng,2024-10-06 09:00:00,0.0,0.0
-484,TĐ Huội Quảng,2024-10-06 10:00:00,0.0,0.0
-484,TĐ Huội Quảng,2024-10-06 11:00:00,0.0,0.0
-484,TĐ Huội Quảng,2024-10-06 12:00:00,0.0,0.0
-484,TĐ Huội Quảng,2024-10-06 13:00:00,0.0,0.0
-484,TĐ Huội Quảng,2024-10-06 14:00:00,0.0,0.0
-484,TĐ Huội Quảng,2024-10-06 15:00:00,0.0,0.0
-484,TĐ Huội Quảng,2024-10-06 16:00:00,0.0,0.0
-484,TĐ Huội Quảng,2024-10-06 17:00:00,0.0,0.0
-484,TĐ Huội Quảng,2024-10-06 18:00:00,0.0,0.0
-484,TĐ Huội Quảng,2024-10-06 19:00:00,0.0,0.0
-484,TĐ Huội Quảng,2024-10-06 20:00:00,0.0,0.0
-484,TĐ Huội Quảng,2024-10-06 21:00:00,0.0,0.0
-484,TĐ Huội Quảng,2024-10-06 22:00:00,0.0,0.0
-484,TĐ Huội Quảng,2024-10-06 23:00:00,0.0,0.0
-484,TĐ Huội Quảng,2024-10-07 00:00:00,0.0,0.0
-484,TĐ Huội Quảng,2024-10-07 01:00:00,0.0,0.0
-484,TĐ Huội Quảng,2024-10-07 02:00:00,0.0,0.0
-484,TĐ Huội Quảng,2024-10-07 03:00:00,0.0,0.0
-484,TĐ Huội Quảng,2024-10-07 04:00:00,0.0,0.0
-484,TĐ Huội Quảng,2024-10-07 05:00:00,0.0,0.0
-484,TĐ Huội Quảng,2024-10-07 06:00:00,0.0,0.0
-484,TĐ Huội Quảng,2024-10-07 07:00:00,0.0,0.0
-484,TĐ Huội Quảng,2024-10-07 08:00:00,0.0,0.0
-484,TĐ Huội Quảng,2024-10-07 09:00:00,0.0,0.0
-484,TĐ Huội Quảng,2024-10-07 10:00:00,0.0,0.0
-484,TĐ Huội Quảng,2024-10-07 11:00:00,0.0,0.0
-484,TĐ Huội Quảng,2024-10-07 12:00:00,0.0,0.0
-484,TĐ Huội Quảng,2024-10-07 13:00:00,0.0,0.0
-484,TĐ Huội Quảng,2024-10-07 14:00:00,0.0,0.0
-484,TĐ Huội Quảng,2024-10-07 15:00:00,0.0,0.0
-484,TĐ Huội Quảng,2024-10-07 16:00:00,0.0,0.0
-484,TĐ Huội Quảng,2024-10-07 17:00:00,0.0,0.0
-484,TĐ Huội Quảng,2024-10-07 18:00:00,0.0,0.0
-484,TĐ Huội Quảng,2024-10-07 19:00:00,0.0,0.0
-484,TĐ Huội Quảng,2024-10-07 20:00:00,0.0,0.0
-484,TĐ Huội Quảng,2024-10-07 21:00:00,0.0,0.0
-484,TĐ Huội Quảng,2024-10-07 22:00:00,0.0,0.0
-484,TĐ Huội Quảng,2024-10-07 23:00:00,0.0,0.0
-484,TĐ Huội Quảng,2024-10-08 00:00:00,0.0,0.0
-484,TĐ Huội Quảng,2024-10-08 01:00:00,0.0,0.0
-484,TĐ Huội Quảng,2024-10-08 02:00:00,0.0,0.0
-484,TĐ Huội Quảng,2024-10-08 03:00:00,0.0,0.0
-484,TĐ Huội Quảng,2024-10-08 04:00:00,0.0,0.0
-484,TĐ Huội Quảng,2024-10-08 05:00:00,0.0,0.0
-484,TĐ Huội Quảng,2024-10-08 06:00:00,0.0,0.0
-484,TĐ Huội Quảng,2024-10-08 07:00:00,0.0,0.0
-484,TĐ Huội Quảng,2024-10-08 08:00:00,0.0,0.0
-484,TĐ Huội Quảng,2024-10-08 09:00:00,0.0,0.0
-484,TĐ Huội Quảng,2024-10-08 10:00:00,0.0,0.0
-484,TĐ Huội Quảng,2024-10-08 11:00:00,0.0,0.0
-484,TĐ Huội Quảng,2024-10-08 12:00:00,0.0,0.0
-484,TĐ Huội Quảng,2024-10-08 13:00:00,0.0,0.0
-484,TĐ Huội Quảng,2024-10-08 14:00:00,0.0,0.0
-484,TĐ Huội Quảng,2024-10-08 15:00:00,0.0,0.0
-484,TĐ Huội Quảng,2024-10-08 16:00:00,0.0,0.0
-484,TĐ Huội Quảng,2024-10-08 17:00:00,0.0,0.0
-484,TĐ Huội Quảng,2024-10-08 18:00:00,0.0,0.0
-484,TĐ Huội Quảng,2024-10-08 19:00:00,0.0,0.0
-484,TĐ Huội Quảng,2024-10-08 20:00:00,0.0,0.0
-484,TĐ Huội Quảng,2024-10-08 21:00:00,0.0,0.0
-484,TĐ Huội Quảng,2024-10-08 22:00:00,0.0,0.0
-484,TĐ Huội Quảng,2024-10-08 23:00:00,0.0,0.0
-484,TĐ Huội Quảng,2024-10-09 00:00:00,0.0,0.0
-484,TĐ Huội Quảng,2024-10-09 01:00:00,0.0,0.0
-484,TĐ Huội Quảng,2024-10-09 02:00:00,0.0,0.0
-484,TĐ Huội Quảng,2024-10-09 03:00:00,0.0,0.0
-484,TĐ Huội Quảng,2024-10-09 04:00:00,0.0,0.0
-484,TĐ Huội Quảng,2024-10-09 05:00:00,0.0,0.0
-484,TĐ Huội Quảng,2024-10-09 06:00:00,0.0,0.0
-484,TĐ Huội Quảng,2024-10-09 07:00:00,0.0,0.0
-484,TĐ Huội Quảng,2024-10-09 08:00:00,0.0,0.0
-484,TĐ Huội Quảng,2024-10-09 09:00:00,0.0,0.0
-484,TĐ Huội Quảng,2024-10-09 10:00:00,0.0,0.0
-484,TĐ Huội Quảng,2024-10-09 11:00:00,0.0,0.0
-484,TĐ Huội Quảng,2024-10-09 12:00:00,0.0,0.0
-484,TĐ Huội Quảng,2024-10-09 13:00:00,0.0,0.0
-484,TĐ Huội Quảng,2024-10-09 14:00:00,0.0,0.0
-484,TĐ Huội Quảng,2024-10-09 15:00:00,0.0,0.0
-484,TĐ Huội Quảng,2024-10-09 16:00:00,0.0,0.0
-484,TĐ Huội Quảng,2024-10-09 17:00:00,0.0,0.0
-484,TĐ Huội Quảng,2024-10-09 18:00:00,0.0,0.0
-484,TĐ Huội Quảng,2024-10-09 19:00:00,0.0,0.0
-484,TĐ Huội Quảng,2024-10-09 20:00:00,0.0,0.0
-484,TĐ Huội Quảng,2024-10-09 21:00:00,0.0,0.0
-484,TĐ Huội Quảng,2024-10-09 22:00:00,0.0,0.0
-484,TĐ Huội Quảng,2024-10-09 23:00:00,0.0,0.0
-484,TĐ Huội Quảng,2024-10-10 00:00:00,0.0,0.0
-484,TĐ Huội Quảng,2024-10-10 01:00:00,0.0,0.0
-484,TĐ Huội Quảng,2024-10-10 02:00:00,0.0,0.0
-484,TĐ Huội Quảng,2024-10-10 03:00:00,0.0,0.0
-484,TĐ Huội Quảng,2024-10-10 04:00:00,0.0,0.0
-484,TĐ Huội Quảng,2024-10-10 05:00:00,0.0,0.0
-484,TĐ Huội Quảng,2024-10-10 06:00:00,0.0,0.0
-484,TĐ Huội Quảng,2024-10-10 07:00:00,0.0,0.0
-484,TĐ Huội Quảng,2024-10-10 08:00:00,0.0,0.0
-484,TĐ Huội Quảng,2024-10-10 09:00:00,0.0,0.0
-484,TĐ Huội Quảng,2024-10-10 10:00:00,0.0,0.0
-484,TĐ Huội Quảng,2024-10-10 11:00:00,0.0,0.0
-484,TĐ Huội Quảng,2024-10-10 12:00:00,0.20000000298023224,0.20000000298023224
-484,TĐ Huội Quảng,2024-10-10 13:00:00,0.0,0.20000000298023224
-484,TĐ Huội Quảng,2024-10-10 14:00:00,0.0,0.20000000298023224
-484,TĐ Huội Quảng,2024-10-10 15:00:00,0.0,0.20000000298023224
-484,TĐ Huội Quảng,2024-10-10 16:00:00,0.0,0.20000000298023224
-484,TĐ Huội Quảng,2024-10-10 17:00:00,0.20000000298023224,0.4000000059604645
-484,TĐ Huội Quảng,2024-10-10 18:00:00,0.0,0.4000000059604645
-484,TĐ Huội Quảng,2024-10-10 19:00:00,0.0,0.4000000059604645
-484,TĐ Huội Quảng,2024-10-10 20:00:00,0.0,0.4000000059604645
-484,TĐ Huội Quảng,2024-10-10 21:00:00,0.0,0.4000000059604645
-484,TĐ Huội Quảng,2024-10-10 22:00:00,0.0,0.4000000059604645
-484,TĐ Huội Quảng,2024-10-10 23:00:00,0.0,0.4000000059604645
-484,TĐ Huội Quảng,2024-10-11 00:00:00,0.0,0.0
-484,TĐ Huội Quảng,2024-10-11 01:00:00,0.0,0.0
-484,TĐ Huội Quảng,2024-10-11 02:00:00,0.0,0.0
-484,TĐ Huội Quảng,2024-10-11 03:00:00,0.0,0.0
-484,TĐ Huội Quảng,2024-10-11 04:00:00,0.0,0.0
-484,TĐ Huội Quảng,2024-10-11 05:00:00,0.0,0.0
-484,TĐ Huội Quảng,2024-10-11 06:00:00,0.0,0.0
-484,TĐ Huội Quảng,2024-10-11 07:00:00,0.0,0.0
-484,TĐ Huội Quảng,2024-10-11 08:00:00,0.0,0.0
-484,TĐ Huội Quảng,2024-10-11 09:00:00,0.0,0.0
-484,TĐ Huội Quảng,2024-10-11 10:00:00,0.0,0.0
-484,TĐ Huội Quảng,2024-10-11 11:00:00,0.0,0.0
-484,TĐ Huội Quảng,2024-10-11 12:00:00,0.0,0.0
-484,TĐ Huội Quảng,2024-10-11 13:00:00,0.0,0.0
-484,TĐ Huội Quảng,2024-10-11 14:00:00,0.0,0.0
-484,TĐ Huội Quảng,2024-10-11 15:00:00,0.0,0.0
-484,TĐ Huội Quảng,2024-10-11 16:00:00,0.0,0.0
-484,TĐ Huội Quảng,2024-10-11 17:00:00,0.0,0.0
-484,TĐ Huội Quảng,2024-10-11 18:00:00,0.0,0.0
-484,TĐ Huội Quảng,2024-10-11 19:00:00,0.0,0.0
-484,TĐ Huội Quảng,2024-10-11 20:00:00,0.0,0.0
-484,TĐ Huội Quảng,2024-10-11 21:00:00,0.0,0.0
-484,TĐ Huội Quảng,2024-10-11 22:00:00,0.0,0.0
-484,TĐ Huội Quảng,2024-10-11 23:00:00,0.0,0.0
-484,TĐ Huội Quảng,2024-10-12 00:00:00,0.0,0.0
-484,TĐ Huội Quảng,2024-10-12 01:00:00,0.0,0.0
-484,TĐ Huội Quảng,2024-10-12 02:00:00,0.0,0.0
-484,TĐ Huội Quảng,2024-10-12 03:00:00,0.0,0.0
-484,TĐ Huội Quảng,2024-10-12 04:00:00,0.0,0.0
-484,TĐ Huội Quảng,2024-10-12 05:00:00,0.0,0.0
-484,TĐ Huội Quảng,2024-10-12 06:00:00,0.0,0.0
-484,TĐ Huội Quảng,2024-10-12 07:00:00,0.0,0.0
-484,TĐ Huội Quảng,2024-10-12 08:00:00,0.0,0.0
-484,TĐ Huội Quảng,2024-10-12 09:00:00,0.0,0.0
-484,TĐ Huội Quảng,2024-10-12 10:00:00,0.0,0.0
-484,TĐ Huội Quảng,2024-10-12 11:00:00,0.0,0.0
-484,TĐ Huội Quảng,2024-10-12 12:00:00,0.0,0.0
-484,TĐ Huội Quảng,2024-10-12 13:00:00,0.0,0.0
-484,TĐ Huội Quảng,2024-10-12 14:00:00,0.0,0.0
-484,TĐ Huội Quảng,2024-10-12 15:00:00,0.0,0.0
-484,TĐ Huội Quảng,2024-10-12 16:00:00,0.0,0.0
-484,TĐ Huội Quảng,2024-10-12 17:00:00,0.0,0.0
-484,TĐ Huội Quảng,2024-10-12 18:00:00,0.0,0.0
-484,TĐ Huội Quảng,2024-10-12 19:00:00,0.0,0.0
-484,TĐ Huội Quảng,2024-10-12 20:00:00,0.0,0.0
-484,TĐ Huội Quảng,2024-10-12 21:00:00,0.0,0.0
-484,TĐ Huội Quảng,2024-10-12 22:00:00,0.0,0.0
-484,TĐ Huội Quảng,2024-10-12 23:00:00,0.0,0.0
-484,TĐ Huội Quảng,2024-10-13 00:00:00,0.0,0.0
-484,TĐ Huội Quảng,2024-10-13 01:00:00,0.0,0.0
-484,TĐ Huội Quảng,2024-10-13 02:00:00,0.0,0.0
-484,TĐ Huội Quảng,2024-10-13 03:00:00,0.0,0.0
-484,TĐ Huội Quảng,2024-10-13 04:00:00,0.0,0.0
-484,TĐ Huội Quảng,2024-10-13 05:00:00,0.0,0.0
-484,TĐ Huội Quảng,2024-10-13 06:00:00,0.0,0.0
-484,TĐ Huội Quảng,2024-10-13 07:00:00,0.0,0.0
-484,TĐ Huội Quảng,2024-10-13 08:00:00,0.0,0.0
-484,TĐ Huội Quảng,2024-10-13 09:00:00,0.0,0.0
-484,TĐ Huội Quảng,2024-10-13 10:00:00,0.0,0.0
-484,TĐ Huội Quảng,2024-10-13 11:00:00,0.0,0.0
-484,TĐ Huội Quảng,2024-10-13 12:00:00,0.0,0.0
-484,TĐ Huội Quảng,2024-10-13 13:00:00,0.0,0.0
-484,TĐ Huội Quảng,2024-10-13 14:00:00,0.0,0.0
-484,TĐ Huội Quảng,2024-10-13 15:00:00,0.0,0.0
-484,TĐ Huội Quảng,2024-10-13 16:00:00,0.0,0.0
-484,TĐ Huội Quảng,2024-10-13 17:00:00,0.0,0.0
-484,TĐ Huội Quảng,2024-10-13 18:00:00,0.0,0.0
-484,TĐ Huội Quảng,2024-10-13 19:00:00,0.0,0.0
-484,TĐ Huội Quảng,2024-10-13 20:00:00,,0.0
-484,TĐ Huội Quảng,2024-10-13 21:00:00,0.0,0.0
-484,TĐ Huội Quảng,2024-10-13 22:00:00,0.0,0.0
-484,TĐ Huội Quảng,2024-10-13 23:00:00,0.0,0.0
-484,TĐ Huội Quảng,2024-10-14 00:00:00,0.0,0.0
-484,TĐ Huội Quảng,2024-10-14 01:00:00,0.0,0.0
-484,TĐ Huội Quảng,2024-10-14 02:00:00,0.0,0.0
-484,TĐ Huội Quảng,2024-10-14 03:00:00,0.0,0.0
-484,TĐ Huội Quảng,2024-10-14 04:00:00,0.0,0.0
-484,TĐ Huội Quảng,2024-10-14 05:00:00,0.0,0.0
-484,TĐ Huội Quảng,2024-10-14 06:00:00,0.0,0.0
-484,TĐ Huội Quảng,2024-10-14 07:00:00,0.0,0.0
-484,TĐ Huội Quảng,2024-10-14 08:00:00,0.0,0.0
-484,TĐ Huội Quảng,2024-10-14 09:00:00,0.0,0.0
-484,TĐ Huội Quảng,2024-10-14 10:00:00,0.0,0.0
-484,TĐ Huội Quảng,2024-10-14 11:00:00,0.0,0.0
-484,TĐ Huội Quảng,2024-10-14 12:00:00,0.0,0.0
-484,TĐ Huội Quảng,2024-10-14 13:00:00,0.0,0.0
-484,TĐ Huội Quảng,2024-10-14 14:00:00,0.0,0.0
-484,TĐ Huội Quảng,2024-10-14 15:00:00,0.0,0.0
-484,TĐ Huội Quảng,2024-10-14 16:00:00,0.0,0.0
-484,TĐ Huội Quảng,2024-10-14 17:00:00,0.0,0.0
-484,TĐ Huội Quảng,2024-10-14 18:00:00,0.0,0.0
-484,TĐ Huội Quảng,2024-10-14 19:00:00,0.0,0.0
-484,TĐ Huội Quảng,2024-10-14 20:00:00,0.0,0.0
-484,TĐ Huội Quảng,2024-10-14 21:00:00,0.0,0.0
-484,TĐ Huội Quảng,2024-10-14 22:00:00,0.0,0.0
-484,TĐ Huội Quảng,2024-10-14 23:00:00,0.0,0.0
-484,TĐ Huội Quảng,2024-10-15 00:00:00,0.0,0.0
-484,TĐ Huội Quảng,2024-10-15 01:00:00,0.0,0.0
-484,TĐ Huội Quảng,2024-10-15 02:00:00,0.0,0.0
-484,TĐ Huội Quảng,2024-10-15 03:00:00,0.0,0.0
-484,TĐ Huội Quảng,2024-10-15 04:00:00,0.0,0.0
-484,TĐ Huội Quảng,2024-10-15 05:00:00,0.0,0.0
-484,TĐ Huội Quảng,2024-10-15 06:00:00,0.0,0.0
-484,TĐ Huội Quảng,2024-10-15 07:00:00,0.0,0.0
-484,TĐ Huội Quảng,2024-10-15 08:00:00,0.0,0.0
-484,TĐ Huội Quảng,2024-10-15 09:00:00,0.0,0.0
-484,TĐ Huội Quảng,2024-10-15 10:00:00,0.0,0.0
-484,TĐ Huội Quảng,2024-10-15 11:00:00,0.0,0.0
-484,TĐ Huội Quảng,2024-10-15 12:00:00,0.0,0.0
-484,TĐ Huội Quảng,2024-10-15 13:00:00,0.0,0.0
-484,TĐ Huội Quảng,2024-10-15 14:00:00,0.0,0.0
-484,TĐ Huội Quảng,2024-10-15 15:00:00,0.0,0.0
-484,TĐ Huội Quảng,2024-10-15 16:00:00,0.0,0.0
-484,TĐ Huội Quảng,2024-10-15 17:00:00,0.0,0.0
-484,TĐ Huội Quảng,2024-10-15 18:00:00,0.0,0.0
-484,TĐ Huội Quảng,2024-10-15 19:00:00,0.0,0.0
-484,TĐ Huội Quảng,2024-10-15 20:00:00,0.0,0.0
-484,TĐ Huội Quảng,2024-10-15 21:00:00,0.0,0.0
-484,TĐ Huội Quảng,2024-10-15 22:00:00,0.0,0.0
-484,TĐ Huội Quảng,2024-10-15 23:00:00,0.0,0.0
-484,TĐ Huội Quảng,2024-10-16 00:00:00,0.0,0.0
-484,TĐ Huội Quảng,2024-10-16 01:00:00,0.0,0.0
-484,TĐ Huội Quảng,2024-10-16 02:00:00,0.0,0.0
-484,TĐ Huội Quảng,2024-10-16 03:00:00,0.0,0.0
-484,TĐ Huội Quảng,2024-10-16 04:00:00,0.0,0.0
-484,TĐ Huội Quảng,2024-10-16 05:00:00,0.0,0.0
-484,TĐ Huội Quảng,2024-10-16 06:00:00,0.0,0.0
-484,TĐ Huội Quảng,2024-10-16 07:00:00,0.0,0.0
-484,TĐ Huội Quảng,2024-10-16 08:00:00,0.0,0.0
-484,TĐ Huội Quảng,2024-10-16 09:00:00,0.0,0.0
-484,TĐ Huội Quảng,2024-10-16 10:00:00,0.0,0.0
-484,TĐ Huội Quảng,2024-10-16 11:00:00,0.0,0.0
-484,TĐ Huội Quảng,2024-10-16 12:00:00,0.0,0.0
-484,TĐ Huội Quảng,2024-10-16 13:00:00,0.0,0.0
-484,TĐ Huội Quảng,2024-10-16 14:00:00,0.0,0.0
-484,TĐ Huội Quảng,2024-10-16 15:00:00,0.0,0.0
-484,TĐ Huội Quảng,2024-10-16 16:00:00,0.0,0.0
-484,TĐ Huội Quảng,2024-10-16 17:00:00,0.0,0.0
-484,TĐ Huội Quảng,2024-10-16 18:00:00,0.0,0.0
-484,TĐ Huội Quảng,2024-10-16 19:00:00,0.0,0.0
-484,TĐ Huội Quảng,2024-10-16 20:00:00,0.0,0.0
-484,TĐ Huội Quảng,2024-10-16 21:00:00,0.0,0.0
-484,TĐ Huội Quảng,2024-10-16 22:00:00,0.0,0.0
-484,TĐ Huội Quảng,2024-10-16 23:00:00,0.0,0.0
-484,TĐ Huội Quảng,2024-10-17 00:00:00,0.0,0.0
-484,TĐ Huội Quảng,2024-10-17 01:00:00,0.0,0.0
-484,TĐ Huội Quảng,2024-10-17 02:00:00,0.0,0.0
-484,TĐ Huội Quảng,2024-10-17 03:00:00,0.0,0.0
-484,TĐ Huội Quảng,2024-10-17 04:00:00,0.0,0.0
-484,TĐ Huội Quảng,2024-10-17 05:00:00,0.0,0.0
-484,TĐ Huội Quảng,2024-10-17 06:00:00,0.0,0.0
-484,TĐ Huội Quảng,2024-10-17 07:00:00,0.0,0.0
-484,TĐ Huội Quảng,2024-10-17 08:00:00,0.0,0.0
-484,TĐ Huội Quảng,2024-10-17 09:00:00,0.0,0.0
-484,TĐ Huội Quảng,2024-10-17 10:00:00,0.0,0.0
-484,TĐ Huội Quảng,2024-10-17 11:00:00,0.0,0.0
-484,TĐ Huội Quảng,2024-10-17 12:00:00,0.0,0.0
-484,TĐ Huội Quảng,2024-10-17 13:00:00,0.0,0.0
-484,TĐ Huội Quảng,2024-10-17 14:00:00,0.0,0.0
-484,TĐ Huội Quảng,2024-10-17 15:00:00,0.0,0.0
-484,TĐ Huội Quảng,2024-10-17 16:00:00,0.0,0.0
-484,TĐ Huội Quảng,2024-10-17 17:00:00,0.0,0.0
-484,TĐ Huội Quảng,2024-10-17 18:00:00,0.0,0.0
-484,TĐ Huội Quảng,2024-10-17 19:00:00,0.0,0.0
-484,TĐ Huội Quảng,2024-10-17 20:00:00,0.0,0.0
-484,TĐ Huội Quảng,2024-10-17 21:00:00,0.0,0.0
-484,TĐ Huội Quảng,2024-10-17 22:00:00,0.0,0.0
-484,TĐ Huội Quảng,2024-10-17 23:00:00,,0.0
-484,TĐ Huội Quảng,2024-10-18 00:00:00,0.0,0.0
-484,TĐ Huội Quảng,2024-10-18 01:00:00,,0.0
-484,TĐ Huội Quảng,2024-10-18 02:00:00,0.0,0.0
-484,TĐ Huội Quảng,2024-10-18 03:00:00,0.0,0.0
-484,TĐ Huội Quảng,2024-10-18 04:00:00,0.0,0.0
-484,TĐ Huội Quảng,2024-10-18 05:00:00,0.0,0.0
-484,TĐ Huội Quảng,2024-10-18 06:00:00,0.0,0.0
-484,TĐ Huội Quảng,2024-10-18 07:00:00,0.0,0.0
-484,TĐ Huội Quảng,2024-10-18 08:00:00,0.0,0.0
-484,TĐ Huội Quảng,2024-10-18 09:00:00,0.0,0.0
-484,TĐ Huội Quảng,2024-10-18 10:00:00,0.0,0.0
-484,TĐ Huội Quảng,2024-10-18 11:00:00,0.0,0.0
-484,TĐ Huội Quảng,2024-10-18 12:00:00,0.0,0.0
-484,TĐ Huội Quảng,2024-10-18 13:00:00,0.0,0.0
-484,TĐ Huội Quảng,2024-10-18 14:00:00,0.0,0.0
-484,TĐ Huội Quảng,2024-10-18 15:00:00,0.0,0.0
-484,TĐ Huội Quảng,2024-10-18 16:00:00,0.0,0.0
-484,TĐ Huội Quảng,2024-10-18 17:00:00,0.0,0.0
-484,TĐ Huội Quảng,2024-10-18 18:00:00,0.0,0.0
-484,TĐ Huội Quảng,2024-10-18 19:00:00,0.0,0.0
-484,TĐ Huội Quảng,2024-10-18 20:00:00,0.0,0.0
-484,TĐ Huội Quảng,2024-10-18 21:00:00,0.0,0.0
-484,TĐ Huội Quảng,2024-10-18 22:00:00,0.0,0.0
-484,TĐ Huội Quảng,2024-10-18 23:00:00,0.0,0.0
-484,TĐ Huội Quảng,2024-10-19 00:00:00,0.0,0.0
-484,TĐ Huội Quảng,2024-10-19 01:00:00,0.0,0.0
-484,TĐ Huội Quảng,2024-10-19 02:00:00,0.0,0.0
-484,TĐ Huội Quảng,2024-10-19 03:00:00,0.0,0.0
-484,TĐ Huội Quảng,2024-10-19 04:00:00,0.0,0.0
-484,TĐ Huội Quảng,2024-10-19 05:00:00,0.0,0.0
-484,TĐ Huội Quảng,2024-10-19 06:00:00,0.0,0.0
-484,TĐ Huội Quảng,2024-10-19 07:00:00,0.0,0.0
-484,TĐ Huội Quảng,2024-10-19 08:00:00,0.0,0.0
-484,TĐ Huội Quảng,2024-10-19 09:00:00,0.0,0.0
-484,TĐ Huội Quảng,2024-10-19 10:00:00,0.0,0.0
-484,TĐ Huội Quảng,2024-10-19 11:00:00,0.0,0.0
-484,TĐ Huội Quảng,2024-10-19 12:00:00,0.0,0.0
-484,TĐ Huội Quảng,2024-10-19 13:00:00,0.0,0.0
-484,TĐ Huội Quảng,2024-10-19 14:00:00,0.0,0.0
-484,TĐ Huội Quảng,2024-10-19 15:00:00,0.0,0.0
-484,TĐ Huội Quảng,2024-10-19 16:00:00,0.0,0.0
-484,TĐ Huội Quảng,2024-10-19 17:00:00,0.0,0.0
-484,TĐ Huội Quảng,2024-10-19 18:00:00,0.0,0.0
-484,TĐ Huội Quảng,2024-10-19 19:00:00,0.0,0.0
-484,TĐ Huội Quảng,2024-10-19 20:00:00,0.0,0.0
-484,TĐ Huội Quảng,2024-10-19 21:00:00,0.0,0.0
-484,TĐ Huội Quảng,2024-10-19 22:00:00,0.0,0.0
-484,TĐ Huội Quảng,2024-10-19 23:00:00,0.0,0.0
-484,TĐ Huội Quảng,2024-10-20 00:00:00,0.0,0.0
-484,TĐ Huội Quảng,2024-10-20 01:00:00,0.0,0.0
-484,TĐ Huội Quảng,2024-10-20 02:00:00,0.0,0.0
-484,TĐ Huội Quảng,2024-10-20 03:00:00,0.0,0.0
-484,TĐ Huội Quảng,2024-10-20 04:00:00,0.0,0.0
-484,TĐ Huội Quảng,2024-10-20 05:00:00,0.0,0.0
-484,TĐ Huội Quảng,2024-10-20 06:00:00,0.0,0.0
-484,TĐ Huội Quảng,2024-10-20 07:00:00,0.0,0.0
-484,TĐ Huội Quảng,2024-10-20 08:00:00,0.0,0.0
-484,TĐ Huội Quảng,2024-10-20 09:00:00,0.0,0.0
-484,TĐ Huội Quảng,2024-10-20 10:00:00,0.0,0.0
-484,TĐ Huội Quảng,2024-10-20 11:00:00,0.0,0.0
-484,TĐ Huội Quảng,2024-10-20 12:00:00,0.0,0.0
-484,TĐ Huội Quảng,2024-10-20 13:00:00,0.0,0.0
-484,TĐ Huội Quảng,2024-10-20 14:00:00,0.0,0.0
-484,TĐ Huội Quảng,2024-10-20 15:00:00,0.0,0.0
-484,TĐ Huội Quảng,2024-10-20 16:00:00,0.0,0.0
-484,TĐ Huội Quảng,2024-10-20 17:00:00,0.0,0.0
-484,TĐ Huội Quảng,2024-10-20 18:00:00,0.0,0.0
-484,TĐ Huội Quảng,2024-10-20 19:00:00,0.0,0.0
-484,TĐ Huội Quảng,2024-10-20 20:00:00,0.0,0.0
-484,TĐ Huội Quảng,2024-10-20 21:00:00,0.0,0.0
-484,TĐ Huội Quảng,2024-10-20 22:00:00,0.0,0.0
-484,TĐ Huội Quảng,2024-10-20 23:00:00,0.0,0.0
-484,TĐ Huội Quảng,2024-10-21 00:00:00,0.0,0.0
-484,TĐ Huội Quảng,2024-10-21 01:00:00,0.0,0.0
-484,TĐ Huội Quảng,2024-10-21 02:00:00,0.0,0.0
-484,TĐ Huội Quảng,2024-10-21 03:00:00,0.0,0.0
-484,TĐ Huội Quảng,2024-10-21 04:00:00,0.0,0.0
-484,TĐ Huội Quảng,2024-10-21 05:00:00,0.0,0.0
-484,TĐ Huội Quảng,2024-10-21 06:00:00,0.0,0.0
-484,TĐ Huội Quảng,2024-10-21 07:00:00,0.0,0.0
-484,TĐ Huội Quảng,2024-10-21 08:00:00,0.0,0.0
-484,TĐ Huội Quảng,2024-10-21 09:00:00,0.0,0.0
-484,TĐ Huội Quảng,2024-10-21 10:00:00,0.0,0.0
-484,TĐ Huội Quảng,2024-10-21 11:00:00,0.0,0.0
-484,TĐ Huội Quảng,2024-10-21 12:00:00,0.0,0.0
-484,TĐ Huội Quảng,2024-10-21 13:00:00,0.0,0.0
-484,TĐ Huội Quảng,2024-10-21 14:00:00,0.0,0.0
-484,TĐ Huội Quảng,2024-10-21 15:00:00,0.0,0.0
-484,TĐ Huội Quảng,2024-10-21 16:00:00,0.0,0.0
-484,TĐ Huội Quảng,2024-10-21 17:00:00,0.0,0.0
-484,TĐ Huội Quảng,2024-10-21 18:00:00,0.0,0.0
-484,TĐ Huội Quảng,2024-10-21 19:00:00,0.0,0.0
-484,TĐ Huội Quảng,2024-10-21 20:00:00,0.0,0.0
-484,TĐ Huội Quảng,2024-10-21 21:00:00,0.0,0.0
-484,TĐ Huội Quảng,2024-10-21 22:00:00,0.0,0.0
-484,TĐ Huội Quảng,2024-10-21 23:00:00,0.0,0.0
-484,TĐ Huội Quảng,2024-10-22 00:00:00,0.0,0.0
-484,TĐ Huội Quảng,2024-10-22 01:00:00,0.0,0.0
-484,TĐ Huội Quảng,2024-10-22 02:00:00,0.0,0.0
-484,TĐ Huội Quảng,2024-10-22 03:00:00,0.0,0.0
-484,TĐ Huội Quảng,2024-10-22 04:00:00,0.0,0.0
-484,TĐ Huội Quảng,2024-10-22 05:00:00,0.0,0.0
-484,TĐ Huội Quảng,2024-10-22 06:00:00,0.0,0.0
-484,TĐ Huội Quảng,2024-10-22 07:00:00,0.0,0.0
-484,TĐ Huội Quảng,2024-10-22 08:00:00,0.0,0.0
-484,TĐ Huội Quảng,2024-10-22 09:00:00,0.0,0.0
-484,TĐ Huội Quảng,2024-10-22 10:00:00,0.0,0.0
-484,TĐ Huội Quảng,2024-10-22 11:00:00,0.0,0.0
-484,TĐ Huội Quảng,2024-10-22 12:00:00,0.0,0.0
-484,TĐ Huội Quảng,2024-10-22 13:00:00,0.0,0.0
-484,TĐ Huội Quảng,2024-10-22 14:00:00,0.0,0.0
-484,TĐ Huội Quảng,2024-10-22 15:00:00,0.0,0.0
-484,TĐ Huội Quảng,2024-10-22 16:00:00,0.0,0.0
-484,TĐ Huội Quảng,2024-10-22 17:00:00,0.0,0.0
-484,TĐ Huội Quảng,2024-10-22 18:00:00,0.0,0.0
-484,TĐ Huội Quảng,2024-10-22 19:00:00,0.0,0.0
-484,TĐ Huội Quảng,2024-10-22 20:00:00,0.0,0.0
-484,TĐ Huội Quảng,2024-10-22 21:00:00,0.0,0.0
-484,TĐ Huội Quảng,2024-10-22 22:00:00,0.0,0.0
-484,TĐ Huội Quảng,2024-10-22 23:00:00,0.0,0.0
-484,TĐ Huội Quảng,2024-10-23 00:00:00,0.0,0.0
-484,TĐ Huội Quảng,2024-10-23 01:00:00,0.0,0.0
-484,TĐ Huội Quảng,2024-10-23 02:00:00,0.0,0.0
-484,TĐ Huội Quảng,2024-10-23 03:00:00,0.0,0.0
-484,TĐ Huội Quảng,2024-10-23 04:00:00,0.0,0.0
-484,TĐ Huội Quảng,2024-10-23 05:00:00,0.0,0.0
-484,TĐ Huội Quảng,2024-10-23 06:00:00,0.0,0.0
-484,TĐ Huội Quảng,2024-10-23 07:00:00,0.0,0.0
-484,TĐ Huội Quảng,2024-10-23 08:00:00,0.0,0.0
-484,TĐ Huội Quảng,2024-10-23 09:00:00,0.0,0.0
-484,TĐ Huội Quảng,2024-10-23 10:00:00,0.0,0.0
-484,TĐ Huội Quảng,2024-10-23 11:00:00,0.0,0.0
-484,TĐ Huội Quảng,2024-10-23 12:00:00,0.0,0.0
-484,TĐ Huội Quảng,2024-10-23 13:00:00,0.0,0.0
-484,TĐ Huội Quảng,2024-10-23 14:00:00,0.0,0.0
-484,TĐ Huội Quảng,2024-10-23 15:00:00,0.0,0.0
-484,TĐ Huội Quảng,2024-10-23 16:00:00,0.0,0.0
-484,TĐ Huội Quảng,2024-10-23 17:00:00,0.0,0.0
-484,TĐ Huội Quảng,2024-10-23 18:00:00,0.0,0.0
-484,TĐ Huội Quảng,2024-10-23 19:00:00,0.0,0.0
-484,TĐ Huội Quảng,2024-10-23 20:00:00,0.0,0.0
-484,TĐ Huội Quảng,2024-10-23 21:00:00,0.0,0.0
-484,TĐ Huội Quảng,2024-10-23 22:00:00,0.0,0.0
-484,TĐ Huội Quảng,2024-10-23 23:00:00,0.0,0.0
-484,TĐ Huội Quảng,2024-10-24 00:00:00,0.0,0.0
-484,TĐ Huội Quảng,2024-10-24 01:00:00,0.0,0.0
-484,TĐ Huội Quảng,2024-10-24 02:00:00,0.0,0.0
-484,TĐ Huội Quảng,2024-10-24 03:00:00,0.0,0.0
-484,TĐ Huội Quảng,2024-10-24 04:00:00,0.0,0.0
-484,TĐ Huội Quảng,2024-10-24 05:00:00,0.0,0.0
-484,TĐ Huội Quảng,2024-10-24 06:00:00,0.0,0.0
-484,TĐ Huội Quảng,2024-10-24 07:00:00,0.0,0.0
-484,TĐ Huội Quảng,2024-10-24 08:00:00,0.0,0.0
-484,TĐ Huội Quảng,2024-10-24 09:00:00,0.0,0.0
-484,TĐ Huội Quảng,2024-10-24 10:00:00,0.0,0.0
-484,TĐ Huội Quảng,2024-10-24 11:00:00,0.0,0.0
-484,TĐ Huội Quảng,2024-10-24 12:00:00,0.0,0.0
-484,TĐ Huội Quảng,2024-10-24 13:00:00,0.0,0.0
-484,TĐ Huội Quảng,2024-10-24 14:00:00,0.0,0.0
-484,TĐ Huội Quảng,2024-10-24 15:00:00,0.0,0.0
-484,TĐ Huội Quảng,2024-10-24 16:00:00,0.0,0.0
-484,TĐ Huội Quảng,2024-10-24 17:00:00,0.0,0.0
-484,TĐ Huội Quảng,2024-10-24 18:00:00,0.0,0.0
-484,TĐ Huội Quảng,2024-10-24 19:00:00,0.0,0.0
-484,TĐ Huội Quảng,2024-10-24 20:00:00,0.0,0.0
-484,TĐ Huội Quảng,2024-10-24 21:00:00,0.0,0.0
-484,TĐ Huội Quảng,2024-10-24 22:00:00,0.0,0.0
-484,TĐ Huội Quảng,2024-10-24 23:00:00,0.0,0.0
-484,TĐ Huội Quảng,2024-10-25 00:00:00,0.0,0.0
-484,TĐ Huội Quảng,2024-10-25 01:00:00,0.0,0.0
-484,TĐ Huội Quảng,2024-10-25 02:00:00,0.0,0.0
-484,TĐ Huội Quảng,2024-10-25 03:00:00,0.0,0.0
-484,TĐ Huội Quảng,2024-10-25 04:00:00,0.0,0.0
-484,TĐ Huội Quảng,2024-10-25 05:00:00,0.0,0.0
-484,TĐ Huội Quảng,2024-10-25 06:00:00,0.0,0.0
-484,TĐ Huội Quảng,2024-10-25 07:00:00,0.0,0.0
-484,TĐ Huội Quảng,2024-10-25 08:00:00,0.0,0.0
-484,TĐ Huội Quảng,2024-10-25 09:00:00,0.0,0.0
-484,TĐ Huội Quảng,2024-10-25 10:00:00,0.0,0.0
-484,TĐ Huội Quảng,2024-10-25 11:00:00,0.0,0.0
-484,TĐ Huội Quảng,2024-10-25 12:00:00,0.0,0.0
-484,TĐ Huội Quảng,2024-10-25 13:00:00,0.0,0.0
-484,TĐ Huội Quảng,2024-10-25 14:00:00,0.0,0.0
-484,TĐ Huội Quảng,2024-10-25 15:00:00,0.20000000298023224,0.20000000298023224
-484,TĐ Huội Quảng,2024-10-25 16:00:00,0.0,0.20000000298023224
-484,TĐ Huội Quảng,2024-10-25 17:00:00,0.0,0.20000000298023224
-484,TĐ Huội Quảng,2024-10-25 18:00:00,0.0,0.20000000298023224
-484,TĐ Huội Quảng,2024-10-25 19:00:00,0.0,0.20000000298023224
-484,TĐ Huội Quảng,2024-10-25 20:00:00,0.0,0.20000000298023224
-484,TĐ Huội Quảng,2024-10-25 21:00:00,0.0,0.20000000298023224
-484,TĐ Huội Quảng,2024-10-25 22:00:00,0.0,0.20000000298023224
-484,TĐ Huội Quảng,2024-10-25 23:00:00,0.0,0.20000000298023224
-484,TĐ Huội Quảng,2024-10-26 00:00:00,0.0,0.0
-484,TĐ Huội Quảng,2024-10-26 01:00:00,0.0,0.0
-484,TĐ Huội Quảng,2024-10-26 02:00:00,0.0,0.0
-484,TĐ Huội Quảng,2024-10-26 03:00:00,0.0,0.0
-484,TĐ Huội Quảng,2024-10-26 04:00:00,0.0,0.0
-484,TĐ Huội Quảng,2024-10-26 05:00:00,0.0,0.0
-484,TĐ Huội Quảng,2024-10-26 06:00:00,0.0,0.0
-484,TĐ Huội Quảng,2024-10-26 07:00:00,0.0,0.0
-484,TĐ Huội Quảng,2024-10-26 08:00:00,0.0,0.0
-484,TĐ Huội Quảng,2024-10-26 09:00:00,0.0,0.0
-484,TĐ Huội Quảng,2024-10-26 10:00:00,0.0,0.0
-484,TĐ Huội Quảng,2024-10-26 11:00:00,0.0,0.0
-484,TĐ Huội Quảng,2024-10-26 12:00:00,0.0,0.0
-484,TĐ Huội Quảng,2024-10-26 13:00:00,0.0,0.0
-484,TĐ Huội Quảng,2024-10-26 14:00:00,0.0,0.0
-484,TĐ Huội Quảng,2024-10-26 15:00:00,0.0,0.0
-484,TĐ Huội Quảng,2024-10-26 16:00:00,0.0,0.0
-484,TĐ Huội Quảng,2024-10-26 17:00:00,0.0,0.0
-484,TĐ Huội Quảng,2024-10-26 18:00:00,0.0,0.0
-484,TĐ Huội Quảng,2024-10-26 19:00:00,0.0,0.0
-484,TĐ Huội Quảng,2024-10-26 20:00:00,0.0,0.0
-484,TĐ Huội Quảng,2024-10-26 21:00:00,0.0,0.0
-484,TĐ Huội Quảng,2024-10-26 22:00:00,0.0,0.0
-484,TĐ Huội Quảng,2024-10-26 23:00:00,0.0,0.0
-484,TĐ Huội Quảng,2024-10-27 00:00:00,0.0,0.0
-484,TĐ Huội Quảng,2024-10-27 01:00:00,0.0,0.0
-484,TĐ Huội Quảng,2024-10-27 02:00:00,0.0,0.0
-484,TĐ Huội Quảng,2024-10-27 03:00:00,0.0,0.0
-484,TĐ Huội Quảng,2024-10-27 04:00:00,0.0,0.0
-484,TĐ Huội Quảng,2024-10-27 05:00:00,0.0,0.0
-484,TĐ Huội Quảng,2024-10-27 06:00:00,0.0,0.0
-484,TĐ Huội Quảng,2024-10-27 07:00:00,0.0,0.0
-484,TĐ Huội Quảng,2024-10-27 08:00:00,0.0,0.0
-484,TĐ Huội Quảng,2024-10-27 09:00:00,0.0,0.0
-484,TĐ Huội Quảng,2024-10-27 10:00:00,,0.0
-484,TĐ Huội Quảng,2024-10-27 11:00:00,0.0,0.0
-484,TĐ Huội Quảng,2024-10-27 12:00:00,0.0,0.0
-484,TĐ Huội Quảng,2024-10-27 13:00:00,0.0,0.0
-484,TĐ Huội Quảng,2024-10-27 14:00:00,0.0,0.0
-484,TĐ Huội Quảng,2024-10-27 15:00:00,0.0,0.0
-484,TĐ Huội Quảng,2024-10-27 16:00:00,0.0,0.0
-484,TĐ Huội Quảng,2024-10-27 17:00:00,0.0,0.0
-484,TĐ Huội Quảng,2024-10-27 18:00:00,0.0,0.0
-484,TĐ Huội Quảng,2024-10-27 19:00:00,0.0,0.0
-484,TĐ Huội Quảng,2024-10-27 20:00:00,0.0,0.0
-484,TĐ Huội Quảng,2024-10-27 21:00:00,0.0,0.0
-484,TĐ Huội Quảng,2024-10-27 22:00:00,0.0,0.0
-484,TĐ Huội Quảng,2024-10-27 23:00:00,0.0,0.0
-484,TĐ Huội Quảng,2024-10-28 00:00:00,0.0,0.0
-484,TĐ Huội Quảng,2024-10-28 01:00:00,0.0,0.0
-484,TĐ Huội Quảng,2024-10-28 02:00:00,0.0,0.0
-484,TĐ Huội Quảng,2024-10-28 03:00:00,0.0,0.0
-484,TĐ Huội Quảng,2024-10-28 04:00:00,0.0,0.0
-484,TĐ Huội Quảng,2024-10-28 05:00:00,0.0,0.0
-484,TĐ Huội Quảng,2024-10-28 06:00:00,0.0,0.0
-484,TĐ Huội Quảng,2024-10-28 07:00:00,0.20000000298023224,0.20000000298023224
-484,TĐ Huội Quảng,2024-10-28 08:00:00,0.20000000298023224,0.4000000059604645
-484,TĐ Huội Quảng,2024-10-28 09:00:00,0.0,0.4000000059604645
-484,TĐ Huội Quảng,2024-10-28 10:00:00,0.0,0.4000000059604645
-484,TĐ Huội Quảng,2024-10-28 11:00:00,0.0,0.4000000059604645
-484,TĐ Huội Quảng,2024-10-28 12:00:00,0.0,0.4000000059604645
-484,TĐ Huội Quảng,2024-10-28 13:00:00,0.0,0.4000000059604645
-484,TĐ Huội Quảng,2024-10-28 14:00:00,0.0,0.4000000059604645
-484,TĐ Huội Quảng,2024-10-28 15:00:00,0.0,0.4000000059604645
-484,TĐ Huội Quảng,2024-10-28 16:00:00,0.0,0.4000000059604645
-484,TĐ Huội Quảng,2024-10-28 17:00:00,0.0,0.4000000059604645
-484,TĐ Huội Quảng,2024-10-28 18:00:00,0.0,0.4000000059604645
-484,TĐ Huội Quảng,2024-10-28 19:00:00,0.0,0.4000000059604645
-484,TĐ Huội Quảng,2024-10-28 20:00:00,0.0,0.4000000059604645
-484,TĐ Huội Quảng,2024-10-28 21:00:00,0.0,0.4000000059604645
-484,TĐ Huội Quảng,2024-10-28 22:00:00,0.0,0.4000000059604645
-484,TĐ Huội Quảng,2024-10-28 23:00:00,0.0,0.4000000059604645
-484,TĐ Huội Quảng,2024-10-29 00:00:00,0.0,0.0
-484,TĐ Huội Quảng,2024-10-29 01:00:00,0.0,0.0
-484,TĐ Huội Quảng,2024-10-29 02:00:00,0.0,0.0
-484,TĐ Huội Quảng,2024-10-29 03:00:00,0.0,0.0
-484,TĐ Huội Quảng,2024-10-29 04:00:00,0.0,0.0
-484,TĐ Huội Quảng,2024-10-29 05:00:00,0.0,0.0
-484,TĐ Huội Quảng,2024-10-29 06:00:00,0.0,0.0
-484,TĐ Huội Quảng,2024-10-29 07:00:00,0.0,0.0
-484,TĐ Huội Quảng,2024-10-29 08:00:00,0.0,0.0
-484,TĐ Huội Quảng,2024-10-29 09:00:00,0.0,0.0
-484,TĐ Huội Quảng,2024-10-29 10:00:00,0.0,0.0
-484,TĐ Huội Quảng,2024-10-29 11:00:00,0.20000000298023224,0.20000000298023224
-484,TĐ Huội Quảng,2024-10-29 12:00:00,0.0,0.20000000298023224
-484,TĐ Huội Quảng,2024-10-29 13:00:00,0.0,0.20000000298023224
-484,TĐ Huội Quảng,2024-10-29 14:00:00,0.0,0.20000000298023224
-484,TĐ Huội Quảng,2024-10-29 15:00:00,0.0,0.20000000298023224
-484,TĐ Huội Quảng,2024-10-29 16:00:00,,0.20000000298023224
-484,TĐ Huội Quảng,2024-10-29 17:00:00,0.0,0.20000000298023224
-484,TĐ Huội Quảng,2024-10-29 18:00:00,0.0,0.20000000298023224
-484,TĐ Huội Quảng,2024-10-29 19:00:00,0.0,0.20000000298023224
-484,TĐ Huội Quảng,2024-10-29 20:00:00,0.0,0.20000000298023224
-484,TĐ Huội Quảng,2024-10-29 21:00:00,0.0,0.20000000298023224
-484,TĐ Huội Quảng,2024-10-29 22:00:00,0.0,0.20000000298023224
-484,TĐ Huội Quảng,2024-10-29 23:00:00,0.0,0.20000000298023224
-484,TĐ Huội Quảng,2024-10-30 00:00:00,0.0,0.0
-484,TĐ Huội Quảng,2024-10-30 01:00:00,0.0,0.0
-484,TĐ Huội Quảng,2024-10-30 02:00:00,0.0,0.0
-484,TĐ Huội Quảng,2024-10-30 03:00:00,0.0,0.0
-484,TĐ Huội Quảng,2024-10-30 04:00:00,0.0,0.0
-484,TĐ Huội Quảng,2024-10-30 05:00:00,0.0,0.0
-484,TĐ Huội Quảng,2024-10-30 06:00:00,0.0,0.0
-484,TĐ Huội Quảng,2024-10-30 07:00:00,0.0,0.0
-484,TĐ Huội Quảng,2024-10-30 08:00:00,0.0,0.0
-484,TĐ Huội Quảng,2024-10-30 09:00:00,0.0,0.0
-484,TĐ Huội Quảng,2024-10-30 10:00:00,0.0,0.0
-484,TĐ Huội Quảng,2024-10-30 11:00:00,0.0,0.0
-484,TĐ Huội Quảng,2024-10-30 12:00:00,0.0,0.0
-484,TĐ Huội Quảng,2024-10-30 13:00:00,0.0,0.0
-484,TĐ Huội Quảng,2024-10-30 14:00:00,0.0,0.0
-484,TĐ Huội Quảng,2024-10-30 15:00:00,0.0,0.0
-484,TĐ Huội Quảng,2024-10-30 16:00:00,0.0,0.0
-484,TĐ Huội Quảng,2024-10-30 17:00:00,0.0,0.0
-484,TĐ Huội Quảng,2024-10-30 18:00:00,0.0,0.0
-484,TĐ Huội Quảng,2024-10-30 19:00:00,0.0,0.0
-484,TĐ Huội Quảng,2024-10-30 20:00:00,0.0,0.0
-484,TĐ Huội Quảng,2024-10-30 21:00:00,0.0,0.0
-484,TĐ Huội Quảng,2024-10-30 22:00:00,0.0,0.0
-484,TĐ Huội Quảng,2024-10-30 23:00:00,0.0,0.0
-484,TĐ Huội Quảng,2024-10-31 00:00:00,0.0,0.0
-484,TĐ Huội Quảng,2024-10-31 01:00:00,0.0,0.0
-484,TĐ Huội Quảng,2024-10-31 02:00:00,0.0,0.0
-484,TĐ Huội Quảng,2024-10-31 03:00:00,0.0,0.0
-484,TĐ Huội Quảng,2024-10-31 04:00:00,0.0,0.0
-484,TĐ Huội Quảng,2024-10-31 05:00:00,0.0,0.0
-484,TĐ Huội Quảng,2024-10-31 06:00:00,0.0,0.0
-484,TĐ Huội Quảng,2024-10-31 07:00:00,0.0,0.0
-484,TĐ Huội Quảng,2024-10-31 08:00:00,0.0,0.0
-484,TĐ Huội Quảng,2024-10-31 09:00:00,0.0,0.0
-484,TĐ Huội Quảng,2024-10-31 10:00:00,0.0,0.0
-484,TĐ Huội Quảng,2024-10-31 11:00:00,0.0,0.0
-484,TĐ Huội Quảng,2024-10-31 12:00:00,0.0,0.0
-484,TĐ Huội Quảng,2024-10-31 13:00:00,0.0,0.0
-484,TĐ Huội Quảng,2024-10-31 14:00:00,0.0,0.0
-484,TĐ Huội Quảng,2024-10-31 15:00:00,0.0,0.0
-484,TĐ Huội Quảng,2024-10-31 16:00:00,0.0,0.0
-484,TĐ Huội Quảng,2024-10-31 17:00:00,0.0,0.0
-484,TĐ Huội Quảng,2024-10-31 18:00:00,0.0,0.0
-484,TĐ Huội Quảng,2024-10-31 19:00:00,0.0,0.0
-484,TĐ Huội Quảng,2024-10-31 20:00:00,0.0,0.0
-484,TĐ Huội Quảng,2024-10-31 21:00:00,0.0,0.0
-484,TĐ Huội Quảng,2024-10-31 22:00:00,0.0,0.0
-484,TĐ Huội Quảng,2024-10-31 23:00:00,0.0,0.0
-484,TĐ Huội Quảng,2024-11-01 00:00:00,0.0,0.0
-484,TĐ Huội Quảng,2024-11-01 01:00:00,0.0,0.0
-484,TĐ Huội Quảng,2024-11-01 02:00:00,0.0,0.0
-484,TĐ Huội Quảng,2024-11-01 03:00:00,0.0,0.0
-484,TĐ Huội Quảng,2024-11-01 04:00:00,0.0,0.0
-484,TĐ Huội Quảng,2024-11-01 05:00:00,0.0,0.0
-484,TĐ Huội Quảng,2024-11-01 06:00:00,,0.0
-484,TĐ Huội Quảng,2024-11-01 07:00:00,0.0,0.0
-484,TĐ Huội Quảng,2024-11-01 08:00:00,0.0,0.0
-484,TĐ Huội Quảng,2024-11-01 09:00:00,0.0,0.0
-484,TĐ Huội Quảng,2024-11-01 10:00:00,0.0,0.0
-484,TĐ Huội Quảng,2024-11-01 11:00:00,0.0,0.0
-484,TĐ Huội Quảng,2024-11-01 12:00:00,0.0,0.0
-484,TĐ Huội Quảng,2024-11-01 13:00:00,0.0,0.0
-484,TĐ Huội Quảng,2024-11-01 14:00:00,0.0,0.0
-484,TĐ Huội Quảng,2024-11-01 15:00:00,0.0,0.0
-484,TĐ Huội Quảng,2024-11-01 16:00:00,0.0,0.0
-484,TĐ Huội Quảng,2024-11-01 17:00:00,0.0,0.0
-484,TĐ Huội Quảng,2024-11-01 18:00:00,0.0,0.0
-484,TĐ Huội Quảng,2024-11-01 19:00:00,0.0,0.0
-484,TĐ Huội Quảng,2024-11-01 20:00:00,0.0,0.0
-484,TĐ Huội Quảng,2024-11-01 21:00:00,0.0,0.0
-484,TĐ Huội Quảng,2024-11-01 22:00:00,0.0,0.0
-484,TĐ Huội Quảng,2024-11-01 23:00:00,0.0,0.0
-484,TĐ Huội Quảng,2024-11-02 00:00:00,0.0,0.0
-484,TĐ Huội Quảng,2024-11-02 01:00:00,0.0,0.0
-484,TĐ Huội Quảng,2024-11-02 02:00:00,0.0,0.0
-484,TĐ Huội Quảng,2024-11-02 03:00:00,0.0,0.0
-484,TĐ Huội Quảng,2024-11-02 04:00:00,0.0,0.0
-484,TĐ Huội Quảng,2024-11-02 05:00:00,0.0,0.0
-484,TĐ Huội Quảng,2024-11-02 06:00:00,0.0,0.0
-484,TĐ Huội Quảng,2024-11-02 07:00:00,0.0,0.0
-484,TĐ Huội Quảng,2024-11-02 08:00:00,0.0,0.0
-484,TĐ Huội Quảng,2024-11-02 09:00:00,0.0,0.0
-484,TĐ Huội Quảng,2024-11-02 10:00:00,0.0,0.0
-484,TĐ Huội Quảng,2024-11-02 11:00:00,0.0,0.0
-484,TĐ Huội Quảng,2024-11-02 12:00:00,0.0,0.0
-484,TĐ Huội Quảng,2024-11-02 13:00:00,0.0,0.0
-484,TĐ Huội Quảng,2024-11-02 14:00:00,0.0,0.0
-484,TĐ Huội Quảng,2024-11-02 15:00:00,0.0,0.0
-484,TĐ Huội Quảng,2024-11-02 16:00:00,0.0,0.0
-484,TĐ Huội Quảng,2024-11-02 17:00:00,0.0,0.0
-484,TĐ Huội Quảng,2024-11-02 18:00:00,0.0,0.0
-484,TĐ Huội Quảng,2024-11-02 19:00:00,0.0,0.0
-484,TĐ Huội Quảng,2024-11-02 20:00:00,0.0,0.0
-484,TĐ Huội Quảng,2024-11-02 21:00:00,0.0,0.0
-484,TĐ Huội Quảng,2024-11-02 22:00:00,0.0,0.0
-484,TĐ Huội Quảng,2024-11-02 23:00:00,0.0,0.0
-484,TĐ Huội Quảng,2024-11-03 00:00:00,0.0,0.0
-484,TĐ Huội Quảng,2024-11-03 01:00:00,0.0,0.0
-484,TĐ Huội Quảng,2024-11-03 02:00:00,0.0,0.0
-484,TĐ Huội Quảng,2024-11-03 03:00:00,0.0,0.0
-484,TĐ Huội Quảng,2024-11-03 04:00:00,0.0,0.0
-484,TĐ Huội Quảng,2024-11-03 05:00:00,0.0,0.0
-484,TĐ Huội Quảng,2024-11-03 06:00:00,0.0,0.0
-484,TĐ Huội Quảng,2024-11-03 07:00:00,0.0,0.0
-484,TĐ Huội Quảng,2024-11-03 08:00:00,,0.0
-484,TĐ Huội Quảng,2024-11-03 09:00:00,0.0,0.0
-484,TĐ Huội Quảng,2024-11-03 10:00:00,0.0,0.0
-484,TĐ Huội Quảng,2024-11-03 11:00:00,0.0,0.0
-484,TĐ Huội Quảng,2024-11-03 12:00:00,0.0,0.0
-484,TĐ Huội Quảng,2024-11-03 13:00:00,0.0,0.0
-484,TĐ Huội Quảng,2024-11-03 14:00:00,0.0,0.0
-484,TĐ Huội Quảng,2024-11-03 15:00:00,0.0,0.0
-484,TĐ Huội Quảng,2024-11-03 16:00:00,0.0,0.0
-484,TĐ Huội Quảng,2024-11-03 17:00:00,0.0,0.0
-484,TĐ Huội Quảng,2024-11-03 18:00:00,0.0,0.0
-484,TĐ Huội Quảng,2024-11-03 19:00:00,0.0,0.0
-484,TĐ Huội Quảng,2024-11-03 20:00:00,0.0,0.0
-484,TĐ Huội Quảng,2024-11-03 21:00:00,0.0,0.0
-484,TĐ Huội Quảng,2024-11-03 22:00:00,0.0,0.0
-484,TĐ Huội Quảng,2024-11-03 23:00:00,0.0,0.0
-484,TĐ Huội Quảng,2024-11-04 00:00:00,0.0,0.0
-484,TĐ Huội Quảng,2024-11-04 01:00:00,0.0,0.0
-484,TĐ Huội Quảng,2024-11-04 02:00:00,0.0,0.0
-484,TĐ Huội Quảng,2024-11-04 03:00:00,0.0,0.0
-484,TĐ Huội Quảng,2024-11-04 04:00:00,0.0,0.0
-484,TĐ Huội Quảng,2024-11-04 05:00:00,0.0,0.0
-484,TĐ Huội Quảng,2024-11-04 06:00:00,0.0,0.0
-484,TĐ Huội Quảng,2024-11-04 07:00:00,0.0,0.0
-484,TĐ Huội Quảng,2024-11-04 08:00:00,0.0,0.0
-484,TĐ Huội Quảng,2024-11-04 09:00:00,0.0,0.0
-484,TĐ Huội Quảng,2024-11-04 10:00:00,0.0,0.0
-484,TĐ Huội Quảng,2024-11-04 11:00:00,0.0,0.0
-484,TĐ Huội Quảng,2024-11-04 12:00:00,0.0,0.0
-484,TĐ Huội Quảng,2024-11-04 13:00:00,0.0,0.0
-484,TĐ Huội Quảng,2024-11-04 14:00:00,0.0,0.0
-484,TĐ Huội Quảng,2024-11-04 15:00:00,0.0,0.0
-484,TĐ Huội Quảng,2024-11-04 16:00:00,0.0,0.0
-484,TĐ Huội Quảng,2024-11-04 17:00:00,0.0,0.0
-484,TĐ Huội Quảng,2024-11-04 18:00:00,0.0,0.0
-484,TĐ Huội Quảng,2024-11-04 19:00:00,0.0,0.0
-484,TĐ Huội Quảng,2024-11-04 20:00:00,0.0,0.0
-484,TĐ Huội Quảng,2024-11-04 21:00:00,0.0,0.0
-484,TĐ Huội Quảng,2024-11-04 22:00:00,0.0,0.0
-484,TĐ Huội Quảng,2024-11-04 23:00:00,0.0,0.0
-484,TĐ Huội Quảng,2024-11-05 00:00:00,0.0,0.0
-484,TĐ Huội Quảng,2024-11-05 01:00:00,0.0,0.0
-484,TĐ Huội Quảng,2024-11-05 02:00:00,0.0,0.0
-484,TĐ Huội Quảng,2024-11-05 03:00:00,0.0,0.0
-484,TĐ Huội Quảng,2024-11-05 04:00:00,0.0,0.0
-484,TĐ Huội Quảng,2024-11-05 05:00:00,0.0,0.0
-484,TĐ Huội Quảng,2024-11-05 06:00:00,0.0,0.0
-484,TĐ Huội Quảng,2024-11-05 07:00:00,0.0,0.0
-484,TĐ Huội Quảng,2024-11-05 08:00:00,0.0,0.0
-484,TĐ Huội Quảng,2024-11-05 09:00:00,0.0,0.0
-484,TĐ Huội Quảng,2024-11-05 10:00:00,0.0,0.0
-484,TĐ Huội Quảng,2024-11-05 11:00:00,0.0,0.0
-484,TĐ Huội Quảng,2024-11-05 12:00:00,0.0,0.0
-484,TĐ Huội Quảng,2024-11-05 13:00:00,0.0,0.0
-484,TĐ Huội Quảng,2024-11-05 14:00:00,0.0,0.0
-484,TĐ Huội Quảng,2024-11-05 15:00:00,0.0,0.0
-484,TĐ Huội Quảng,2024-11-05 16:00:00,0.0,0.0
-484,TĐ Huội Quảng,2024-11-05 17:00:00,0.0,0.0
-484,TĐ Huội Quảng,2024-11-05 18:00:00,0.0,0.0
-484,TĐ Huội Quảng,2024-11-05 19:00:00,0.0,0.0
-484,TĐ Huội Quảng,2024-11-05 20:00:00,0.0,0.0
-484,TĐ Huội Quảng,2024-11-05 21:00:00,0.0,0.0
-484,TĐ Huội Quảng,2024-11-05 22:00:00,0.0,0.0
-484,TĐ Huội Quảng,2024-11-05 23:00:00,0.0,0.0
-484,TĐ Huội Quảng,2024-11-06 00:00:00,0.0,0.0
-484,TĐ Huội Quảng,2024-11-06 01:00:00,0.0,0.0
-484,TĐ Huội Quảng,2024-11-06 02:00:00,0.0,0.0
-484,TĐ Huội Quảng,2024-11-06 03:00:00,0.0,0.0
-484,TĐ Huội Quảng,2024-11-06 04:00:00,0.0,0.0
-484,TĐ Huội Quảng,2024-11-06 05:00:00,0.0,0.0
-484,TĐ Huội Quảng,2024-11-06 06:00:00,0.0,0.0
-484,TĐ Huội Quảng,2024-11-06 07:00:00,0.0,0.0
-484,TĐ Huội Quảng,2024-11-06 08:00:00,0.0,0.0
-484,TĐ Huội Quảng,2024-11-06 09:00:00,0.0,0.0
-484,TĐ Huội Quảng,2024-11-06 10:00:00,,0.0
-484,TĐ Huội Quảng,2024-11-06 11:00:00,,0.0
-484,TĐ Huội Quảng,2024-11-06 12:00:00,,0.0
-484,TĐ Huội Quảng,2024-11-06 13:00:00,,0.0
-484,TĐ Huội Quảng,2024-11-06 14:00:00,0.0,0.0
-484,TĐ Huội Quảng,2024-11-06 15:00:00,0.0,0.0
-484,TĐ Huội Quảng,2024-11-06 16:00:00,0.0,0.0
-484,TĐ Huội Quảng,2024-11-06 17:00:00,0.0,0.0
-484,TĐ Huội Quảng,2024-11-06 18:00:00,0.0,0.0
-484,TĐ Huội Quảng,2024-11-06 19:00:00,0.0,0.0
-484,TĐ Huội Quảng,2024-11-06 20:00:00,0.0,0.0
-484,TĐ Huội Quảng,2024-11-06 21:00:00,0.0,0.0
-484,TĐ Huội Quảng,2024-11-06 22:00:00,0.0,0.0
-484,TĐ Huội Quảng,2024-11-06 23:00:00,0.0,0.0
-484,TĐ Huội Quảng,2024-11-07 00:00:00,0.0,0.0
-484,TĐ Huội Quảng,2024-11-07 01:00:00,0.0,0.0
-484,TĐ Huội Quảng,2024-11-07 02:00:00,0.0,0.0
-484,TĐ Huội Quảng,2024-11-07 03:00:00,0.0,0.0
-484,TĐ Huội Quảng,2024-11-07 04:00:00,0.0,0.0
-484,TĐ Huội Quảng,2024-11-07 05:00:00,0.0,0.0
-484,TĐ Huội Quảng,2024-11-07 06:00:00,0.0,0.0
-484,TĐ Huội Quảng,2024-11-07 07:00:00,0.0,0.0
-484,TĐ Huội Quảng,2024-11-07 08:00:00,0.0,0.0
-484,TĐ Huội Quảng,2024-11-07 09:00:00,0.0,0.0
-484,TĐ Huội Quảng,2024-11-07 10:00:00,0.0,0.0
-484,TĐ Huội Quảng,2024-11-07 11:00:00,0.0,0.0
-484,TĐ Huội Quảng,2024-11-07 12:00:00,0.0,0.0
-484,TĐ Huội Quảng,2024-11-07 13:00:00,0.0,0.0
-484,TĐ Huội Quảng,2024-11-07 14:00:00,0.0,0.0
-484,TĐ Huội Quảng,2024-11-07 15:00:00,0.0,0.0
-484,TĐ Huội Quảng,2024-11-07 16:00:00,0.0,0.0
-484,TĐ Huội Quảng,2024-11-07 17:00:00,0.0,0.0
-484,TĐ Huội Quảng,2024-11-07 18:00:00,0.0,0.0
-484,TĐ Huội Quảng,2024-11-07 19:00:00,0.0,0.0
-484,TĐ Huội Quảng,2024-11-07 20:00:00,0.0,0.0
-484,TĐ Huội Quảng,2024-11-07 21:00:00,0.0,0.0
-484,TĐ Huội Quảng,2024-11-07 22:00:00,0.0,0.0
-484,TĐ Huội Quảng,2024-11-07 23:00:00,0.0,0.0
-484,TĐ Huội Quảng,2024-11-08 00:00:00,0.0,0.0
-484,TĐ Huội Quảng,2024-11-08 01:00:00,0.0,0.0
-484,TĐ Huội Quảng,2024-11-08 02:00:00,0.0,0.0
-484,TĐ Huội Quảng,2024-11-08 03:00:00,0.0,0.0
-484,TĐ Huội Quảng,2024-11-08 04:00:00,0.0,0.0
-484,TĐ Huội Quảng,2024-11-08 05:00:00,0.0,0.0
-484,TĐ Huội Quảng,2024-11-08 06:00:00,0.0,0.0
-484,TĐ Huội Quảng,2024-11-08 07:00:00,0.0,0.0
-484,TĐ Huội Quảng,2024-11-08 08:00:00,0.0,0.0
-484,TĐ Huội Quảng,2024-11-08 09:00:00,0.0,0.0
-484,TĐ Huội Quảng,2024-11-08 10:00:00,0.0,0.0
-484,TĐ Huội Quảng,2024-11-08 11:00:00,0.0,0.0
-484,TĐ Huội Quảng,2024-11-08 12:00:00,0.0,0.0
-484,TĐ Huội Quảng,2024-11-08 13:00:00,0.0,0.0
-484,TĐ Huội Quảng,2024-11-08 14:00:00,0.0,0.0
-484,TĐ Huội Quảng,2024-11-08 15:00:00,0.0,0.0
-484,TĐ Huội Quảng,2024-11-08 16:00:00,0.0,0.0
-484,TĐ Huội Quảng,2024-11-08 17:00:00,0.0,0.0
-484,TĐ Huội Quảng,2024-11-08 18:00:00,0.0,0.0
-484,TĐ Huội Quảng,2024-11-08 19:00:00,0.0,0.0
-484,TĐ Huội Quảng,2024-11-08 20:00:00,0.0,0.0
-484,TĐ Huội Quảng,2024-11-08 21:00:00,0.0,0.0
-484,TĐ Huội Quảng,2024-11-08 22:00:00,0.0,0.0
-484,TĐ Huội Quảng,2024-11-08 23:00:00,0.0,0.0
-484,TĐ Huội Quảng,2024-11-09 00:00:00,0.0,0.0
-484,TĐ Huội Quảng,2024-11-09 01:00:00,0.0,0.0
-484,TĐ Huội Quảng,2024-11-09 02:00:00,0.0,0.0
-484,TĐ Huội Quảng,2024-11-09 03:00:00,0.0,0.0
-484,TĐ Huội Quảng,2024-11-09 04:00:00,0.0,0.0
-484,TĐ Huội Quảng,2024-11-09 05:00:00,0.0,0.0
-484,TĐ Huội Quảng,2024-11-09 06:00:00,0.0,0.0
-484,TĐ Huội Quảng,2024-11-09 07:00:00,0.0,0.0
-484,TĐ Huội Quảng,2024-11-09 08:00:00,0.0,0.0
-484,TĐ Huội Quảng,2024-11-09 09:00:00,0.0,0.0
-484,TĐ Huội Quảng,2024-11-09 10:00:00,0.0,0.0
-484,TĐ Huội Quảng,2024-11-09 11:00:00,0.0,0.0
-484,TĐ Huội Quảng,2024-11-09 12:00:00,0.0,0.0
-484,TĐ Huội Quảng,2024-11-09 13:00:00,0.0,0.0
-484,TĐ Huội Quảng,2024-11-09 14:00:00,0.0,0.0
-484,TĐ Huội Quảng,2024-11-09 15:00:00,0.0,0.0
-484,TĐ Huội Quảng,2024-11-09 16:00:00,0.0,0.0
-484,TĐ Huội Quảng,2024-11-09 17:00:00,0.20000000298023224,0.20000000298023224
-484,TĐ Huội Quảng,2024-11-09 18:00:00,0.20000000298023224,0.4000000059604645
-484,TĐ Huội Quảng,2024-11-09 19:00:00,0.0,0.4000000059604645
-484,TĐ Huội Quảng,2024-11-09 20:00:00,,0.4000000059604645
-484,TĐ Huội Quảng,2024-11-09 21:00:00,0.0,0.4000000059604645
-484,TĐ Huội Quảng,2024-11-09 22:00:00,0.0,0.4000000059604645
-484,TĐ Huội Quảng,2024-11-09 23:00:00,0.0,0.4000000059604645
-484,TĐ Huội Quảng,2024-11-10 00:00:00,0.0,0.0
-484,TĐ Huội Quảng,2024-11-10 01:00:00,0.0,0.0
-484,TĐ Huội Quảng,2024-11-10 02:00:00,0.0,0.0
-484,TĐ Huội Quảng,2024-11-10 03:00:00,0.0,0.0
-484,TĐ Huội Quảng,2024-11-10 04:00:00,0.0,0.0
-484,TĐ Huội Quảng,2024-11-10 05:00:00,0.0,0.0
-484,TĐ Huội Quảng,2024-11-10 06:00:00,0.0,0.0
-484,TĐ Huội Quảng,2024-11-10 07:00:00,0.0,0.0
-484,TĐ Huội Quảng,2024-11-10 08:00:00,0.0,0.0
-484,TĐ Huội Quảng,2024-11-10 09:00:00,0.0,0.0
-484,TĐ Huội Quảng,2024-11-10 10:00:00,0.0,0.0
-484,TĐ Huội Quảng,2024-11-10 11:00:00,0.0,0.0
-484,TĐ Huội Quảng,2024-11-10 12:00:00,0.0,0.0
-484,TĐ Huội Quảng,2024-11-10 13:00:00,0.0,0.0
-484,TĐ Huội Quảng,2024-11-10 14:00:00,0.0,0.0
-484,TĐ Huội Quảng,2024-11-10 15:00:00,0.0,0.0
-484,TĐ Huội Quảng,2024-11-10 16:00:00,0.0,0.0
-484,TĐ Huội Quảng,2024-11-10 17:00:00,0.0,0.0
-484,TĐ Huội Quảng,2024-11-10 18:00:00,0.0,0.0
-484,TĐ Huội Quảng,2024-11-10 19:00:00,0.0,0.0
-484,TĐ Huội Quảng,2024-11-10 20:00:00,0.0,0.0
-484,TĐ Huội Quảng,2024-11-10 21:00:00,0.0,0.0
-484,TĐ Huội Quảng,2024-11-10 22:00:00,0.0,0.0
-484,TĐ Huội Quảng,2024-11-10 23:00:00,0.0,0.0
-484,TĐ Huội Quảng,2024-11-11 00:00:00,0.0,0.0
-484,TĐ Huội Quảng,2024-11-11 01:00:00,0.0,0.0
-484,TĐ Huội Quảng,2024-11-11 02:00:00,0.0,0.0
-484,TĐ Huội Quảng,2024-11-11 03:00:00,0.0,0.0
-484,TĐ Huội Quảng,2024-11-11 04:00:00,0.0,0.0
-484,TĐ Huội Quảng,2024-11-11 05:00:00,0.0,0.0
-484,TĐ Huội Quảng,2024-11-11 06:00:00,0.0,0.0
-484,TĐ Huội Quảng,2024-11-11 07:00:00,0.0,0.0
-484,TĐ Huội Quảng,2024-11-11 08:00:00,0.0,0.0
-484,TĐ Huội Quảng,2024-11-11 09:00:00,0.0,0.0
-484,TĐ Huội Quảng,2024-11-11 10:00:00,0.0,0.0
-484,TĐ Huội Quảng,2024-11-11 11:00:00,0.0,0.0
-484,TĐ Huội Quảng,2024-11-11 12:00:00,0.0,0.0
-484,TĐ Huội Quảng,2024-11-11 13:00:00,0.0,0.0
-484,TĐ Huội Quảng,2024-11-11 14:00:00,0.0,0.0
-484,TĐ Huội Quảng,2024-11-11 15:00:00,0.0,0.0
-484,TĐ Huội Quảng,2024-11-11 16:00:00,0.0,0.0
-484,TĐ Huội Quảng,2024-11-11 17:00:00,0.0,0.0
-484,TĐ Huội Quảng,2024-11-11 18:00:00,0.0,0.0
-484,TĐ Huội Quảng,2024-11-11 19:00:00,0.0,0.0
-484,TĐ Huội Quảng,2024-11-11 20:00:00,0.0,0.0
-484,TĐ Huội Quảng,2024-11-11 21:00:00,0.0,0.0
-484,TĐ Huội Quảng,2024-11-11 22:00:00,0.0,0.0
-484,TĐ Huội Quảng,2024-11-11 23:00:00,0.0,0.0
-484,TĐ Huội Quảng,2024-11-12 00:00:00,0.0,0.0
-484,TĐ Huội Quảng,2024-11-12 01:00:00,0.0,0.0
-484,TĐ Huội Quảng,2024-11-12 02:00:00,0.0,0.0
-484,TĐ Huội Quảng,2024-11-12 03:00:00,0.0,0.0
-484,TĐ Huội Quảng,2024-11-12 04:00:00,0.0,0.0
-484,TĐ Huội Quảng,2024-11-12 05:00:00,0.0,0.0
-484,TĐ Huội Quảng,2024-11-12 06:00:00,0.0,0.0
-484,TĐ Huội Quảng,2024-11-12 07:00:00,0.0,0.0
-484,TĐ Huội Quảng,2024-11-12 08:00:00,0.0,0.0
-484,TĐ Huội Quảng,2024-11-12 09:00:00,0.0,0.0
-484,TĐ Huội Quảng,2024-11-12 10:00:00,0.0,0.0
-484,TĐ Huội Quảng,2024-11-12 11:00:00,0.0,0.0
-484,TĐ Huội Quảng,2024-11-12 12:00:00,0.0,0.0
-484,TĐ Huội Quảng,2024-11-12 13:00:00,0.0,0.0
-484,TĐ Huội Quảng,2024-11-12 14:00:00,0.0,0.0
-484,TĐ Huội Quảng,2024-11-12 15:00:00,0.0,0.0
-484,TĐ Huội Quảng,2024-11-12 16:00:00,0.0,0.0
-484,TĐ Huội Quảng,2024-11-12 17:00:00,0.0,0.0
-484,TĐ Huội Quảng,2024-11-12 18:00:00,0.0,0.0
-484,TĐ Huội Quảng,2024-11-12 19:00:00,0.0,0.0
-484,TĐ Huội Quảng,2024-11-12 20:00:00,0.0,0.0
-484,TĐ Huội Quảng,2024-11-12 21:00:00,0.0,0.0
-484,TĐ Huội Quảng,2024-11-12 22:00:00,0.0,0.0
-484,TĐ Huội Quảng,2024-11-12 23:00:00,0.0,0.0
-484,TĐ Huội Quảng,2024-11-13 00:00:00,0.0,0.0
-484,TĐ Huội Quảng,2024-11-13 01:00:00,0.0,0.0
-484,TĐ Huội Quảng,2024-11-13 02:00:00,0.0,0.0
-484,TĐ Huội Quảng,2024-11-13 03:00:00,0.0,0.0
-484,TĐ Huội Quảng,2024-11-13 04:00:00,0.0,0.0
-484,TĐ Huội Quảng,2024-11-13 05:00:00,0.0,0.0
-484,TĐ Huội Quảng,2024-11-13 06:00:00,0.0,0.0
-484,TĐ Huội Quảng,2024-11-13 07:00:00,0.0,0.0
-484,TĐ Huội Quảng,2024-11-13 08:00:00,0.0,0.0
-484,TĐ Huội Quảng,2024-11-13 09:00:00,0.0,0.0
-484,TĐ Huội Quảng,2024-11-13 10:00:00,0.0,0.0
-484,TĐ Huội Quảng,2024-11-13 11:00:00,0.0,0.0
-484,TĐ Huội Quảng,2024-11-13 12:00:00,0.0,0.0
-484,TĐ Huội Quảng,2024-11-13 13:00:00,0.0,0.0
-484,TĐ Huội Quảng,2024-11-13 14:00:00,0.0,0.0
-484,TĐ Huội Quảng,2024-11-13 15:00:00,0.0,0.0
-484,TĐ Huội Quảng,2024-11-13 16:00:00,0.0,0.0
-484,TĐ Huội Quảng,2024-11-13 17:00:00,0.0,0.0
-484,TĐ Huội Quảng,2024-11-13 18:00:00,0.0,0.0
-484,TĐ Huội Quảng,2024-11-13 19:00:00,0.0,0.0
-484,TĐ Huội Quảng,2024-11-13 20:00:00,0.0,0.0
-484,TĐ Huội Quảng,2024-11-13 21:00:00,0.0,0.0
-484,TĐ Huội Quảng,2024-11-13 22:00:00,0.0,0.0
-484,TĐ Huội Quảng,2024-11-13 23:00:00,0.0,0.0
-484,TĐ Huội Quảng,2024-11-14 00:00:00,0.0,0.0
-484,TĐ Huội Quảng,2024-11-14 01:00:00,0.0,0.0
-484,TĐ Huội Quảng,2024-11-14 02:00:00,0.0,0.0
-484,TĐ Huội Quảng,2024-11-14 03:00:00,0.0,0.0
-484,TĐ Huội Quảng,2024-11-14 04:00:00,0.0,0.0
-484,TĐ Huội Quảng,2024-11-14 05:00:00,0.0,0.0
-484,TĐ Huội Quảng,2024-11-14 06:00:00,0.0,0.0
-484,TĐ Huội Quảng,2024-11-14 07:00:00,0.0,0.0
-484,TĐ Huội Quảng,2024-11-14 08:00:00,0.0,0.0
-484,TĐ Huội Quảng,2024-11-14 09:00:00,0.0,0.0
-484,TĐ Huội Quảng,2024-11-14 10:00:00,0.0,0.0
-484,TĐ Huội Quảng,2024-11-14 11:00:00,0.0,0.0
-484,TĐ Huội Quảng,2024-11-14 12:00:00,0.0,0.0
-484,TĐ Huội Quảng,2024-11-14 13:00:00,0.0,0.0
-484,TĐ Huội Quảng,2024-11-14 14:00:00,0.0,0.0
-484,TĐ Huội Quảng,2024-11-14 15:00:00,0.0,0.0
-484,TĐ Huội Quảng,2024-11-14 16:00:00,0.0,0.0
-484,TĐ Huội Quảng,2024-11-14 17:00:00,0.0,0.0
-484,TĐ Huội Quảng,2024-11-14 18:00:00,0.0,0.0
-484,TĐ Huội Quảng,2024-11-14 19:00:00,0.0,0.0
-484,TĐ Huội Quảng,2024-11-14 20:00:00,0.0,0.0
-484,TĐ Huội Quảng,2024-11-14 21:00:00,0.0,0.0
-484,TĐ Huội Quảng,2024-11-14 22:00:00,0.0,0.0
-484,TĐ Huội Quảng,2024-11-14 23:00:00,0.0,0.0
-484,TĐ Huội Quảng,2024-11-15 00:00:00,0.0,0.0
-484,TĐ Huội Quảng,2024-11-15 01:00:00,0.0,0.0
-484,TĐ Huội Quảng,2024-11-15 02:00:00,0.0,0.0
-484,TĐ Huội Quảng,2024-11-15 03:00:00,0.0,0.0
-484,TĐ Huội Quảng,2024-11-15 04:00:00,0.0,0.0
-484,TĐ Huội Quảng,2024-11-15 05:00:00,0.0,0.0
-484,TĐ Huội Quảng,2024-11-15 06:00:00,0.0,0.0
-484,TĐ Huội Quảng,2024-11-15 07:00:00,0.0,0.0
-484,TĐ Huội Quảng,2024-11-15 08:00:00,0.0,0.0
-484,TĐ Huội Quảng,2024-11-15 09:00:00,0.0,0.0
-484,TĐ Huội Quảng,2024-11-15 10:00:00,0.0,0.0
-484,TĐ Huội Quảng,2024-11-15 11:00:00,0.0,0.0
-484,TĐ Huội Quảng,2024-11-15 12:00:00,0.0,0.0
-484,TĐ Huội Quảng,2024-11-15 13:00:00,0.0,0.0
-484,TĐ Huội Quảng,2024-11-15 14:00:00,0.0,0.0
-484,TĐ Huội Quảng,2024-11-15 15:00:00,0.0,0.0
-484,TĐ Huội Quảng,2024-11-15 16:00:00,0.0,0.0
-484,TĐ Huội Quảng,2024-11-15 17:00:00,0.0,0.0
-484,TĐ Huội Quảng,2024-11-15 18:00:00,0.0,0.0
-484,TĐ Huội Quảng,2024-11-15 19:00:00,0.0,0.0
-484,TĐ Huội Quảng,2024-11-15 20:00:00,0.0,0.0
-484,TĐ Huội Quảng,2024-11-15 21:00:00,0.0,0.0
-484,TĐ Huội Quảng,2024-11-15 22:00:00,0.0,0.0
-484,TĐ Huội Quảng,2024-11-15 23:00:00,0.0,0.0
-484,TĐ Huội Quảng,2024-11-16 00:00:00,0.0,0.0
-484,TĐ Huội Quảng,2024-11-16 01:00:00,0.0,0.0
-484,TĐ Huội Quảng,2024-11-16 02:00:00,0.0,0.0
-484,TĐ Huội Quảng,2024-11-16 03:00:00,0.0,0.0
-484,TĐ Huội Quảng,2024-11-16 04:00:00,0.0,0.0
-484,TĐ Huội Quảng,2024-11-16 05:00:00,0.0,0.0
-484,TĐ Huội Quảng,2024-11-16 06:00:00,0.0,0.0
-484,TĐ Huội Quảng,2024-11-16 07:00:00,0.0,0.0
-484,TĐ Huội Quảng,2024-11-16 08:00:00,0.0,0.0
-484,TĐ Huội Quảng,2024-11-16 09:00:00,0.0,0.0
-484,TĐ Huội Quảng,2024-11-16 10:00:00,0.0,0.0
-484,TĐ Huội Quảng,2024-11-16 11:00:00,0.0,0.0
-484,TĐ Huội Quảng,2024-11-16 12:00:00,0.0,0.0
-484,TĐ Huội Quảng,2024-11-16 13:00:00,0.0,0.0
-484,TĐ Huội Quảng,2024-11-16 14:00:00,0.0,0.0
-484,TĐ Huội Quảng,2024-11-16 15:00:00,0.0,0.0
-484,TĐ Huội Quảng,2024-11-16 16:00:00,0.0,0.0
-484,TĐ Huội Quảng,2024-11-16 17:00:00,0.0,0.0
-484,TĐ Huội Quảng,2024-11-16 18:00:00,0.0,0.0
-484,TĐ Huội Quảng,2024-11-16 19:00:00,0.0,0.0
-484,TĐ Huội Quảng,2024-11-16 20:00:00,0.0,0.0
-484,TĐ Huội Quảng,2024-11-16 21:00:00,0.0,0.0
-484,TĐ Huội Quảng,2024-11-16 22:00:00,0.0,0.0
-484,TĐ Huội Quảng,2024-11-16 23:00:00,0.0,0.0
-484,TĐ Huội Quảng,2024-11-17 00:00:00,0.0,0.0
-484,TĐ Huội Quảng,2024-11-17 01:00:00,0.0,0.0
-484,TĐ Huội Quảng,2024-11-17 02:00:00,0.0,0.0
-484,TĐ Huội Quảng,2024-11-17 03:00:00,0.0,0.0
-484,TĐ Huội Quảng,2024-11-17 04:00:00,0.0,0.0
-484,TĐ Huội Quảng,2024-11-17 05:00:00,0.0,0.0
-484,TĐ Huội Quảng,2024-11-17 06:00:00,0.0,0.0
-484,TĐ Huội Quảng,2024-11-17 07:00:00,0.0,0.0
-484,TĐ Huội Quảng,2024-11-17 08:00:00,0.0,0.0
-484,TĐ Huội Quảng,2024-11-17 09:00:00,0.0,0.0
-484,TĐ Huội Quảng,2024-11-17 10:00:00,0.0,0.0
-484,TĐ Huội Quảng,2024-11-17 11:00:00,0.0,0.0
-484,TĐ Huội Quảng,2024-11-17 12:00:00,0.0,0.0
-484,TĐ Huội Quảng,2024-11-17 13:00:00,0.0,0.0
-484,TĐ Huội Quảng,2024-11-17 14:00:00,0.0,0.0
-484,TĐ Huội Quảng,2024-11-17 15:00:00,0.0,0.0
-484,TĐ Huội Quảng,2024-11-17 16:00:00,0.0,0.0
-484,TĐ Huội Quảng,2024-11-17 17:00:00,0.0,0.0
-484,TĐ Huội Quảng,2024-11-17 18:00:00,0.0,0.0
-484,TĐ Huội Quảng,2024-11-17 19:00:00,0.0,0.0
-484,TĐ Huội Quảng,2024-11-17 20:00:00,0.0,0.0
-484,TĐ Huội Quảng,2024-11-17 21:00:00,0.0,0.0
-484,TĐ Huội Quảng,2024-11-17 22:00:00,0.0,0.0
-484,TĐ Huội Quảng,2024-11-17 23:00:00,0.0,0.0
-484,TĐ Huội Quảng,2024-11-18 00:00:00,0.0,0.0
-484,TĐ Huội Quảng,2024-11-18 01:00:00,0.0,0.0
-484,TĐ Huội Quảng,2024-11-18 02:00:00,0.0,0.0
-484,TĐ Huội Quảng,2024-11-18 03:00:00,0.0,0.0
-484,TĐ Huội Quảng,2024-11-18 04:00:00,0.0,0.0
-484,TĐ Huội Quảng,2024-11-18 05:00:00,0.0,0.0
-484,TĐ Huội Quảng,2024-11-18 06:00:00,0.0,0.0
-484,TĐ Huội Quảng,2024-11-18 07:00:00,0.0,0.0
-484,TĐ Huội Quảng,2024-11-18 08:00:00,0.0,0.0
-484,TĐ Huội Quảng,2024-11-18 09:00:00,0.0,0.0
-484,TĐ Huội Quảng,2024-11-18 10:00:00,0.0,0.0
-484,TĐ Huội Quảng,2024-11-18 11:00:00,0.0,0.0
-484,TĐ Huội Quảng,2024-11-18 12:00:00,0.0,0.0
-484,TĐ Huội Quảng,2024-11-18 13:00:00,0.0,0.0
-484,TĐ Huội Quảng,2024-11-18 14:00:00,0.0,0.0
-484,TĐ Huội Quảng,2024-11-18 15:00:00,0.0,0.0
-484,TĐ Huội Quảng,2024-11-18 16:00:00,0.0,0.0
-484,TĐ Huội Quảng,2024-11-18 17:00:00,0.0,0.0
-484,TĐ Huội Quảng,2024-11-18 18:00:00,0.0,0.0
-484,TĐ Huội Quảng,2024-11-18 19:00:00,0.0,0.0
-484,TĐ Huội Quảng,2024-11-18 20:00:00,0.0,0.0
-484,TĐ Huội Quảng,2024-11-18 21:00:00,0.0,0.0
-484,TĐ Huội Quảng,2024-11-18 22:00:00,0.0,0.0
-484,TĐ Huội Quảng,2024-11-18 23:00:00,0.0,0.0
-484,TĐ Huội Quảng,2024-11-19 00:00:00,0.0,0.0
-484,TĐ Huội Quảng,2024-11-19 01:00:00,0.0,0.0
-484,TĐ Huội Quảng,2024-11-19 02:00:00,0.0,0.0
-484,TĐ Huội Quảng,2024-11-19 03:00:00,0.0,0.0
-484,TĐ Huội Quảng,2024-11-19 04:00:00,0.0,0.0
-484,TĐ Huội Quảng,2024-11-19 05:00:00,0.0,0.0
-484,TĐ Huội Quảng,2024-11-19 06:00:00,0.0,0.0
-484,TĐ Huội Quảng,2024-11-19 07:00:00,0.0,0.0
-484,TĐ Huội Quảng,2024-11-19 08:00:00,0.0,0.0
-484,TĐ Huội Quảng,2024-11-19 09:00:00,0.0,0.0
-484,TĐ Huội Quảng,2024-11-19 10:00:00,0.0,0.0
-484,TĐ Huội Quảng,2024-11-19 11:00:00,0.0,0.0
-484,TĐ Huội Quảng,2024-11-19 12:00:00,0.0,0.0
-484,TĐ Huội Quảng,2024-11-19 13:00:00,0.0,0.0
-484,TĐ Huội Quảng,2024-11-19 14:00:00,0.0,0.0
-484,TĐ Huội Quảng,2024-11-19 15:00:00,0.0,0.0
-484,TĐ Huội Quảng,2024-11-19 16:00:00,0.0,0.0
-484,TĐ Huội Quảng,2024-11-19 17:00:00,0.0,0.0
-484,TĐ Huội Quảng,2024-11-19 18:00:00,0.0,0.0
-484,TĐ Huội Quảng,2024-11-19 19:00:00,0.0,0.0
-484,TĐ Huội Quảng,2024-11-19 20:00:00,0.0,0.0
-484,TĐ Huội Quảng,2024-11-19 21:00:00,0.0,0.0
-484,TĐ Huội Quảng,2024-11-19 22:00:00,0.0,0.0
-484,TĐ Huội Quảng,2024-11-19 23:00:00,0.0,0.0
-484,TĐ Huội Quảng,2024-11-20 00:00:00,0.0,0.0
-484,TĐ Huội Quảng,2024-11-20 01:00:00,0.0,0.0
-484,TĐ Huội Quảng,2024-11-20 02:00:00,0.0,0.0
-484,TĐ Huội Quảng,2024-11-20 03:00:00,0.0,0.0
-484,TĐ Huội Quảng,2024-11-20 04:00:00,0.0,0.0
-484,TĐ Huội Quảng,2024-11-20 05:00:00,0.0,0.0
-484,TĐ Huội Quảng,2024-11-20 06:00:00,0.0,0.0
-484,TĐ Huội Quảng,2024-11-20 07:00:00,0.0,0.0
-484,TĐ Huội Quảng,2024-11-20 08:00:00,0.0,0.0
-484,TĐ Huội Quảng,2024-11-20 09:00:00,0.0,0.0
-484,TĐ Huội Quảng,2024-11-20 10:00:00,0.0,0.0
-484,TĐ Huội Quảng,2024-11-20 11:00:00,0.0,0.0
-484,TĐ Huội Quảng,2024-11-20 12:00:00,0.0,0.0
-484,TĐ Huội Quảng,2024-11-20 13:00:00,0.0,0.0
-484,TĐ Huội Quảng,2024-11-20 14:00:00,0.0,0.0
-484,TĐ Huội Quảng,2024-11-20 15:00:00,0.0,0.0
-484,TĐ Huội Quảng,2024-11-20 16:00:00,0.0,0.0
-484,TĐ Huội Quảng,2024-11-20 17:00:00,0.0,0.0
-484,TĐ Huội Quảng,2024-11-20 18:00:00,0.0,0.0
-484,TĐ Huội Quảng,2024-11-20 19:00:00,0.0,0.0
-484,TĐ Huội Quảng,2024-11-20 20:00:00,0.0,0.0
-484,TĐ Huội Quảng,2024-11-20 21:00:00,0.0,0.0
-484,TĐ Huội Quảng,2024-11-20 22:00:00,0.0,0.0
-484,TĐ Huội Quảng,2024-11-20 23:00:00,0.0,0.0
-484,TĐ Huội Quảng,2024-11-21 00:00:00,0.0,0.0
-484,TĐ Huội Quảng,2024-11-21 01:00:00,0.0,0.0
-484,TĐ Huội Quảng,2024-11-21 02:00:00,0.0,0.0
-484,TĐ Huội Quảng,2024-11-21 03:00:00,0.0,0.0
-484,TĐ Huội Quảng,2024-11-21 04:00:00,0.0,0.0
-484,TĐ Huội Quảng,2024-11-21 05:00:00,0.0,0.0
-484,TĐ Huội Quảng,2024-11-21 06:00:00,0.0,0.0
-484,TĐ Huội Quảng,2024-11-21 07:00:00,0.0,0.0
-484,TĐ Huội Quảng,2024-11-21 08:00:00,0.0,0.0
-484,TĐ Huội Quảng,2024-11-21 09:00:00,0.0,0.0
-484,TĐ Huội Quảng,2024-11-21 10:00:00,0.0,0.0
-484,TĐ Huội Quảng,2024-11-21 11:00:00,0.0,0.0
-484,TĐ Huội Quảng,2024-11-21 12:00:00,0.0,0.0
-484,TĐ Huội Quảng,2024-11-21 13:00:00,0.0,0.0
-484,TĐ Huội Quảng,2024-11-21 14:00:00,0.0,0.0
-484,TĐ Huội Quảng,2024-11-21 15:00:00,0.0,0.0
-484,TĐ Huội Quảng,2024-11-21 16:00:00,0.0,0.0
-484,TĐ Huội Quảng,2024-11-21 17:00:00,0.0,0.0
-484,TĐ Huội Quảng,2024-11-21 18:00:00,0.0,0.0
-484,TĐ Huội Quảng,2024-11-21 19:00:00,0.0,0.0
-484,TĐ Huội Quảng,2024-11-21 20:00:00,0.0,0.0
-484,TĐ Huội Quảng,2024-11-21 21:00:00,0.0,0.0
-484,TĐ Huội Quảng,2024-11-21 22:00:00,0.0,0.0
-484,TĐ Huội Quảng,2024-11-21 23:00:00,0.0,0.0
-484,TĐ Huội Quảng,2024-11-22 00:00:00,0.0,0.0
-484,TĐ Huội Quảng,2024-11-22 01:00:00,0.0,0.0
-484,TĐ Huội Quảng,2024-11-22 02:00:00,0.0,0.0
-484,TĐ Huội Quảng,2024-11-22 03:00:00,0.0,0.0
-484,TĐ Huội Quảng,2024-11-22 04:00:00,0.0,0.0
-484,TĐ Huội Quảng,2024-11-22 05:00:00,0.0,0.0
-484,TĐ Huội Quảng,2024-11-22 06:00:00,0.0,0.0
-484,TĐ Huội Quảng,2024-11-22 07:00:00,0.0,0.0
-484,TĐ Huội Quảng,2024-11-22 08:00:00,0.0,0.0
-484,TĐ Huội Quảng,2024-11-22 09:00:00,0.0,0.0
-484,TĐ Huội Quảng,2024-11-22 10:00:00,0.0,0.0
-484,TĐ Huội Quảng,2024-11-22 11:00:00,0.0,0.0
-484,TĐ Huội Quảng,2024-11-22 12:00:00,0.0,0.0
-484,TĐ Huội Quảng,2024-11-22 13:00:00,0.0,0.0
-484,TĐ Huội Quảng,2024-11-22 14:00:00,0.0,0.0
-484,TĐ Huội Quảng,2024-11-22 15:00:00,0.0,0.0
-484,TĐ Huội Quảng,2024-11-22 16:00:00,0.0,0.0
-484,TĐ Huội Quảng,2024-11-22 17:00:00,0.0,0.0
-484,TĐ Huội Quảng,2024-11-22 18:00:00,0.0,0.0
-484,TĐ Huội Quảng,2024-11-22 19:00:00,0.0,0.0
-484,TĐ Huội Quảng,2024-11-22 20:00:00,0.0,0.0
-484,TĐ Huội Quảng,2024-11-22 21:00:00,0.0,0.0
-484,TĐ Huội Quảng,2024-11-22 22:00:00,0.0,0.0
-484,TĐ Huội Quảng,2024-11-22 23:00:00,0.0,0.0
-484,TĐ Huội Quảng,2024-11-23 00:00:00,0.0,0.0
-484,TĐ Huội Quảng,2024-11-23 01:00:00,0.0,0.0
-484,TĐ Huội Quảng,2024-11-23 02:00:00,0.0,0.0
-484,TĐ Huội Quảng,2024-11-23 03:00:00,0.0,0.0
-484,TĐ Huội Quảng,2024-11-23 04:00:00,0.0,0.0
-484,TĐ Huội Quảng,2024-11-23 05:00:00,0.0,0.0
-484,TĐ Huội Quảng,2024-11-23 06:00:00,0.0,0.0
-484,TĐ Huội Quảng,2024-11-23 07:00:00,0.0,0.0
-484,TĐ Huội Quảng,2024-11-23 08:00:00,0.0,0.0
-484,TĐ Huội Quảng,2024-11-23 09:00:00,0.0,0.0
-484,TĐ Huội Quảng,2024-11-23 10:00:00,0.0,0.0
-484,TĐ Huội Quảng,2024-11-23 11:00:00,0.0,0.0
-484,TĐ Huội Quảng,2024-11-23 12:00:00,0.0,0.0
-484,TĐ Huội Quảng,2024-11-23 13:00:00,0.0,0.0
-484,TĐ Huội Quảng,2024-11-23 14:00:00,0.0,0.0
-484,TĐ Huội Quảng,2024-11-23 15:00:00,0.0,0.0
-484,TĐ Huội Quảng,2024-11-23 16:00:00,0.0,0.0
-484,TĐ Huội Quảng,2024-11-23 17:00:00,0.0,0.0
-484,TĐ Huội Quảng,2024-11-23 18:00:00,0.0,0.0
-484,TĐ Huội Quảng,2024-11-23 19:00:00,0.0,0.0
-484,TĐ Huội Quảng,2024-11-23 20:00:00,0.0,0.0
-484,TĐ Huội Quảng,2024-11-23 21:00:00,0.0,0.0
-484,TĐ Huội Quảng,2024-11-23 22:00:00,0.0,0.0
-484,TĐ Huội Quảng,2024-11-23 23:00:00,0.0,0.0
-484,TĐ Huội Quảng,2024-11-24 00:00:00,0.0,0.0
-484,TĐ Huội Quảng,2024-11-24 01:00:00,0.0,0.0
-484,TĐ Huội Quảng,2024-11-24 02:00:00,0.0,0.0
-484,TĐ Huội Quảng,2024-11-24 03:00:00,0.0,0.0
-484,TĐ Huội Quảng,2024-11-24 04:00:00,0.0,0.0
-484,TĐ Huội Quảng,2024-11-24 05:00:00,0.0,0.0
-484,TĐ Huội Quảng,2024-11-24 06:00:00,0.0,0.0
-484,TĐ Huội Quảng,2024-11-24 07:00:00,0.0,0.0
-484,TĐ Huội Quảng,2024-11-24 08:00:00,0.0,0.0
-484,TĐ Huội Quảng,2024-11-24 09:00:00,0.0,0.0
-484,TĐ Huội Quảng,2024-11-24 10:00:00,0.0,0.0
-484,TĐ Huội Quảng,2024-11-24 11:00:00,0.0,0.0
-484,TĐ Huội Quảng,2024-11-24 12:00:00,0.0,0.0
-484,TĐ Huội Quảng,2024-11-24 13:00:00,0.0,0.0
-484,TĐ Huội Quảng,2024-11-24 14:00:00,0.0,0.0
-484,TĐ Huội Quảng,2024-11-24 15:00:00,0.0,0.0
-484,TĐ Huội Quảng,2024-11-24 16:00:00,0.0,0.0
-484,TĐ Huội Quảng,2024-11-24 17:00:00,0.0,0.0
-484,TĐ Huội Quảng,2024-11-24 18:00:00,0.0,0.0
-484,TĐ Huội Quảng,2024-11-24 19:00:00,0.0,0.0
-484,TĐ Huội Quảng,2024-11-24 20:00:00,0.0,0.0
-484,TĐ Huội Quảng,2024-11-24 21:00:00,0.0,0.0
-484,TĐ Huội Quảng,2024-11-24 22:00:00,0.0,0.0
-484,TĐ Huội Quảng,2024-11-24 23:00:00,0.0,0.0
-484,TĐ Huội Quảng,2024-11-25 00:00:00,0.0,0.0
-484,TĐ Huội Quảng,2024-11-25 01:00:00,0.0,0.0
-484,TĐ Huội Quảng,2024-11-25 02:00:00,0.0,0.0
-484,TĐ Huội Quảng,2024-11-25 03:00:00,0.0,0.0
-484,TĐ Huội Quảng,2024-11-25 04:00:00,0.0,0.0
-484,TĐ Huội Quảng,2024-11-25 05:00:00,0.0,0.0
-484,TĐ Huội Quảng,2024-11-25 06:00:00,0.0,0.0
-484,TĐ Huội Quảng,2024-11-25 07:00:00,0.0,0.0
-484,TĐ Huội Quảng,2024-11-25 08:00:00,0.0,0.0
-484,TĐ Huội Quảng,2024-11-25 09:00:00,0.0,0.0
-484,TĐ Huội Quảng,2024-11-25 10:00:00,0.0,0.0
-484,TĐ Huội Quảng,2024-11-25 11:00:00,0.0,0.0
-484,TĐ Huội Quảng,2024-11-25 12:00:00,0.0,0.0
-484,TĐ Huội Quảng,2024-11-25 13:00:00,0.0,0.0
-484,TĐ Huội Quảng,2024-11-25 14:00:00,0.0,0.0
-484,TĐ Huội Quảng,2024-11-25 15:00:00,0.0,0.0
-484,TĐ Huội Quảng,2024-11-25 16:00:00,0.0,0.0
-484,TĐ Huội Quảng,2024-11-25 17:00:00,0.0,0.0
-484,TĐ Huội Quảng,2024-11-25 18:00:00,0.0,0.0
-484,TĐ Huội Quảng,2024-11-25 19:00:00,0.0,0.0
-484,TĐ Huội Quảng,2024-11-25 20:00:00,0.0,0.0
-484,TĐ Huội Quảng,2024-11-25 21:00:00,0.0,0.0
-484,TĐ Huội Quảng,2024-11-25 22:00:00,0.0,0.0
-484,TĐ Huội Quảng,2024-11-25 23:00:00,0.0,0.0
-484,TĐ Huội Quảng,2024-11-26 00:00:00,0.0,0.0
-484,TĐ Huội Quảng,2024-11-26 01:00:00,0.0,0.0
-484,TĐ Huội Quảng,2024-11-26 02:00:00,0.0,0.0
-484,TĐ Huội Quảng,2024-11-26 03:00:00,0.0,0.0
-484,TĐ Huội Quảng,2024-11-26 04:00:00,0.0,0.0
-484,TĐ Huội Quảng,2024-11-26 05:00:00,0.0,0.0
-484,TĐ Huội Quảng,2024-11-26 06:00:00,0.0,0.0
-484,TĐ Huội Quảng,2024-11-26 07:00:00,0.0,0.0
-484,TĐ Huội Quảng,2024-11-26 08:00:00,0.0,0.0
-484,TĐ Huội Quảng,2024-11-26 09:00:00,0.0,0.0
-484,TĐ Huội Quảng,2024-11-26 10:00:00,0.0,0.0
-484,TĐ Huội Quảng,2024-11-26 11:00:00,0.0,0.0
-484,TĐ Huội Quảng,2024-11-26 12:00:00,0.0,0.0
-484,TĐ Huội Quảng,2024-11-26 13:00:00,0.0,0.0
-484,TĐ Huội Quảng,2024-11-26 14:00:00,0.0,0.0
-484,TĐ Huội Quảng,2024-11-26 15:00:00,0.0,0.0
-484,TĐ Huội Quảng,2024-11-26 16:00:00,0.0,0.0
-484,TĐ Huội Quảng,2024-11-26 17:00:00,0.0,0.0
-484,TĐ Huội Quảng,2024-11-26 18:00:00,0.0,0.0
-484,TĐ Huội Quảng,2024-11-26 19:00:00,0.0,0.0
-484,TĐ Huội Quảng,2024-11-26 20:00:00,0.0,0.0
-484,TĐ Huội Quảng,2024-11-26 21:00:00,0.0,0.0
-484,TĐ Huội Quảng,2024-11-26 22:00:00,0.0,0.0
-484,TĐ Huội Quảng,2024-11-26 23:00:00,0.0,0.0
-484,TĐ Huội Quảng,2024-11-27 00:00:00,0.0,0.0
-484,TĐ Huội Quảng,2024-11-27 01:00:00,0.0,0.0
-484,TĐ Huội Quảng,2024-11-27 02:00:00,0.0,0.0
-484,TĐ Huội Quảng,2024-11-27 03:00:00,0.0,0.0
-484,TĐ Huội Quảng,2024-11-27 04:00:00,0.0,0.0
-484,TĐ Huội Quảng,2024-11-27 05:00:00,0.0,0.0
-484,TĐ Huội Quảng,2024-11-27 06:00:00,0.0,0.0
-484,TĐ Huội Quảng,2024-11-27 07:00:00,0.0,0.0
-484,TĐ Huội Quảng,2024-11-27 08:00:00,0.0,0.0
-484,TĐ Huội Quảng,2024-11-27 09:00:00,0.0,0.0
-484,TĐ Huội Quảng,2024-11-27 10:00:00,0.0,0.0
-484,TĐ Huội Quảng,2024-11-27 11:00:00,0.0,0.0
-484,TĐ Huội Quảng,2024-11-27 12:00:00,0.0,0.0
-484,TĐ Huội Quảng,2024-11-27 13:00:00,0.0,0.0
-484,TĐ Huội Quảng,2024-11-27 14:00:00,0.0,0.0
-484,TĐ Huội Quảng,2024-11-27 15:00:00,0.0,0.0
-484,TĐ Huội Quảng,2024-11-27 16:00:00,0.0,0.0
-484,TĐ Huội Quảng,2024-11-27 17:00:00,0.0,0.0
-484,TĐ Huội Quảng,2024-11-27 18:00:00,0.0,0.0
-484,TĐ Huội Quảng,2024-11-27 19:00:00,0.0,0.0
-484,TĐ Huội Quảng,2024-11-27 20:00:00,0.0,0.0
-484,TĐ Huội Quảng,2024-11-27 21:00:00,0.0,0.0
-484,TĐ Huội Quảng,2024-11-27 22:00:00,0.0,0.0
-484,TĐ Huội Quảng,2024-11-27 23:00:00,0.0,0.0
-484,TĐ Huội Quảng,2024-11-28 00:00:00,0.0,0.0
-484,TĐ Huội Quảng,2024-11-28 01:00:00,0.0,0.0
-484,TĐ Huội Quảng,2024-11-28 02:00:00,0.0,0.0
-484,TĐ Huội Quảng,2024-11-28 03:00:00,0.0,0.0
-484,TĐ Huội Quảng,2024-11-28 04:00:00,0.0,0.0
-484,TĐ Huội Quảng,2024-11-28 05:00:00,0.0,0.0
-484,TĐ Huội Quảng,2024-11-28 06:00:00,0.0,0.0
-484,TĐ Huội Quảng,2024-11-28 07:00:00,0.0,0.0
-484,TĐ Huội Quảng,2024-11-28 08:00:00,0.0,0.0
-484,TĐ Huội Quảng,2024-11-28 09:00:00,0.0,0.0
-484,TĐ Huội Quảng,2024-11-28 10:00:00,0.0,0.0
-484,TĐ Huội Quảng,2024-11-28 11:00:00,0.0,0.0
-484,TĐ Huội Quảng,2024-11-28 12:00:00,0.0,0.0
-484,TĐ Huội Quảng,2024-11-28 13:00:00,0.0,0.0
-484,TĐ Huội Quảng,2024-11-28 14:00:00,0.0,0.0
-484,TĐ Huội Quảng,2024-11-28 15:00:00,0.0,0.0
-484,TĐ Huội Quảng,2024-11-28 16:00:00,0.0,0.0
-484,TĐ Huội Quảng,2024-11-28 17:00:00,0.0,0.0
-484,TĐ Huội Quảng,2024-11-28 18:00:00,0.0,0.0
-484,TĐ Huội Quảng,2024-11-28 19:00:00,0.0,0.0
-484,TĐ Huội Quảng,2024-11-28 20:00:00,0.0,0.0
-484,TĐ Huội Quảng,2024-11-28 21:00:00,0.0,0.0
-484,TĐ Huội Quảng,2024-11-28 22:00:00,0.0,0.0
-484,TĐ Huội Quảng,2024-11-28 23:00:00,0.0,0.0
-484,TĐ Huội Quảng,2024-11-29 00:00:00,0.0,0.0
-484,TĐ Huội Quảng,2024-11-29 01:00:00,0.0,0.0
-484,TĐ Huội Quảng,2024-11-29 02:00:00,0.0,0.0
-484,TĐ Huội Quảng,2024-11-29 03:00:00,0.0,0.0
-484,TĐ Huội Quảng,2024-11-29 04:00:00,0.0,0.0
-484,TĐ Huội Quảng,2024-11-29 05:00:00,0.0,0.0
-484,TĐ Huội Quảng,2024-11-29 06:00:00,0.0,0.0
-484,TĐ Huội Quảng,2024-11-29 07:00:00,0.0,0.0
-484,TĐ Huội Quảng,2024-11-29 08:00:00,0.0,0.0
-484,TĐ Huội Quảng,2024-11-29 09:00:00,0.0,0.0
-484,TĐ Huội Quảng,2024-11-29 10:00:00,0.0,0.0
-484,TĐ Huội Quảng,2024-11-29 11:00:00,0.0,0.0
-484,TĐ Huội Quảng,2024-11-29 12:00:00,0.0,0.0
-484,TĐ Huội Quảng,2024-11-29 13:00:00,0.0,0.0
-484,TĐ Huội Quảng,2024-11-29 14:00:00,0.0,0.0
-484,TĐ Huội Quảng,2024-11-29 15:00:00,0.0,0.0
-484,TĐ Huội Quảng,2024-11-29 16:00:00,0.0,0.0
-484,TĐ Huội Quảng,2024-11-29 17:00:00,0.0,0.0
-484,TĐ Huội Quảng,2024-11-29 18:00:00,0.0,0.0
-484,TĐ Huội Quảng,2024-11-29 19:00:00,0.0,0.0
-484,TĐ Huội Quảng,2024-11-29 20:00:00,0.0,0.0
-484,TĐ Huội Quảng,2024-11-29 21:00:00,0.0,0.0
-484,TĐ Huội Quảng,2024-11-29 22:00:00,0.0,0.0
-484,TĐ Huội Quảng,2024-11-29 23:00:00,0.0,0.0
-484,TĐ Huội Quảng,2024-11-30 00:00:00,0.0,0.0
-484,TĐ Huội Quảng,2024-11-30 01:00:00,0.0,0.0
-484,TĐ Huội Quảng,2024-11-30 02:00:00,0.0,0.0
-484,TĐ Huội Quảng,2024-11-30 03:00:00,0.0,0.0
-484,TĐ Huội Quảng,2024-11-30 04:00:00,0.0,0.0
-484,TĐ Huội Quảng,2024-11-30 05:00:00,0.0,0.0
-484,TĐ Huội Quảng,2024-11-30 06:00:00,0.0,0.0
-484,TĐ Huội Quảng,2024-11-30 07:00:00,0.0,0.0
-484,TĐ Huội Quảng,2024-11-30 08:00:00,0.0,0.0
-484,TĐ Huội Quảng,2024-11-30 09:00:00,0.0,0.0
-484,TĐ Huội Quảng,2024-11-30 10:00:00,0.0,0.0
-484,TĐ Huội Quảng,2024-11-30 11:00:00,0.0,0.0
-484,TĐ Huội Quảng,2024-11-30 12:00:00,0.0,0.0
-484,TĐ Huội Quảng,2024-11-30 13:00:00,0.0,0.0
-484,TĐ Huội Quảng,2024-11-30 14:00:00,0.0,0.0
-484,TĐ Huội Quảng,2024-11-30 15:00:00,0.0,0.0
-484,TĐ Huội Quảng,2024-11-30 16:00:00,0.0,0.0
-484,TĐ Huội Quảng,2024-11-30 17:00:00,0.0,0.0
-484,TĐ Huội Quảng,2024-11-30 18:00:00,0.0,0.0
-484,TĐ Huội Quảng,2024-11-30 19:00:00,0.0,0.0
-484,TĐ Huội Quảng,2024-11-30 20:00:00,0.0,0.0
-484,TĐ Huội Quảng,2024-11-30 21:00:00,0.0,0.0
-484,TĐ Huội Quảng,2024-11-30 22:00:00,0.0,0.0
-484,TĐ Huội Quảng,2024-11-30 23:00:00,0.0,0.0
-484,TĐ Huội Quảng,2024-12-01 00:00:00,0.0,0.0
-484,TĐ Huội Quảng,2024-12-01 01:00:00,0.0,0.0
-484,TĐ Huội Quảng,2024-12-01 02:00:00,0.0,0.0
-484,TĐ Huội Quảng,2024-12-01 03:00:00,0.0,0.0
-484,TĐ Huội Quảng,2024-12-01 04:00:00,0.0,0.0
-484,TĐ Huội Quảng,2024-12-01 05:00:00,0.0,0.0
-484,TĐ Huội Quảng,2024-12-01 06:00:00,0.0,0.0
-484,TĐ Huội Quảng,2024-12-01 07:00:00,0.0,0.0
-484,TĐ Huội Quảng,2024-12-01 08:00:00,0.0,0.0
-484,TĐ Huội Quảng,2024-12-01 09:00:00,0.0,0.0
-484,TĐ Huội Quảng,2024-12-01 10:00:00,0.0,0.0
-484,TĐ Huội Quảng,2024-12-01 11:00:00,0.0,0.0
-484,TĐ Huội Quảng,2024-12-01 12:00:00,0.0,0.0
-484,TĐ Huội Quảng,2024-12-01 13:00:00,0.0,0.0
-484,TĐ Huội Quảng,2024-12-01 14:00:00,0.0,0.0
-484,TĐ Huội Quảng,2024-12-01 15:00:00,0.0,0.0
-484,TĐ Huội Quảng,2024-12-01 16:00:00,0.0,0.0
-484,TĐ Huội Quảng,2024-12-01 17:00:00,0.0,0.0
-484,TĐ Huội Quảng,2024-12-01 18:00:00,0.0,0.0
-484,TĐ Huội Quảng,2024-12-01 19:00:00,0.0,0.0
-484,TĐ Huội Quảng,2024-12-01 20:00:00,0.0,0.0
-484,TĐ Huội Quảng,2024-12-01 21:00:00,0.0,0.0
-484,TĐ Huội Quảng,2024-12-01 22:00:00,0.0,0.0
-484,TĐ Huội Quảng,2024-12-01 23:00:00,0.0,0.0
-484,TĐ Huội Quảng,2024-12-02 00:00:00,0.0,0.0
-484,TĐ Huội Quảng,2024-12-02 01:00:00,0.0,0.0
-484,TĐ Huội Quảng,2024-12-02 02:00:00,0.0,0.0
-484,TĐ Huội Quảng,2024-12-02 03:00:00,0.0,0.0
-484,TĐ Huội Quảng,2024-12-02 04:00:00,0.0,0.0
-484,TĐ Huội Quảng,2024-12-02 05:00:00,0.0,0.0
-484,TĐ Huội Quảng,2024-12-02 06:00:00,0.0,0.0
-484,TĐ Huội Quảng,2024-12-02 07:00:00,0.0,0.0
-484,TĐ Huội Quảng,2024-12-02 08:00:00,0.0,0.0
-484,TĐ Huội Quảng,2024-12-02 09:00:00,0.0,0.0
-484,TĐ Huội Quảng,2024-12-02 10:00:00,0.0,0.0
-484,TĐ Huội Quảng,2024-12-02 11:00:00,0.0,0.0
-484,TĐ Huội Quảng,2024-12-02 12:00:00,0.0,0.0
-484,TĐ Huội Quảng,2024-12-02 13:00:00,0.0,0.0
-484,TĐ Huội Quảng,2024-12-02 14:00:00,0.0,0.0
-484,TĐ Huội Quảng,2024-12-02 15:00:00,0.0,0.0
-484,TĐ Huội Quảng,2024-12-02 16:00:00,0.0,0.0
-484,TĐ Huội Quảng,2024-12-02 17:00:00,0.0,0.0
-484,TĐ Huội Quảng,2024-12-02 18:00:00,0.0,0.0
-484,TĐ Huội Quảng,2024-12-02 19:00:00,0.0,0.0
-484,TĐ Huội Quảng,2024-12-02 20:00:00,0.0,0.0
-484,TĐ Huội Quảng,2024-12-02 21:00:00,0.0,0.0
-484,TĐ Huội Quảng,2024-12-02 22:00:00,0.0,0.0
-484,TĐ Huội Quảng,2024-12-02 23:00:00,0.0,0.0
-484,TĐ Huội Quảng,2024-12-03 00:00:00,0.0,0.0
-484,TĐ Huội Quảng,2024-12-03 01:00:00,0.0,0.0
-484,TĐ Huội Quảng,2024-12-03 02:00:00,0.0,0.0
-484,TĐ Huội Quảng,2024-12-03 03:00:00,0.0,0.0
-484,TĐ Huội Quảng,2024-12-03 04:00:00,0.0,0.0
-484,TĐ Huội Quảng,2024-12-03 05:00:00,0.0,0.0
-484,TĐ Huội Quảng,2024-12-03 06:00:00,0.0,0.0
-484,TĐ Huội Quảng,2024-12-03 07:00:00,0.0,0.0
-484,TĐ Huội Quảng,2024-12-03 08:00:00,0.0,0.0
-484,TĐ Huội Quảng,2024-12-03 09:00:00,0.0,0.0
-484,TĐ Huội Quảng,2024-12-03 10:00:00,0.0,0.0
-484,TĐ Huội Quảng,2024-12-03 11:00:00,0.0,0.0
-484,TĐ Huội Quảng,2024-12-03 12:00:00,0.0,0.0
-484,TĐ Huội Quảng,2024-12-03 13:00:00,0.0,0.0
-484,TĐ Huội Quảng,2024-12-03 14:00:00,0.0,0.0
-484,TĐ Huội Quảng,2024-12-03 15:00:00,0.0,0.0
-484,TĐ Huội Quảng,2024-12-03 16:00:00,0.0,0.0
-484,TĐ Huội Quảng,2024-12-03 17:00:00,0.0,0.0
-484,TĐ Huội Quảng,2024-12-03 18:00:00,0.0,0.0
-484,TĐ Huội Quảng,2024-12-03 19:00:00,0.0,0.0
-484,TĐ Huội Quảng,2024-12-03 20:00:00,0.0,0.0
-484,TĐ Huội Quảng,2024-12-03 21:00:00,0.0,0.0
-484,TĐ Huội Quảng,2024-12-03 22:00:00,0.0,0.0
-484,TĐ Huội Quảng,2024-12-03 23:00:00,0.0,0.0
-484,TĐ Huội Quảng,2024-12-04 00:00:00,0.0,0.0
-484,TĐ Huội Quảng,2024-12-04 01:00:00,0.0,0.0
-484,TĐ Huội Quảng,2024-12-04 02:00:00,0.0,0.0
-484,TĐ Huội Quảng,2024-12-04 03:00:00,0.0,0.0
-484,TĐ Huội Quảng,2024-12-04 04:00:00,0.0,0.0
-484,TĐ Huội Quảng,2024-12-04 05:00:00,0.0,0.0
-484,TĐ Huội Quảng,2024-12-04 06:00:00,0.0,0.0
-484,TĐ Huội Quảng,2024-12-04 07:00:00,0.0,0.0
-484,TĐ Huội Quảng,2024-12-04 08:00:00,0.0,0.0
-484,TĐ Huội Quảng,2024-12-04 09:00:00,0.0,0.0
-484,TĐ Huội Quảng,2024-12-04 10:00:00,0.0,0.0
-484,TĐ Huội Quảng,2024-12-04 11:00:00,0.0,0.0
-484,TĐ Huội Quảng,2024-12-04 12:00:00,0.0,0.0
-484,TĐ Huội Quảng,2024-12-04 13:00:00,0.0,0.0
-484,TĐ Huội Quảng,2024-12-04 14:00:00,0.0,0.0
-484,TĐ Huội Quảng,2024-12-04 15:00:00,0.0,0.0
-484,TĐ Huội Quảng,2024-12-04 16:00:00,0.0,0.0
-484,TĐ Huội Quảng,2024-12-04 17:00:00,0.0,0.0
-484,TĐ Huội Quảng,2024-12-04 18:00:00,0.0,0.0
-484,TĐ Huội Quảng,2024-12-04 19:00:00,0.0,0.0
-484,TĐ Huội Quảng,2024-12-04 20:00:00,0.0,0.0
-484,TĐ Huội Quảng,2024-12-04 21:00:00,0.0,0.0
-484,TĐ Huội Quảng,2024-12-04 22:00:00,0.0,0.0
-484,TĐ Huội Quảng,2024-12-04 23:00:00,0.0,0.0
-484,TĐ Huội Quảng,2024-12-05 00:00:00,0.0,0.0
-484,TĐ Huội Quảng,2024-12-05 01:00:00,,0.0
-484,TĐ Huội Quảng,2024-12-05 02:00:00,0.0,0.0
-484,TĐ Huội Quảng,2024-12-05 03:00:00,0.0,0.0
-484,TĐ Huội Quảng,2024-12-05 04:00:00,0.0,0.0
-484,TĐ Huội Quảng,2024-12-05 05:00:00,0.0,0.0
-484,TĐ Huội Quảng,2024-12-05 06:00:00,0.0,0.0
-484,TĐ Huội Quảng,2024-12-05 07:00:00,0.0,0.0
-484,TĐ Huội Quảng,2024-12-05 08:00:00,0.0,0.0
-484,TĐ Huội Quảng,2024-12-05 09:00:00,0.0,0.0
-484,TĐ Huội Quảng,2024-12-05 10:00:00,0.0,0.0
-484,TĐ Huội Quảng,2024-12-05 11:00:00,0.0,0.0
-484,TĐ Huội Quảng,2024-12-05 12:00:00,0.0,0.0
-484,TĐ Huội Quảng,2024-12-05 13:00:00,0.0,0.0
-484,TĐ Huội Quảng,2024-12-05 14:00:00,0.0,0.0
-484,TĐ Huội Quảng,2024-12-05 15:00:00,0.0,0.0
-484,TĐ Huội Quảng,2024-12-05 16:00:00,0.0,0.0
-484,TĐ Huội Quảng,2024-12-05 17:00:00,0.0,0.0
-484,TĐ Huội Quảng,2024-12-05 18:00:00,0.20000000298023224,0.20000000298023224
-484,TĐ Huội Quảng,2024-12-05 19:00:00,0.0,0.20000000298023224
-484,TĐ Huội Quảng,2024-12-05 20:00:00,0.0,0.20000000298023224
-484,TĐ Huội Quảng,2024-12-05 21:00:00,0.0,0.20000000298023224
-484,TĐ Huội Quảng,2024-12-05 22:00:00,0.0,0.20000000298023224
-484,TĐ Huội Quảng,2024-12-05 23:00:00,0.0,0.20000000298023224
-484,TĐ Huội Quảng,2024-12-06 00:00:00,0.0,0.0
-484,TĐ Huội Quảng,2024-12-06 01:00:00,0.0,0.0
-484,TĐ Huội Quảng,2024-12-06 02:00:00,0.0,0.0
-484,TĐ Huội Quảng,2024-12-06 03:00:00,0.0,0.0
-484,TĐ Huội Quảng,2024-12-06 04:00:00,0.0,0.0
-484,TĐ Huội Quảng,2024-12-06 05:00:00,0.0,0.0
-484,TĐ Huội Quảng,2024-12-06 06:00:00,0.0,0.0
-484,TĐ Huội Quảng,2024-12-06 07:00:00,0.0,0.0
-484,TĐ Huội Quảng,2024-12-06 08:00:00,0.20000000298023224,0.20000000298023224
-484,TĐ Huội Quảng,2024-12-06 09:00:00,0.0,0.20000000298023224
-484,TĐ Huội Quảng,2024-12-06 10:00:00,0.0,0.20000000298023224
-484,TĐ Huội Quảng,2024-12-06 11:00:00,0.0,0.20000000298023224
-484,TĐ Huội Quảng,2024-12-06 12:00:00,0.0,0.20000000298023224
-484,TĐ Huội Quảng,2024-12-06 13:00:00,0.0,0.20000000298023224
-484,TĐ Huội Quảng,2024-12-06 14:00:00,0.0,0.20000000298023224
-484,TĐ Huội Quảng,2024-12-06 15:00:00,0.0,0.20000000298023224
-484,TĐ Huội Quảng,2024-12-06 16:00:00,0.0,0.20000000298023224
-484,TĐ Huội Quảng,2024-12-06 17:00:00,0.0,0.20000000298023224
-484,TĐ Huội Quảng,2024-12-06 18:00:00,0.0,0.20000000298023224
-484,TĐ Huội Quảng,2024-12-06 19:00:00,0.0,0.20000000298023224
-484,TĐ Huội Quảng,2024-12-06 20:00:00,0.0,0.20000000298023224
-484,TĐ Huội Quảng,2024-12-06 21:00:00,0.0,0.20000000298023224
-484,TĐ Huội Quảng,2024-12-06 22:00:00,0.0,0.20000000298023224
-484,TĐ Huội Quảng,2024-12-06 23:00:00,0.0,0.20000000298023224
-484,TĐ Huội Quảng,2024-12-07 00:00:00,0.0,0.0
-484,TĐ Huội Quảng,2024-12-07 01:00:00,0.0,0.0
-484,TĐ Huội Quảng,2024-12-07 02:00:00,0.0,0.0
-484,TĐ Huội Quảng,2024-12-07 03:00:00,0.0,0.0
-484,TĐ Huội Quảng,2024-12-07 04:00:00,0.0,0.0
-484,TĐ Huội Quảng,2024-12-07 05:00:00,0.0,0.0
-484,TĐ Huội Quảng,2024-12-07 06:00:00,0.20000000298023224,0.20000000298023224
-484,TĐ Huội Quảng,2024-12-07 07:00:00,0.0,0.20000000298023224
-484,TĐ Huội Quảng,2024-12-07 08:00:00,0.0,0.20000000298023224
-484,TĐ Huội Quảng,2024-12-07 09:00:00,0.0,0.20000000298023224
-484,TĐ Huội Quảng,2024-12-07 10:00:00,0.0,0.20000000298023224
-484,TĐ Huội Quảng,2024-12-07 11:00:00,0.0,0.20000000298023224
-484,TĐ Huội Quảng,2024-12-07 12:00:00,0.0,0.20000000298023224
-484,TĐ Huội Quảng,2024-12-07 13:00:00,0.0,0.20000000298023224
-484,TĐ Huội Quảng,2024-12-07 14:00:00,0.0,0.20000000298023224
-484,TĐ Huội Quảng,2024-12-07 15:00:00,0.0,0.20000000298023224
-484,TĐ Huội Quảng,2024-12-07 16:00:00,0.0,0.20000000298023224
-484,TĐ Huội Quảng,2024-12-07 17:00:00,0.0,0.20000000298023224
-484,TĐ Huội Quảng,2024-12-07 18:00:00,0.0,0.20000000298023224
-484,TĐ Huội Quảng,2024-12-07 19:00:00,0.0,0.20000000298023224
-484,TĐ Huội Quảng,2024-12-07 20:00:00,0.0,0.20000000298023224
-484,TĐ Huội Quảng,2024-12-07 21:00:00,0.0,0.20000000298023224
-484,TĐ Huội Quảng,2024-12-07 22:00:00,0.0,0.20000000298023224
-484,TĐ Huội Quảng,2024-12-07 23:00:00,0.0,0.20000000298023224
-484,TĐ Huội Quảng,2024-12-08 00:00:00,0.0,0.0
-484,TĐ Huội Quảng,2024-12-08 01:00:00,0.0,0.0
-484,TĐ Huội Quảng,2024-12-08 02:00:00,0.0,0.0
-484,TĐ Huội Quảng,2024-12-08 03:00:00,0.0,0.0
-484,TĐ Huội Quảng,2024-12-08 04:00:00,0.0,0.0
-484,TĐ Huội Quảng,2024-12-08 05:00:00,0.0,0.0
-484,TĐ Huội Quảng,2024-12-08 06:00:00,0.0,0.0
-484,TĐ Huội Quảng,2024-12-08 07:00:00,0.0,0.0
-484,TĐ Huội Quảng,2024-12-08 08:00:00,0.0,0.0
-484,TĐ Huội Quảng,2024-12-08 09:00:00,0.0,0.0
-484,TĐ Huội Quảng,2024-12-08 10:00:00,0.0,0.0
-484,TĐ Huội Quảng,2024-12-08 11:00:00,0.0,0.0
-484,TĐ Huội Quảng,2024-12-08 12:00:00,0.0,0.0
-484,TĐ Huội Quảng,2024-12-08 13:00:00,0.0,0.0
-484,TĐ Huội Quảng,2024-12-08 14:00:00,0.0,0.0
-484,TĐ Huội Quảng,2024-12-08 15:00:00,0.0,0.0
-484,TĐ Huội Quảng,2024-12-08 16:00:00,0.0,0.0
-484,TĐ Huội Quảng,2024-12-08 17:00:00,0.0,0.0
-484,TĐ Huội Quảng,2024-12-08 18:00:00,0.0,0.0
-484,TĐ Huội Quảng,2024-12-08 19:00:00,0.0,0.0
-484,TĐ Huội Quảng,2024-12-08 20:00:00,0.0,0.0
-484,TĐ Huội Quảng,2024-12-08 21:00:00,0.0,0.0
-484,TĐ Huội Quảng,2024-12-08 22:00:00,0.0,0.0
-484,TĐ Huội Quảng,2024-12-08 23:00:00,0.0,0.0
-484,TĐ Huội Quảng,2024-12-09 00:00:00,0.0,0.0
-484,TĐ Huội Quảng,2024-12-09 01:00:00,0.0,0.0
-484,TĐ Huội Quảng,2024-12-09 02:00:00,0.0,0.0
-484,TĐ Huội Quảng,2024-12-09 03:00:00,0.0,0.0
-484,TĐ Huội Quảng,2024-12-09 04:00:00,0.0,0.0
-484,TĐ Huội Quảng,2024-12-09 05:00:00,0.0,0.0
-484,TĐ Huội Quảng,2024-12-09 06:00:00,0.0,0.0
-484,TĐ Huội Quảng,2024-12-09 07:00:00,0.0,0.0
-484,TĐ Huội Quảng,2024-12-09 08:00:00,0.0,0.0
-484,TĐ Huội Quảng,2024-12-09 09:00:00,0.0,0.0
-484,TĐ Huội Quảng,2024-12-09 10:00:00,0.0,0.0
-484,TĐ Huội Quảng,2024-12-09 11:00:00,0.0,0.0
-484,TĐ Huội Quảng,2024-12-09 12:00:00,0.0,0.0
-484,TĐ Huội Quảng,2024-12-09 13:00:00,0.0,0.0
-484,TĐ Huội Quảng,2024-12-09 14:00:00,0.0,0.0
-484,TĐ Huội Quảng,2024-12-09 15:00:00,0.0,0.0
-484,TĐ Huội Quảng,2024-12-09 16:00:00,0.0,0.0
-484,TĐ Huội Quảng,2024-12-09 17:00:00,0.0,0.0
-484,TĐ Huội Quảng,2024-12-09 18:00:00,0.0,0.0
-484,TĐ Huội Quảng,2024-12-09 19:00:00,0.0,0.0
-484,TĐ Huội Quảng,2024-12-09 20:00:00,0.0,0.0
-484,TĐ Huội Quảng,2024-12-09 21:00:00,0.0,0.0
-484,TĐ Huội Quảng,2024-12-09 22:00:00,0.0,0.0
-484,TĐ Huội Quảng,2024-12-09 23:00:00,0.0,0.0
-484,TĐ Huội Quảng,2024-12-10 00:00:00,0.0,0.0
-484,TĐ Huội Quảng,2024-12-10 01:00:00,0.0,0.0
-484,TĐ Huội Quảng,2024-12-10 02:00:00,0.0,0.0
-484,TĐ Huội Quảng,2024-12-10 03:00:00,0.0,0.0
-484,TĐ Huội Quảng,2024-12-10 04:00:00,0.0,0.0
-484,TĐ Huội Quảng,2024-12-10 05:00:00,0.0,0.0
-484,TĐ Huội Quảng,2024-12-10 06:00:00,0.0,0.0
-484,TĐ Huội Quảng,2024-12-10 07:00:00,0.0,0.0
-484,TĐ Huội Quảng,2024-12-10 08:00:00,0.0,0.0
-484,TĐ Huội Quảng,2024-12-10 09:00:00,0.0,0.0
-484,TĐ Huội Quảng,2024-12-10 10:00:00,0.0,0.0
-484,TĐ Huội Quảng,2024-12-10 11:00:00,0.0,0.0
-484,TĐ Huội Quảng,2024-12-10 12:00:00,0.0,0.0
-484,TĐ Huội Quảng,2024-12-10 13:00:00,0.0,0.0
-484,TĐ Huội Quảng,2024-12-10 14:00:00,0.0,0.0
-484,TĐ Huội Quảng,2024-12-10 15:00:00,0.0,0.0
-484,TĐ Huội Quảng,2024-12-10 16:00:00,0.0,0.0
-484,TĐ Huội Quảng,2024-12-10 17:00:00,0.0,0.0
-484,TĐ Huội Quảng,2024-12-10 18:00:00,0.0,0.0
-484,TĐ Huội Quảng,2024-12-10 19:00:00,0.0,0.0
-484,TĐ Huội Quảng,2024-12-10 20:00:00,0.0,0.0
-484,TĐ Huội Quảng,2024-12-10 21:00:00,0.0,0.0
-484,TĐ Huội Quảng,2024-12-10 22:00:00,0.0,0.0
-484,TĐ Huội Quảng,2024-12-10 23:00:00,0.0,0.0
-484,TĐ Huội Quảng,2024-12-11 00:00:00,0.0,0.0
-484,TĐ Huội Quảng,2024-12-11 01:00:00,0.0,0.0
-484,TĐ Huội Quảng,2024-12-11 02:00:00,0.0,0.0
-484,TĐ Huội Quảng,2024-12-11 03:00:00,0.0,0.0
-484,TĐ Huội Quảng,2024-12-11 04:00:00,0.0,0.0
-484,TĐ Huội Quảng,2024-12-11 05:00:00,0.0,0.0
-484,TĐ Huội Quảng,2024-12-11 06:00:00,0.0,0.0
-484,TĐ Huội Quảng,2024-12-11 07:00:00,0.0,0.0
-484,TĐ Huội Quảng,2024-12-11 08:00:00,0.0,0.0
-484,TĐ Huội Quảng,2024-12-11 09:00:00,0.0,0.0
-484,TĐ Huội Quảng,2024-12-11 10:00:00,0.0,0.0
-484,TĐ Huội Quảng,2024-12-11 11:00:00,0.0,0.0
-484,TĐ Huội Quảng,2024-12-11 12:00:00,0.0,0.0
-484,TĐ Huội Quảng,2024-12-11 13:00:00,0.0,0.0
-484,TĐ Huội Quảng,2024-12-11 14:00:00,0.0,0.0
-484,TĐ Huội Quảng,2024-12-11 15:00:00,0.0,0.0
-484,TĐ Huội Quảng,2024-12-11 16:00:00,0.0,0.0
-484,TĐ Huội Quảng,2024-12-11 17:00:00,0.0,0.0
-484,TĐ Huội Quảng,2024-12-11 18:00:00,0.0,0.0
-484,TĐ Huội Quảng,2024-12-11 19:00:00,0.0,0.0
-484,TĐ Huội Quảng,2024-12-11 20:00:00,0.0,0.0
-484,TĐ Huội Quảng,2024-12-11 21:00:00,0.0,0.0
-484,TĐ Huội Quảng,2024-12-11 22:00:00,0.0,0.0
-484,TĐ Huội Quảng,2024-12-11 23:00:00,0.0,0.0
-484,TĐ Huội Quảng,2024-12-12 00:00:00,0.0,0.0
-484,TĐ Huội Quảng,2024-12-12 01:00:00,0.0,0.0
-484,TĐ Huội Quảng,2024-12-12 02:00:00,0.0,0.0
-484,TĐ Huội Quảng,2024-12-12 03:00:00,0.0,0.0
-484,TĐ Huội Quảng,2024-12-12 04:00:00,0.0,0.0
-484,TĐ Huội Quảng,2024-12-12 05:00:00,0.0,0.0
-484,TĐ Huội Quảng,2024-12-12 06:00:00,0.0,0.0
-484,TĐ Huội Quảng,2024-12-12 07:00:00,0.0,0.0
-484,TĐ Huội Quảng,2024-12-12 08:00:00,0.0,0.0
-484,TĐ Huội Quảng,2024-12-12 09:00:00,,0.0
-484,TĐ Huội Quảng,2024-12-12 10:00:00,0.0,0.0
-484,TĐ Huội Quảng,2024-12-12 11:00:00,0.0,0.0
-484,TĐ Huội Quảng,2024-12-12 12:00:00,0.0,0.0
-484,TĐ Huội Quảng,2024-12-12 13:00:00,0.0,0.0
-484,TĐ Huội Quảng,2024-12-12 14:00:00,0.0,0.0
-484,TĐ Huội Quảng,2024-12-12 15:00:00,0.0,0.0
-484,TĐ Huội Quảng,2024-12-12 16:00:00,0.0,0.0
-484,TĐ Huội Quảng,2024-12-12 17:00:00,0.0,0.0
-484,TĐ Huội Quảng,2024-12-12 18:00:00,0.0,0.0
-484,TĐ Huội Quảng,2024-12-12 19:00:00,0.0,0.0
-484,TĐ Huội Quảng,2024-12-12 20:00:00,0.0,0.0
-484,TĐ Huội Quảng,2024-12-12 21:00:00,0.0,0.0
-484,TĐ Huội Quảng,2024-12-12 22:00:00,0.0,0.0
-484,TĐ Huội Quảng,2024-12-12 23:00:00,0.0,0.0
-484,TĐ Huội Quảng,2024-12-13 00:00:00,0.0,0.0
-484,TĐ Huội Quảng,2024-12-13 01:00:00,0.0,0.0
-484,TĐ Huội Quảng,2024-12-13 02:00:00,0.0,0.0
-484,TĐ Huội Quảng,2024-12-13 03:00:00,0.0,0.0
-484,TĐ Huội Quảng,2024-12-13 04:00:00,0.0,0.0
-484,TĐ Huội Quảng,2024-12-13 05:00:00,0.0,0.0
-484,TĐ Huội Quảng,2024-12-13 06:00:00,0.0,0.0
-484,TĐ Huội Quảng,2024-12-13 07:00:00,0.0,0.0
-484,TĐ Huội Quảng,2024-12-13 08:00:00,0.0,0.0
-484,TĐ Huội Quảng,2024-12-13 09:00:00,0.0,0.0
-484,TĐ Huội Quảng,2024-12-13 10:00:00,0.0,0.0
-484,TĐ Huội Quảng,2024-12-13 11:00:00,0.0,0.0
-484,TĐ Huội Quảng,2024-12-13 12:00:00,0.0,0.0
-484,TĐ Huội Quảng,2024-12-13 13:00:00,0.0,0.0
-484,TĐ Huội Quảng,2024-12-13 14:00:00,0.0,0.0
-484,TĐ Huội Quảng,2024-12-13 15:00:00,0.0,0.0
-484,TĐ Huội Quảng,2024-12-13 16:00:00,0.0,0.0
-484,TĐ Huội Quảng,2024-12-13 17:00:00,0.0,0.0
-484,TĐ Huội Quảng,2024-12-13 18:00:00,0.0,0.0
-484,TĐ Huội Quảng,2024-12-13 19:00:00,0.0,0.0
-484,TĐ Huội Quảng,2024-12-13 20:00:00,0.0,0.0
-484,TĐ Huội Quảng,2024-12-13 21:00:00,0.0,0.0
-484,TĐ Huội Quảng,2024-12-13 22:00:00,0.0,0.0
-484,TĐ Huội Quảng,2024-12-13 23:00:00,0.0,0.0
-484,TĐ Huội Quảng,2024-12-14 00:00:00,0.0,0.0
-484,TĐ Huội Quảng,2024-12-14 01:00:00,0.0,0.0
-484,TĐ Huội Quảng,2024-12-14 02:00:00,0.0,0.0
-484,TĐ Huội Quảng,2024-12-14 03:00:00,0.0,0.0
-484,TĐ Huội Quảng,2024-12-14 04:00:00,0.0,0.0
-484,TĐ Huội Quảng,2024-12-14 05:00:00,0.0,0.0
-484,TĐ Huội Quảng,2024-12-14 06:00:00,0.0,0.0
-484,TĐ Huội Quảng,2024-12-14 07:00:00,0.0,0.0
-484,TĐ Huội Quảng,2024-12-14 08:00:00,0.0,0.0
-484,TĐ Huội Quảng,2024-12-14 09:00:00,0.0,0.0
-484,TĐ Huội Quảng,2024-12-14 10:00:00,0.0,0.0
-484,TĐ Huội Quảng,2024-12-14 11:00:00,0.0,0.0
-484,TĐ Huội Quảng,2024-12-14 12:00:00,0.0,0.0
-484,TĐ Huội Quảng,2024-12-14 13:00:00,0.0,0.0
-484,TĐ Huội Quảng,2024-12-14 14:00:00,0.0,0.0
-484,TĐ Huội Quảng,2024-12-14 15:00:00,0.0,0.0
-484,TĐ Huội Quảng,2024-12-14 16:00:00,0.0,0.0
-484,TĐ Huội Quảng,2024-12-14 17:00:00,0.0,0.0
-484,TĐ Huội Quảng,2024-12-14 18:00:00,0.0,0.0
-484,TĐ Huội Quảng,2024-12-14 19:00:00,0.0,0.0
-484,TĐ Huội Quảng,2024-12-14 20:00:00,0.0,0.0
-484,TĐ Huội Quảng,2024-12-14 21:00:00,0.0,0.0
-484,TĐ Huội Quảng,2024-12-14 22:00:00,0.0,0.0
-484,TĐ Huội Quảng,2024-12-14 23:00:00,0.0,0.0
-484,TĐ Huội Quảng,2024-12-15 00:00:00,0.0,0.0
-484,TĐ Huội Quảng,2024-12-15 01:00:00,0.0,0.0
-484,TĐ Huội Quảng,2024-12-15 02:00:00,0.0,0.0
-484,TĐ Huội Quảng,2024-12-15 03:00:00,0.0,0.0
-484,TĐ Huội Quảng,2024-12-15 04:00:00,0.0,0.0
-484,TĐ Huội Quảng,2024-12-15 05:00:00,0.0,0.0
-484,TĐ Huội Quảng,2024-12-15 06:00:00,0.0,0.0
-484,TĐ Huội Quảng,2024-12-15 07:00:00,0.0,0.0
-484,TĐ Huội Quảng,2024-12-15 08:00:00,0.0,0.0
-484,TĐ Huội Quảng,2024-12-15 09:00:00,0.0,0.0
-484,TĐ Huội Quảng,2024-12-15 10:00:00,0.0,0.0
-484,TĐ Huội Quảng,2024-12-15 11:00:00,0.0,0.0
-484,TĐ Huội Quảng,2024-12-15 12:00:00,0.0,0.0
-484,TĐ Huội Quảng,2024-12-15 13:00:00,0.0,0.0
-484,TĐ Huội Quảng,2024-12-15 14:00:00,0.0,0.0
-484,TĐ Huội Quảng,2024-12-15 15:00:00,0.0,0.0
-484,TĐ Huội Quảng,2024-12-15 16:00:00,0.0,0.0
-484,TĐ Huội Quảng,2024-12-15 17:00:00,0.0,0.0
-484,TĐ Huội Quảng,2024-12-15 18:00:00,0.0,0.0
-484,TĐ Huội Quảng,2024-12-15 19:00:00,0.0,0.0
-484,TĐ Huội Quảng,2024-12-15 20:00:00,0.0,0.0
-484,TĐ Huội Quảng,2024-12-15 21:00:00,,0.0
-484,TĐ Huội Quảng,2024-12-15 22:00:00,0.0,0.0
-484,TĐ Huội Quảng,2024-12-15 23:00:00,0.0,0.0
-484,TĐ Huội Quảng,2024-12-16 00:00:00,0.0,0.0
-484,TĐ Huội Quảng,2024-12-16 01:00:00,0.0,0.0
-484,TĐ Huội Quảng,2024-12-16 02:00:00,0.0,0.0
-484,TĐ Huội Quảng,2024-12-16 03:00:00,0.0,0.0
-484,TĐ Huội Quảng,2024-12-16 04:00:00,0.0,0.0
-484,TĐ Huội Quảng,2024-12-16 05:00:00,0.0,0.0
-484,TĐ Huội Quảng,2024-12-16 06:00:00,0.0,0.0
-484,TĐ Huội Quảng,2024-12-16 07:00:00,0.0,0.0
-484,TĐ Huội Quảng,2024-12-16 08:00:00,0.0,0.0
-484,TĐ Huội Quảng,2024-12-16 09:00:00,0.0,0.0
-484,TĐ Huội Quảng,2024-12-16 10:00:00,0.0,0.0
-484,TĐ Huội Quảng,2024-12-16 11:00:00,0.0,0.0
-484,TĐ Huội Quảng,2024-12-16 12:00:00,0.0,0.0
-484,TĐ Huội Quảng,2024-12-16 13:00:00,0.0,0.0
-484,TĐ Huội Quảng,2024-12-16 14:00:00,0.0,0.0
-484,TĐ Huội Quảng,2024-12-16 15:00:00,0.0,0.0
-484,TĐ Huội Quảng,2024-12-16 16:00:00,0.0,0.0
-484,TĐ Huội Quảng,2024-12-16 17:00:00,0.0,0.0
-484,TĐ Huội Quảng,2024-12-16 18:00:00,0.0,0.0
-484,TĐ Huội Quảng,2024-12-16 19:00:00,0.0,0.0
-484,TĐ Huội Quảng,2024-12-16 20:00:00,0.0,0.0
-484,TĐ Huội Quảng,2024-12-16 21:00:00,0.0,0.0
-484,TĐ Huội Quảng,2024-12-16 22:00:00,0.0,0.0
-484,TĐ Huội Quảng,2024-12-16 23:00:00,0.0,0.0
-484,TĐ Huội Quảng,2024-12-17 00:00:00,0.0,0.0
-484,TĐ Huội Quảng,2024-12-17 01:00:00,0.0,0.0
-484,TĐ Huội Quảng,2024-12-17 02:00:00,0.0,0.0
-484,TĐ Huội Quảng,2024-12-17 03:00:00,0.0,0.0
-484,TĐ Huội Quảng,2024-12-17 04:00:00,0.0,0.0
-484,TĐ Huội Quảng,2024-12-17 05:00:00,0.0,0.0
-484,TĐ Huội Quảng,2024-12-17 06:00:00,0.0,0.0
-484,TĐ Huội Quảng,2024-12-17 07:00:00,0.0,0.0
-484,TĐ Huội Quảng,2024-12-17 08:00:00,0.0,0.0
-484,TĐ Huội Quảng,2024-12-17 09:00:00,0.0,0.0
-484,TĐ Huội Quảng,2024-12-17 10:00:00,0.0,0.0
-484,TĐ Huội Quảng,2024-12-17 11:00:00,0.0,0.0
-484,TĐ Huội Quảng,2024-12-17 12:00:00,0.0,0.0
-484,TĐ Huội Quảng,2024-12-17 13:00:00,0.0,0.0
-484,TĐ Huội Quảng,2024-12-17 14:00:00,0.0,0.0
-484,TĐ Huội Quảng,2024-12-17 15:00:00,0.0,0.0
-484,TĐ Huội Quảng,2024-12-17 16:00:00,0.0,0.0
-484,TĐ Huội Quảng,2024-12-17 17:00:00,0.0,0.0
-484,TĐ Huội Quảng,2024-12-17 18:00:00,0.0,0.0
-484,TĐ Huội Quảng,2024-12-17 19:00:00,0.0,0.0
-484,TĐ Huội Quảng,2024-12-17 20:00:00,0.0,0.0
-484,TĐ Huội Quảng,2024-12-17 21:00:00,0.0,0.0
-484,TĐ Huội Quảng,2024-12-17 22:00:00,0.0,0.0
-484,TĐ Huội Quảng,2024-12-17 23:00:00,0.0,0.0
-484,TĐ Huội Quảng,2024-12-18 00:00:00,0.0,0.0
-484,TĐ Huội Quảng,2024-12-18 01:00:00,0.0,0.0
-484,TĐ Huội Quảng,2024-12-18 02:00:00,0.0,0.0
-484,TĐ Huội Quảng,2024-12-18 03:00:00,0.0,0.0
-484,TĐ Huội Quảng,2024-12-18 04:00:00,0.0,0.0
-484,TĐ Huội Quảng,2024-12-18 05:00:00,0.0,0.0
-484,TĐ Huội Quảng,2024-12-18 06:00:00,0.0,0.0
-484,TĐ Huội Quảng,2024-12-18 07:00:00,0.0,0.0
-484,TĐ Huội Quảng,2024-12-18 08:00:00,0.0,0.0
-484,TĐ Huội Quảng,2024-12-18 09:00:00,0.0,0.0
-484,TĐ Huội Quảng,2024-12-18 10:00:00,0.0,0.0
-484,TĐ Huội Quảng,2024-12-18 11:00:00,0.0,0.0
-484,TĐ Huội Quảng,2024-12-18 12:00:00,0.0,0.0
-484,TĐ Huội Quảng,2024-12-18 13:00:00,0.0,0.0
-484,TĐ Huội Quảng,2024-12-18 14:00:00,0.0,0.0
-484,TĐ Huội Quảng,2024-12-18 15:00:00,0.0,0.0
-484,TĐ Huội Quảng,2024-12-18 16:00:00,0.0,0.0
-484,TĐ Huội Quảng,2024-12-18 17:00:00,0.0,0.0
-484,TĐ Huội Quảng,2024-12-18 18:00:00,0.0,0.0
-484,TĐ Huội Quảng,2024-12-18 19:00:00,0.0,0.0
-484,TĐ Huội Quảng,2024-12-18 20:00:00,0.0,0.0
-484,TĐ Huội Quảng,2024-12-18 21:00:00,0.0,0.0
-484,TĐ Huội Quảng,2024-12-18 22:00:00,0.0,0.0
-484,TĐ Huội Quảng,2024-12-18 23:00:00,0.0,0.0
-484,TĐ Huội Quảng,2024-12-19 00:00:00,0.0,0.0
-484,TĐ Huội Quảng,2024-12-19 01:00:00,0.0,0.0
-484,TĐ Huội Quảng,2024-12-19 02:00:00,0.0,0.0
-484,TĐ Huội Quảng,2024-12-19 03:00:00,0.0,0.0
-484,TĐ Huội Quảng,2024-12-19 04:00:00,0.0,0.0
-484,TĐ Huội Quảng,2024-12-19 05:00:00,0.0,0.0
-484,TĐ Huội Quảng,2024-12-19 06:00:00,0.0,0.0
-484,TĐ Huội Quảng,2024-12-19 07:00:00,0.0,0.0
-484,TĐ Huội Quảng,2024-12-19 08:00:00,0.0,0.0
-484,TĐ Huội Quảng,2024-12-19 09:00:00,0.0,0.0
-484,TĐ Huội Quảng,2024-12-19 10:00:00,0.0,0.0
-484,TĐ Huội Quảng,2024-12-19 11:00:00,0.0,0.0
-484,TĐ Huội Quảng,2024-12-19 12:00:00,0.0,0.0
-484,TĐ Huội Quảng,2024-12-19 13:00:00,0.0,0.0
-484,TĐ Huội Quảng,2024-12-19 14:00:00,0.0,0.0
-484,TĐ Huội Quảng,2024-12-19 15:00:00,0.0,0.0
-484,TĐ Huội Quảng,2024-12-19 16:00:00,0.0,0.0
-484,TĐ Huội Quảng,2024-12-19 17:00:00,0.0,0.0
-484,TĐ Huội Quảng,2024-12-19 18:00:00,0.0,0.0
-484,TĐ Huội Quảng,2024-12-19 19:00:00,0.0,0.0
-484,TĐ Huội Quảng,2024-12-19 20:00:00,0.0,0.0
-484,TĐ Huội Quảng,2024-12-19 21:00:00,0.0,0.0
-484,TĐ Huội Quảng,2024-12-19 22:00:00,0.0,0.0
-484,TĐ Huội Quảng,2024-12-19 23:00:00,0.0,0.0
-484,TĐ Huội Quảng,2024-12-20 00:00:00,0.0,0.0
-484,TĐ Huội Quảng,2024-12-20 01:00:00,0.0,0.0
-484,TĐ Huội Quảng,2024-12-20 02:00:00,0.0,0.0
-484,TĐ Huội Quảng,2024-12-20 03:00:00,0.0,0.0
-484,TĐ Huội Quảng,2024-12-20 04:00:00,0.0,0.0
-484,TĐ Huội Quảng,2024-12-20 05:00:00,0.0,0.0
-484,TĐ Huội Quảng,2024-12-20 06:00:00,0.0,0.0
-484,TĐ Huội Quảng,2024-12-20 07:00:00,0.0,0.0
-484,TĐ Huội Quảng,2024-12-20 08:00:00,0.0,0.0
-484,TĐ Huội Quảng,2024-12-20 09:00:00,0.0,0.0
-484,TĐ Huội Quảng,2024-12-20 10:00:00,0.0,0.0
-484,TĐ Huội Quảng,2024-12-20 11:00:00,0.0,0.0
-484,TĐ Huội Quảng,2024-12-20 12:00:00,0.0,0.0
-484,TĐ Huội Quảng,2024-12-20 13:00:00,0.0,0.0
-484,TĐ Huội Quảng,2024-12-20 14:00:00,0.0,0.0
-484,TĐ Huội Quảng,2024-12-20 15:00:00,0.0,0.0
-484,TĐ Huội Quảng,2024-12-20 16:00:00,0.0,0.0
-484,TĐ Huội Quảng,2024-12-20 17:00:00,0.0,0.0
-484,TĐ Huội Quảng,2024-12-20 18:00:00,0.0,0.0
-484,TĐ Huội Quảng,2024-12-20 19:00:00,0.0,0.0
-484,TĐ Huội Quảng,2024-12-20 20:00:00,0.0,0.0
-484,TĐ Huội Quảng,2024-12-20 21:00:00,0.0,0.0
-484,TĐ Huội Quảng,2024-12-20 22:00:00,0.0,0.0
-484,TĐ Huội Quảng,2024-12-20 23:00:00,0.0,0.0
-484,TĐ Huội Quảng,2024-12-21 00:00:00,0.0,0.0
-484,TĐ Huội Quảng,2024-12-21 01:00:00,0.0,0.0
-484,TĐ Huội Quảng,2024-12-21 02:00:00,0.0,0.0
-484,TĐ Huội Quảng,2024-12-21 03:00:00,0.0,0.0
-484,TĐ Huội Quảng,2024-12-21 04:00:00,0.0,0.0
-484,TĐ Huội Quảng,2024-12-21 05:00:00,0.0,0.0
-484,TĐ Huội Quảng,2024-12-21 06:00:00,0.0,0.0
-484,TĐ Huội Quảng,2024-12-21 07:00:00,0.0,0.0
-484,TĐ Huội Quảng,2024-12-21 08:00:00,0.0,0.0
-484,TĐ Huội Quảng,2024-12-21 09:00:00,0.0,0.0
-484,TĐ Huội Quảng,2024-12-21 10:00:00,0.0,0.0
-484,TĐ Huội Quảng,2024-12-21 11:00:00,0.0,0.0
-484,TĐ Huội Quảng,2024-12-21 12:00:00,0.0,0.0
-484,TĐ Huội Quảng,2024-12-21 13:00:00,0.0,0.0
-484,TĐ Huội Quảng,2024-12-21 14:00:00,0.0,0.0
-484,TĐ Huội Quảng,2024-12-21 15:00:00,0.0,0.0
-484,TĐ Huội Quảng,2024-12-21 16:00:00,0.0,0.0
-484,TĐ Huội Quảng,2024-12-21 17:00:00,0.0,0.0
-484,TĐ Huội Quảng,2024-12-21 18:00:00,0.0,0.0
-484,TĐ Huội Quảng,2024-12-21 19:00:00,0.0,0.0
-484,TĐ Huội Quảng,2024-12-21 20:00:00,0.0,0.0
-484,TĐ Huội Quảng,2024-12-21 21:00:00,0.0,0.0
-484,TĐ Huội Quảng,2024-12-21 22:00:00,0.0,0.0
-484,TĐ Huội Quảng,2024-12-21 23:00:00,0.0,0.0
-484,TĐ Huội Quảng,2024-12-22 00:00:00,0.0,0.0
-484,TĐ Huội Quảng,2024-12-22 01:00:00,0.0,0.0
-484,TĐ Huội Quảng,2024-12-22 02:00:00,0.0,0.0
-484,TĐ Huội Quảng,2024-12-22 03:00:00,0.0,0.0
-484,TĐ Huội Quảng,2024-12-22 04:00:00,0.0,0.0
-484,TĐ Huội Quảng,2024-12-22 05:00:00,0.0,0.0
-484,TĐ Huội Quảng,2024-12-22 06:00:00,0.0,0.0
-484,TĐ Huội Quảng,2024-12-22 07:00:00,0.0,0.0
-484,TĐ Huội Quảng,2024-12-22 08:00:00,0.0,0.0
-484,TĐ Huội Quảng,2024-12-22 09:00:00,0.0,0.0
-484,TĐ Huội Quảng,2024-12-22 10:00:00,0.0,0.0
-484,TĐ Huội Quảng,2024-12-22 11:00:00,0.0,0.0
-484,TĐ Huội Quảng,2024-12-22 12:00:00,0.0,0.0
-484,TĐ Huội Quảng,2024-12-22 13:00:00,0.0,0.0
-484,TĐ Huội Quảng,2024-12-22 14:00:00,0.0,0.0
-484,TĐ Huội Quảng,2024-12-22 15:00:00,0.0,0.0
-484,TĐ Huội Quảng,2024-12-22 16:00:00,0.0,0.0
-484,TĐ Huội Quảng,2024-12-22 17:00:00,0.0,0.0
-484,TĐ Huội Quảng,2024-12-22 18:00:00,0.0,0.0
-484,TĐ Huội Quảng,2024-12-22 19:00:00,0.0,0.0
-484,TĐ Huội Quảng,2024-12-22 20:00:00,0.0,0.0
-484,TĐ Huội Quảng,2024-12-22 21:00:00,0.0,0.0
-484,TĐ Huội Quảng,2024-12-22 22:00:00,0.0,0.0
-484,TĐ Huội Quảng,2024-12-22 23:00:00,0.0,0.0
-484,TĐ Huội Quảng,2024-12-23 00:00:00,0.0,0.0
-484,TĐ Huội Quảng,2024-12-23 01:00:00,0.0,0.0
-484,TĐ Huội Quảng,2024-12-23 02:00:00,0.0,0.0
-484,TĐ Huội Quảng,2024-12-23 03:00:00,0.0,0.0
-484,TĐ Huội Quảng,2024-12-23 04:00:00,0.0,0.0
-484,TĐ Huội Quảng,2024-12-23 05:00:00,0.0,0.0
-484,TĐ Huội Quảng,2024-12-23 06:00:00,0.0,0.0
-484,TĐ Huội Quảng,2024-12-23 07:00:00,0.0,0.0
-484,TĐ Huội Quảng,2024-12-23 08:00:00,0.0,0.0
-484,TĐ Huội Quảng,2024-12-23 09:00:00,0.0,0.0
-484,TĐ Huội Quảng,2024-12-23 10:00:00,0.0,0.0
-484,TĐ Huội Quảng,2024-12-23 11:00:00,0.0,0.0
-484,TĐ Huội Quảng,2024-12-23 12:00:00,0.0,0.0
-484,TĐ Huội Quảng,2024-12-23 13:00:00,0.0,0.0
-484,TĐ Huội Quảng,2024-12-23 14:00:00,0.0,0.0
-484,TĐ Huội Quảng,2024-12-23 15:00:00,0.0,0.0
-484,TĐ Huội Quảng,2024-12-23 16:00:00,0.0,0.0
-484,TĐ Huội Quảng,2024-12-23 17:00:00,0.0,0.0
-484,TĐ Huội Quảng,2024-12-23 18:00:00,0.0,0.0
-484,TĐ Huội Quảng,2024-12-23 19:00:00,0.0,0.0
-484,TĐ Huội Quảng,2024-12-23 20:00:00,0.0,0.0
-484,TĐ Huội Quảng,2024-12-23 21:00:00,0.0,0.0
-484,TĐ Huội Quảng,2024-12-23 22:00:00,0.0,0.0
-484,TĐ Huội Quảng,2024-12-23 23:00:00,0.0,0.0
-484,TĐ Huội Quảng,2024-12-24 00:00:00,0.0,0.0
-484,TĐ Huội Quảng,2024-12-24 01:00:00,0.0,0.0
-484,TĐ Huội Quảng,2024-12-24 02:00:00,0.0,0.0
-484,TĐ Huội Quảng,2024-12-24 03:00:00,0.0,0.0
-484,TĐ Huội Quảng,2024-12-24 04:00:00,0.0,0.0
-484,TĐ Huội Quảng,2024-12-24 05:00:00,0.0,0.0
-484,TĐ Huội Quảng,2024-12-24 06:00:00,0.0,0.0
-484,TĐ Huội Quảng,2024-12-24 07:00:00,0.0,0.0
-484,TĐ Huội Quảng,2024-12-24 08:00:00,0.0,0.0
-484,TĐ Huội Quảng,2024-12-24 09:00:00,0.0,0.0
-484,TĐ Huội Quảng,2024-12-24 10:00:00,0.0,0.0
-484,TĐ Huội Quảng,2024-12-24 11:00:00,0.0,0.0
-484,TĐ Huội Quảng,2024-12-24 12:00:00,0.0,0.0
-484,TĐ Huội Quảng,2024-12-24 13:00:00,0.0,0.0
-484,TĐ Huội Quảng,2024-12-24 14:00:00,0.0,0.0
-484,TĐ Huội Quảng,2024-12-24 15:00:00,0.0,0.0
-484,TĐ Huội Quảng,2024-12-24 16:00:00,0.0,0.0
-484,TĐ Huội Quảng,2024-12-24 17:00:00,0.0,0.0
-484,TĐ Huội Quảng,2024-12-24 18:00:00,0.0,0.0
-484,TĐ Huội Quảng,2024-12-24 19:00:00,0.0,0.0
-484,TĐ Huội Quảng,2024-12-24 20:00:00,0.0,0.0
-484,TĐ Huội Quảng,2024-12-24 21:00:00,0.0,0.0
-484,TĐ Huội Quảng,2024-12-24 22:00:00,0.0,0.0
-484,TĐ Huội Quảng,2024-12-24 23:00:00,0.0,0.0
-484,TĐ Huội Quảng,2024-12-25 00:00:00,0.0,0.0
-484,TĐ Huội Quảng,2024-12-25 01:00:00,0.0,0.0
-484,TĐ Huội Quảng,2024-12-25 02:00:00,0.0,0.0
-484,TĐ Huội Quảng,2024-12-25 03:00:00,0.0,0.0
-484,TĐ Huội Quảng,2024-12-25 04:00:00,0.0,0.0
-484,TĐ Huội Quảng,2024-12-25 05:00:00,0.0,0.0
-484,TĐ Huội Quảng,2024-12-25 06:00:00,0.0,0.0
-484,TĐ Huội Quảng,2024-12-25 07:00:00,0.0,0.0
-484,TĐ Huội Quảng,2024-12-25 08:00:00,0.0,0.0
-484,TĐ Huội Quảng,2024-12-25 09:00:00,0.0,0.0
-484,TĐ Huội Quảng,2024-12-25 10:00:00,0.0,0.0
-484,TĐ Huội Quảng,2024-12-25 11:00:00,0.0,0.0
-484,TĐ Huội Quảng,2024-12-25 12:00:00,0.0,0.0
-484,TĐ Huội Quảng,2024-12-25 13:00:00,0.0,0.0
-484,TĐ Huội Quảng,2024-12-25 14:00:00,0.0,0.0
-484,TĐ Huội Quảng,2024-12-25 15:00:00,0.0,0.0
-484,TĐ Huội Quảng,2024-12-25 16:00:00,0.0,0.0
-484,TĐ Huội Quảng,2024-12-25 17:00:00,0.0,0.0
-484,TĐ Huội Quảng,2024-12-25 18:00:00,0.0,0.0
-484,TĐ Huội Quảng,2024-12-25 19:00:00,0.0,0.0
-484,TĐ Huội Quảng,2024-12-25 20:00:00,0.0,0.0
-484,TĐ Huội Quảng,2024-12-25 21:00:00,0.0,0.0
-484,TĐ Huội Quảng,2024-12-25 22:00:00,0.0,0.0
-484,TĐ Huội Quảng,2024-12-25 23:00:00,0.0,0.0
-484,TĐ Huội Quảng,2024-12-26 00:00:00,0.0,0.0
-484,TĐ Huội Quảng,2024-12-26 01:00:00,0.0,0.0
-484,TĐ Huội Quảng,2024-12-26 02:00:00,0.0,0.0
-484,TĐ Huội Quảng,2024-12-26 03:00:00,0.0,0.0
-484,TĐ Huội Quảng,2024-12-26 04:00:00,0.0,0.0
-484,TĐ Huội Quảng,2024-12-26 05:00:00,0.0,0.0
-484,TĐ Huội Quảng,2024-12-26 06:00:00,0.0,0.0
-484,TĐ Huội Quảng,2024-12-26 07:00:00,0.0,0.0
-484,TĐ Huội Quảng,2024-12-26 08:00:00,0.0,0.0
-484,TĐ Huội Quảng,2024-12-26 09:00:00,0.0,0.0
-484,TĐ Huội Quảng,2024-12-26 10:00:00,0.0,0.0
-484,TĐ Huội Quảng,2024-12-26 11:00:00,0.0,0.0
-484,TĐ Huội Quảng,2024-12-26 12:00:00,0.0,0.0
-484,TĐ Huội Quảng,2024-12-26 13:00:00,0.0,0.0
-484,TĐ Huội Quảng,2024-12-26 14:00:00,0.0,0.0
-484,TĐ Huội Quảng,2024-12-26 15:00:00,0.0,0.0
-484,TĐ Huội Quảng,2024-12-26 16:00:00,0.0,0.0
-484,TĐ Huội Quảng,2024-12-26 17:00:00,0.0,0.0
-484,TĐ Huội Quảng,2024-12-26 18:00:00,0.0,0.0
-484,TĐ Huội Quảng,2024-12-26 19:00:00,0.0,0.0
-484,TĐ Huội Quảng,2024-12-26 20:00:00,0.0,0.0
-484,TĐ Huội Quảng,2024-12-26 21:00:00,0.0,0.0
-484,TĐ Huội Quảng,2024-12-26 22:00:00,0.0,0.0
-484,TĐ Huội Quảng,2024-12-26 23:00:00,0.0,0.0
-484,TĐ Huội Quảng,2024-12-27 00:00:00,0.0,0.0
-484,TĐ Huội Quảng,2024-12-27 01:00:00,0.0,0.0
-484,TĐ Huội Quảng,2024-12-27 02:00:00,0.0,0.0
-484,TĐ Huội Quảng,2024-12-27 03:00:00,0.0,0.0
-484,TĐ Huội Quảng,2024-12-27 04:00:00,0.0,0.0
-484,TĐ Huội Quảng,2024-12-27 05:00:00,0.0,0.0
-484,TĐ Huội Quảng,2024-12-27 06:00:00,0.0,0.0
-484,TĐ Huội Quảng,2024-12-27 07:00:00,0.0,0.0
-484,TĐ Huội Quảng,2024-12-27 08:00:00,0.0,0.0
-484,TĐ Huội Quảng,2024-12-27 09:00:00,0.0,0.0
-484,TĐ Huội Quảng,2024-12-27 10:00:00,0.0,0.0
-484,TĐ Huội Quảng,2024-12-27 11:00:00,0.0,0.0
-484,TĐ Huội Quảng,2024-12-27 12:00:00,0.0,0.0
-484,TĐ Huội Quảng,2024-12-27 13:00:00,0.0,0.0
-484,TĐ Huội Quảng,2024-12-27 14:00:00,0.0,0.0
-484,TĐ Huội Quảng,2024-12-27 15:00:00,0.0,0.0
-484,TĐ Huội Quảng,2024-12-27 16:00:00,0.0,0.0
-484,TĐ Huội Quảng,2024-12-27 17:00:00,0.0,0.0
-484,TĐ Huội Quảng,2024-12-27 18:00:00,0.0,0.0
-484,TĐ Huội Quảng,2024-12-27 19:00:00,0.0,0.0
-484,TĐ Huội Quảng,2024-12-27 20:00:00,0.0,0.0
-484,TĐ Huội Quảng,2024-12-27 21:00:00,0.0,0.0
-484,TĐ Huội Quảng,2024-12-27 22:00:00,0.0,0.0
-484,TĐ Huội Quảng,2024-12-27 23:00:00,0.0,0.0
-484,TĐ Huội Quảng,2024-12-28 00:00:00,0.0,0.0
-484,TĐ Huội Quảng,2024-12-28 01:00:00,0.0,0.0
-484,TĐ Huội Quảng,2024-12-28 02:00:00,0.0,0.0
-484,TĐ Huội Quảng,2024-12-28 03:00:00,0.0,0.0
-484,TĐ Huội Quảng,2024-12-28 04:00:00,0.0,0.0
-484,TĐ Huội Quảng,2024-12-28 05:00:00,0.0,0.0
-484,TĐ Huội Quảng,2024-12-28 06:00:00,0.0,0.0
-484,TĐ Huội Quảng,2024-12-28 07:00:00,0.0,0.0
-484,TĐ Huội Quảng,2024-12-28 08:00:00,0.0,0.0
-484,TĐ Huội Quảng,2024-12-28 09:00:00,0.0,0.0
-484,TĐ Huội Quảng,2024-12-28 10:00:00,0.0,0.0
-484,TĐ Huội Quảng,2024-12-28 11:00:00,0.0,0.0
-484,TĐ Huội Quảng,2024-12-28 12:00:00,0.0,0.0
-484,TĐ Huội Quảng,2024-12-28 13:00:00,0.0,0.0
-484,TĐ Huội Quảng,2024-12-28 14:00:00,0.0,0.0
-484,TĐ Huội Quảng,2024-12-28 15:00:00,0.0,0.0
-484,TĐ Huội Quảng,2024-12-28 16:00:00,0.0,0.0
-484,TĐ Huội Quảng,2024-12-28 17:00:00,0.0,0.0
-484,TĐ Huội Quảng,2024-12-28 18:00:00,0.0,0.0
-484,TĐ Huội Quảng,2024-12-28 19:00:00,0.0,0.0
-484,TĐ Huội Quảng,2024-12-28 20:00:00,0.0,0.0
-484,TĐ Huội Quảng,2024-12-28 21:00:00,0.0,0.0
-484,TĐ Huội Quảng,2024-12-28 22:00:00,0.0,0.0
-484,TĐ Huội Quảng,2024-12-28 23:00:00,0.0,0.0
-484,TĐ Huội Quảng,2024-12-29 00:00:00,0.0,0.0
-484,TĐ Huội Quảng,2024-12-29 01:00:00,0.0,0.0
-484,TĐ Huội Quảng,2024-12-29 02:00:00,0.0,0.0
-484,TĐ Huội Quảng,2024-12-29 03:00:00,0.0,0.0
-484,TĐ Huội Quảng,2024-12-29 04:00:00,0.0,0.0
-484,TĐ Huội Quảng,2024-12-29 05:00:00,0.0,0.0
-484,TĐ Huội Quảng,2024-12-29 06:00:00,0.0,0.0
-484,TĐ Huội Quảng,2024-12-29 07:00:00,0.0,0.0
-484,TĐ Huội Quảng,2024-12-29 08:00:00,0.0,0.0
-484,TĐ Huội Quảng,2024-12-29 09:00:00,0.0,0.0
-484,TĐ Huội Quảng,2024-12-29 10:00:00,0.0,0.0
-484,TĐ Huội Quảng,2024-12-29 11:00:00,0.0,0.0
-484,TĐ Huội Quảng,2024-12-29 12:00:00,0.0,0.0
-484,TĐ Huội Quảng,2024-12-29 13:00:00,0.0,0.0
-484,TĐ Huội Quảng,2024-12-29 14:00:00,0.0,0.0
-484,TĐ Huội Quảng,2024-12-29 15:00:00,0.0,0.0
-484,TĐ Huội Quảng,2024-12-29 16:00:00,0.0,0.0
-484,TĐ Huội Quảng,2024-12-29 17:00:00,0.0,0.0
-484,TĐ Huội Quảng,2024-12-29 18:00:00,0.0,0.0
-484,TĐ Huội Quảng,2024-12-29 19:00:00,0.0,0.0
-484,TĐ Huội Quảng,2024-12-29 20:00:00,0.0,0.0
-484,TĐ Huội Quảng,2024-12-29 21:00:00,0.0,0.0
-484,TĐ Huội Quảng,2024-12-29 22:00:00,0.0,0.0
-484,TĐ Huội Quảng,2024-12-29 23:00:00,0.0,0.0
-484,TĐ Huội Quảng,2024-12-30 00:00:00,0.0,0.0
-484,TĐ Huội Quảng,2024-12-30 01:00:00,0.0,0.0
-484,TĐ Huội Quảng,2024-12-30 02:00:00,0.0,0.0
-484,TĐ Huội Quảng,2024-12-30 03:00:00,0.0,0.0
-484,TĐ Huội Quảng,2024-12-30 04:00:00,0.0,0.0
-484,TĐ Huội Quảng,2024-12-30 05:00:00,0.0,0.0
-484,TĐ Huội Quảng,2024-12-30 06:00:00,0.0,0.0
-484,TĐ Huội Quảng,2024-12-30 07:00:00,0.0,0.0
-484,TĐ Huội Quảng,2024-12-30 08:00:00,0.0,0.0
-484,TĐ Huội Quảng,2024-12-30 09:00:00,0.0,0.0
-484,TĐ Huội Quảng,2024-12-30 10:00:00,0.0,0.0
-484,TĐ Huội Quảng,2024-12-30 11:00:00,0.0,0.0
-484,TĐ Huội Quảng,2024-12-30 12:00:00,0.0,0.0
-484,TĐ Huội Quảng,2024-12-30 13:00:00,0.0,0.0
-484,TĐ Huội Quảng,2024-12-30 14:00:00,0.0,0.0
-484,TĐ Huội Quảng,2024-12-30 15:00:00,0.0,0.0
-484,TĐ Huội Quảng,2024-12-30 16:00:00,0.0,0.0
-484,TĐ Huội Quảng,2024-12-30 17:00:00,0.0,0.0
-484,TĐ Huội Quảng,2024-12-30 18:00:00,0.0,0.0
-484,TĐ Huội Quảng,2024-12-30 19:00:00,0.0,0.0
-484,TĐ Huội Quảng,2024-12-30 20:00:00,0.0,0.0
-484,TĐ Huội Quảng,2024-12-30 21:00:00,0.0,0.0
-484,TĐ Huội Quảng,2024-12-30 22:00:00,0.0,0.0
-484,TĐ Huội Quảng,2024-12-30 23:00:00,0.0,0.0
-484,TĐ Huội Quảng,2024-12-31 00:00:00,0.0,0.0
-484,TĐ Huội Quảng,2024-12-31 01:00:00,0.0,0.0
-484,TĐ Huội Quảng,2024-12-31 02:00:00,0.0,0.0
-484,TĐ Huội Quảng,2024-12-31 03:00:00,0.0,0.0
-484,TĐ Huội Quảng,2024-12-31 04:00:00,0.0,0.0
-484,TĐ Huội Quảng,2024-12-31 05:00:00,0.0,0.0
-484,TĐ Huội Quảng,2024-12-31 06:00:00,0.0,0.0
-484,TĐ Huội Quảng,2024-12-31 07:00:00,0.0,0.0
-484,TĐ Huội Quảng,2024-12-31 08:00:00,0.0,0.0
-484,TĐ Huội Quảng,2024-12-31 09:00:00,0.0,0.0
-484,TĐ Huội Quảng,2024-12-31 10:00:00,0.0,0.0
-484,TĐ Huội Quảng,2024-12-31 11:00:00,0.0,0.0
-484,TĐ Huội Quảng,2024-12-31 12:00:00,0.0,0.0
-484,TĐ Huội Quảng,2024-12-31 13:00:00,0.0,0.0
-484,TĐ Huội Quảng,2024-12-31 14:00:00,0.0,0.0
-484,TĐ Huội Quảng,2024-12-31 15:00:00,0.0,0.0
-484,TĐ Huội Quảng,2024-12-31 16:00:00,0.0,0.0
-484,TĐ Huội Quảng,2024-12-31 17:00:00,0.0,0.0
-484,TĐ Huội Quảng,2024-12-31 18:00:00,0.0,0.0
-484,TĐ Huội Quảng,2024-12-31 19:00:00,0.0,0.0
-484,TĐ Huội Quảng,2024-12-31 20:00:00,0.0,0.0
-484,TĐ Huội Quảng,2024-12-31 21:00:00,0.0,0.0
-484,TĐ Huội Quảng,2024-12-31 22:00:00,0.0,0.0
-484,TĐ Huội Quảng,2024-12-31 23:00:00,0.0,0.0
-484,TĐ Huội Quảng,2025-01-01 00:00:00,0.0,0.0
-484,TĐ Huội Quảng,2025-01-01 01:00:00,0.0,0.0
-484,TĐ Huội Quảng,2025-01-01 02:00:00,0.0,0.0
-484,TĐ Huội Quảng,2025-01-01 03:00:00,0.0,0.0
-484,TĐ Huội Quảng,2025-01-01 04:00:00,0.0,0.0
-484,TĐ Huội Quảng,2025-01-01 05:00:00,0.0,0.0
-484,TĐ Huội Quảng,2025-01-01 06:00:00,0.0,0.0
-484,TĐ Huội Quảng,2025-01-01 07:00:00,0.0,0.0
-484,TĐ Huội Quảng,2025-01-01 08:00:00,0.0,0.0
-484,TĐ Huội Quảng,2025-01-01 09:00:00,0.0,0.0
-484,TĐ Huội Quảng,2025-01-01 10:00:00,0.0,0.0
-484,TĐ Huội Quảng,2025-01-01 11:00:00,0.0,0.0
-484,TĐ Huội Quảng,2025-01-01 12:00:00,0.0,0.0
-484,TĐ Huội Quảng,2025-01-01 13:00:00,0.0,0.0
-484,TĐ Huội Quảng,2025-01-01 14:00:00,0.0,0.0
-484,TĐ Huội Quảng,2025-01-01 15:00:00,0.0,0.0
-484,TĐ Huội Quảng,2025-01-01 16:00:00,0.0,0.0
-484,TĐ Huội Quảng,2025-01-01 17:00:00,0.0,0.0
-484,TĐ Huội Quảng,2025-01-01 18:00:00,0.0,0.0
-484,TĐ Huội Quảng,2025-01-01 19:00:00,0.0,0.0
-484,TĐ Huội Quảng,2025-01-01 20:00:00,0.0,0.0
-484,TĐ Huội Quảng,2025-01-01 21:00:00,0.0,0.0
-484,TĐ Huội Quảng,2025-01-01 22:00:00,0.0,0.0
-484,TĐ Huội Quảng,2025-01-01 23:00:00,0.0,0.0
-484,TĐ Huội Quảng,2025-01-02 00:00:00,0.0,0.0
-484,TĐ Huội Quảng,2025-01-02 01:00:00,0.0,0.0
-484,TĐ Huội Quảng,2025-01-02 02:00:00,0.0,0.0
-484,TĐ Huội Quảng,2025-01-02 03:00:00,0.0,0.0
-484,TĐ Huội Quảng,2025-01-02 04:00:00,0.0,0.0
-484,TĐ Huội Quảng,2025-01-02 05:00:00,0.0,0.0
-484,TĐ Huội Quảng,2025-01-02 06:00:00,0.0,0.0
-484,TĐ Huội Quảng,2025-01-02 07:00:00,0.0,0.0
-484,TĐ Huội Quảng,2025-01-02 08:00:00,0.0,0.0
-484,TĐ Huội Quảng,2025-01-02 09:00:00,0.0,0.0
-484,TĐ Huội Quảng,2025-01-02 10:00:00,0.0,0.0
-484,TĐ Huội Quảng,2025-01-02 11:00:00,0.0,0.0
-484,TĐ Huội Quảng,2025-01-02 12:00:00,0.0,0.0
-484,TĐ Huội Quảng,2025-01-02 13:00:00,0.0,0.0
-484,TĐ Huội Quảng,2025-01-02 14:00:00,0.0,0.0
-484,TĐ Huội Quảng,2025-01-02 15:00:00,0.0,0.0
-484,TĐ Huội Quảng,2025-01-02 16:00:00,0.0,0.0
-484,TĐ Huội Quảng,2025-01-02 17:00:00,0.0,0.0
-484,TĐ Huội Quảng,2025-01-02 18:00:00,0.0,0.0
-484,TĐ Huội Quảng,2025-01-02 19:00:00,0.0,0.0
-484,TĐ Huội Quảng,2025-01-02 20:00:00,0.0,0.0
-484,TĐ Huội Quảng,2025-01-02 21:00:00,0.0,0.0
-484,TĐ Huội Quảng,2025-01-02 22:00:00,0.0,0.0
-484,TĐ Huội Quảng,2025-01-02 23:00:00,0.0,0.0
-484,TĐ Huội Quảng,2025-01-03 00:00:00,0.0,0.0
-484,TĐ Huội Quảng,2025-01-03 01:00:00,0.0,0.0
-484,TĐ Huội Quảng,2025-01-03 02:00:00,0.0,0.0
-484,TĐ Huội Quảng,2025-01-03 03:00:00,0.0,0.0
-484,TĐ Huội Quảng,2025-01-03 04:00:00,0.0,0.0
-484,TĐ Huội Quảng,2025-01-03 05:00:00,0.0,0.0
-484,TĐ Huội Quảng,2025-01-03 06:00:00,0.0,0.0
-484,TĐ Huội Quảng,2025-01-03 07:00:00,0.0,0.0
-484,TĐ Huội Quảng,2025-01-03 08:00:00,0.0,0.0
-484,TĐ Huội Quảng,2025-01-03 09:00:00,0.0,0.0
-484,TĐ Huội Quảng,2025-01-03 10:00:00,0.0,0.0
-484,TĐ Huội Quảng,2025-01-03 11:00:00,0.0,0.0
-484,TĐ Huội Quảng,2025-01-03 12:00:00,0.0,0.0
-484,TĐ Huội Quảng,2025-01-03 13:00:00,0.0,0.0
-484,TĐ Huội Quảng,2025-01-03 14:00:00,0.0,0.0
-484,TĐ Huội Quảng,2025-01-03 15:00:00,0.0,0.0
-484,TĐ Huội Quảng,2025-01-03 16:00:00,0.0,0.0
-484,TĐ Huội Quảng,2025-01-03 17:00:00,0.0,0.0
-484,TĐ Huội Quảng,2025-01-03 18:00:00,0.0,0.0
-484,TĐ Huội Quảng,2025-01-03 19:00:00,0.0,0.0
-484,TĐ Huội Quảng,2025-01-03 20:00:00,0.0,0.0
-484,TĐ Huội Quảng,2025-01-03 21:00:00,0.0,0.0
-484,TĐ Huội Quảng,2025-01-03 22:00:00,0.0,0.0
-484,TĐ Huội Quảng,2025-01-03 23:00:00,0.0,0.0
-484,TĐ Huội Quảng,2025-01-04 00:00:00,0.0,0.0
-484,TĐ Huội Quảng,2025-01-04 01:00:00,0.0,0.0
-484,TĐ Huội Quảng,2025-01-04 02:00:00,0.0,0.0
-484,TĐ Huội Quảng,2025-01-04 03:00:00,0.0,0.0
-484,TĐ Huội Quảng,2025-01-04 04:00:00,0.0,0.0
-484,TĐ Huội Quảng,2025-01-04 05:00:00,0.0,0.0
-484,TĐ Huội Quảng,2025-01-04 06:00:00,0.0,0.0
-484,TĐ Huội Quảng,2025-01-04 07:00:00,0.0,0.0
-484,TĐ Huội Quảng,2025-01-04 08:00:00,0.0,0.0
-484,TĐ Huội Quảng,2025-01-04 09:00:00,0.0,0.0
-484,TĐ Huội Quảng,2025-01-04 10:00:00,0.0,0.0
-484,TĐ Huội Quảng,2025-01-04 11:00:00,0.0,0.0
-484,TĐ Huội Quảng,2025-01-04 12:00:00,0.0,0.0
-484,TĐ Huội Quảng,2025-01-04 13:00:00,0.0,0.0
-484,TĐ Huội Quảng,2025-01-04 14:00:00,0.0,0.0
-484,TĐ Huội Quảng,2025-01-04 15:00:00,0.0,0.0
-484,TĐ Huội Quảng,2025-01-04 16:00:00,0.0,0.0
-484,TĐ Huội Quảng,2025-01-04 17:00:00,0.0,0.0
-484,TĐ Huội Quảng,2025-01-04 18:00:00,0.0,0.0
-484,TĐ Huội Quảng,2025-01-04 19:00:00,0.0,0.0
-484,TĐ Huội Quảng,2025-01-04 20:00:00,0.0,0.0
-484,TĐ Huội Quảng,2025-01-04 21:00:00,0.0,0.0
-484,TĐ Huội Quảng,2025-01-04 22:00:00,0.0,0.0
-484,TĐ Huội Quảng,2025-01-04 23:00:00,0.0,0.0
-484,TĐ Huội Quảng,2025-01-05 00:00:00,0.0,0.0
-484,TĐ Huội Quảng,2025-01-05 01:00:00,0.0,0.0
-484,TĐ Huội Quảng,2025-01-05 02:00:00,0.0,0.0
-484,TĐ Huội Quảng,2025-01-05 03:00:00,0.0,0.0
-484,TĐ Huội Quảng,2025-01-05 04:00:00,0.0,0.0
-484,TĐ Huội Quảng,2025-01-05 05:00:00,0.0,0.0
-484,TĐ Huội Quảng,2025-01-05 06:00:00,0.0,0.0
-484,TĐ Huội Quảng,2025-01-05 07:00:00,0.0,0.0
-484,TĐ Huội Quảng,2025-01-05 08:00:00,0.0,0.0
-484,TĐ Huội Quảng,2025-01-05 09:00:00,0.0,0.0
-484,TĐ Huội Quảng,2025-01-05 10:00:00,0.0,0.0
-484,TĐ Huội Quảng,2025-01-05 11:00:00,0.0,0.0
-484,TĐ Huội Quảng,2025-01-05 12:00:00,0.0,0.0
-484,TĐ Huội Quảng,2025-01-05 13:00:00,0.0,0.0
-484,TĐ Huội Quảng,2025-01-05 14:00:00,0.0,0.0
-484,TĐ Huội Quảng,2025-01-05 15:00:00,0.0,0.0
-484,TĐ Huội Quảng,2025-01-05 16:00:00,0.0,0.0
-484,TĐ Huội Quảng,2025-01-05 17:00:00,0.0,0.0
-484,TĐ Huội Quảng,2025-01-05 18:00:00,0.0,0.0
-484,TĐ Huội Quảng,2025-01-05 19:00:00,0.0,0.0
-484,TĐ Huội Quảng,2025-01-05 20:00:00,0.0,0.0
-484,TĐ Huội Quảng,2025-01-05 21:00:00,0.0,0.0
-484,TĐ Huội Quảng,2025-01-05 22:00:00,0.0,0.0
-484,TĐ Huội Quảng,2025-01-05 23:00:00,0.0,0.0
-484,TĐ Huội Quảng,2025-01-06 00:00:00,0.0,0.0
-484,TĐ Huội Quảng,2025-01-06 01:00:00,0.0,0.0
-484,TĐ Huội Quảng,2025-01-06 02:00:00,0.0,0.0
-484,TĐ Huội Quảng,2025-01-06 03:00:00,0.0,0.0
-484,TĐ Huội Quảng,2025-01-06 04:00:00,0.0,0.0
-484,TĐ Huội Quảng,2025-01-06 05:00:00,0.0,0.0
-484,TĐ Huội Quảng,2025-01-06 06:00:00,0.0,0.0
-484,TĐ Huội Quảng,2025-01-06 07:00:00,,0.0
-484,TĐ Huội Quảng,2025-01-06 08:00:00,0.0,0.0
-484,TĐ Huội Quảng,2025-01-06 09:00:00,0.0,0.0
-484,TĐ Huội Quảng,2025-01-06 10:00:00,0.0,0.0
-484,TĐ Huội Quảng,2025-01-06 11:00:00,0.0,0.0
-484,TĐ Huội Quảng,2025-01-06 12:00:00,0.0,0.0
-484,TĐ Huội Quảng,2025-01-06 13:00:00,0.0,0.0
-484,TĐ Huội Quảng,2025-01-06 14:00:00,0.0,0.0
-484,TĐ Huội Quảng,2025-01-06 15:00:00,0.0,0.0
-484,TĐ Huội Quảng,2025-01-06 16:00:00,0.0,0.0
-484,TĐ Huội Quảng,2025-01-06 17:00:00,0.0,0.0
-484,TĐ Huội Quảng,2025-01-06 18:00:00,0.0,0.0
-484,TĐ Huội Quảng,2025-01-06 19:00:00,0.0,0.0
-484,TĐ Huội Quảng,2025-01-06 20:00:00,0.0,0.0
-484,TĐ Huội Quảng,2025-01-06 21:00:00,0.0,0.0
-484,TĐ Huội Quảng,2025-01-06 22:00:00,0.0,0.0
-484,TĐ Huội Quảng,2025-01-06 23:00:00,0.0,0.0
-484,TĐ Huội Quảng,2025-01-07 00:00:00,0.0,0.0
-484,TĐ Huội Quảng,2025-01-07 01:00:00,0.0,0.0
-484,TĐ Huội Quảng,2025-01-07 02:00:00,0.0,0.0
-484,TĐ Huội Quảng,2025-01-07 03:00:00,0.0,0.0
-484,TĐ Huội Quảng,2025-01-07 04:00:00,0.0,0.0
-484,TĐ Huội Quảng,2025-01-07 05:00:00,0.0,0.0
-484,TĐ Huội Quảng,2025-01-07 06:00:00,0.0,0.0
-484,TĐ Huội Quảng,2025-01-07 07:00:00,0.0,0.0
-484,TĐ Huội Quảng,2025-01-07 08:00:00,0.0,0.0
-484,TĐ Huội Quảng,2025-01-07 09:00:00,0.0,0.0
-484,TĐ Huội Quảng,2025-01-07 10:00:00,0.0,0.0
-484,TĐ Huội Quảng,2025-01-07 11:00:00,0.0,0.0
-484,TĐ Huội Quảng,2025-01-07 12:00:00,0.0,0.0
-484,TĐ Huội Quảng,2025-01-07 13:00:00,0.0,0.0
-484,TĐ Huội Quảng,2025-01-07 14:00:00,0.0,0.0
-484,TĐ Huội Quảng,2025-01-07 15:00:00,0.0,0.0
-484,TĐ Huội Quảng,2025-01-07 16:00:00,0.0,0.0
-484,TĐ Huội Quảng,2025-01-07 17:00:00,0.0,0.0
-484,TĐ Huội Quảng,2025-01-07 18:00:00,0.0,0.0
-484,TĐ Huội Quảng,2025-01-07 19:00:00,0.0,0.0
-484,TĐ Huội Quảng,2025-01-07 20:00:00,0.0,0.0
-484,TĐ Huội Quảng,2025-01-07 21:00:00,0.0,0.0
-484,TĐ Huội Quảng,2025-01-07 22:00:00,0.0,0.0
-484,TĐ Huội Quảng,2025-01-07 23:00:00,0.0,0.0
-484,TĐ Huội Quảng,2025-01-08 00:00:00,0.0,0.0
-484,TĐ Huội Quảng,2025-01-08 01:00:00,0.0,0.0
-484,TĐ Huội Quảng,2025-01-08 02:00:00,0.0,0.0
-484,TĐ Huội Quảng,2025-01-08 03:00:00,0.0,0.0
-484,TĐ Huội Quảng,2025-01-08 04:00:00,,0.0
-484,TĐ Huội Quảng,2025-01-08 05:00:00,0.0,0.0
-484,TĐ Huội Quảng,2025-01-08 06:00:00,0.0,0.0
-484,TĐ Huội Quảng,2025-01-08 07:00:00,0.0,0.0
-484,TĐ Huội Quảng,2025-01-08 08:00:00,0.0,0.0
-484,TĐ Huội Quảng,2025-01-08 09:00:00,0.0,0.0
-484,TĐ Huội Quảng,2025-01-08 10:00:00,0.0,0.0
-484,TĐ Huội Quảng,2025-01-08 11:00:00,0.0,0.0
-484,TĐ Huội Quảng,2025-01-08 12:00:00,0.0,0.0
-484,TĐ Huội Quảng,2025-01-08 13:00:00,0.0,0.0
-484,TĐ Huội Quảng,2025-01-08 14:00:00,0.0,0.0
-484,TĐ Huội Quảng,2025-01-08 15:00:00,0.0,0.0
-484,TĐ Huội Quảng,2025-01-08 16:00:00,0.0,0.0
-484,TĐ Huội Quảng,2025-01-08 17:00:00,0.0,0.0
-484,TĐ Huội Quảng,2025-01-08 18:00:00,0.20000000298023224,0.20000000298023224
-484,TĐ Huội Quảng,2025-01-08 19:00:00,0.0,0.20000000298023224
-484,TĐ Huội Quảng,2025-01-08 20:00:00,0.0,0.20000000298023224
-484,TĐ Huội Quảng,2025-01-08 21:00:00,0.0,0.20000000298023224
-484,TĐ Huội Quảng,2025-01-08 22:00:00,0.0,0.20000000298023224
-484,TĐ Huội Quảng,2025-01-08 23:00:00,0.0,0.20000000298023224
-484,TĐ Huội Quảng,2025-01-09 00:00:00,0.0,0.0
-484,TĐ Huội Quảng,2025-01-09 01:00:00,0.0,0.0
-484,TĐ Huội Quảng,2025-01-09 02:00:00,0.0,0.0
-484,TĐ Huội Quảng,2025-01-09 03:00:00,0.0,0.0
-484,TĐ Huội Quảng,2025-01-09 04:00:00,0.0,0.0
-484,TĐ Huội Quảng,2025-01-09 05:00:00,0.0,0.0
-484,TĐ Huội Quảng,2025-01-09 06:00:00,0.0,0.0
-484,TĐ Huội Quảng,2025-01-09 07:00:00,0.0,0.0
-484,TĐ Huội Quảng,2025-01-09 08:00:00,0.0,0.0
-484,TĐ Huội Quảng,2025-01-09 09:00:00,0.0,0.0
-484,TĐ Huội Quảng,2025-01-09 10:00:00,0.0,0.0
-484,TĐ Huội Quảng,2025-01-09 11:00:00,0.0,0.0
-484,TĐ Huội Quảng,2025-01-09 12:00:00,0.0,0.0
-484,TĐ Huội Quảng,2025-01-09 13:00:00,0.0,0.0
-484,TĐ Huội Quảng,2025-01-09 14:00:00,0.0,0.0
-484,TĐ Huội Quảng,2025-01-09 15:00:00,0.0,0.0
-484,TĐ Huội Quảng,2025-01-09 16:00:00,0.0,0.0
-484,TĐ Huội Quảng,2025-01-09 17:00:00,0.0,0.0
-484,TĐ Huội Quảng,2025-01-09 18:00:00,0.0,0.0
-484,TĐ Huội Quảng,2025-01-09 19:00:00,0.0,0.0
-484,TĐ Huội Quảng,2025-01-09 20:00:00,0.0,0.0
-484,TĐ Huội Quảng,2025-01-09 21:00:00,0.0,0.0
-484,TĐ Huội Quảng,2025-01-09 22:00:00,0.0,0.0
-484,TĐ Huội Quảng,2025-01-09 23:00:00,0.0,0.0
-484,TĐ Huội Quảng,2025-01-10 00:00:00,0.0,0.0
-484,TĐ Huội Quảng,2025-01-10 01:00:00,0.0,0.0
-484,TĐ Huội Quảng,2025-01-10 02:00:00,0.0,0.0
-484,TĐ Huội Quảng,2025-01-10 03:00:00,0.0,0.0
-484,TĐ Huội Quảng,2025-01-10 04:00:00,0.0,0.0
-484,TĐ Huội Quảng,2025-01-10 05:00:00,0.0,0.0
-484,TĐ Huội Quảng,2025-01-10 06:00:00,0.0,0.0
-484,TĐ Huội Quảng,2025-01-10 07:00:00,0.0,0.0
-484,TĐ Huội Quảng,2025-01-10 08:00:00,0.0,0.0
-484,TĐ Huội Quảng,2025-01-10 09:00:00,0.0,0.0
-484,TĐ Huội Quảng,2025-01-10 10:00:00,0.0,0.0
-484,TĐ Huội Quảng,2025-01-10 11:00:00,0.0,0.0
-484,TĐ Huội Quảng,2025-01-10 12:00:00,0.0,0.0
-484,TĐ Huội Quảng,2025-01-10 13:00:00,0.0,0.0
-484,TĐ Huội Quảng,2025-01-10 14:00:00,0.0,0.0
-484,TĐ Huội Quảng,2025-01-10 15:00:00,0.0,0.0
-484,TĐ Huội Quảng,2025-01-10 16:00:00,0.0,0.0
-484,TĐ Huội Quảng,2025-01-10 17:00:00,0.0,0.0
-484,TĐ Huội Quảng,2025-01-10 18:00:00,0.0,0.0
-484,TĐ Huội Quảng,2025-01-10 19:00:00,0.0,0.0
-484,TĐ Huội Quảng,2025-01-10 20:00:00,0.0,0.0
-484,TĐ Huội Quảng,2025-01-10 21:00:00,0.0,0.0
-484,TĐ Huội Quảng,2025-01-10 22:00:00,0.0,0.0
-484,TĐ Huội Quảng,2025-01-10 23:00:00,0.0,0.0
-484,TĐ Huội Quảng,2025-01-11 00:00:00,0.0,0.0
-484,TĐ Huội Quảng,2025-01-11 01:00:00,0.0,0.0
-484,TĐ Huội Quảng,2025-01-11 02:00:00,0.0,0.0
-484,TĐ Huội Quảng,2025-01-11 03:00:00,0.0,0.0
-484,TĐ Huội Quảng,2025-01-11 04:00:00,0.0,0.0
-484,TĐ Huội Quảng,2025-01-11 05:00:00,0.0,0.0
-484,TĐ Huội Quảng,2025-01-11 06:00:00,0.0,0.0
-484,TĐ Huội Quảng,2025-01-11 07:00:00,0.0,0.0
-484,TĐ Huội Quảng,2025-01-11 08:00:00,0.0,0.0
-484,TĐ Huội Quảng,2025-01-11 09:00:00,0.0,0.0
-484,TĐ Huội Quảng,2025-01-11 10:00:00,0.0,0.0
-484,TĐ Huội Quảng,2025-01-11 11:00:00,0.0,0.0
-484,TĐ Huội Quảng,2025-01-11 12:00:00,0.0,0.0
-484,TĐ Huội Quảng,2025-01-11 13:00:00,0.0,0.0
-484,TĐ Huội Quảng,2025-01-11 14:00:00,0.0,0.0
-484,TĐ Huội Quảng,2025-01-11 15:00:00,0.0,0.0
-484,TĐ Huội Quảng,2025-01-11 16:00:00,0.0,0.0
-484,TĐ Huội Quảng,2025-01-11 17:00:00,0.0,0.0
-484,TĐ Huội Quảng,2025-01-11 18:00:00,0.0,0.0
-484,TĐ Huội Quảng,2025-01-11 19:00:00,0.0,0.0
-484,TĐ Huội Quảng,2025-01-11 20:00:00,0.0,0.0
-484,TĐ Huội Quảng,2025-01-11 21:00:00,0.0,0.0
-484,TĐ Huội Quảng,2025-01-11 22:00:00,0.0,0.0
-484,TĐ Huội Quảng,2025-01-11 23:00:00,0.0,0.0
-484,TĐ Huội Quảng,2025-01-12 00:00:00,0.0,0.0
-484,TĐ Huội Quảng,2025-01-12 01:00:00,0.0,0.0
-484,TĐ Huội Quảng,2025-01-12 02:00:00,0.0,0.0
-484,TĐ Huội Quảng,2025-01-12 03:00:00,0.0,0.0
-484,TĐ Huội Quảng,2025-01-12 04:00:00,0.0,0.0
-484,TĐ Huội Quảng,2025-01-12 05:00:00,0.0,0.0
-484,TĐ Huội Quảng,2025-01-12 06:00:00,0.0,0.0
-484,TĐ Huội Quảng,2025-01-12 07:00:00,0.0,0.0
-484,TĐ Huội Quảng,2025-01-12 08:00:00,0.0,0.0
-484,TĐ Huội Quảng,2025-01-12 09:00:00,0.0,0.0
-484,TĐ Huội Quảng,2025-01-12 10:00:00,0.0,0.0
-484,TĐ Huội Quảng,2025-01-12 11:00:00,0.0,0.0
-484,TĐ Huội Quảng,2025-01-12 12:00:00,0.0,0.0
-484,TĐ Huội Quảng,2025-01-12 13:00:00,0.0,0.0
-484,TĐ Huội Quảng,2025-01-12 14:00:00,0.0,0.0
-484,TĐ Huội Quảng,2025-01-12 15:00:00,0.0,0.0
-484,TĐ Huội Quảng,2025-01-12 16:00:00,0.0,0.0
-484,TĐ Huội Quảng,2025-01-12 17:00:00,0.0,0.0
-484,TĐ Huội Quảng,2025-01-12 18:00:00,0.0,0.0
-484,TĐ Huội Quảng,2025-01-12 19:00:00,0.0,0.0
-484,TĐ Huội Quảng,2025-01-12 20:00:00,0.0,0.0
-484,TĐ Huội Quảng,2025-01-12 21:00:00,0.0,0.0
-484,TĐ Huội Quảng,2025-01-12 22:00:00,0.0,0.0
-484,TĐ Huội Quảng,2025-01-12 23:00:00,0.0,0.0
-484,TĐ Huội Quảng,2025-01-13 00:00:00,0.0,0.0
-484,TĐ Huội Quảng,2025-01-13 01:00:00,0.0,0.0
-484,TĐ Huội Quảng,2025-01-13 02:00:00,0.0,0.0
-484,TĐ Huội Quảng,2025-01-13 03:00:00,0.0,0.0
-484,TĐ Huội Quảng,2025-01-13 04:00:00,0.0,0.0
-484,TĐ Huội Quảng,2025-01-13 05:00:00,0.0,0.0
-484,TĐ Huội Quảng,2025-01-13 06:00:00,0.0,0.0
-484,TĐ Huội Quảng,2025-01-13 07:00:00,0.0,0.0
-484,TĐ Huội Quảng,2025-01-13 08:00:00,0.0,0.0
-484,TĐ Huội Quảng,2025-01-13 09:00:00,0.0,0.0
-484,TĐ Huội Quảng,2025-01-13 10:00:00,0.0,0.0
-484,TĐ Huội Quảng,2025-01-13 11:00:00,0.0,0.0
-484,TĐ Huội Quảng,2025-01-13 12:00:00,0.0,0.0
-484,TĐ Huội Quảng,2025-01-13 13:00:00,0.0,0.0
-484,TĐ Huội Quảng,2025-01-13 14:00:00,0.0,0.0
-484,TĐ Huội Quảng,2025-01-13 15:00:00,0.0,0.0
-484,TĐ Huội Quảng,2025-01-13 16:00:00,0.0,0.0
-484,TĐ Huội Quảng,2025-01-13 17:00:00,0.0,0.0
-484,TĐ Huội Quảng,2025-01-13 18:00:00,0.0,0.0
-484,TĐ Huội Quảng,2025-01-13 19:00:00,0.0,0.0
-484,TĐ Huội Quảng,2025-01-13 20:00:00,0.0,0.0
-484,TĐ Huội Quảng,2025-01-13 21:00:00,0.0,0.0
-484,TĐ Huội Quảng,2025-01-13 22:00:00,0.0,0.0
-484,TĐ Huội Quảng,2025-01-13 23:00:00,0.0,0.0
-484,TĐ Huội Quảng,2025-01-14 00:00:00,0.0,0.0
-484,TĐ Huội Quảng,2025-01-14 01:00:00,0.0,0.0
-484,TĐ Huội Quảng,2025-01-14 02:00:00,0.0,0.0
-484,TĐ Huội Quảng,2025-01-14 03:00:00,0.0,0.0
-484,TĐ Huội Quảng,2025-01-14 04:00:00,0.0,0.0
-484,TĐ Huội Quảng,2025-01-14 05:00:00,0.0,0.0
-484,TĐ Huội Quảng,2025-01-14 06:00:00,0.0,0.0
-484,TĐ Huội Quảng,2025-01-14 07:00:00,0.0,0.0
-484,TĐ Huội Quảng,2025-01-14 08:00:00,0.0,0.0
-484,TĐ Huội Quảng,2025-01-14 09:00:00,0.0,0.0
-484,TĐ Huội Quảng,2025-01-14 10:00:00,0.0,0.0
-484,TĐ Huội Quảng,2025-01-14 11:00:00,0.0,0.0
-484,TĐ Huội Quảng,2025-01-14 12:00:00,0.0,0.0
-484,TĐ Huội Quảng,2025-01-14 13:00:00,0.0,0.0
-484,TĐ Huội Quảng,2025-01-14 14:00:00,0.0,0.0
-484,TĐ Huội Quảng,2025-01-14 15:00:00,0.0,0.0
-484,TĐ Huội Quảng,2025-01-14 16:00:00,0.0,0.0
-484,TĐ Huội Quảng,2025-01-14 17:00:00,0.0,0.0
-484,TĐ Huội Quảng,2025-01-14 18:00:00,0.0,0.0
-484,TĐ Huội Quảng,2025-01-14 19:00:00,0.0,0.0
-484,TĐ Huội Quảng,2025-01-14 20:00:00,0.0,0.0
-484,TĐ Huội Quảng,2025-01-14 21:00:00,0.0,0.0
-484,TĐ Huội Quảng,2025-01-14 22:00:00,0.0,0.0
-484,TĐ Huội Quảng,2025-01-14 23:00:00,0.0,0.0
-484,TĐ Huội Quảng,2025-01-15 00:00:00,0.0,0.0
-484,TĐ Huội Quảng,2025-01-15 01:00:00,0.0,0.0
-484,TĐ Huội Quảng,2025-01-15 02:00:00,0.0,0.0
-484,TĐ Huội Quảng,2025-01-15 03:00:00,0.0,0.0
-484,TĐ Huội Quảng,2025-01-15 04:00:00,0.0,0.0
-484,TĐ Huội Quảng,2025-01-15 05:00:00,0.0,0.0
-484,TĐ Huội Quảng,2025-01-15 06:00:00,0.0,0.0
-484,TĐ Huội Quảng,2025-01-15 07:00:00,0.0,0.0
-484,TĐ Huội Quảng,2025-01-15 08:00:00,0.0,0.0
-484,TĐ Huội Quảng,2025-01-15 09:00:00,0.0,0.0
-484,TĐ Huội Quảng,2025-01-15 10:00:00,0.0,0.0
-484,TĐ Huội Quảng,2025-01-15 11:00:00,0.0,0.0
-484,TĐ Huội Quảng,2025-01-15 12:00:00,0.0,0.0
-484,TĐ Huội Quảng,2025-01-15 13:00:00,0.0,0.0
-484,TĐ Huội Quảng,2025-01-15 14:00:00,0.0,0.0
-484,TĐ Huội Quảng,2025-01-15 15:00:00,0.0,0.0
-484,TĐ Huội Quảng,2025-01-15 16:00:00,0.0,0.0
-484,TĐ Huội Quảng,2025-01-15 17:00:00,0.0,0.0
-484,TĐ Huội Quảng,2025-01-15 18:00:00,0.0,0.0
-484,TĐ Huội Quảng,2025-01-15 19:00:00,0.0,0.0
-484,TĐ Huội Quảng,2025-01-15 20:00:00,0.0,0.0
-484,TĐ Huội Quảng,2025-01-15 21:00:00,0.0,0.0
-484,TĐ Huội Quảng,2025-01-15 22:00:00,0.0,0.0
-484,TĐ Huội Quảng,2025-01-15 23:00:00,0.0,0.0
-484,TĐ Huội Quảng,2025-01-16 00:00:00,0.0,0.0
-484,TĐ Huội Quảng,2025-01-16 01:00:00,0.0,0.0
-484,TĐ Huội Quảng,2025-01-16 02:00:00,0.0,0.0
-484,TĐ Huội Quảng,2025-01-16 03:00:00,0.0,0.0
-484,TĐ Huội Quảng,2025-01-16 04:00:00,0.0,0.0
-484,TĐ Huội Quảng,2025-01-16 05:00:00,0.0,0.0
-484,TĐ Huội Quảng,2025-01-16 06:00:00,0.0,0.0
-484,TĐ Huội Quảng,2025-01-16 07:00:00,0.0,0.0
-484,TĐ Huội Quảng,2025-01-16 08:00:00,0.0,0.0
-484,TĐ Huội Quảng,2025-01-16 09:00:00,0.0,0.0
-484,TĐ Huội Quảng,2025-01-16 10:00:00,0.0,0.0
-484,TĐ Huội Quảng,2025-01-16 11:00:00,0.0,0.0
-484,TĐ Huội Quảng,2025-01-16 12:00:00,0.0,0.0
-484,TĐ Huội Quảng,2025-01-16 13:00:00,0.0,0.0
-484,TĐ Huội Quảng,2025-01-16 14:00:00,0.0,0.0
-484,TĐ Huội Quảng,2025-01-16 15:00:00,0.0,0.0
-484,TĐ Huội Quảng,2025-01-16 16:00:00,0.0,0.0
-484,TĐ Huội Quảng,2025-01-16 17:00:00,0.0,0.0
-484,TĐ Huội Quảng,2025-01-16 18:00:00,0.0,0.0
-484,TĐ Huội Quảng,2025-01-16 19:00:00,0.0,0.0
-484,TĐ Huội Quảng,2025-01-16 20:00:00,0.0,0.0
-484,TĐ Huội Quảng,2025-01-16 21:00:00,0.0,0.0
-484,TĐ Huội Quảng,2025-01-16 22:00:00,0.0,0.0
-484,TĐ Huội Quảng,2025-01-16 23:00:00,0.0,0.0
-484,TĐ Huội Quảng,2025-01-17 00:00:00,0.0,0.0
-484,TĐ Huội Quảng,2025-01-17 01:00:00,0.0,0.0
-484,TĐ Huội Quảng,2025-01-17 02:00:00,0.0,0.0
-484,TĐ Huội Quảng,2025-01-17 03:00:00,0.0,0.0
-484,TĐ Huội Quảng,2025-01-17 04:00:00,0.0,0.0
-484,TĐ Huội Quảng,2025-01-17 05:00:00,0.0,0.0
-484,TĐ Huội Quảng,2025-01-17 06:00:00,0.0,0.0
-484,TĐ Huội Quảng,2025-01-17 07:00:00,0.0,0.0
-484,TĐ Huội Quảng,2025-01-17 08:00:00,0.0,0.0
-484,TĐ Huội Quảng,2025-01-17 09:00:00,0.0,0.0
-484,TĐ Huội Quảng,2025-01-17 10:00:00,0.0,0.0
-484,TĐ Huội Quảng,2025-01-17 11:00:00,0.0,0.0
-484,TĐ Huội Quảng,2025-01-17 12:00:00,0.0,0.0
-484,TĐ Huội Quảng,2025-01-17 13:00:00,0.0,0.0
-484,TĐ Huội Quảng,2025-01-17 14:00:00,0.0,0.0
-484,TĐ Huội Quảng,2025-01-17 15:00:00,0.0,0.0
-484,TĐ Huội Quảng,2025-01-17 16:00:00,0.0,0.0
-484,TĐ Huội Quảng,2025-01-17 17:00:00,0.0,0.0
-484,TĐ Huội Quảng,2025-01-17 18:00:00,0.0,0.0
-484,TĐ Huội Quảng,2025-01-17 19:00:00,0.0,0.0
-484,TĐ Huội Quảng,2025-01-17 20:00:00,0.0,0.0
-484,TĐ Huội Quảng,2025-01-17 21:00:00,0.0,0.0
-484,TĐ Huội Quảng,2025-01-17 22:00:00,0.0,0.0
-484,TĐ Huội Quảng,2025-01-17 23:00:00,0.0,0.0
-484,TĐ Huội Quảng,2025-01-18 00:00:00,0.0,0.0
-484,TĐ Huội Quảng,2025-01-18 01:00:00,0.0,0.0
-484,TĐ Huội Quảng,2025-01-18 02:00:00,0.0,0.0
-484,TĐ Huội Quảng,2025-01-18 03:00:00,0.0,0.0
-484,TĐ Huội Quảng,2025-01-18 04:00:00,0.0,0.0
-484,TĐ Huội Quảng,2025-01-18 05:00:00,0.0,0.0
-484,TĐ Huội Quảng,2025-01-18 06:00:00,0.0,0.0
-484,TĐ Huội Quảng,2025-01-18 07:00:00,0.0,0.0
-484,TĐ Huội Quảng,2025-01-18 08:00:00,0.0,0.0
-484,TĐ Huội Quảng,2025-01-18 09:00:00,0.0,0.0
-484,TĐ Huội Quảng,2025-01-18 10:00:00,0.0,0.0
-484,TĐ Huội Quảng,2025-01-18 11:00:00,0.20000000298023224,0.20000000298023224
-484,TĐ Huội Quảng,2025-01-18 12:00:00,0.0,0.20000000298023224
-484,TĐ Huội Quảng,2025-01-18 13:00:00,0.0,0.20000000298023224
-484,TĐ Huội Quảng,2025-01-18 14:00:00,0.0,0.20000000298023224
-484,TĐ Huội Quảng,2025-01-18 15:00:00,0.0,0.20000000298023224
-484,TĐ Huội Quảng,2025-01-18 16:00:00,0.0,0.20000000298023224
-484,TĐ Huội Quảng,2025-01-18 17:00:00,0.0,0.20000000298023224
-484,TĐ Huội Quảng,2025-01-18 18:00:00,0.0,0.20000000298023224
-484,TĐ Huội Quảng,2025-01-18 19:00:00,0.0,0.20000000298023224
-484,TĐ Huội Quảng,2025-01-18 20:00:00,0.0,0.20000000298023224
-484,TĐ Huội Quảng,2025-01-18 21:00:00,0.0,0.20000000298023224
-484,TĐ Huội Quảng,2025-01-18 22:00:00,0.0,0.20000000298023224
-484,TĐ Huội Quảng,2025-01-18 23:00:00,0.0,0.20000000298023224
-484,TĐ Huội Quảng,2025-01-19 00:00:00,0.0,0.0
-484,TĐ Huội Quảng,2025-01-19 01:00:00,0.0,0.0
-484,TĐ Huội Quảng,2025-01-19 02:00:00,0.0,0.0
-484,TĐ Huội Quảng,2025-01-19 03:00:00,0.0,0.0
-484,TĐ Huội Quảng,2025-01-19 04:00:00,0.0,0.0
-484,TĐ Huội Quảng,2025-01-19 05:00:00,0.0,0.0
-484,TĐ Huội Quảng,2025-01-19 06:00:00,0.0,0.0
-484,TĐ Huội Quảng,2025-01-19 07:00:00,0.0,0.0
-484,TĐ Huội Quảng,2025-01-19 08:00:00,0.0,0.0
-484,TĐ Huội Quảng,2025-01-19 09:00:00,0.0,0.0
-484,TĐ Huội Quảng,2025-01-19 10:00:00,0.0,0.0
-484,TĐ Huội Quảng,2025-01-19 11:00:00,0.0,0.0
-484,TĐ Huội Quảng,2025-01-19 12:00:00,0.20000000298023224,0.20000000298023224
-484,TĐ Huội Quảng,2025-01-19 13:00:00,0.0,0.20000000298023224
-484,TĐ Huội Quảng,2025-01-19 14:00:00,0.0,0.20000000298023224
-484,TĐ Huội Quảng,2025-01-19 15:00:00,0.0,0.20000000298023224
-484,TĐ Huội Quảng,2025-01-19 16:00:00,0.0,0.20000000298023224
-484,TĐ Huội Quảng,2025-01-19 17:00:00,0.0,0.20000000298023224
-484,TĐ Huội Quảng,2025-01-19 18:00:00,0.0,0.20000000298023224
-484,TĐ Huội Quảng,2025-01-19 19:00:00,0.0,0.20000000298023224
-484,TĐ Huội Quảng,2025-01-19 20:00:00,0.0,0.20000000298023224
-484,TĐ Huội Quảng,2025-01-19 21:00:00,0.0,0.20000000298023224
-484,TĐ Huội Quảng,2025-01-19 22:00:00,0.0,0.20000000298023224
-484,TĐ Huội Quảng,2025-01-19 23:00:00,0.0,0.20000000298023224
-484,TĐ Huội Quảng,2025-01-20 00:00:00,0.0,0.0
-484,TĐ Huội Quảng,2025-01-20 01:00:00,0.0,0.0
-484,TĐ Huội Quảng,2025-01-20 02:00:00,0.0,0.0
-484,TĐ Huội Quảng,2025-01-20 03:00:00,0.0,0.0
-484,TĐ Huội Quảng,2025-01-20 04:00:00,0.0,0.0
-484,TĐ Huội Quảng,2025-01-20 05:00:00,0.0,0.0
-484,TĐ Huội Quảng,2025-01-20 06:00:00,0.0,0.0
-484,TĐ Huội Quảng,2025-01-20 07:00:00,0.0,0.0
-484,TĐ Huội Quảng,2025-01-20 08:00:00,0.0,0.0
-484,TĐ Huội Quảng,2025-01-20 09:00:00,0.0,0.0
-484,TĐ Huội Quảng,2025-01-20 10:00:00,0.0,0.0
-484,TĐ Huội Quảng,2025-01-20 11:00:00,0.0,0.0
-484,TĐ Huội Quảng,2025-01-20 12:00:00,0.0,0.0
-484,TĐ Huội Quảng,2025-01-20 13:00:00,0.0,0.0
-484,TĐ Huội Quảng,2025-01-20 14:00:00,0.0,0.0
-484,TĐ Huội Quảng,2025-01-20 15:00:00,0.0,0.0
-484,TĐ Huội Quảng,2025-01-20 16:00:00,0.0,0.0
-484,TĐ Huội Quảng,2025-01-20 17:00:00,0.0,0.0
-484,TĐ Huội Quảng,2025-01-20 18:00:00,0.0,0.0
-484,TĐ Huội Quảng,2025-01-20 19:00:00,0.0,0.0
-484,TĐ Huội Quảng,2025-01-20 20:00:00,0.0,0.0
-484,TĐ Huội Quảng,2025-01-20 21:00:00,0.0,0.0
-484,TĐ Huội Quảng,2025-01-20 22:00:00,0.0,0.0
-484,TĐ Huội Quảng,2025-01-20 23:00:00,0.0,0.0
-484,TĐ Huội Quảng,2025-01-21 00:00:00,0.0,0.0
-484,TĐ Huội Quảng,2025-01-21 01:00:00,0.0,0.0
-484,TĐ Huội Quảng,2025-01-21 02:00:00,0.0,0.0
-484,TĐ Huội Quảng,2025-01-21 03:00:00,0.0,0.0
-484,TĐ Huội Quảng,2025-01-21 04:00:00,0.0,0.0
-484,TĐ Huội Quảng,2025-01-21 05:00:00,0.0,0.0
-484,TĐ Huội Quảng,2025-01-21 06:00:00,0.0,0.0
-484,TĐ Huội Quảng,2025-01-21 07:00:00,0.0,0.0
-484,TĐ Huội Quảng,2025-01-21 08:00:00,0.0,0.0
-484,TĐ Huội Quảng,2025-01-21 09:00:00,0.0,0.0
-484,TĐ Huội Quảng,2025-01-21 10:00:00,0.0,0.0
-484,TĐ Huội Quảng,2025-01-21 11:00:00,0.0,0.0
-484,TĐ Huội Quảng,2025-01-21 12:00:00,0.0,0.0
-484,TĐ Huội Quảng,2025-01-21 13:00:00,0.0,0.0
-484,TĐ Huội Quảng,2025-01-21 14:00:00,0.0,0.0
-484,TĐ Huội Quảng,2025-01-21 15:00:00,0.0,0.0
-484,TĐ Huội Quảng,2025-01-21 16:00:00,0.0,0.0
-484,TĐ Huội Quảng,2025-01-21 17:00:00,0.0,0.0
-484,TĐ Huội Quảng,2025-01-21 18:00:00,0.0,0.0
-484,TĐ Huội Quảng,2025-01-21 19:00:00,0.0,0.0
-484,TĐ Huội Quảng,2025-01-21 20:00:00,0.0,0.0
-484,TĐ Huội Quảng,2025-01-21 21:00:00,0.0,0.0
-484,TĐ Huội Quảng,2025-01-21 22:00:00,0.0,0.0
-484,TĐ Huội Quảng,2025-01-21 23:00:00,0.0,0.0
-484,TĐ Huội Quảng,2025-01-22 00:00:00,0.0,0.0
-484,TĐ Huội Quảng,2025-01-22 01:00:00,0.0,0.0
-484,TĐ Huội Quảng,2025-01-22 02:00:00,0.0,0.0
-484,TĐ Huội Quảng,2025-01-22 03:00:00,0.0,0.0
-484,TĐ Huội Quảng,2025-01-22 04:00:00,0.0,0.0
-484,TĐ Huội Quảng,2025-01-22 05:00:00,0.0,0.0
-484,TĐ Huội Quảng,2025-01-22 06:00:00,0.0,0.0
-484,TĐ Huội Quảng,2025-01-22 07:00:00,0.0,0.0
-484,TĐ Huội Quảng,2025-01-22 08:00:00,0.0,0.0
-484,TĐ Huội Quảng,2025-01-22 09:00:00,0.0,0.0
-484,TĐ Huội Quảng,2025-01-22 10:00:00,0.0,0.0
-484,TĐ Huội Quảng,2025-01-22 11:00:00,0.0,0.0
-484,TĐ Huội Quảng,2025-01-22 12:00:00,0.0,0.0
-484,TĐ Huội Quảng,2025-01-22 13:00:00,0.0,0.0
-484,TĐ Huội Quảng,2025-01-22 14:00:00,0.0,0.0
-484,TĐ Huội Quảng,2025-01-22 15:00:00,0.0,0.0
-484,TĐ Huội Quảng,2025-01-22 16:00:00,0.0,0.0
-484,TĐ Huội Quảng,2025-01-22 17:00:00,0.0,0.0
-484,TĐ Huội Quảng,2025-01-22 18:00:00,0.0,0.0
-484,TĐ Huội Quảng,2025-01-22 19:00:00,0.0,0.0
-484,TĐ Huội Quảng,2025-01-22 20:00:00,0.0,0.0
-484,TĐ Huội Quảng,2025-01-22 21:00:00,0.0,0.0
-484,TĐ Huội Quảng,2025-01-22 22:00:00,0.0,0.0
-484,TĐ Huội Quảng,2025-01-22 23:00:00,0.0,0.0
-484,TĐ Huội Quảng,2025-01-23 00:00:00,0.0,0.0
-484,TĐ Huội Quảng,2025-01-23 01:00:00,0.0,0.0
-484,TĐ Huội Quảng,2025-01-23 02:00:00,0.0,0.0
-484,TĐ Huội Quảng,2025-01-23 03:00:00,0.0,0.0
-484,TĐ Huội Quảng,2025-01-23 04:00:00,0.0,0.0
-484,TĐ Huội Quảng,2025-01-23 05:00:00,0.0,0.0
-484,TĐ Huội Quảng,2025-01-23 06:00:00,0.0,0.0
-484,TĐ Huội Quảng,2025-01-23 07:00:00,0.0,0.0
-484,TĐ Huội Quảng,2025-01-23 08:00:00,0.0,0.0
-484,TĐ Huội Quảng,2025-01-23 09:00:00,0.0,0.0
-484,TĐ Huội Quảng,2025-01-23 10:00:00,0.0,0.0
-484,TĐ Huội Quảng,2025-01-23 11:00:00,0.0,0.0
-484,TĐ Huội Quảng,2025-01-23 12:00:00,0.0,0.0
-484,TĐ Huội Quảng,2025-01-23 13:00:00,0.0,0.0
-484,TĐ Huội Quảng,2025-01-23 14:00:00,0.0,0.0
-484,TĐ Huội Quảng,2025-01-23 15:00:00,0.0,0.0
-484,TĐ Huội Quảng,2025-01-23 16:00:00,0.0,0.0
-484,TĐ Huội Quảng,2025-01-23 17:00:00,0.0,0.0
-484,TĐ Huội Quảng,2025-01-23 18:00:00,0.0,0.0
-484,TĐ Huội Quảng,2025-01-23 19:00:00,0.0,0.0
-484,TĐ Huội Quảng,2025-01-23 20:00:00,0.0,0.0
-484,TĐ Huội Quảng,2025-01-23 21:00:00,0.0,0.0
-484,TĐ Huội Quảng,2025-01-23 22:00:00,0.0,0.0
-484,TĐ Huội Quảng,2025-01-23 23:00:00,0.0,0.0
-484,TĐ Huội Quảng,2025-01-24 00:00:00,0.0,0.0
-484,TĐ Huội Quảng,2025-01-24 01:00:00,0.0,0.0
-484,TĐ Huội Quảng,2025-01-24 02:00:00,0.0,0.0
-484,TĐ Huội Quảng,2025-01-24 03:00:00,0.0,0.0
-484,TĐ Huội Quảng,2025-01-24 04:00:00,0.0,0.0
-484,TĐ Huội Quảng,2025-01-24 05:00:00,0.0,0.0
-484,TĐ Huội Quảng,2025-01-24 06:00:00,0.0,0.0
-484,TĐ Huội Quảng,2025-01-24 07:00:00,0.0,0.0
-484,TĐ Huội Quảng,2025-01-24 08:00:00,0.0,0.0
-484,TĐ Huội Quảng,2025-01-24 09:00:00,0.0,0.0
-484,TĐ Huội Quảng,2025-01-24 10:00:00,0.0,0.0
-484,TĐ Huội Quảng,2025-01-24 11:00:00,0.0,0.0
-484,TĐ Huội Quảng,2025-01-24 12:00:00,0.0,0.0
-484,TĐ Huội Quảng,2025-01-24 13:00:00,0.0,0.0
-484,TĐ Huội Quảng,2025-01-24 14:00:00,0.0,0.0
-484,TĐ Huội Quảng,2025-01-24 15:00:00,0.0,0.0
-484,TĐ Huội Quảng,2025-01-24 16:00:00,0.0,0.0
-484,TĐ Huội Quảng,2025-01-24 17:00:00,0.0,0.0
-484,TĐ Huội Quảng,2025-01-24 18:00:00,0.0,0.0
-484,TĐ Huội Quảng,2025-01-24 19:00:00,0.0,0.0
-484,TĐ Huội Quảng,2025-01-24 20:00:00,0.0,0.0
-484,TĐ Huội Quảng,2025-01-24 21:00:00,0.0,0.0
-484,TĐ Huội Quảng,2025-01-24 22:00:00,0.0,0.0
-484,TĐ Huội Quảng,2025-01-24 23:00:00,0.0,0.0
-484,TĐ Huội Quảng,2025-01-25 00:00:00,0.0,0.0
-484,TĐ Huội Quảng,2025-01-25 01:00:00,0.0,0.0
-484,TĐ Huội Quảng,2025-01-25 02:00:00,0.0,0.0
-484,TĐ Huội Quảng,2025-01-25 03:00:00,0.0,0.0
-484,TĐ Huội Quảng,2025-01-25 04:00:00,0.0,0.0
-484,TĐ Huội Quảng,2025-01-25 05:00:00,0.0,0.0
-484,TĐ Huội Quảng,2025-01-25 06:00:00,0.0,0.0
-484,TĐ Huội Quảng,2025-01-25 07:00:00,0.0,0.0
-484,TĐ Huội Quảng,2025-01-25 08:00:00,0.0,0.0
-484,TĐ Huội Quảng,2025-01-25 09:00:00,0.0,0.0
-484,TĐ Huội Quảng,2025-01-25 10:00:00,0.0,0.0
-484,TĐ Huội Quảng,2025-01-25 11:00:00,0.0,0.0
-484,TĐ Huội Quảng,2025-01-25 12:00:00,0.0,0.0
-484,TĐ Huội Quảng,2025-01-25 13:00:00,0.0,0.0
-484,TĐ Huội Quảng,2025-01-25 14:00:00,0.0,0.0
-484,TĐ Huội Quảng,2025-01-25 15:00:00,0.0,0.0
-484,TĐ Huội Quảng,2025-01-25 16:00:00,0.0,0.0
-484,TĐ Huội Quảng,2025-01-25 17:00:00,0.0,0.0
-484,TĐ Huội Quảng,2025-01-25 18:00:00,0.0,0.0
-484,TĐ Huội Quảng,2025-01-25 19:00:00,0.0,0.0
-484,TĐ Huội Quảng,2025-01-25 20:00:00,0.0,0.0
-484,TĐ Huội Quảng,2025-01-25 21:00:00,0.0,0.0
-484,TĐ Huội Quảng,2025-01-25 22:00:00,0.0,0.0
-484,TĐ Huội Quảng,2025-01-25 23:00:00,0.0,0.0
-484,TĐ Huội Quảng,2025-01-26 00:00:00,0.0,0.0
-484,TĐ Huội Quảng,2025-01-26 01:00:00,0.0,0.0
-484,TĐ Huội Quảng,2025-01-26 02:00:00,0.0,0.0
-484,TĐ Huội Quảng,2025-01-26 03:00:00,0.0,0.0
-484,TĐ Huội Quảng,2025-01-26 04:00:00,0.0,0.0
-484,TĐ Huội Quảng,2025-01-26 05:00:00,0.0,0.0
-484,TĐ Huội Quảng,2025-01-26 06:00:00,0.0,0.0
-484,TĐ Huội Quảng,2025-01-26 07:00:00,0.0,0.0
-484,TĐ Huội Quảng,2025-01-26 08:00:00,0.0,0.0
-484,TĐ Huội Quảng,2025-01-26 09:00:00,0.0,0.0
-484,TĐ Huội Quảng,2025-01-26 10:00:00,0.0,0.0
-484,TĐ Huội Quảng,2025-01-26 11:00:00,0.0,0.0
-484,TĐ Huội Quảng,2025-01-26 12:00:00,0.0,0.0
-484,TĐ Huội Quảng,2025-01-26 13:00:00,0.0,0.0
-484,TĐ Huội Quảng,2025-01-26 14:00:00,0.0,0.0
-484,TĐ Huội Quảng,2025-01-26 15:00:00,0.0,0.0
-484,TĐ Huội Quảng,2025-01-26 16:00:00,0.0,0.0
-484,TĐ Huội Quảng,2025-01-26 17:00:00,0.0,0.0
-484,TĐ Huội Quảng,2025-01-26 18:00:00,0.0,0.0
-484,TĐ Huội Quảng,2025-01-26 19:00:00,0.0,0.0
-484,TĐ Huội Quảng,2025-01-26 20:00:00,0.0,0.0
-484,TĐ Huội Quảng,2025-01-26 21:00:00,0.0,0.0
-484,TĐ Huội Quảng,2025-01-26 22:00:00,0.0,0.0
-484,TĐ Huội Quảng,2025-01-26 23:00:00,0.0,0.0
-484,TĐ Huội Quảng,2025-01-27 00:00:00,0.0,0.0
-484,TĐ Huội Quảng,2025-01-27 01:00:00,0.0,0.0
-484,TĐ Huội Quảng,2025-01-27 02:00:00,0.0,0.0
-484,TĐ Huội Quảng,2025-01-27 03:00:00,0.0,0.0
-484,TĐ Huội Quảng,2025-01-27 04:00:00,0.0,0.0
-484,TĐ Huội Quảng,2025-01-27 05:00:00,0.0,0.0
-484,TĐ Huội Quảng,2025-01-27 06:00:00,0.0,0.0
-484,TĐ Huội Quảng,2025-01-27 07:00:00,0.0,0.0
-484,TĐ Huội Quảng,2025-01-27 08:00:00,0.0,0.0
-484,TĐ Huội Quảng,2025-01-27 09:00:00,0.0,0.0
-484,TĐ Huội Quảng,2025-01-27 10:00:00,0.0,0.0
-484,TĐ Huội Quảng,2025-01-27 11:00:00,0.0,0.0
-484,TĐ Huội Quảng,2025-01-27 12:00:00,0.0,0.0
-484,TĐ Huội Quảng,2025-01-27 13:00:00,0.0,0.0
-484,TĐ Huội Quảng,2025-01-27 14:00:00,0.0,0.0
-484,TĐ Huội Quảng,2025-01-27 15:00:00,0.0,0.0
-484,TĐ Huội Quảng,2025-01-27 16:00:00,0.0,0.0
-484,TĐ Huội Quảng,2025-01-27 17:00:00,0.0,0.0
-484,TĐ Huội Quảng,2025-01-27 18:00:00,0.0,0.0
-484,TĐ Huội Quảng,2025-01-27 19:00:00,0.0,0.0
-484,TĐ Huội Quảng,2025-01-27 20:00:00,0.0,0.0
-484,TĐ Huội Quảng,2025-01-27 21:00:00,0.0,0.0
-484,TĐ Huội Quảng,2025-01-27 22:00:00,0.0,0.0
-484,TĐ Huội Quảng,2025-01-27 23:00:00,0.0,0.0
-484,TĐ Huội Quảng,2025-01-28 00:00:00,0.0,0.0
-484,TĐ Huội Quảng,2025-01-28 01:00:00,0.0,0.0
-484,TĐ Huội Quảng,2025-01-28 02:00:00,0.0,0.0
-484,TĐ Huội Quảng,2025-01-28 03:00:00,0.0,0.0
-484,TĐ Huội Quảng,2025-01-28 04:00:00,0.0,0.0
-484,TĐ Huội Quảng,2025-01-28 05:00:00,0.0,0.0
-484,TĐ Huội Quảng,2025-01-28 06:00:00,0.0,0.0
-484,TĐ Huội Quảng,2025-01-28 07:00:00,0.0,0.0
-484,TĐ Huội Quảng,2025-01-28 08:00:00,0.0,0.0
-484,TĐ Huội Quảng,2025-01-28 09:00:00,0.0,0.0
-484,TĐ Huội Quảng,2025-01-28 10:00:00,0.0,0.0
-484,TĐ Huội Quảng,2025-01-28 11:00:00,0.0,0.0
-484,TĐ Huội Quảng,2025-01-28 12:00:00,0.0,0.0
-484,TĐ Huội Quảng,2025-01-28 13:00:00,0.0,0.0
-484,TĐ Huội Quảng,2025-01-28 14:00:00,0.0,0.0
-484,TĐ Huội Quảng,2025-01-28 15:00:00,0.0,0.0
-484,TĐ Huội Quảng,2025-01-28 16:00:00,0.0,0.0
-484,TĐ Huội Quảng,2025-01-28 17:00:00,0.0,0.0
-484,TĐ Huội Quảng,2025-01-28 18:00:00,0.0,0.0
-484,TĐ Huội Quảng,2025-01-28 19:00:00,0.0,0.0
-484,TĐ Huội Quảng,2025-01-28 20:00:00,0.0,0.0
-484,TĐ Huội Quảng,2025-01-28 21:00:00,0.0,0.0
-484,TĐ Huội Quảng,2025-01-28 22:00:00,0.0,0.0
-484,TĐ Huội Quảng,2025-01-28 23:00:00,0.0,0.0
-484,TĐ Huội Quảng,2025-01-29 00:00:00,0.0,0.0
-484,TĐ Huội Quảng,2025-01-29 01:00:00,0.0,0.0
-484,TĐ Huội Quảng,2025-01-29 02:00:00,0.0,0.0
-484,TĐ Huội Quảng,2025-01-29 03:00:00,0.0,0.0
-484,TĐ Huội Quảng,2025-01-29 04:00:00,0.0,0.0
-484,TĐ Huội Quảng,2025-01-29 05:00:00,0.0,0.0
-484,TĐ Huội Quảng,2025-01-29 06:00:00,0.0,0.0
-484,TĐ Huội Quảng,2025-01-29 07:00:00,0.0,0.0
-484,TĐ Huội Quảng,2025-01-29 08:00:00,0.0,0.0
-484,TĐ Huội Quảng,2025-01-29 09:00:00,0.0,0.0
-484,TĐ Huội Quảng,2025-01-29 10:00:00,0.0,0.0
-484,TĐ Huội Quảng,2025-01-29 11:00:00,0.0,0.0
-484,TĐ Huội Quảng,2025-01-29 12:00:00,0.0,0.0
-484,TĐ Huội Quảng,2025-01-29 13:00:00,0.0,0.0
-484,TĐ Huội Quảng,2025-01-29 14:00:00,0.0,0.0
-484,TĐ Huội Quảng,2025-01-29 15:00:00,0.0,0.0
-484,TĐ Huội Quảng,2025-01-29 16:00:00,0.0,0.0
-484,TĐ Huội Quảng,2025-01-29 17:00:00,0.0,0.0
-484,TĐ Huội Quảng,2025-01-29 18:00:00,0.0,0.0
-484,TĐ Huội Quảng,2025-01-29 19:00:00,0.0,0.0
-484,TĐ Huội Quảng,2025-01-29 20:00:00,0.0,0.0
-484,TĐ Huội Quảng,2025-01-29 21:00:00,0.0,0.0
-484,TĐ Huội Quảng,2025-01-29 22:00:00,0.0,0.0
-484,TĐ Huội Quảng,2025-01-29 23:00:00,0.0,0.0
-484,TĐ Huội Quảng,2025-01-30 00:00:00,0.0,0.0
-484,TĐ Huội Quảng,2025-01-30 01:00:00,0.0,0.0
-484,TĐ Huội Quảng,2025-01-30 02:00:00,0.0,0.0
-484,TĐ Huội Quảng,2025-01-30 03:00:00,0.0,0.0
-484,TĐ Huội Quảng,2025-01-30 04:00:00,0.0,0.0
-484,TĐ Huội Quảng,2025-01-30 05:00:00,0.0,0.0
-484,TĐ Huội Quảng,2025-01-30 06:00:00,0.0,0.0
-484,TĐ Huội Quảng,2025-01-30 07:00:00,0.0,0.0
-484,TĐ Huội Quảng,2025-01-30 08:00:00,0.0,0.0
-484,TĐ Huội Quảng,2025-01-30 09:00:00,0.0,0.0
-484,TĐ Huội Quảng,2025-01-30 10:00:00,0.0,0.0
-484,TĐ Huội Quảng,2025-01-30 11:00:00,0.0,0.0
-484,TĐ Huội Quảng,2025-01-30 12:00:00,0.0,0.0
-484,TĐ Huội Quảng,2025-01-30 13:00:00,0.0,0.0
-484,TĐ Huội Quảng,2025-01-30 14:00:00,0.0,0.0
-484,TĐ Huội Quảng,2025-01-30 15:00:00,0.0,0.0
-484,TĐ Huội Quảng,2025-01-30 16:00:00,0.0,0.0
-484,TĐ Huội Quảng,2025-01-30 17:00:00,0.0,0.0
-484,TĐ Huội Quảng,2025-01-30 18:00:00,0.0,0.0
-484,TĐ Huội Quảng,2025-01-30 19:00:00,0.0,0.0
-484,TĐ Huội Quảng,2025-01-30 20:00:00,0.0,0.0
-484,TĐ Huội Quảng,2025-01-30 21:00:00,0.0,0.0
-484,TĐ Huội Quảng,2025-01-30 22:00:00,0.0,0.0
-484,TĐ Huội Quảng,2025-01-30 23:00:00,0.0,0.0
-484,TĐ Huội Quảng,2025-01-31 00:00:00,0.0,0.0
-484,TĐ Huội Quảng,2025-01-31 01:00:00,0.0,0.0
-484,TĐ Huội Quảng,2025-01-31 02:00:00,0.0,0.0
-484,TĐ Huội Quảng,2025-01-31 03:00:00,0.0,0.0
-484,TĐ Huội Quảng,2025-01-31 04:00:00,0.0,0.0
-484,TĐ Huội Quảng,2025-01-31 05:00:00,0.0,0.0
-484,TĐ Huội Quảng,2025-01-31 06:00:00,0.0,0.0
-484,TĐ Huội Quảng,2025-01-31 07:00:00,0.0,0.0
-484,TĐ Huội Quảng,2025-01-31 08:00:00,0.0,0.0
-484,TĐ Huội Quảng,2025-01-31 09:00:00,0.0,0.0
-484,TĐ Huội Quảng,2025-01-31 10:00:00,0.0,0.0
-484,TĐ Huội Quảng,2025-01-31 11:00:00,0.0,0.0
-484,TĐ Huội Quảng,2025-01-31 12:00:00,0.0,0.0
-484,TĐ Huội Quảng,2025-01-31 13:00:00,0.0,0.0
-484,TĐ Huội Quảng,2025-01-31 14:00:00,0.0,0.0
-484,TĐ Huội Quảng,2025-01-31 15:00:00,0.0,0.0
-484,TĐ Huội Quảng,2025-01-31 16:00:00,0.0,0.0
-484,TĐ Huội Quảng,2025-01-31 17:00:00,0.0,0.0
-484,TĐ Huội Quảng,2025-01-31 18:00:00,0.0,0.0
-484,TĐ Huội Quảng,2025-01-31 19:00:00,0.0,0.0
-484,TĐ Huội Quảng,2025-01-31 20:00:00,0.0,0.0
-484,TĐ Huội Quảng,2025-01-31 21:00:00,0.0,0.0
-484,TĐ Huội Quảng,2025-01-31 22:00:00,0.0,0.0
-484,TĐ Huội Quảng,2025-01-31 23:00:00,0.0,0.0
-484,TĐ Huội Quảng,2025-02-01 00:00:00,0.0,0.0
-484,TĐ Huội Quảng,2025-02-01 01:00:00,0.0,0.0
-484,TĐ Huội Quảng,2025-02-01 02:00:00,0.0,0.0
-484,TĐ Huội Quảng,2025-02-01 03:00:00,0.0,0.0
-484,TĐ Huội Quảng,2025-02-01 04:00:00,0.0,0.0
-484,TĐ Huội Quảng,2025-02-01 05:00:00,0.0,0.0
-484,TĐ Huội Quảng,2025-02-01 06:00:00,0.0,0.0
-484,TĐ Huội Quảng,2025-02-01 07:00:00,0.0,0.0
-484,TĐ Huội Quảng,2025-02-01 08:00:00,0.0,0.0
-484,TĐ Huội Quảng,2025-02-01 09:00:00,0.0,0.0
-484,TĐ Huội Quảng,2025-02-01 10:00:00,0.0,0.0
-484,TĐ Huội Quảng,2025-02-01 11:00:00,0.0,0.0
-484,TĐ Huội Quảng,2025-02-01 12:00:00,0.0,0.0
-484,TĐ Huội Quảng,2025-02-01 13:00:00,0.0,0.0
-484,TĐ Huội Quảng,2025-02-01 14:00:00,0.0,0.0
-484,TĐ Huội Quảng,2025-02-01 15:00:00,0.0,0.0
-484,TĐ Huội Quảng,2025-02-01 16:00:00,0.0,0.0
-484,TĐ Huội Quảng,2025-02-01 17:00:00,0.0,0.0
-484,TĐ Huội Quảng,2025-02-01 18:00:00,0.0,0.0
-484,TĐ Huội Quảng,2025-02-01 19:00:00,0.0,0.0
-484,TĐ Huội Quảng,2025-02-01 20:00:00,0.0,0.0
-484,TĐ Huội Quảng,2025-02-01 21:00:00,0.0,0.0
-484,TĐ Huội Quảng,2025-02-01 22:00:00,0.0,0.0
-484,TĐ Huội Quảng,2025-02-01 23:00:00,0.0,0.0
-484,TĐ Huội Quảng,2025-02-02 00:00:00,0.0,0.0
-484,TĐ Huội Quảng,2025-02-02 01:00:00,0.0,0.0
-484,TĐ Huội Quảng,2025-02-02 02:00:00,0.0,0.0
-484,TĐ Huội Quảng,2025-02-02 03:00:00,0.0,0.0
-484,TĐ Huội Quảng,2025-02-02 04:00:00,0.0,0.0
-484,TĐ Huội Quảng,2025-02-02 05:00:00,0.0,0.0
-484,TĐ Huội Quảng,2025-02-02 06:00:00,0.0,0.0
-484,TĐ Huội Quảng,2025-02-02 07:00:00,0.0,0.0
-484,TĐ Huội Quảng,2025-02-02 08:00:00,0.0,0.0
-484,TĐ Huội Quảng,2025-02-02 09:00:00,0.0,0.0
-484,TĐ Huội Quảng,2025-02-02 10:00:00,0.0,0.0
-484,TĐ Huội Quảng,2025-02-02 11:00:00,0.0,0.0
-484,TĐ Huội Quảng,2025-02-02 12:00:00,0.0,0.0
-484,TĐ Huội Quảng,2025-02-02 13:00:00,0.0,0.0
-484,TĐ Huội Quảng,2025-02-02 14:00:00,0.0,0.0
-484,TĐ Huội Quảng,2025-02-02 15:00:00,0.0,0.0
-484,TĐ Huội Quảng,2025-02-02 16:00:00,0.0,0.0
-484,TĐ Huội Quảng,2025-02-02 17:00:00,0.0,0.0
-484,TĐ Huội Quảng,2025-02-02 18:00:00,0.0,0.0
-484,TĐ Huội Quảng,2025-02-02 19:00:00,0.0,0.0
-484,TĐ Huội Quảng,2025-02-02 20:00:00,0.0,0.0
-484,TĐ Huội Quảng,2025-02-02 21:00:00,0.0,0.0
-484,TĐ Huội Quảng,2025-02-02 22:00:00,0.0,0.0
-484,TĐ Huội Quảng,2025-02-02 23:00:00,0.0,0.0
-484,TĐ Huội Quảng,2025-02-03 00:00:00,0.0,0.0
-484,TĐ Huội Quảng,2025-02-03 01:00:00,0.0,0.0
-484,TĐ Huội Quảng,2025-02-03 02:00:00,0.0,0.0
-484,TĐ Huội Quảng,2025-02-03 03:00:00,0.0,0.0
-484,TĐ Huội Quảng,2025-02-03 04:00:00,0.0,0.0
-484,TĐ Huội Quảng,2025-02-03 05:00:00,0.0,0.0
-484,TĐ Huội Quảng,2025-02-03 06:00:00,0.0,0.0
-484,TĐ Huội Quảng,2025-02-03 07:00:00,0.0,0.0
-484,TĐ Huội Quảng,2025-02-03 08:00:00,0.0,0.0
-484,TĐ Huội Quảng,2025-02-03 09:00:00,0.0,0.0
-484,TĐ Huội Quảng,2025-02-03 10:00:00,0.0,0.0
-484,TĐ Huội Quảng,2025-02-03 11:00:00,0.0,0.0
-484,TĐ Huội Quảng,2025-02-03 12:00:00,0.0,0.0
-484,TĐ Huội Quảng,2025-02-03 13:00:00,0.0,0.0
-484,TĐ Huội Quảng,2025-02-03 14:00:00,0.0,0.0
-484,TĐ Huội Quảng,2025-02-03 15:00:00,0.0,0.0
-484,TĐ Huội Quảng,2025-02-03 16:00:00,0.0,0.0
-484,TĐ Huội Quảng,2025-02-03 17:00:00,0.0,0.0
-484,TĐ Huội Quảng,2025-02-03 18:00:00,0.0,0.0
-484,TĐ Huội Quảng,2025-02-03 19:00:00,0.0,0.0
-484,TĐ Huội Quảng,2025-02-03 20:00:00,0.0,0.0
-484,TĐ Huội Quảng,2025-02-03 21:00:00,0.0,0.0
-484,TĐ Huội Quảng,2025-02-03 22:00:00,0.0,0.0
-484,TĐ Huội Quảng,2025-02-03 23:00:00,0.0,0.0
-484,TĐ Huội Quảng,2025-02-04 00:00:00,0.0,0.0
-484,TĐ Huội Quảng,2025-02-04 01:00:00,0.0,0.0
-484,TĐ Huội Quảng,2025-02-04 02:00:00,0.0,0.0
-484,TĐ Huội Quảng,2025-02-04 03:00:00,0.0,0.0
-484,TĐ Huội Quảng,2025-02-04 04:00:00,0.0,0.0
-484,TĐ Huội Quảng,2025-02-04 05:00:00,0.0,0.0
-484,TĐ Huội Quảng,2025-02-04 06:00:00,0.0,0.0
-484,TĐ Huội Quảng,2025-02-04 07:00:00,0.0,0.0
-484,TĐ Huội Quảng,2025-02-04 08:00:00,0.0,0.0
-484,TĐ Huội Quảng,2025-02-04 09:00:00,0.0,0.0
-484,TĐ Huội Quảng,2025-02-04 10:00:00,0.0,0.0
-484,TĐ Huội Quảng,2025-02-04 11:00:00,0.0,0.0
-484,TĐ Huội Quảng,2025-02-04 12:00:00,0.0,0.0
-484,TĐ Huội Quảng,2025-02-04 13:00:00,0.0,0.0
-484,TĐ Huội Quảng,2025-02-04 14:00:00,0.0,0.0
-484,TĐ Huội Quảng,2025-02-04 15:00:00,0.0,0.0
-484,TĐ Huội Quảng,2025-02-04 16:00:00,0.0,0.0
-484,TĐ Huội Quảng,2025-02-04 17:00:00,0.0,0.0
-484,TĐ Huội Quảng,2025-02-04 18:00:00,0.0,0.0
-484,TĐ Huội Quảng,2025-02-04 19:00:00,0.0,0.0
-484,TĐ Huội Quảng,2025-02-04 20:00:00,0.0,0.0
-484,TĐ Huội Quảng,2025-02-04 21:00:00,0.0,0.0
-484,TĐ Huội Quảng,2025-02-04 22:00:00,0.0,0.0
-484,TĐ Huội Quảng,2025-02-04 23:00:00,0.0,0.0
-484,TĐ Huội Quảng,2025-02-05 00:00:00,0.0,0.0
-484,TĐ Huội Quảng,2025-02-05 01:00:00,0.0,0.0
-484,TĐ Huội Quảng,2025-02-05 02:00:00,0.0,0.0
-484,TĐ Huội Quảng,2025-02-05 03:00:00,0.0,0.0
-484,TĐ Huội Quảng,2025-02-05 04:00:00,0.0,0.0
-484,TĐ Huội Quảng,2025-02-05 05:00:00,0.0,0.0
-484,TĐ Huội Quảng,2025-02-05 06:00:00,0.0,0.0
-484,TĐ Huội Quảng,2025-02-05 07:00:00,0.0,0.0
-484,TĐ Huội Quảng,2025-02-05 08:00:00,0.0,0.0
-484,TĐ Huội Quảng,2025-02-05 09:00:00,0.0,0.0
-484,TĐ Huội Quảng,2025-02-05 10:00:00,0.0,0.0
-484,TĐ Huội Quảng,2025-02-05 11:00:00,0.0,0.0
-484,TĐ Huội Quảng,2025-02-05 12:00:00,0.0,0.0
-484,TĐ Huội Quảng,2025-02-05 13:00:00,0.0,0.0
-484,TĐ Huội Quảng,2025-02-05 14:00:00,0.0,0.0
-484,TĐ Huội Quảng,2025-02-05 15:00:00,0.0,0.0
-484,TĐ Huội Quảng,2025-02-05 16:00:00,0.0,0.0
-484,TĐ Huội Quảng,2025-02-05 17:00:00,0.0,0.0
-484,TĐ Huội Quảng,2025-02-05 18:00:00,0.0,0.0
-484,TĐ Huội Quảng,2025-02-05 19:00:00,,0.0
-484,TĐ Huội Quảng,2025-02-05 20:00:00,,0.0
-484,TĐ Huội Quảng,2025-02-05 21:00:00,0.0,0.0
-484,TĐ Huội Quảng,2025-02-05 22:00:00,,0.0
-484,TĐ Huội Quảng,2025-02-05 23:00:00,0.0,0.0
-484,TĐ Huội Quảng,2025-02-06 00:00:00,0.0,0.0
-484,TĐ Huội Quảng,2025-02-06 01:00:00,0.0,0.0
-484,TĐ Huội Quảng,2025-02-06 02:00:00,0.0,0.0
-484,TĐ Huội Quảng,2025-02-06 03:00:00,0.0,0.0
-484,TĐ Huội Quảng,2025-02-06 04:00:00,0.0,0.0
-484,TĐ Huội Quảng,2025-02-06 05:00:00,0.0,0.0
-484,TĐ Huội Quảng,2025-02-06 06:00:00,0.0,0.0
-484,TĐ Huội Quảng,2025-02-06 07:00:00,0.0,0.0
-484,TĐ Huội Quảng,2025-02-06 08:00:00,0.0,0.0
-484,TĐ Huội Quảng,2025-02-06 09:00:00,0.0,0.0
-484,TĐ Huội Quảng,2025-02-06 10:00:00,0.0,0.0
-484,TĐ Huội Quảng,2025-02-06 11:00:00,0.0,0.0
-484,TĐ Huội Quảng,2025-02-06 12:00:00,0.0,0.0
-484,TĐ Huội Quảng,2025-02-06 13:00:00,0.0,0.0
-484,TĐ Huội Quảng,2025-02-06 14:00:00,0.0,0.0
-484,TĐ Huội Quảng,2025-02-06 15:00:00,0.0,0.0
-484,TĐ Huội Quảng,2025-02-06 16:00:00,0.0,0.0
-484,TĐ Huội Quảng,2025-02-06 17:00:00,0.0,0.0
-484,TĐ Huội Quảng,2025-02-06 18:00:00,0.0,0.0
-484,TĐ Huội Quảng,2025-02-06 19:00:00,0.0,0.0
-484,TĐ Huội Quảng,2025-02-06 20:00:00,0.0,0.0
-484,TĐ Huội Quảng,2025-02-06 21:00:00,0.0,0.0
-484,TĐ Huội Quảng,2025-02-06 22:00:00,0.0,0.0
-484,TĐ Huội Quảng,2025-02-06 23:00:00,0.0,0.0
-484,TĐ Huội Quảng,2025-02-07 00:00:00,0.0,0.0
-484,TĐ Huội Quảng,2025-02-07 01:00:00,0.0,0.0
-484,TĐ Huội Quảng,2025-02-07 02:00:00,0.0,0.0
-484,TĐ Huội Quảng,2025-02-07 03:00:00,0.0,0.0
-484,TĐ Huội Quảng,2025-02-07 04:00:00,0.0,0.0
-484,TĐ Huội Quảng,2025-02-07 05:00:00,0.0,0.0
-484,TĐ Huội Quảng,2025-02-07 06:00:00,0.0,0.0
-484,TĐ Huội Quảng,2025-02-07 07:00:00,0.0,0.0
-484,TĐ Huội Quảng,2025-02-07 08:00:00,0.0,0.0
-484,TĐ Huội Quảng,2025-02-07 09:00:00,0.0,0.0
-484,TĐ Huội Quảng,2025-02-07 10:00:00,0.0,0.0
-484,TĐ Huội Quảng,2025-02-07 11:00:00,0.0,0.0
-484,TĐ Huội Quảng,2025-02-07 12:00:00,0.0,0.0
-484,TĐ Huội Quảng,2025-02-07 13:00:00,0.0,0.0
-484,TĐ Huội Quảng,2025-02-07 14:00:00,0.0,0.0
-484,TĐ Huội Quảng,2025-02-07 15:00:00,0.0,0.0
-484,TĐ Huội Quảng,2025-02-07 16:00:00,0.0,0.0
-484,TĐ Huội Quảng,2025-02-07 17:00:00,0.0,0.0
-484,TĐ Huội Quảng,2025-02-07 18:00:00,0.0,0.0
-484,TĐ Huội Quảng,2025-02-07 19:00:00,0.0,0.0
-484,TĐ Huội Quảng,2025-02-07 20:00:00,0.0,0.0
-484,TĐ Huội Quảng,2025-02-07 21:00:00,0.0,0.0
-484,TĐ Huội Quảng,2025-02-07 22:00:00,0.0,0.0
-484,TĐ Huội Quảng,2025-02-07 23:00:00,0.0,0.0
-484,TĐ Huội Quảng,2025-02-08 00:00:00,0.0,0.0
-484,TĐ Huội Quảng,2025-02-08 01:00:00,0.0,0.0
-484,TĐ Huội Quảng,2025-02-08 02:00:00,0.0,0.0
-484,TĐ Huội Quảng,2025-02-08 03:00:00,0.0,0.0
-484,TĐ Huội Quảng,2025-02-08 04:00:00,0.0,0.0
-484,TĐ Huội Quảng,2025-02-08 05:00:00,0.0,0.0
-484,TĐ Huội Quảng,2025-02-08 06:00:00,0.0,0.0
-484,TĐ Huội Quảng,2025-02-08 07:00:00,0.0,0.0
-484,TĐ Huội Quảng,2025-02-08 08:00:00,0.0,0.0
-484,TĐ Huội Quảng,2025-02-08 09:00:00,0.0,0.0
-484,TĐ Huội Quảng,2025-02-08 10:00:00,0.0,0.0
-484,TĐ Huội Quảng,2025-02-08 11:00:00,0.0,0.0
-484,TĐ Huội Quảng,2025-02-08 12:00:00,0.0,0.0
-484,TĐ Huội Quảng,2025-02-08 13:00:00,0.0,0.0
-484,TĐ Huội Quảng,2025-02-08 14:00:00,0.0,0.0
-484,TĐ Huội Quảng,2025-02-08 15:00:00,0.0,0.0
-484,TĐ Huội Quảng,2025-02-08 16:00:00,0.0,0.0
-484,TĐ Huội Quảng,2025-02-08 17:00:00,0.0,0.0
-484,TĐ Huội Quảng,2025-02-08 18:00:00,0.0,0.0
-484,TĐ Huội Quảng,2025-02-08 19:00:00,0.0,0.0
-484,TĐ Huội Quảng,2025-02-08 20:00:00,0.0,0.0
-484,TĐ Huội Quảng,2025-02-08 21:00:00,0.0,0.0
-484,TĐ Huội Quảng,2025-02-08 22:00:00,0.0,0.0
-484,TĐ Huội Quảng,2025-02-08 23:00:00,0.0,0.0
-484,TĐ Huội Quảng,2025-02-09 00:00:00,0.0,0.0
-484,TĐ Huội Quảng,2025-02-09 01:00:00,0.0,0.0
-484,TĐ Huội Quảng,2025-02-09 02:00:00,0.0,0.0
-484,TĐ Huội Quảng,2025-02-09 03:00:00,0.0,0.0
-484,TĐ Huội Quảng,2025-02-09 04:00:00,0.0,0.0
-484,TĐ Huội Quảng,2025-02-09 05:00:00,0.0,0.0
-484,TĐ Huội Quảng,2025-02-09 06:00:00,0.0,0.0
-484,TĐ Huội Quảng,2025-02-09 07:00:00,0.0,0.0
-484,TĐ Huội Quảng,2025-02-09 08:00:00,0.0,0.0
-484,TĐ Huội Quảng,2025-02-09 09:00:00,0.0,0.0
-484,TĐ Huội Quảng,2025-02-09 10:00:00,0.0,0.0
-484,TĐ Huội Quảng,2025-02-09 11:00:00,0.0,0.0
-484,TĐ Huội Quảng,2025-02-09 12:00:00,0.0,0.0
-484,TĐ Huội Quảng,2025-02-09 13:00:00,0.0,0.0
-484,TĐ Huội Quảng,2025-02-09 14:00:00,0.0,0.0
-484,TĐ Huội Quảng,2025-02-09 15:00:00,0.0,0.0
-484,TĐ Huội Quảng,2025-02-09 16:00:00,0.0,0.0
-484,TĐ Huội Quảng,2025-02-09 17:00:00,0.0,0.0
-484,TĐ Huội Quảng,2025-02-09 18:00:00,0.0,0.0
-484,TĐ Huội Quảng,2025-02-09 19:00:00,0.0,0.0
-484,TĐ Huội Quảng,2025-02-09 20:00:00,0.0,0.0
-484,TĐ Huội Quảng,2025-02-09 21:00:00,0.0,0.0
-484,TĐ Huội Quảng,2025-02-09 22:00:00,0.0,0.0
-484,TĐ Huội Quảng,2025-02-09 23:00:00,0.0,0.0
-484,TĐ Huội Quảng,2025-02-10 00:00:00,0.0,0.0
-484,TĐ Huội Quảng,2025-02-10 01:00:00,0.0,0.0
-484,TĐ Huội Quảng,2025-02-10 02:00:00,0.0,0.0
-484,TĐ Huội Quảng,2025-02-10 03:00:00,0.0,0.0
-484,TĐ Huội Quảng,2025-02-10 04:00:00,0.0,0.0
-484,TĐ Huội Quảng,2025-02-10 05:00:00,0.0,0.0
-484,TĐ Huội Quảng,2025-02-10 06:00:00,0.0,0.0
-484,TĐ Huội Quảng,2025-02-10 07:00:00,0.0,0.0
-484,TĐ Huội Quảng,2025-02-10 08:00:00,0.0,0.0
-484,TĐ Huội Quảng,2025-02-10 09:00:00,0.0,0.0
-484,TĐ Huội Quảng,2025-02-10 10:00:00,0.0,0.0
-484,TĐ Huội Quảng,2025-02-10 11:00:00,0.0,0.0
-484,TĐ Huội Quảng,2025-02-10 12:00:00,0.0,0.0
-484,TĐ Huội Quảng,2025-02-10 13:00:00,0.0,0.0
-484,TĐ Huội Quảng,2025-02-10 14:00:00,0.0,0.0
-484,TĐ Huội Quảng,2025-02-10 15:00:00,0.0,0.0
-484,TĐ Huội Quảng,2025-02-10 16:00:00,0.0,0.0
-484,TĐ Huội Quảng,2025-02-10 17:00:00,0.0,0.0
-484,TĐ Huội Quảng,2025-02-10 18:00:00,0.0,0.0
-484,TĐ Huội Quảng,2025-02-10 19:00:00,0.0,0.0
-484,TĐ Huội Quảng,2025-02-10 20:00:00,0.0,0.0
-484,TĐ Huội Quảng,2025-02-10 21:00:00,0.0,0.0
-484,TĐ Huội Quảng,2025-02-10 22:00:00,0.0,0.0
-484,TĐ Huội Quảng,2025-02-10 23:00:00,0.0,0.0
-484,TĐ Huội Quảng,2025-02-11 00:00:00,0.0,0.0
-484,TĐ Huội Quảng,2025-02-11 01:00:00,0.0,0.0
-484,TĐ Huội Quảng,2025-02-11 02:00:00,0.0,0.0
-484,TĐ Huội Quảng,2025-02-11 03:00:00,0.0,0.0
-484,TĐ Huội Quảng,2025-02-11 04:00:00,0.0,0.0
-484,TĐ Huội Quảng,2025-02-11 05:00:00,0.0,0.0
-484,TĐ Huội Quảng,2025-02-11 06:00:00,0.0,0.0
-484,TĐ Huội Quảng,2025-02-11 07:00:00,0.0,0.0
-484,TĐ Huội Quảng,2025-02-11 08:00:00,0.0,0.0
-484,TĐ Huội Quảng,2025-02-11 09:00:00,0.0,0.0
-484,TĐ Huội Quảng,2025-02-11 10:00:00,0.0,0.0
-484,TĐ Huội Quảng,2025-02-11 11:00:00,0.0,0.0
-484,TĐ Huội Quảng,2025-02-11 12:00:00,0.0,0.0
-484,TĐ Huội Quảng,2025-02-11 13:00:00,0.0,0.0
-484,TĐ Huội Quảng,2025-02-11 14:00:00,0.0,0.0
-484,TĐ Huội Quảng,2025-02-11 15:00:00,0.0,0.0
-484,TĐ Huội Quảng,2025-02-11 16:00:00,0.0,0.0
-484,TĐ Huội Quảng,2025-02-11 17:00:00,0.0,0.0
-484,TĐ Huội Quảng,2025-02-11 18:00:00,0.0,0.0
-484,TĐ Huội Quảng,2025-02-11 19:00:00,0.0,0.0
-484,TĐ Huội Quảng,2025-02-11 20:00:00,0.0,0.0
-484,TĐ Huội Quảng,2025-02-11 21:00:00,0.0,0.0
-484,TĐ Huội Quảng,2025-02-11 22:00:00,0.0,0.0
-484,TĐ Huội Quảng,2025-02-11 23:00:00,0.0,0.0
-484,TĐ Huội Quảng,2025-02-12 00:00:00,0.0,0.0
-484,TĐ Huội Quảng,2025-02-12 01:00:00,0.0,0.0
-484,TĐ Huội Quảng,2025-02-12 02:00:00,0.0,0.0
-484,TĐ Huội Quảng,2025-02-12 03:00:00,0.0,0.0
-484,TĐ Huội Quảng,2025-02-12 04:00:00,0.0,0.0
-484,TĐ Huội Quảng,2025-02-12 05:00:00,0.0,0.0
-484,TĐ Huội Quảng,2025-02-12 06:00:00,0.0,0.0
-484,TĐ Huội Quảng,2025-02-12 07:00:00,0.0,0.0
-484,TĐ Huội Quảng,2025-02-12 08:00:00,0.0,0.0
-484,TĐ Huội Quảng,2025-02-12 09:00:00,0.0,0.0
-484,TĐ Huội Quảng,2025-02-12 10:00:00,0.0,0.0
-484,TĐ Huội Quảng,2025-02-12 11:00:00,0.0,0.0
-484,TĐ Huội Quảng,2025-02-12 12:00:00,0.0,0.0
-484,TĐ Huội Quảng,2025-02-12 13:00:00,0.0,0.0
-484,TĐ Huội Quảng,2025-02-12 14:00:00,0.0,0.0
-484,TĐ Huội Quảng,2025-02-12 15:00:00,0.0,0.0
-484,TĐ Huội Quảng,2025-02-12 16:00:00,0.0,0.0
-484,TĐ Huội Quảng,2025-02-12 17:00:00,0.0,0.0
-484,TĐ Huội Quảng,2025-02-12 18:00:00,0.0,0.0
-484,TĐ Huội Quảng,2025-02-12 19:00:00,0.0,0.0
-484,TĐ Huội Quảng,2025-02-12 20:00:00,0.0,0.0
-484,TĐ Huội Quảng,2025-02-12 21:00:00,0.0,0.0
-484,TĐ Huội Quảng,2025-02-12 22:00:00,0.0,0.0
-484,TĐ Huội Quảng,2025-02-12 23:00:00,0.0,0.0
-484,TĐ Huội Quảng,2025-02-13 00:00:00,0.0,0.0
-484,TĐ Huội Quảng,2025-02-13 01:00:00,0.0,0.0
-484,TĐ Huội Quảng,2025-02-13 02:00:00,0.0,0.0
-484,TĐ Huội Quảng,2025-02-13 03:00:00,0.0,0.0
-484,TĐ Huội Quảng,2025-02-13 04:00:00,0.0,0.0
-484,TĐ Huội Quảng,2025-02-13 05:00:00,0.0,0.0
-484,TĐ Huội Quảng,2025-02-13 06:00:00,0.0,0.0
-484,TĐ Huội Quảng,2025-02-13 07:00:00,0.0,0.0
-484,TĐ Huội Quảng,2025-02-13 08:00:00,0.0,0.0
-484,TĐ Huội Quảng,2025-02-13 09:00:00,0.0,0.0
-484,TĐ Huội Quảng,2025-02-13 10:00:00,0.0,0.0
-484,TĐ Huội Quảng,2025-02-13 11:00:00,0.0,0.0
-484,TĐ Huội Quảng,2025-02-13 12:00:00,0.0,0.0
-484,TĐ Huội Quảng,2025-02-13 13:00:00,0.0,0.0
-484,TĐ Huội Quảng,2025-02-13 14:00:00,0.0,0.0
-484,TĐ Huội Quảng,2025-02-13 15:00:00,0.0,0.0
-484,TĐ Huội Quảng,2025-02-13 16:00:00,0.0,0.0
-484,TĐ Huội Quảng,2025-02-13 17:00:00,0.0,0.0
-484,TĐ Huội Quảng,2025-02-13 18:00:00,0.0,0.0
-484,TĐ Huội Quảng,2025-02-13 19:00:00,0.0,0.0
-484,TĐ Huội Quảng,2025-02-13 20:00:00,0.0,0.0
-484,TĐ Huội Quảng,2025-02-13 21:00:00,0.0,0.0
-484,TĐ Huội Quảng,2025-02-13 22:00:00,0.0,0.0
-484,TĐ Huội Quảng,2025-02-13 23:00:00,0.0,0.0
-484,TĐ Huội Quảng,2025-02-14 00:00:00,0.0,0.0
-484,TĐ Huội Quảng,2025-02-14 01:00:00,0.0,0.0
-484,TĐ Huội Quảng,2025-02-14 02:00:00,0.0,0.0
-484,TĐ Huội Quảng,2025-02-14 03:00:00,0.0,0.0
-484,TĐ Huội Quảng,2025-02-14 04:00:00,0.0,0.0
-484,TĐ Huội Quảng,2025-02-14 05:00:00,0.0,0.0
-484,TĐ Huội Quảng,2025-02-14 06:00:00,0.0,0.0
-484,TĐ Huội Quảng,2025-02-14 07:00:00,0.0,0.0
-484,TĐ Huội Quảng,2025-02-14 08:00:00,0.0,0.0
-484,TĐ Huội Quảng,2025-02-14 09:00:00,0.0,0.0
-484,TĐ Huội Quảng,2025-02-14 10:00:00,0.0,0.0
-484,TĐ Huội Quảng,2025-02-14 11:00:00,0.0,0.0
-484,TĐ Huội Quảng,2025-02-14 12:00:00,0.0,0.0
-484,TĐ Huội Quảng,2025-02-14 13:00:00,0.0,0.0
-484,TĐ Huội Quảng,2025-02-14 14:00:00,0.0,0.0
-484,TĐ Huội Quảng,2025-02-14 15:00:00,0.0,0.0
-484,TĐ Huội Quảng,2025-02-14 16:00:00,0.0,0.0
-484,TĐ Huội Quảng,2025-02-14 17:00:00,0.0,0.0
-484,TĐ Huội Quảng,2025-02-14 18:00:00,0.0,0.0
-484,TĐ Huội Quảng,2025-02-14 19:00:00,0.0,0.0
-484,TĐ Huội Quảng,2025-02-14 20:00:00,0.0,0.0
-484,TĐ Huội Quảng,2025-02-14 21:00:00,,0.0
-484,TĐ Huội Quảng,2025-02-14 22:00:00,,0.0
-484,TĐ Huội Quảng,2025-02-14 23:00:00,,0.0
-484,TĐ Huội Quảng,2025-02-15 00:00:00,,0.0
-484,TĐ Huội Quảng,2025-02-15 01:00:00,,0.0
-484,TĐ Huội Quảng,2025-02-15 02:00:00,,0.0
-484,TĐ Huội Quảng,2025-02-15 03:00:00,,0.0
-484,TĐ Huội Quảng,2025-02-15 04:00:00,,0.0
-484,TĐ Huội Quảng,2025-02-15 05:00:00,,0.0
-484,TĐ Huội Quảng,2025-02-15 06:00:00,,0.0
-484,TĐ Huội Quảng,2025-02-15 07:00:00,,0.0
-484,TĐ Huội Quảng,2025-02-15 08:00:00,,0.0
-484,TĐ Huội Quảng,2025-02-15 09:00:00,,0.0
-484,TĐ Huội Quảng,2025-02-15 10:00:00,,0.0
-484,TĐ Huội Quảng,2025-02-15 11:00:00,,0.0
-484,TĐ Huội Quảng,2025-02-15 12:00:00,,0.0
-484,TĐ Huội Quảng,2025-02-15 13:00:00,,0.0
-484,TĐ Huội Quảng,2025-02-15 14:00:00,,0.0
-484,TĐ Huội Quảng,2025-02-15 15:00:00,,0.0
-484,TĐ Huội Quảng,2025-02-15 16:00:00,,0.0
-484,TĐ Huội Quảng,2025-02-15 17:00:00,,0.0
-484,TĐ Huội Quảng,2025-02-15 18:00:00,,0.0
-484,TĐ Huội Quảng,2025-02-15 19:00:00,0.0,0.0
-484,TĐ Huội Quảng,2025-02-15 20:00:00,0.0,0.0
-484,TĐ Huội Quảng,2025-02-15 21:00:00,0.0,0.0
-484,TĐ Huội Quảng,2025-02-15 22:00:00,0.0,0.0
-484,TĐ Huội Quảng,2025-02-15 23:00:00,0.0,0.0
-484,TĐ Huội Quảng,2025-02-16 00:00:00,0.0,0.0
-484,TĐ Huội Quảng,2025-02-16 01:00:00,0.0,0.0
-484,TĐ Huội Quảng,2025-02-16 02:00:00,0.0,0.0
-484,TĐ Huội Quảng,2025-02-16 03:00:00,0.0,0.0
-484,TĐ Huội Quảng,2025-02-16 04:00:00,0.0,0.0
-484,TĐ Huội Quảng,2025-02-16 05:00:00,0.0,0.0
-484,TĐ Huội Quảng,2025-02-16 06:00:00,0.0,0.0
-484,TĐ Huội Quảng,2025-02-16 07:00:00,0.0,0.0
-484,TĐ Huội Quảng,2025-02-16 08:00:00,0.0,0.0
-484,TĐ Huội Quảng,2025-02-16 09:00:00,0.0,0.0
-484,TĐ Huội Quảng,2025-02-16 10:00:00,0.0,0.0
-484,TĐ Huội Quảng,2025-02-16 11:00:00,0.0,0.0
-484,TĐ Huội Quảng,2025-02-16 12:00:00,0.0,0.0
-484,TĐ Huội Quảng,2025-02-16 13:00:00,0.0,0.0
-484,TĐ Huội Quảng,2025-02-16 14:00:00,0.0,0.0
-484,TĐ Huội Quảng,2025-02-16 15:00:00,0.0,0.0
-484,TĐ Huội Quảng,2025-02-16 16:00:00,0.0,0.0
-484,TĐ Huội Quảng,2025-02-16 17:00:00,0.0,0.0
-484,TĐ Huội Quảng,2025-02-16 18:00:00,0.0,0.0
-484,TĐ Huội Quảng,2025-02-16 19:00:00,0.0,0.0
-484,TĐ Huội Quảng,2025-02-16 20:00:00,0.0,0.0
-484,TĐ Huội Quảng,2025-02-16 21:00:00,0.0,0.0
-484,TĐ Huội Quảng,2025-02-16 22:00:00,0.0,0.0
-484,TĐ Huội Quảng,2025-02-16 23:00:00,0.0,0.0
-484,TĐ Huội Quảng,2025-02-17 00:00:00,0.0,0.0
-484,TĐ Huội Quảng,2025-02-17 01:00:00,0.0,0.0
-484,TĐ Huội Quảng,2025-02-17 02:00:00,0.0,0.0
-484,TĐ Huội Quảng,2025-02-17 03:00:00,0.0,0.0
-484,TĐ Huội Quảng,2025-02-17 04:00:00,0.0,0.0
-484,TĐ Huội Quảng,2025-02-17 05:00:00,0.0,0.0
-484,TĐ Huội Quảng,2025-02-17 06:00:00,0.0,0.0
-484,TĐ Huội Quảng,2025-02-17 07:00:00,0.0,0.0
-484,TĐ Huội Quảng,2025-02-17 08:00:00,0.0,0.0
-484,TĐ Huội Quảng,2025-02-17 09:00:00,0.0,0.0
-484,TĐ Huội Quảng,2025-02-17 10:00:00,0.0,0.0
-484,TĐ Huội Quảng,2025-02-17 11:00:00,0.0,0.0
-484,TĐ Huội Quảng,2025-02-17 12:00:00,0.0,0.0
-484,TĐ Huội Quảng,2025-02-17 13:00:00,0.0,0.0
-484,TĐ Huội Quảng,2025-02-17 14:00:00,0.0,0.0
-484,TĐ Huội Quảng,2025-02-17 15:00:00,0.0,0.0
-484,TĐ Huội Quảng,2025-02-17 16:00:00,0.0,0.0
-484,TĐ Huội Quảng,2025-02-17 17:00:00,0.0,0.0
-484,TĐ Huội Quảng,2025-02-17 18:00:00,0.20000000298023224,0.20000000298023224
-484,TĐ Huội Quảng,2025-02-17 19:00:00,0.0,0.20000000298023224
-484,TĐ Huội Quảng,2025-02-17 20:00:00,0.0,0.20000000298023224
-484,TĐ Huội Quảng,2025-02-17 21:00:00,0.0,0.20000000298023224
-484,TĐ Huội Quảng,2025-02-17 22:00:00,0.0,0.20000000298023224
-484,TĐ Huội Quảng,2025-02-17 23:00:00,0.0,0.20000000298023224
-484,TĐ Huội Quảng,2025-02-18 00:00:00,0.0,0.0
-484,TĐ Huội Quảng,2025-02-18 01:00:00,0.0,0.0
-484,TĐ Huội Quảng,2025-02-18 02:00:00,0.0,0.0
-484,TĐ Huội Quảng,2025-02-18 03:00:00,,0.0
-484,TĐ Huội Quảng,2025-02-18 04:00:00,,0.0
-484,TĐ Huội Quảng,2025-02-18 05:00:00,,0.0
-484,TĐ Huội Quảng,2025-02-18 06:00:00,,0.0
-484,TĐ Huội Quảng,2025-02-18 07:00:00,,0.0
-484,TĐ Huội Quảng,2025-02-18 08:00:00,,0.0
-484,TĐ Huội Quảng,2025-02-18 09:00:00,,0.0
-484,TĐ Huội Quảng,2025-02-18 10:00:00,0.0,0.0
-484,TĐ Huội Quảng,2025-02-18 11:00:00,,0.0
-484,TĐ Huội Quảng,2025-02-18 12:00:00,,0.0
-484,TĐ Huội Quảng,2025-02-18 13:00:00,0.0,0.0
-484,TĐ Huội Quảng,2025-02-18 14:00:00,0.0,0.0
-484,TĐ Huội Quảng,2025-02-18 15:00:00,0.0,0.0
-484,TĐ Huội Quảng,2025-02-18 16:00:00,0.0,0.0
-484,TĐ Huội Quảng,2025-02-18 17:00:00,0.0,0.0
-484,TĐ Huội Quảng,2025-02-18 18:00:00,0.0,0.0
-484,TĐ Huội Quảng,2025-02-18 19:00:00,0.0,0.0
-484,TĐ Huội Quảng,2025-02-18 20:00:00,0.0,0.0
-484,TĐ Huội Quảng,2025-02-18 21:00:00,0.0,0.0
-484,TĐ Huội Quảng,2025-02-18 22:00:00,0.0,0.0
-484,TĐ Huội Quảng,2025-02-18 23:00:00,0.0,0.0
-484,TĐ Huội Quảng,2025-02-19 00:00:00,0.0,0.0
-484,TĐ Huội Quảng,2025-02-19 01:00:00,0.0,0.0
-484,TĐ Huội Quảng,2025-02-19 02:00:00,0.0,0.0
-484,TĐ Huội Quảng,2025-02-19 03:00:00,0.0,0.0
-484,TĐ Huội Quảng,2025-02-19 04:00:00,0.0,0.0
-484,TĐ Huội Quảng,2025-02-19 05:00:00,0.0,0.0
-484,TĐ Huội Quảng,2025-02-19 06:00:00,0.0,0.0
-484,TĐ Huội Quảng,2025-02-19 07:00:00,0.0,0.0
-484,TĐ Huội Quảng,2025-02-19 08:00:00,0.0,0.0
-484,TĐ Huội Quảng,2025-02-19 09:00:00,0.0,0.0
-484,TĐ Huội Quảng,2025-02-19 10:00:00,0.0,0.0
-484,TĐ Huội Quảng,2025-02-19 11:00:00,0.0,0.0
-484,TĐ Huội Quảng,2025-02-19 12:00:00,0.20000000298023224,0.20000000298023224
-484,TĐ Huội Quảng,2025-02-19 13:00:00,0.0,0.20000000298023224
-484,TĐ Huội Quảng,2025-02-19 14:00:00,0.0,0.20000000298023224
-484,TĐ Huội Quảng,2025-02-19 15:00:00,0.0,0.20000000298023224
-484,TĐ Huội Quảng,2025-02-19 16:00:00,0.0,0.20000000298023224
-484,TĐ Huội Quảng,2025-02-19 17:00:00,0.0,0.20000000298023224
-484,TĐ Huội Quảng,2025-02-19 18:00:00,0.0,0.20000000298023224
-484,TĐ Huội Quảng,2025-02-19 19:00:00,0.0,0.20000000298023224
-484,TĐ Huội Quảng,2025-02-19 20:00:00,0.0,0.20000000298023224
-484,TĐ Huội Quảng,2025-02-19 21:00:00,0.0,0.20000000298023224
-484,TĐ Huội Quảng,2025-02-19 22:00:00,0.0,0.20000000298023224
-484,TĐ Huội Quảng,2025-02-19 23:00:00,0.0,0.20000000298023224
-484,TĐ Huội Quảng,2025-02-20 00:00:00,0.0,0.0
-484,TĐ Huội Quảng,2025-02-20 01:00:00,0.0,0.0
-484,TĐ Huội Quảng,2025-02-20 02:00:00,0.0,0.0
-484,TĐ Huội Quảng,2025-02-20 03:00:00,0.0,0.0
-484,TĐ Huội Quảng,2025-02-20 04:00:00,0.0,0.0
-484,TĐ Huội Quảng,2025-02-20 05:00:00,0.0,0.0
-484,TĐ Huội Quảng,2025-02-20 06:00:00,0.0,0.0
-484,TĐ Huội Quảng,2025-02-20 07:00:00,0.0,0.0
-484,TĐ Huội Quảng,2025-02-20 08:00:00,0.0,0.0
-484,TĐ Huội Quảng,2025-02-20 09:00:00,0.0,0.0
-484,TĐ Huội Quảng,2025-02-20 10:00:00,0.0,0.0
-484,TĐ Huội Quảng,2025-02-20 11:00:00,0.0,0.0
-484,TĐ Huội Quảng,2025-02-20 12:00:00,0.0,0.0
-484,TĐ Huội Quảng,2025-02-20 13:00:00,0.0,0.0
-484,TĐ Huội Quảng,2025-02-20 14:00:00,0.0,0.0
-484,TĐ Huội Quảng,2025-02-20 15:00:00,0.0,0.0
-484,TĐ Huội Quảng,2025-02-20 16:00:00,0.0,0.0
-484,TĐ Huội Quảng,2025-02-20 17:00:00,0.0,0.0
-484,TĐ Huội Quảng,2025-02-20 18:00:00,0.0,0.0
-484,TĐ Huội Quảng,2025-02-20 19:00:00,0.0,0.0
-484,TĐ Huội Quảng,2025-02-20 20:00:00,0.0,0.0
-484,TĐ Huội Quảng,2025-02-20 21:00:00,0.0,0.0
-484,TĐ Huội Quảng,2025-02-20 22:00:00,0.0,0.0
-484,TĐ Huội Quảng,2025-02-20 23:00:00,0.0,0.0
-484,TĐ Huội Quảng,2025-02-21 00:00:00,0.0,0.0
-484,TĐ Huội Quảng,2025-02-21 01:00:00,0.0,0.0
-484,TĐ Huội Quảng,2025-02-21 02:00:00,0.0,0.0
-484,TĐ Huội Quảng,2025-02-21 03:00:00,0.0,0.0
-484,TĐ Huội Quảng,2025-02-21 04:00:00,0.0,0.0
-484,TĐ Huội Quảng,2025-02-21 05:00:00,0.0,0.0
-484,TĐ Huội Quảng,2025-02-21 06:00:00,0.0,0.0
-484,TĐ Huội Quảng,2025-02-21 07:00:00,0.0,0.0
-484,TĐ Huội Quảng,2025-02-21 08:00:00,0.0,0.0
-484,TĐ Huội Quảng,2025-02-21 09:00:00,0.0,0.0
-484,TĐ Huội Quảng,2025-02-21 10:00:00,0.0,0.0
-484,TĐ Huội Quảng,2025-02-21 11:00:00,0.0,0.0
-484,TĐ Huội Quảng,2025-02-21 12:00:00,0.0,0.0
-484,TĐ Huội Quảng,2025-02-21 13:00:00,0.0,0.0
-484,TĐ Huội Quảng,2025-02-21 14:00:00,0.0,0.0
-484,TĐ Huội Quảng,2025-02-21 15:00:00,0.0,0.0
-484,TĐ Huội Quảng,2025-02-21 16:00:00,0.0,0.0
-484,TĐ Huội Quảng,2025-02-21 17:00:00,0.0,0.0
-484,TĐ Huội Quảng,2025-02-21 18:00:00,0.0,0.0
-484,TĐ Huội Quảng,2025-02-21 19:00:00,0.0,0.0
-484,TĐ Huội Quảng,2025-02-21 20:00:00,0.0,0.0
-484,TĐ Huội Quảng,2025-02-21 21:00:00,0.0,0.0
-484,TĐ Huội Quảng,2025-02-21 22:00:00,0.0,0.0
-484,TĐ Huội Quảng,2025-02-21 23:00:00,0.0,0.0
-484,TĐ Huội Quảng,2025-02-22 00:00:00,0.0,0.0
-484,TĐ Huội Quảng,2025-02-22 01:00:00,0.0,0.0
-484,TĐ Huội Quảng,2025-02-22 02:00:00,0.0,0.0
-484,TĐ Huội Quảng,2025-02-22 03:00:00,0.0,0.0
-484,TĐ Huội Quảng,2025-02-22 04:00:00,0.0,0.0
-484,TĐ Huội Quảng,2025-02-22 05:00:00,0.0,0.0
-484,TĐ Huội Quảng,2025-02-22 06:00:00,0.0,0.0
-484,TĐ Huội Quảng,2025-02-22 07:00:00,0.0,0.0
-484,TĐ Huội Quảng,2025-02-22 08:00:00,0.0,0.0
-484,TĐ Huội Quảng,2025-02-22 09:00:00,0.0,0.0
-484,TĐ Huội Quảng,2025-02-22 10:00:00,0.0,0.0
-484,TĐ Huội Quảng,2025-02-22 11:00:00,0.0,0.0
-484,TĐ Huội Quảng,2025-02-22 12:00:00,0.0,0.0
-484,TĐ Huội Quảng,2025-02-22 13:00:00,0.0,0.0
-484,TĐ Huội Quảng,2025-02-22 14:00:00,0.0,0.0
-484,TĐ Huội Quảng,2025-02-22 15:00:00,0.0,0.0
-484,TĐ Huội Quảng,2025-02-22 16:00:00,0.0,0.0
-484,TĐ Huội Quảng,2025-02-22 17:00:00,0.0,0.0
-484,TĐ Huội Quảng,2025-02-22 18:00:00,0.0,0.0
-484,TĐ Huội Quảng,2025-02-22 19:00:00,0.0,0.0
-484,TĐ Huội Quảng,2025-02-22 20:00:00,0.0,0.0
-484,TĐ Huội Quảng,2025-02-22 21:00:00,0.0,0.0
-484,TĐ Huội Quảng,2025-02-22 22:00:00,0.0,0.0
-484,TĐ Huội Quảng,2025-02-22 23:00:00,0.0,0.0
-484,TĐ Huội Quảng,2025-02-23 00:00:00,0.0,0.0
-484,TĐ Huội Quảng,2025-02-23 01:00:00,0.0,0.0
-484,TĐ Huội Quảng,2025-02-23 02:00:00,0.0,0.0
-484,TĐ Huội Quảng,2025-02-23 03:00:00,0.0,0.0
-484,TĐ Huội Quảng,2025-02-23 04:00:00,0.0,0.0
-484,TĐ Huội Quảng,2025-02-23 05:00:00,0.0,0.0
-484,TĐ Huội Quảng,2025-02-23 06:00:00,0.0,0.0
-484,TĐ Huội Quảng,2025-02-23 07:00:00,0.0,0.0
-484,TĐ Huội Quảng,2025-02-23 08:00:00,0.0,0.0
-484,TĐ Huội Quảng,2025-02-23 09:00:00,0.0,0.0
-484,TĐ Huội Quảng,2025-02-23 10:00:00,0.0,0.0
-484,TĐ Huội Quảng,2025-02-23 11:00:00,0.0,0.0
-484,TĐ Huội Quảng,2025-02-23 12:00:00,0.0,0.0
-484,TĐ Huội Quảng,2025-02-23 13:00:00,0.0,0.0
-484,TĐ Huội Quảng,2025-02-23 14:00:00,0.0,0.0
-484,TĐ Huội Quảng,2025-02-23 15:00:00,0.0,0.0
-484,TĐ Huội Quảng,2025-02-23 16:00:00,0.0,0.0
-484,TĐ Huội Quảng,2025-02-23 17:00:00,19.200000762939453,19.200000762939453
-484,TĐ Huội Quảng,2025-02-23 18:00:00,0.0,19.200000762939453
-484,TĐ Huội Quảng,2025-02-23 19:00:00,0.0,19.200000762939453
-484,TĐ Huội Quảng,2025-02-23 20:00:00,0.0,19.200000762939453
-484,TĐ Huội Quảng,2025-02-23 21:00:00,0.0,19.200000762939453
-484,TĐ Huội Quảng,2025-02-23 22:00:00,0.0,19.200000762939453
-484,TĐ Huội Quảng,2025-02-23 23:00:00,0.0,19.200000762939453
-484,TĐ Huội Quảng,2025-02-24 00:00:00,0.0,0.0
-484,TĐ Huội Quảng,2025-02-24 01:00:00,0.0,0.0
-484,TĐ Huội Quảng,2025-02-24 02:00:00,0.0,0.0
-484,TĐ Huội Quảng,2025-02-24 03:00:00,0.0,0.0
-484,TĐ Huội Quảng,2025-02-24 04:00:00,0.0,0.0
-484,TĐ Huội Quảng,2025-02-24 05:00:00,0.0,0.0
-484,TĐ Huội Quảng,2025-02-24 06:00:00,0.0,0.0
-484,TĐ Huội Quảng,2025-02-24 07:00:00,0.0,0.0
-484,TĐ Huội Quảng,2025-02-24 08:00:00,0.0,0.0
-484,TĐ Huội Quảng,2025-02-24 09:00:00,0.0,0.0
-484,TĐ Huội Quảng,2025-02-24 10:00:00,0.6000000238418579,0.6000000238418579
-484,TĐ Huội Quảng,2025-02-24 11:00:00,0.0,0.6000000238418579
-484,TĐ Huội Quảng,2025-02-24 12:00:00,0.20000000298023224,0.8000000268220901
-484,TĐ Huội Quảng,2025-02-24 13:00:00,0.0,0.8000000268220901
-484,TĐ Huội Quảng,2025-02-24 14:00:00,0.0,0.8000000268220901
-484,TĐ Huội Quảng,2025-02-24 15:00:00,0.0,0.8000000268220901
-484,TĐ Huội Quảng,2025-02-24 16:00:00,0.0,0.8000000268220901
-484,TĐ Huội Quảng,2025-02-24 17:00:00,0.0,0.8000000268220901
-484,TĐ Huội Quảng,2025-02-24 18:00:00,0.0,0.8000000268220901
-484,TĐ Huội Quảng,2025-02-24 19:00:00,0.0,0.8000000268220901
-484,TĐ Huội Quảng,2025-02-24 20:00:00,0.0,0.8000000268220901
-484,TĐ Huội Quảng,2025-02-24 21:00:00,0.0,0.8000000268220901
-484,TĐ Huội Quảng,2025-02-24 22:00:00,0.0,0.8000000268220901
-484,TĐ Huội Quảng,2025-02-24 23:00:00,0.0,0.8000000268220901
-484,TĐ Huội Quảng,2025-02-25 00:00:00,0.0,0.0
-484,TĐ Huội Quảng,2025-02-25 01:00:00,0.0,0.0
-484,TĐ Huội Quảng,2025-02-25 02:00:00,0.20000000298023224,0.20000000298023224
-484,TĐ Huội Quảng,2025-02-25 03:00:00,2.5999999046325684,2.7999999076128006
-484,TĐ Huội Quảng,2025-02-25 04:00:00,0.20000000298023224,2.999999910593033
-484,TĐ Huội Quảng,2025-02-25 05:00:00,0.20000000298023224,3.199999913573265
-484,TĐ Huội Quảng,2025-02-25 06:00:00,0.0,3.199999913573265
-484,TĐ Huội Quảng,2025-02-25 07:00:00,0.0,3.199999913573265
-484,TĐ Huội Quảng,2025-02-25 08:00:00,0.0,3.199999913573265
-484,TĐ Huội Quảng,2025-02-25 09:00:00,0.0,3.199999913573265
-484,TĐ Huội Quảng,2025-02-25 10:00:00,0.0,3.199999913573265
-484,TĐ Huội Quảng,2025-02-25 11:00:00,0.0,3.199999913573265
-484,TĐ Huội Quảng,2025-02-25 12:00:00,0.0,3.199999913573265
-484,TĐ Huội Quảng,2025-02-25 13:00:00,0.0,3.199999913573265
-484,TĐ Huội Quảng,2025-02-25 14:00:00,0.0,3.199999913573265
-484,TĐ Huội Quảng,2025-02-25 15:00:00,0.0,3.199999913573265
-484,TĐ Huội Quảng,2025-02-25 16:00:00,0.0,3.199999913573265
-484,TĐ Huội Quảng,2025-02-25 17:00:00,0.0,3.199999913573265
-484,TĐ Huội Quảng,2025-02-25 18:00:00,0.0,3.199999913573265
-484,TĐ Huội Quảng,2025-02-25 19:00:00,0.0,3.199999913573265
-484,TĐ Huội Quảng,2025-02-25 20:00:00,0.0,3.199999913573265
-484,TĐ Huội Quảng,2025-02-25 21:00:00,0.0,3.199999913573265
-484,TĐ Huội Quảng,2025-02-25 22:00:00,0.0,3.199999913573265
-484,TĐ Huội Quảng,2025-02-25 23:00:00,0.0,3.199999913573265
-484,TĐ Huội Quảng,2025-02-26 00:00:00,0.0,0.0
-484,TĐ Huội Quảng,2025-02-26 01:00:00,0.0,0.0
-484,TĐ Huội Quảng,2025-02-26 02:00:00,0.0,0.0
-484,TĐ Huội Quảng,2025-02-26 03:00:00,0.0,0.0
-484,TĐ Huội Quảng,2025-02-26 04:00:00,0.0,0.0
-484,TĐ Huội Quảng,2025-02-26 05:00:00,0.0,0.0
-484,TĐ Huội Quảng,2025-02-26 06:00:00,0.0,0.0
-484,TĐ Huội Quảng,2025-02-26 07:00:00,0.0,0.0
-484,TĐ Huội Quảng,2025-02-26 08:00:00,0.0,0.0
-484,TĐ Huội Quảng,2025-02-26 09:00:00,0.0,0.0
-484,TĐ Huội Quảng,2025-02-26 10:00:00,2.799999952316284,2.799999952316284
-484,TĐ Huội Quảng,2025-02-26 11:00:00,0.20000000298023224,2.9999999552965164
-484,TĐ Huội Quảng,2025-02-26 12:00:00,0.0,2.9999999552965164
-484,TĐ Huội Quảng,2025-02-26 13:00:00,0.0,2.9999999552965164
-484,TĐ Huội Quảng,2025-02-26 14:00:00,0.0,2.9999999552965164
-484,TĐ Huội Quảng,2025-02-26 15:00:00,0.0,2.9999999552965164
-484,TĐ Huội Quảng,2025-02-26 16:00:00,0.0,2.9999999552965164
-484,TĐ Huội Quảng,2025-02-26 17:00:00,0.0,2.9999999552965164
-484,TĐ Huội Quảng,2025-02-26 18:00:00,0.0,2.9999999552965164
-484,TĐ Huội Quảng,2025-02-26 19:00:00,0.0,2.9999999552965164
-484,TĐ Huội Quảng,2025-02-26 20:00:00,0.0,2.9999999552965164
-484,TĐ Huội Quảng,2025-02-26 21:00:00,0.0,2.9999999552965164
-484,TĐ Huội Quảng,2025-02-26 22:00:00,0.0,2.9999999552965164
-484,TĐ Huội Quảng,2025-02-26 23:00:00,0.0,2.9999999552965164
-484,TĐ Huội Quảng,2025-02-27 00:00:00,0.0,0.0
-484,TĐ Huội Quảng,2025-02-27 01:00:00,0.0,0.0
-484,TĐ Huội Quảng,2025-02-27 02:00:00,0.0,0.0
-484,TĐ Huội Quảng,2025-02-27 03:00:00,0.0,0.0
-484,TĐ Huội Quảng,2025-02-27 04:00:00,0.0,0.0
-484,TĐ Huội Quảng,2025-02-27 05:00:00,0.0,0.0
-484,TĐ Huội Quảng,2025-02-27 06:00:00,0.0,0.0
-484,TĐ Huội Quảng,2025-02-27 07:00:00,0.0,0.0
-484,TĐ Huội Quảng,2025-02-27 08:00:00,0.0,0.0
-484,TĐ Huội Quảng,2025-02-27 09:00:00,0.0,0.0
-484,TĐ Huội Quảng,2025-02-27 10:00:00,0.0,0.0
-484,TĐ Huội Quảng,2025-02-27 11:00:00,0.0,0.0
-484,TĐ Huội Quảng,2025-02-27 12:00:00,0.0,0.0
-484,TĐ Huội Quảng,2025-02-27 13:00:00,0.0,0.0
-484,TĐ Huội Quảng,2025-02-27 14:00:00,0.0,0.0
-484,TĐ Huội Quảng,2025-02-27 15:00:00,0.0,0.0
-484,TĐ Huội Quảng,2025-02-27 16:00:00,0.0,0.0
-484,TĐ Huội Quảng,2025-02-27 17:00:00,0.0,0.0
-484,TĐ Huội Quảng,2025-02-27 18:00:00,0.0,0.0
-484,TĐ Huội Quảng,2025-02-27 19:00:00,0.0,0.0
-484,TĐ Huội Quảng,2025-02-27 20:00:00,0.0,0.0
-484,TĐ Huội Quảng,2025-02-27 21:00:00,0.0,0.0
-484,TĐ Huội Quảng,2025-02-27 22:00:00,0.0,0.0
-484,TĐ Huội Quảng,2025-02-27 23:00:00,0.0,0.0
-484,TĐ Huội Quảng,2025-02-28 00:00:00,0.0,0.0
-484,TĐ Huội Quảng,2025-02-28 01:00:00,0.0,0.0
-484,TĐ Huội Quảng,2025-02-28 02:00:00,0.0,0.0
-484,TĐ Huội Quảng,2025-02-28 03:00:00,0.0,0.0
-484,TĐ Huội Quảng,2025-02-28 04:00:00,0.0,0.0
-484,TĐ Huội Quảng,2025-02-28 05:00:00,0.0,0.0
-484,TĐ Huội Quảng,2025-02-28 06:00:00,0.0,0.0
-484,TĐ Huội Quảng,2025-02-28 07:00:00,0.0,0.0
-484,TĐ Huội Quảng,2025-02-28 08:00:00,0.0,0.0
-484,TĐ Huội Quảng,2025-02-28 09:00:00,0.0,0.0
-484,TĐ Huội Quảng,2025-02-28 10:00:00,0.0,0.0
-484,TĐ Huội Quảng,2025-02-28 11:00:00,0.0,0.0
-484,TĐ Huội Quảng,2025-02-28 12:00:00,0.0,0.0
-484,TĐ Huội Quảng,2025-02-28 13:00:00,0.0,0.0
-484,TĐ Huội Quảng,2025-02-28 14:00:00,0.0,0.0
-484,TĐ Huội Quảng,2025-02-28 15:00:00,0.0,0.0
-484,TĐ Huội Quảng,2025-02-28 16:00:00,0.0,0.0
-484,TĐ Huội Quảng,2025-02-28 17:00:00,0.0,0.0
-484,TĐ Huội Quảng,2025-02-28 18:00:00,0.0,0.0
-484,TĐ Huội Quảng,2025-02-28 19:00:00,0.0,0.0
-484,TĐ Huội Quảng,2025-02-28 20:00:00,0.0,0.0
-484,TĐ Huội Quảng,2025-02-28 21:00:00,0.0,0.0
-484,TĐ Huội Quảng,2025-02-28 22:00:00,0.0,0.0
-484,TĐ Huội Quảng,2025-02-28 23:00:00,0.0,0.0
-484,TĐ Huội Quảng,2025-03-01 00:00:00,0.0,0.0
-484,TĐ Huội Quảng,2025-03-01 01:00:00,0.0,0.0
-484,TĐ Huội Quảng,2025-03-01 02:00:00,0.0,0.0
-484,TĐ Huội Quảng,2025-03-01 03:00:00,0.0,0.0
-484,TĐ Huội Quảng,2025-03-01 04:00:00,0.0,0.0
-484,TĐ Huội Quảng,2025-03-01 05:00:00,0.0,0.0
-484,TĐ Huội Quảng,2025-03-01 06:00:00,0.0,0.0
-484,TĐ Huội Quảng,2025-03-01 07:00:00,0.0,0.0
-484,TĐ Huội Quảng,2025-03-01 08:00:00,0.0,0.0
-484,TĐ Huội Quảng,2025-03-01 09:00:00,0.0,0.0
-484,TĐ Huội Quảng,2025-03-01 10:00:00,0.0,0.0
-484,TĐ Huội Quảng,2025-03-01 11:00:00,0.0,0.0
-484,TĐ Huội Quảng,2025-03-01 12:00:00,0.0,0.0
-484,TĐ Huội Quảng,2025-03-01 13:00:00,0.0,0.0
-484,TĐ Huội Quảng,2025-03-01 14:00:00,0.0,0.0
-484,TĐ Huội Quảng,2025-03-01 15:00:00,0.0,0.0
-484,TĐ Huội Quảng,2025-03-01 16:00:00,0.0,0.0
-484,TĐ Huội Quảng,2025-03-01 17:00:00,0.0,0.0
-484,TĐ Huội Quảng,2025-03-01 18:00:00,0.0,0.0
-484,TĐ Huội Quảng,2025-03-01 19:00:00,0.0,0.0
-484,TĐ Huội Quảng,2025-03-01 20:00:00,0.0,0.0
-484,TĐ Huội Quảng,2025-03-01 21:00:00,0.0,0.0
-484,TĐ Huội Quảng,2025-03-01 22:00:00,0.0,0.0
-484,TĐ Huội Quảng,2025-03-01 23:00:00,0.0,0.0
-484,TĐ Huội Quảng,2025-03-02 00:00:00,0.0,0.0
-484,TĐ Huội Quảng,2025-03-02 01:00:00,0.0,0.0
-484,TĐ Huội Quảng,2025-03-02 02:00:00,0.0,0.0
-484,TĐ Huội Quảng,2025-03-02 03:00:00,0.0,0.0
-484,TĐ Huội Quảng,2025-03-02 04:00:00,0.0,0.0
-484,TĐ Huội Quảng,2025-03-02 05:00:00,0.0,0.0
-484,TĐ Huội Quảng,2025-03-02 06:00:00,0.0,0.0
-484,TĐ Huội Quảng,2025-03-02 07:00:00,0.0,0.0
-484,TĐ Huội Quảng,2025-03-02 08:00:00,0.0,0.0
-484,TĐ Huội Quảng,2025-03-02 09:00:00,0.0,0.0
-484,TĐ Huội Quảng,2025-03-02 10:00:00,0.0,0.0
-484,TĐ Huội Quảng,2025-03-02 11:00:00,0.0,0.0
-484,TĐ Huội Quảng,2025-03-02 12:00:00,0.0,0.0
-484,TĐ Huội Quảng,2025-03-02 13:00:00,0.0,0.0
-484,TĐ Huội Quảng,2025-03-02 14:00:00,0.0,0.0
-484,TĐ Huội Quảng,2025-03-02 15:00:00,0.0,0.0
-484,TĐ Huội Quảng,2025-03-02 16:00:00,0.0,0.0
-484,TĐ Huội Quảng,2025-03-02 17:00:00,0.0,0.0
-484,TĐ Huội Quảng,2025-03-02 18:00:00,0.0,0.0
-484,TĐ Huội Quảng,2025-03-02 19:00:00,0.0,0.0
-484,TĐ Huội Quảng,2025-03-02 20:00:00,0.0,0.0
-484,TĐ Huội Quảng,2025-03-02 21:00:00,0.0,0.0
-484,TĐ Huội Quảng,2025-03-02 22:00:00,0.0,0.0
-484,TĐ Huội Quảng,2025-03-02 23:00:00,0.0,0.0
-484,TĐ Huội Quảng,2025-03-03 00:00:00,0.0,0.0
-484,TĐ Huội Quảng,2025-03-03 01:00:00,0.0,0.0
-484,TĐ Huội Quảng,2025-03-03 02:00:00,0.0,0.0
-484,TĐ Huội Quảng,2025-03-03 03:00:00,0.0,0.0
-484,TĐ Huội Quảng,2025-03-03 04:00:00,0.0,0.0
-484,TĐ Huội Quảng,2025-03-03 05:00:00,0.0,0.0
-484,TĐ Huội Quảng,2025-03-03 06:00:00,0.0,0.0
-484,TĐ Huội Quảng,2025-03-03 07:00:00,0.0,0.0
-484,TĐ Huội Quảng,2025-03-03 08:00:00,0.0,0.0
-484,TĐ Huội Quảng,2025-03-03 09:00:00,0.0,0.0
-484,TĐ Huội Quảng,2025-03-03 10:00:00,,0.0
-484,TĐ Huội Quảng,2025-03-03 11:00:00,0.0,0.0
-484,TĐ Huội Quảng,2025-03-03 12:00:00,0.0,0.0
-484,TĐ Huội Quảng,2025-03-03 13:00:00,0.0,0.0
-484,TĐ Huội Quảng,2025-03-03 14:00:00,0.0,0.0
-484,TĐ Huội Quảng,2025-03-03 15:00:00,0.0,0.0
-484,TĐ Huội Quảng,2025-03-03 16:00:00,0.0,0.0
-484,TĐ Huội Quảng,2025-03-03 17:00:00,0.0,0.0
-484,TĐ Huội Quảng,2025-03-03 18:00:00,0.0,0.0
-484,TĐ Huội Quảng,2025-03-03 19:00:00,0.0,0.0
-484,TĐ Huội Quảng,2025-03-03 20:00:00,0.0,0.0
-484,TĐ Huội Quảng,2025-03-03 21:00:00,0.0,0.0
-484,TĐ Huội Quảng,2025-03-03 22:00:00,0.0,0.0
-484,TĐ Huội Quảng,2025-03-03 23:00:00,0.0,0.0
-484,TĐ Huội Quảng,2025-03-04 00:00:00,0.0,0.0
-484,TĐ Huội Quảng,2025-03-04 01:00:00,0.0,0.0
-484,TĐ Huội Quảng,2025-03-04 02:00:00,0.0,0.0
-484,TĐ Huội Quảng,2025-03-04 03:00:00,0.0,0.0
-484,TĐ Huội Quảng,2025-03-04 04:00:00,0.0,0.0
-484,TĐ Huội Quảng,2025-03-04 05:00:00,0.0,0.0
-484,TĐ Huội Quảng,2025-03-04 06:00:00,0.0,0.0
-484,TĐ Huội Quảng,2025-03-04 07:00:00,0.0,0.0
-484,TĐ Huội Quảng,2025-03-04 08:00:00,0.0,0.0
-484,TĐ Huội Quảng,2025-03-04 09:00:00,0.0,0.0
-484,TĐ Huội Quảng,2025-03-04 10:00:00,0.0,0.0
-484,TĐ Huội Quảng,2025-03-04 11:00:00,0.0,0.0
-484,TĐ Huội Quảng,2025-03-04 12:00:00,0.0,0.0
-484,TĐ Huội Quảng,2025-03-04 13:00:00,0.0,0.0
-484,TĐ Huội Quảng,2025-03-04 14:00:00,0.0,0.0
-484,TĐ Huội Quảng,2025-03-04 15:00:00,0.0,0.0
-484,TĐ Huội Quảng,2025-03-04 16:00:00,0.0,0.0
-484,TĐ Huội Quảng,2025-03-04 17:00:00,0.0,0.0
-484,TĐ Huội Quảng,2025-03-04 18:00:00,0.0,0.0
-484,TĐ Huội Quảng,2025-03-04 19:00:00,0.0,0.0
-484,TĐ Huội Quảng,2025-03-04 20:00:00,0.0,0.0
-484,TĐ Huội Quảng,2025-03-04 21:00:00,0.0,0.0
-484,TĐ Huội Quảng,2025-03-04 22:00:00,0.0,0.0
-484,TĐ Huội Quảng,2025-03-04 23:00:00,0.0,0.0
-484,TĐ Huội Quảng,2025-03-05 00:00:00,0.0,0.0
-484,TĐ Huội Quảng,2025-03-05 01:00:00,0.0,0.0
-484,TĐ Huội Quảng,2025-03-05 02:00:00,0.0,0.0
-484,TĐ Huội Quảng,2025-03-05 03:00:00,0.0,0.0
-484,TĐ Huội Quảng,2025-03-05 04:00:00,0.0,0.0
-484,TĐ Huội Quảng,2025-03-05 05:00:00,0.0,0.0
-484,TĐ Huội Quảng,2025-03-05 06:00:00,0.0,0.0
-484,TĐ Huội Quảng,2025-03-05 07:00:00,0.0,0.0
-484,TĐ Huội Quảng,2025-03-05 08:00:00,0.0,0.0
-484,TĐ Huội Quảng,2025-03-05 09:00:00,0.0,0.0
-484,TĐ Huội Quảng,2025-03-05 10:00:00,0.0,0.0
-484,TĐ Huội Quảng,2025-03-05 11:00:00,0.0,0.0
-484,TĐ Huội Quảng,2025-03-05 12:00:00,0.0,0.0
-484,TĐ Huội Quảng,2025-03-05 13:00:00,0.0,0.0
-484,TĐ Huội Quảng,2025-03-05 14:00:00,0.0,0.0
-484,TĐ Huội Quảng,2025-03-05 15:00:00,0.0,0.0
-484,TĐ Huội Quảng,2025-03-05 16:00:00,0.0,0.0
-484,TĐ Huội Quảng,2025-03-05 17:00:00,0.0,0.0
-484,TĐ Huội Quảng,2025-03-05 18:00:00,0.0,0.0
-484,TĐ Huội Quảng,2025-03-05 19:00:00,0.0,0.0
-484,TĐ Huội Quảng,2025-03-05 20:00:00,0.0,0.0
-484,TĐ Huội Quảng,2025-03-05 21:00:00,0.0,0.0
-484,TĐ Huội Quảng,2025-03-05 22:00:00,0.0,0.0
-484,TĐ Huội Quảng,2025-03-05 23:00:00,0.0,0.0
-484,TĐ Huội Quảng,2025-03-06 00:00:00,0.0,0.0
-484,TĐ Huội Quảng,2025-03-06 01:00:00,0.0,0.0
-484,TĐ Huội Quảng,2025-03-06 02:00:00,0.0,0.0
-484,TĐ Huội Quảng,2025-03-06 03:00:00,0.0,0.0
-484,TĐ Huội Quảng,2025-03-06 04:00:00,0.0,0.0
-484,TĐ Huội Quảng,2025-03-06 05:00:00,0.0,0.0
-484,TĐ Huội Quảng,2025-03-06 06:00:00,0.0,0.0
-484,TĐ Huội Quảng,2025-03-06 07:00:00,0.0,0.0
-484,TĐ Huội Quảng,2025-03-06 08:00:00,0.0,0.0
-484,TĐ Huội Quảng,2025-03-06 09:00:00,0.0,0.0
-484,TĐ Huội Quảng,2025-03-06 10:00:00,0.0,0.0
-484,TĐ Huội Quảng,2025-03-06 11:00:00,0.0,0.0
-484,TĐ Huội Quảng,2025-03-06 12:00:00,0.0,0.0
-484,TĐ Huội Quảng,2025-03-06 13:00:00,0.0,0.0
-484,TĐ Huội Quảng,2025-03-06 14:00:00,0.0,0.0
-484,TĐ Huội Quảng,2025-03-06 15:00:00,0.0,0.0
-484,TĐ Huội Quảng,2025-03-06 16:00:00,0.0,0.0
-484,TĐ Huội Quảng,2025-03-06 17:00:00,0.0,0.0
-484,TĐ Huội Quảng,2025-03-06 18:00:00,,0.0
-484,TĐ Huội Quảng,2025-03-06 19:00:00,0.0,0.0
-484,TĐ Huội Quảng,2025-03-06 20:00:00,0.0,0.0
-484,TĐ Huội Quảng,2025-03-06 21:00:00,0.0,0.0
-484,TĐ Huội Quảng,2025-03-06 22:00:00,0.0,0.0
-484,TĐ Huội Quảng,2025-03-06 23:00:00,,0.0
-484,TĐ Huội Quảng,2025-03-07 00:00:00,,0.0
-484,TĐ Huội Quảng,2025-03-07 01:00:00,0.0,0.0
-484,TĐ Huội Quảng,2025-03-07 02:00:00,0.0,0.0
-484,TĐ Huội Quảng,2025-03-07 03:00:00,,0.0
-484,TĐ Huội Quảng,2025-03-07 04:00:00,,0.0
-484,TĐ Huội Quảng,2025-03-07 05:00:00,0.0,0.0
-484,TĐ Huội Quảng,2025-03-07 06:00:00,0.0,0.0
-484,TĐ Huội Quảng,2025-03-07 07:00:00,0.0,0.0
-484,TĐ Huội Quảng,2025-03-07 08:00:00,0.0,0.0
-484,TĐ Huội Quảng,2025-03-07 09:00:00,0.0,0.0
-484,TĐ Huội Quảng,2025-03-07 10:00:00,0.0,0.0
-484,TĐ Huội Quảng,2025-03-07 11:00:00,0.0,0.0
-484,TĐ Huội Quảng,2025-03-07 12:00:00,0.0,0.0
-484,TĐ Huội Quảng,2025-03-07 13:00:00,0.0,0.0
-484,TĐ Huội Quảng,2025-03-07 14:00:00,0.0,0.0
-484,TĐ Huội Quảng,2025-03-07 15:00:00,0.0,0.0
-484,TĐ Huội Quảng,2025-03-07 16:00:00,0.0,0.0
-484,TĐ Huội Quảng,2025-03-07 17:00:00,0.0,0.0
-484,TĐ Huội Quảng,2025-03-07 18:00:00,0.0,0.0
-484,TĐ Huội Quảng,2025-03-07 19:00:00,0.0,0.0
-484,TĐ Huội Quảng,2025-03-07 20:00:00,0.0,0.0
-484,TĐ Huội Quảng,2025-03-07 21:00:00,0.0,0.0
-484,TĐ Huội Quảng,2025-03-07 22:00:00,0.0,0.0
-484,TĐ Huội Quảng,2025-03-07 23:00:00,0.0,0.0
-484,TĐ Huội Quảng,2025-03-08 00:00:00,0.0,0.0
-484,TĐ Huội Quảng,2025-03-08 01:00:00,0.0,0.0
-484,TĐ Huội Quảng,2025-03-08 02:00:00,0.0,0.0
-484,TĐ Huội Quảng,2025-03-08 03:00:00,0.0,0.0
-484,TĐ Huội Quảng,2025-03-08 04:00:00,0.0,0.0
-484,TĐ Huội Quảng,2025-03-08 05:00:00,0.0,0.0
-484,TĐ Huội Quảng,2025-03-08 06:00:00,0.0,0.0
-484,TĐ Huội Quảng,2025-03-08 07:00:00,0.0,0.0
-484,TĐ Huội Quảng,2025-03-08 08:00:00,0.0,0.0
-484,TĐ Huội Quảng,2025-03-08 09:00:00,0.0,0.0
-484,TĐ Huội Quảng,2025-03-08 10:00:00,0.0,0.0
-484,TĐ Huội Quảng,2025-03-08 11:00:00,0.0,0.0
-484,TĐ Huội Quảng,2025-03-08 12:00:00,0.0,0.0
-484,TĐ Huội Quảng,2025-03-08 13:00:00,0.0,0.0
-484,TĐ Huội Quảng,2025-03-08 14:00:00,0.0,0.0
-484,TĐ Huội Quảng,2025-03-08 15:00:00,0.0,0.0
-484,TĐ Huội Quảng,2025-03-08 16:00:00,0.0,0.0
-484,TĐ Huội Quảng,2025-03-08 17:00:00,0.0,0.0
-484,TĐ Huội Quảng,2025-03-08 18:00:00,0.0,0.0
-484,TĐ Huội Quảng,2025-03-08 19:00:00,0.0,0.0
-484,TĐ Huội Quảng,2025-03-08 20:00:00,0.0,0.0
-484,TĐ Huội Quảng,2025-03-08 21:00:00,0.0,0.0
-484,TĐ Huội Quảng,2025-03-08 22:00:00,0.0,0.0
-484,TĐ Huội Quảng,2025-03-08 23:00:00,0.0,0.0
-484,TĐ Huội Quảng,2025-03-09 00:00:00,0.0,0.0
-484,TĐ Huội Quảng,2025-03-09 01:00:00,0.0,0.0
-484,TĐ Huội Quảng,2025-03-09 02:00:00,0.0,0.0
-484,TĐ Huội Quảng,2025-03-09 03:00:00,0.0,0.0
-484,TĐ Huội Quảng,2025-03-09 04:00:00,0.0,0.0
-484,TĐ Huội Quảng,2025-03-09 05:00:00,0.0,0.0
-484,TĐ Huội Quảng,2025-03-09 06:00:00,0.0,0.0
-484,TĐ Huội Quảng,2025-03-09 07:00:00,0.0,0.0
-484,TĐ Huội Quảng,2025-03-09 08:00:00,0.0,0.0
-484,TĐ Huội Quảng,2025-03-09 09:00:00,0.0,0.0
-484,TĐ Huội Quảng,2025-03-09 10:00:00,0.0,0.0
-484,TĐ Huội Quảng,2025-03-09 11:00:00,0.0,0.0
-484,TĐ Huội Quảng,2025-03-09 12:00:00,0.0,0.0
-484,TĐ Huội Quảng,2025-03-09 13:00:00,0.0,0.0
-484,TĐ Huội Quảng,2025-03-09 14:00:00,0.0,0.0
-484,TĐ Huội Quảng,2025-03-09 15:00:00,0.0,0.0
-484,TĐ Huội Quảng,2025-03-09 16:00:00,0.0,0.0
-484,TĐ Huội Quảng,2025-03-09 17:00:00,0.0,0.0
-484,TĐ Huội Quảng,2025-03-09 18:00:00,0.0,0.0
-484,TĐ Huội Quảng,2025-03-09 19:00:00,0.0,0.0
-484,TĐ Huội Quảng,2025-03-09 20:00:00,0.0,0.0
-484,TĐ Huội Quảng,2025-03-09 21:00:00,0.0,0.0
-484,TĐ Huội Quảng,2025-03-09 22:00:00,0.0,0.0
-484,TĐ Huội Quảng,2025-03-09 23:00:00,0.0,0.0
-484,TĐ Huội Quảng,2025-03-10 00:00:00,0.20000000298023224,0.20000000298023224
-484,TĐ Huội Quảng,2025-03-10 01:00:00,0.0,0.20000000298023224
-484,TĐ Huội Quảng,2025-03-10 02:00:00,0.0,0.20000000298023224
-484,TĐ Huội Quảng,2025-03-10 03:00:00,0.0,0.20000000298023224
-484,TĐ Huội Quảng,2025-03-10 04:00:00,0.0,0.20000000298023224
-484,TĐ Huội Quảng,2025-03-10 05:00:00,0.0,0.20000000298023224
-484,TĐ Huội Quảng,2025-03-10 06:00:00,0.0,0.20000000298023224
-484,TĐ Huội Quảng,2025-03-10 07:00:00,0.4000000059604645,0.6000000089406967
-484,TĐ Huội Quảng,2025-03-10 08:00:00,0.0,0.6000000089406967
-484,TĐ Huội Quảng,2025-03-10 09:00:00,0.0,0.6000000089406967
-484,TĐ Huội Quảng,2025-03-10 10:00:00,0.0,0.6000000089406967
-484,TĐ Huội Quảng,2025-03-10 11:00:00,0.0,0.6000000089406967
-484,TĐ Huội Quảng,2025-03-10 12:00:00,0.0,0.6000000089406967
-484,TĐ Huội Quảng,2025-03-10 13:00:00,0.0,0.6000000089406967
-484,TĐ Huội Quảng,2025-03-10 14:00:00,0.0,0.6000000089406967
-484,TĐ Huội Quảng,2025-03-10 15:00:00,0.0,0.6000000089406967
-484,TĐ Huội Quảng,2025-03-10 16:00:00,0.0,0.6000000089406967
-484,TĐ Huội Quảng,2025-03-10 17:00:00,0.0,0.6000000089406967
-484,TĐ Huội Quảng,2025-03-10 18:00:00,0.0,0.6000000089406967
-484,TĐ Huội Quảng,2025-03-10 19:00:00,0.0,0.6000000089406967
-484,TĐ Huội Quảng,2025-03-10 20:00:00,0.0,0.6000000089406967
-484,TĐ Huội Quảng,2025-03-10 21:00:00,0.0,0.6000000089406967
-484,TĐ Huội Quảng,2025-03-10 22:00:00,0.0,0.6000000089406967
-484,TĐ Huội Quảng,2025-03-10 23:00:00,0.0,0.6000000089406967
-484,TĐ Huội Quảng,2025-03-11 00:00:00,0.0,0.0
-484,TĐ Huội Quảng,2025-03-11 01:00:00,0.0,0.0
-484,TĐ Huội Quảng,2025-03-11 02:00:00,0.0,0.0
-484,TĐ Huội Quảng,2025-03-11 03:00:00,0.0,0.0
-484,TĐ Huội Quảng,2025-03-11 04:00:00,0.0,0.0
-484,TĐ Huội Quảng,2025-03-11 05:00:00,0.0,0.0
-484,TĐ Huội Quảng,2025-03-11 06:00:00,0.0,0.0
-484,TĐ Huội Quảng,2025-03-11 07:00:00,0.0,0.0
-484,TĐ Huội Quảng,2025-03-11 08:00:00,0.0,0.0
-484,TĐ Huội Quảng,2025-03-11 09:00:00,0.0,0.0
-484,TĐ Huội Quảng,2025-03-11 10:00:00,0.20000000298023224,0.20000000298023224
-484,TĐ Huội Quảng,2025-03-11 11:00:00,0.0,0.20000000298023224
-484,TĐ Huội Quảng,2025-03-11 12:00:00,0.0,0.20000000298023224
-484,TĐ Huội Quảng,2025-03-11 13:00:00,0.0,0.20000000298023224
-484,TĐ Huội Quảng,2025-03-11 14:00:00,0.0,0.20000000298023224
-484,TĐ Huội Quảng,2025-03-11 15:00:00,0.0,0.20000000298023224
-484,TĐ Huội Quảng,2025-03-11 16:00:00,0.0,0.20000000298023224
-484,TĐ Huội Quảng,2025-03-11 17:00:00,0.0,0.20000000298023224
-484,TĐ Huội Quảng,2025-03-11 18:00:00,0.0,0.20000000298023224
-484,TĐ Huội Quảng,2025-03-11 19:00:00,0.0,0.20000000298023224
-484,TĐ Huội Quảng,2025-03-11 20:00:00,0.0,0.20000000298023224
-484,TĐ Huội Quảng,2025-03-11 21:00:00,0.0,0.20000000298023224
-484,TĐ Huội Quảng,2025-03-11 22:00:00,0.0,0.20000000298023224
-484,TĐ Huội Quảng,2025-03-11 23:00:00,0.0,0.20000000298023224
-484,TĐ Huội Quảng,2025-03-12 00:00:00,0.0,0.0
-484,TĐ Huội Quảng,2025-03-12 01:00:00,0.0,0.0
-484,TĐ Huội Quảng,2025-03-12 02:00:00,0.0,0.0
-484,TĐ Huội Quảng,2025-03-12 03:00:00,0.0,0.0
-484,TĐ Huội Quảng,2025-03-12 04:00:00,0.0,0.0
-484,TĐ Huội Quảng,2025-03-12 05:00:00,0.0,0.0
-484,TĐ Huội Quảng,2025-03-12 06:00:00,0.0,0.0
-484,TĐ Huội Quảng,2025-03-12 07:00:00,0.0,0.0
-484,TĐ Huội Quảng,2025-03-12 08:00:00,0.0,0.0
-484,TĐ Huội Quảng,2025-03-12 09:00:00,0.0,0.0
-484,TĐ Huội Quảng,2025-03-12 10:00:00,0.0,0.0
-484,TĐ Huội Quảng,2025-03-12 11:00:00,0.0,0.0
-484,TĐ Huội Quảng,2025-03-12 12:00:00,0.0,0.0
-484,TĐ Huội Quảng,2025-03-12 13:00:00,0.0,0.0
-484,TĐ Huội Quảng,2025-03-12 14:00:00,0.0,0.0
-484,TĐ Huội Quảng,2025-03-12 15:00:00,0.0,0.0
-484,TĐ Huội Quảng,2025-03-12 16:00:00,0.0,0.0
-484,TĐ Huội Quảng,2025-03-12 17:00:00,0.0,0.0
-484,TĐ Huội Quảng,2025-03-12 18:00:00,0.0,0.0
-484,TĐ Huội Quảng,2025-03-12 19:00:00,0.0,0.0
-484,TĐ Huội Quảng,2025-03-12 20:00:00,0.0,0.0
-484,TĐ Huội Quảng,2025-03-12 21:00:00,0.0,0.0
-484,TĐ Huội Quảng,2025-03-12 22:00:00,0.0,0.0
-484,TĐ Huội Quảng,2025-03-12 23:00:00,0.0,0.0
-484,TĐ Huội Quảng,2025-03-13 00:00:00,0.0,0.0
-484,TĐ Huội Quảng,2025-03-13 01:00:00,0.0,0.0
-484,TĐ Huội Quảng,2025-03-13 02:00:00,0.0,0.0
-484,TĐ Huội Quảng,2025-03-13 03:00:00,0.0,0.0
-484,TĐ Huội Quảng,2025-03-13 04:00:00,0.0,0.0
-484,TĐ Huội Quảng,2025-03-13 05:00:00,0.0,0.0
-484,TĐ Huội Quảng,2025-03-13 06:00:00,0.0,0.0
-484,TĐ Huội Quảng,2025-03-13 07:00:00,0.20000000298023224,0.20000000298023224
-484,TĐ Huội Quảng,2025-03-13 08:00:00,0.0,0.20000000298023224
-484,TĐ Huội Quảng,2025-03-13 09:00:00,0.0,0.20000000298023224
-484,TĐ Huội Quảng,2025-03-13 10:00:00,0.0,0.20000000298023224
-484,TĐ Huội Quảng,2025-03-13 11:00:00,0.0,0.20000000298023224
-484,TĐ Huội Quảng,2025-03-13 12:00:00,0.0,0.20000000298023224
-484,TĐ Huội Quảng,2025-03-13 13:00:00,0.0,0.20000000298023224
-484,TĐ Huội Quảng,2025-03-13 14:00:00,0.0,0.20000000298023224
-484,TĐ Huội Quảng,2025-03-13 15:00:00,0.0,0.20000000298023224
-484,TĐ Huội Quảng,2025-03-13 16:00:00,0.0,0.20000000298023224
-484,TĐ Huội Quảng,2025-03-13 17:00:00,0.0,0.20000000298023224
-484,TĐ Huội Quảng,2025-03-13 18:00:00,0.0,0.20000000298023224
-484,TĐ Huội Quảng,2025-03-13 19:00:00,0.0,0.20000000298023224
-484,TĐ Huội Quảng,2025-03-13 20:00:00,0.0,0.20000000298023224
-484,TĐ Huội Quảng,2025-03-13 21:00:00,0.0,0.20000000298023224
-484,TĐ Huội Quảng,2025-03-13 22:00:00,0.0,0.20000000298023224
-484,TĐ Huội Quảng,2025-03-13 23:00:00,0.0,0.20000000298023224
-484,TĐ Huội Quảng,2025-03-14 00:00:00,0.0,0.0
-484,TĐ Huội Quảng,2025-03-14 01:00:00,0.0,0.0
-484,TĐ Huội Quảng,2025-03-14 02:00:00,0.0,0.0
-484,TĐ Huội Quảng,2025-03-14 03:00:00,0.0,0.0
-484,TĐ Huội Quảng,2025-03-14 04:00:00,0.0,0.0
-484,TĐ Huội Quảng,2025-03-14 05:00:00,2.799999952316284,2.799999952316284
-484,TĐ Huội Quảng,2025-03-14 06:00:00,0.0,2.799999952316284
-484,TĐ Huội Quảng,2025-03-14 07:00:00,0.0,2.799999952316284
-484,TĐ Huội Quảng,2025-03-14 08:00:00,1.0,3.799999952316284
-484,TĐ Huội Quảng,2025-03-14 09:00:00,3.799999952316284,7.599999904632568
-484,TĐ Huội Quảng,2025-03-14 10:00:00,0.0,7.599999904632568
-484,TĐ Huội Quảng,2025-03-14 11:00:00,0.0,7.599999904632568
-484,TĐ Huội Quảng,2025-03-14 12:00:00,0.0,7.599999904632568
-484,TĐ Huội Quảng,2025-03-14 13:00:00,0.0,7.599999904632568
-484,TĐ Huội Quảng,2025-03-14 14:00:00,0.0,7.599999904632568
-484,TĐ Huội Quảng,2025-03-14 15:00:00,0.0,7.599999904632568
-484,TĐ Huội Quảng,2025-03-14 16:00:00,0.0,7.599999904632568
-484,TĐ Huội Quảng,2025-03-14 17:00:00,0.0,7.599999904632568
-484,TĐ Huội Quảng,2025-03-14 18:00:00,0.0,7.599999904632568
-484,TĐ Huội Quảng,2025-03-14 19:00:00,0.0,7.599999904632568
-484,TĐ Huội Quảng,2025-03-14 20:00:00,0.0,7.599999904632568
-484,TĐ Huội Quảng,2025-03-14 21:00:00,0.0,7.599999904632568
-484,TĐ Huội Quảng,2025-03-14 22:00:00,0.0,7.599999904632568
-484,TĐ Huội Quảng,2025-03-14 23:00:00,0.0,7.599999904632568
-484,TĐ Huội Quảng,2025-03-15 00:00:00,0.0,0.0
-484,TĐ Huội Quảng,2025-03-15 01:00:00,0.0,0.0
-484,TĐ Huội Quảng,2025-03-15 02:00:00,0.0,0.0
-484,TĐ Huội Quảng,2025-03-15 03:00:00,0.0,0.0
-484,TĐ Huội Quảng,2025-03-15 04:00:00,0.0,0.0
-484,TĐ Huội Quảng,2025-03-15 05:00:00,0.0,0.0
-484,TĐ Huội Quảng,2025-03-15 06:00:00,0.0,0.0
-484,TĐ Huội Quảng,2025-03-15 07:00:00,0.0,0.0
-484,TĐ Huội Quảng,2025-03-15 08:00:00,0.0,0.0
-484,TĐ Huội Quảng,2025-03-15 09:00:00,0.0,0.0
-484,TĐ Huội Quảng,2025-03-15 10:00:00,0.0,0.0
-484,TĐ Huội Quảng,2025-03-15 11:00:00,0.0,0.0
-484,TĐ Huội Quảng,2025-03-15 12:00:00,0.0,0.0
-484,TĐ Huội Quảng,2025-03-15 13:00:00,0.0,0.0
-484,TĐ Huội Quảng,2025-03-15 14:00:00,0.0,0.0
-484,TĐ Huội Quảng,2025-03-15 15:00:00,0.0,0.0
-484,TĐ Huội Quảng,2025-03-15 16:00:00,0.0,0.0
-484,TĐ Huội Quảng,2025-03-15 17:00:00,0.0,0.0
-484,TĐ Huội Quảng,2025-03-15 18:00:00,0.0,0.0
-484,TĐ Huội Quảng,2025-03-15 19:00:00,0.0,0.0
-484,TĐ Huội Quảng,2025-03-15 20:00:00,0.0,0.0
-484,TĐ Huội Quảng,2025-03-15 21:00:00,0.0,0.0
-484,TĐ Huội Quảng,2025-03-15 22:00:00,0.0,0.0
-484,TĐ Huội Quảng,2025-03-15 23:00:00,0.0,0.0
-484,TĐ Huội Quảng,2025-03-16 00:00:00,0.0,0.0
-484,TĐ Huội Quảng,2025-03-16 01:00:00,0.0,0.0
-484,TĐ Huội Quảng,2025-03-16 02:00:00,0.0,0.0
-484,TĐ Huội Quảng,2025-03-16 03:00:00,0.0,0.0
-484,TĐ Huội Quảng,2025-03-16 04:00:00,0.0,0.0
-484,TĐ Huội Quảng,2025-03-16 05:00:00,0.0,0.0
-484,TĐ Huội Quảng,2025-03-16 06:00:00,0.0,0.0
-484,TĐ Huội Quảng,2025-03-16 07:00:00,0.0,0.0
-484,TĐ Huội Quảng,2025-03-16 08:00:00,0.0,0.0
-484,TĐ Huội Quảng,2025-03-16 09:00:00,0.0,0.0
-484,TĐ Huội Quảng,2025-03-16 10:00:00,0.0,0.0
-484,TĐ Huội Quảng,2025-03-16 11:00:00,0.0,0.0
-484,TĐ Huội Quảng,2025-03-16 12:00:00,0.0,0.0
-484,TĐ Huội Quảng,2025-03-16 13:00:00,0.0,0.0
-484,TĐ Huội Quảng,2025-03-16 14:00:00,0.0,0.0
-484,TĐ Huội Quảng,2025-03-16 15:00:00,0.0,0.0
-484,TĐ Huội Quảng,2025-03-16 16:00:00,0.0,0.0
-484,TĐ Huội Quảng,2025-03-16 17:00:00,0.0,0.0
-484,TĐ Huội Quảng,2025-03-16 18:00:00,0.0,0.0
-484,TĐ Huội Quảng,2025-03-16 19:00:00,0.0,0.0
-484,TĐ Huội Quảng,2025-03-16 20:00:00,0.0,0.0
-484,TĐ Huội Quảng,2025-03-16 21:00:00,0.0,0.0
-484,TĐ Huội Quảng,2025-03-16 22:00:00,0.0,0.0
-484,TĐ Huội Quảng,2025-03-16 23:00:00,0.0,0.0
-484,TĐ Huội Quảng,2025-03-17 00:00:00,0.0,0.0
-484,TĐ Huội Quảng,2025-03-17 01:00:00,0.0,0.0
-484,TĐ Huội Quảng,2025-03-17 02:00:00,0.0,0.0
-484,TĐ Huội Quảng,2025-03-17 03:00:00,0.0,0.0
-484,TĐ Huội Quảng,2025-03-17 04:00:00,0.0,0.0
-484,TĐ Huội Quảng,2025-03-17 05:00:00,0.0,0.0
-484,TĐ Huội Quảng,2025-03-17 06:00:00,0.0,0.0
-484,TĐ Huội Quảng,2025-03-17 07:00:00,0.0,0.0
-484,TĐ Huội Quảng,2025-03-17 08:00:00,0.0,0.0
-484,TĐ Huội Quảng,2025-03-17 09:00:00,0.0,0.0
-484,TĐ Huội Quảng,2025-03-17 10:00:00,0.0,0.0
-484,TĐ Huội Quảng,2025-03-17 11:00:00,0.0,0.0
-484,TĐ Huội Quảng,2025-03-17 12:00:00,0.0,0.0
-484,TĐ Huội Quảng,2025-03-17 13:00:00,0.0,0.0
-484,TĐ Huội Quảng,2025-03-17 14:00:00,0.0,0.0
-484,TĐ Huội Quảng,2025-03-17 15:00:00,0.0,0.0
-484,TĐ Huội Quảng,2025-03-17 16:00:00,0.0,0.0
-484,TĐ Huội Quảng,2025-03-17 17:00:00,0.0,0.0
-484,TĐ Huội Quảng,2025-03-17 18:00:00,0.0,0.0
-484,TĐ Huội Quảng,2025-03-17 19:00:00,0.0,0.0
-484,TĐ Huội Quảng,2025-03-17 20:00:00,0.0,0.0
-484,TĐ Huội Quảng,2025-03-17 21:00:00,0.0,0.0
-484,TĐ Huội Quảng,2025-03-17 22:00:00,0.0,0.0
-484,TĐ Huội Quảng,2025-03-17 23:00:00,0.0,0.0
-484,TĐ Huội Quảng,2025-03-18 00:00:00,0.0,0.0
-484,TĐ Huội Quảng,2025-03-18 01:00:00,0.0,0.0
-484,TĐ Huội Quảng,2025-03-18 02:00:00,0.0,0.0
-484,TĐ Huội Quảng,2025-03-18 03:00:00,0.0,0.0
-484,TĐ Huội Quảng,2025-03-18 04:00:00,0.0,0.0
-484,TĐ Huội Quảng,2025-03-18 05:00:00,0.0,0.0
-484,TĐ Huội Quảng,2025-03-18 06:00:00,0.0,0.0
-484,TĐ Huội Quảng,2025-03-18 07:00:00,0.0,0.0
-484,TĐ Huội Quảng,2025-03-18 08:00:00,0.0,0.0
-484,TĐ Huội Quảng,2025-03-18 09:00:00,0.0,0.0
-484,TĐ Huội Quảng,2025-03-18 10:00:00,0.0,0.0
-484,TĐ Huội Quảng,2025-03-18 11:00:00,0.0,0.0
-484,TĐ Huội Quảng,2025-03-18 12:00:00,0.0,0.0
-484,TĐ Huội Quảng,2025-03-18 13:00:00,0.0,0.0
-484,TĐ Huội Quảng,2025-03-18 14:00:00,0.0,0.0
-484,TĐ Huội Quảng,2025-03-18 15:00:00,0.0,0.0
-484,TĐ Huội Quảng,2025-03-18 16:00:00,0.0,0.0
-484,TĐ Huội Quảng,2025-03-18 17:00:00,0.0,0.0
-484,TĐ Huội Quảng,2025-03-18 18:00:00,0.0,0.0
-484,TĐ Huội Quảng,2025-03-18 19:00:00,0.0,0.0
-484,TĐ Huội Quảng,2025-03-18 20:00:00,0.0,0.0
-484,TĐ Huội Quảng,2025-03-18 21:00:00,0.0,0.0
-484,TĐ Huội Quảng,2025-03-18 22:00:00,0.0,0.0
-484,TĐ Huội Quảng,2025-03-18 23:00:00,0.0,0.0
-484,TĐ Huội Quảng,2025-03-19 00:00:00,0.0,0.0
-484,TĐ Huội Quảng,2025-03-19 01:00:00,0.0,0.0
-484,TĐ Huội Quảng,2025-03-19 02:00:00,0.0,0.0
-484,TĐ Huội Quảng,2025-03-19 03:00:00,0.0,0.0
-484,TĐ Huội Quảng,2025-03-19 04:00:00,0.0,0.0
-484,TĐ Huội Quảng,2025-03-19 05:00:00,0.0,0.0
-484,TĐ Huội Quảng,2025-03-19 06:00:00,0.0,0.0
-484,TĐ Huội Quảng,2025-03-19 07:00:00,0.0,0.0
-484,TĐ Huội Quảng,2025-03-19 08:00:00,0.0,0.0
-484,TĐ Huội Quảng,2025-03-19 09:00:00,0.0,0.0
-484,TĐ Huội Quảng,2025-03-19 10:00:00,0.0,0.0
-484,TĐ Huội Quảng,2025-03-19 11:00:00,0.0,0.0
-484,TĐ Huội Quảng,2025-03-19 12:00:00,0.0,0.0
-484,TĐ Huội Quảng,2025-03-19 13:00:00,0.0,0.0
-484,TĐ Huội Quảng,2025-03-19 14:00:00,0.0,0.0
-484,TĐ Huội Quảng,2025-03-19 15:00:00,0.0,0.0
-484,TĐ Huội Quảng,2025-03-19 16:00:00,0.0,0.0
-484,TĐ Huội Quảng,2025-03-19 17:00:00,0.0,0.0
-484,TĐ Huội Quảng,2025-03-19 18:00:00,0.0,0.0
-484,TĐ Huội Quảng,2025-03-19 19:00:00,0.0,0.0
-484,TĐ Huội Quảng,2025-03-19 20:00:00,0.0,0.0
-484,TĐ Huội Quảng,2025-03-19 21:00:00,0.0,0.0
-484,TĐ Huội Quảng,2025-03-19 22:00:00,0.0,0.0
-484,TĐ Huội Quảng,2025-03-19 23:00:00,0.0,0.0
-484,TĐ Huội Quảng,2025-03-20 00:00:00,0.0,0.0
-484,TĐ Huội Quảng,2025-03-20 01:00:00,0.0,0.0
-484,TĐ Huội Quảng,2025-03-20 02:00:00,0.0,0.0
-484,TĐ Huội Quảng,2025-03-20 03:00:00,0.0,0.0
-484,TĐ Huội Quảng,2025-03-20 04:00:00,0.0,0.0
-484,TĐ Huội Quảng,2025-03-20 05:00:00,0.0,0.0
-484,TĐ Huội Quảng,2025-03-20 06:00:00,0.0,0.0
-484,TĐ Huội Quảng,2025-03-20 07:00:00,0.0,0.0
-484,TĐ Huội Quảng,2025-03-20 08:00:00,0.0,0.0
-484,TĐ Huội Quảng,2025-03-20 09:00:00,0.0,0.0
-484,TĐ Huội Quảng,2025-03-20 10:00:00,0.0,0.0
-484,TĐ Huội Quảng,2025-03-20 11:00:00,0.0,0.0
-484,TĐ Huội Quảng,2025-03-20 12:00:00,0.0,0.0
-484,TĐ Huội Quảng,2025-03-20 13:00:00,0.0,0.0
-484,TĐ Huội Quảng,2025-03-20 14:00:00,0.0,0.0
-484,TĐ Huội Quảng,2025-03-20 15:00:00,0.0,0.0
-484,TĐ Huội Quảng,2025-03-20 16:00:00,0.0,0.0
-484,TĐ Huội Quảng,2025-03-20 17:00:00,0.0,0.0
-484,TĐ Huội Quảng,2025-03-20 18:00:00,0.0,0.0
-484,TĐ Huội Quảng,2025-03-20 19:00:00,0.0,0.0
-484,TĐ Huội Quảng,2025-03-20 20:00:00,0.0,0.0
-484,TĐ Huội Quảng,2025-03-20 21:00:00,0.0,0.0
-484,TĐ Huội Quảng,2025-03-20 22:00:00,0.0,0.0
-484,TĐ Huội Quảng,2025-03-20 23:00:00,0.0,0.0
-484,TĐ Huội Quảng,2025-03-21 00:00:00,0.0,0.0
-484,TĐ Huội Quảng,2025-03-21 01:00:00,0.0,0.0
-484,TĐ Huội Quảng,2025-03-21 02:00:00,0.0,0.0
-484,TĐ Huội Quảng,2025-03-21 03:00:00,0.0,0.0
-484,TĐ Huội Quảng,2025-03-21 04:00:00,0.0,0.0
-484,TĐ Huội Quảng,2025-03-21 05:00:00,0.0,0.0
-484,TĐ Huội Quảng,2025-03-21 06:00:00,0.0,0.0
-484,TĐ Huội Quảng,2025-03-21 07:00:00,0.0,0.0
-484,TĐ Huội Quảng,2025-03-21 08:00:00,0.0,0.0
-484,TĐ Huội Quảng,2025-03-21 09:00:00,0.0,0.0
-484,TĐ Huội Quảng,2025-03-21 10:00:00,0.0,0.0
-484,TĐ Huội Quảng,2025-03-21 11:00:00,0.0,0.0
-484,TĐ Huội Quảng,2025-03-21 12:00:00,0.0,0.0
-484,TĐ Huội Quảng,2025-03-21 13:00:00,0.0,0.0
-484,TĐ Huội Quảng,2025-03-21 14:00:00,0.0,0.0
-484,TĐ Huội Quảng,2025-03-21 15:00:00,0.0,0.0
-484,TĐ Huội Quảng,2025-03-21 16:00:00,0.0,0.0
-484,TĐ Huội Quảng,2025-03-21 17:00:00,0.0,0.0
-484,TĐ Huội Quảng,2025-03-21 18:00:00,0.0,0.0
-484,TĐ Huội Quảng,2025-03-21 19:00:00,0.0,0.0
-484,TĐ Huội Quảng,2025-03-21 20:00:00,0.0,0.0
-484,TĐ Huội Quảng,2025-03-21 21:00:00,0.0,0.0
-484,TĐ Huội Quảng,2025-03-21 22:00:00,0.0,0.0
-484,TĐ Huội Quảng,2025-03-21 23:00:00,0.0,0.0
-484,TĐ Huội Quảng,2025-03-22 00:00:00,0.0,0.0
-484,TĐ Huội Quảng,2025-03-22 01:00:00,0.0,0.0
-484,TĐ Huội Quảng,2025-03-22 02:00:00,0.0,0.0
-484,TĐ Huội Quảng,2025-03-22 03:00:00,0.0,0.0
-484,TĐ Huội Quảng,2025-03-22 04:00:00,0.0,0.0
-484,TĐ Huội Quảng,2025-03-22 05:00:00,0.0,0.0
-484,TĐ Huội Quảng,2025-03-22 06:00:00,0.0,0.0
-484,TĐ Huội Quảng,2025-03-22 07:00:00,0.0,0.0
-484,TĐ Huội Quảng,2025-03-22 08:00:00,0.0,0.0
-484,TĐ Huội Quảng,2025-03-22 09:00:00,0.0,0.0
-484,TĐ Huội Quảng,2025-03-22 10:00:00,0.0,0.0
-484,TĐ Huội Quảng,2025-03-22 11:00:00,0.0,0.0
-484,TĐ Huội Quảng,2025-03-22 12:00:00,0.0,0.0
-484,TĐ Huội Quảng,2025-03-22 13:00:00,0.0,0.0
-484,TĐ Huội Quảng,2025-03-22 14:00:00,0.0,0.0
-484,TĐ Huội Quảng,2025-03-22 15:00:00,0.0,0.0
-484,TĐ Huội Quảng,2025-03-22 16:00:00,0.0,0.0
-484,TĐ Huội Quảng,2025-03-22 17:00:00,0.0,0.0
-484,TĐ Huội Quảng,2025-03-22 18:00:00,0.0,0.0
-484,TĐ Huội Quảng,2025-03-22 19:00:00,0.0,0.0
-484,TĐ Huội Quảng,2025-03-22 20:00:00,0.0,0.0
-484,TĐ Huội Quảng,2025-03-22 21:00:00,0.0,0.0
-484,TĐ Huội Quảng,2025-03-22 22:00:00,0.0,0.0
-484,TĐ Huội Quảng,2025-03-22 23:00:00,0.0,0.0
-484,TĐ Huội Quảng,2025-03-23 00:00:00,0.0,0.0
-484,TĐ Huội Quảng,2025-03-23 01:00:00,0.0,0.0
-484,TĐ Huội Quảng,2025-03-23 02:00:00,0.0,0.0
-484,TĐ Huội Quảng,2025-03-23 03:00:00,0.0,0.0
-484,TĐ Huội Quảng,2025-03-23 04:00:00,0.0,0.0
-484,TĐ Huội Quảng,2025-03-23 05:00:00,0.0,0.0
-484,TĐ Huội Quảng,2025-03-23 06:00:00,0.20000000298023224,0.20000000298023224
-484,TĐ Huội Quảng,2025-03-23 07:00:00,0.0,0.20000000298023224
-484,TĐ Huội Quảng,2025-03-23 08:00:00,0.0,0.20000000298023224
-484,TĐ Huội Quảng,2025-03-23 09:00:00,0.0,0.20000000298023224
-484,TĐ Huội Quảng,2025-03-23 10:00:00,0.0,0.20000000298023224
-484,TĐ Huội Quảng,2025-03-23 11:00:00,0.0,0.20000000298023224
-484,TĐ Huội Quảng,2025-03-23 12:00:00,0.0,0.20000000298023224
-484,TĐ Huội Quảng,2025-03-23 13:00:00,0.0,0.20000000298023224
-484,TĐ Huội Quảng,2025-03-23 14:00:00,0.0,0.20000000298023224
-484,TĐ Huội Quảng,2025-03-23 15:00:00,0.0,0.20000000298023224
-484,TĐ Huội Quảng,2025-03-23 16:00:00,0.0,0.20000000298023224
-484,TĐ Huội Quảng,2025-03-23 17:00:00,0.0,0.20000000298023224
-484,TĐ Huội Quảng,2025-03-23 18:00:00,0.0,0.20000000298023224
-484,TĐ Huội Quảng,2025-03-23 19:00:00,0.0,0.20000000298023224
-484,TĐ Huội Quảng,2025-03-23 20:00:00,0.0,0.20000000298023224
-484,TĐ Huội Quảng,2025-03-23 21:00:00,0.0,0.20000000298023224
-484,TĐ Huội Quảng,2025-03-23 22:00:00,0.0,0.20000000298023224
-484,TĐ Huội Quảng,2025-03-23 23:00:00,0.0,0.20000000298023224
-484,TĐ Huội Quảng,2025-03-24 00:00:00,0.0,0.0
-484,TĐ Huội Quảng,2025-03-24 01:00:00,0.0,0.0
-484,TĐ Huội Quảng,2025-03-24 02:00:00,0.0,0.0
-484,TĐ Huội Quảng,2025-03-24 03:00:00,0.0,0.0
-484,TĐ Huội Quảng,2025-03-24 04:00:00,0.0,0.0
-484,TĐ Huội Quảng,2025-03-24 05:00:00,0.0,0.0
-484,TĐ Huội Quảng,2025-03-24 06:00:00,0.0,0.0
-484,TĐ Huội Quảng,2025-03-24 07:00:00,0.0,0.0
-484,TĐ Huội Quảng,2025-03-24 08:00:00,0.0,0.0
-484,TĐ Huội Quảng,2025-03-24 09:00:00,4.800000190734863,4.800000190734863
-484,TĐ Huội Quảng,2025-03-24 10:00:00,0.0,4.800000190734863
-484,TĐ Huội Quảng,2025-03-24 11:00:00,0.0,4.800000190734863
-484,TĐ Huội Quảng,2025-03-24 12:00:00,0.0,4.800000190734863
-484,TĐ Huội Quảng,2025-03-24 13:00:00,0.0,4.800000190734863
-484,TĐ Huội Quảng,2025-03-24 14:00:00,0.0,4.800000190734863
-484,TĐ Huội Quảng,2025-03-24 15:00:00,0.0,4.800000190734863
-484,TĐ Huội Quảng,2025-03-24 16:00:00,0.0,4.800000190734863
-484,TĐ Huội Quảng,2025-03-24 17:00:00,0.0,4.800000190734863
-484,TĐ Huội Quảng,2025-03-24 18:00:00,0.0,4.800000190734863
-484,TĐ Huội Quảng,2025-03-24 19:00:00,0.0,4.800000190734863
-484,TĐ Huội Quảng,2025-03-24 20:00:00,0.0,4.800000190734863
-484,TĐ Huội Quảng,2025-03-24 21:00:00,0.0,4.800000190734863
-484,TĐ Huội Quảng,2025-03-24 22:00:00,0.0,4.800000190734863
-484,TĐ Huội Quảng,2025-03-24 23:00:00,0.0,4.800000190734863
-484,TĐ Huội Quảng,2025-03-25 00:00:00,0.0,0.0
-484,TĐ Huội Quảng,2025-03-25 01:00:00,0.0,0.0
-484,TĐ Huội Quảng,2025-03-25 02:00:00,0.0,0.0
-484,TĐ Huội Quảng,2025-03-25 03:00:00,0.0,0.0
-484,TĐ Huội Quảng,2025-03-25 04:00:00,0.0,0.0
-484,TĐ Huội Quảng,2025-03-25 05:00:00,0.0,0.0
-484,TĐ Huội Quảng,2025-03-25 06:00:00,0.0,0.0
-484,TĐ Huội Quảng,2025-03-25 07:00:00,0.0,0.0
-484,TĐ Huội Quảng,2025-03-25 08:00:00,1.2000000476837158,1.2000000476837158
-484,TĐ Huội Quảng,2025-03-25 09:00:00,0.0,1.2000000476837158
-484,TĐ Huội Quảng,2025-03-25 10:00:00,0.0,1.2000000476837158
-484,TĐ Huội Quảng,2025-03-25 11:00:00,0.0,1.2000000476837158
-484,TĐ Huội Quảng,2025-03-25 12:00:00,0.0,1.2000000476837158
-484,TĐ Huội Quảng,2025-03-25 13:00:00,0.0,1.2000000476837158
-484,TĐ Huội Quảng,2025-03-25 14:00:00,0.0,1.2000000476837158
-484,TĐ Huội Quảng,2025-03-25 15:00:00,0.0,1.2000000476837158
-484,TĐ Huội Quảng,2025-03-25 16:00:00,0.0,1.2000000476837158
-484,TĐ Huội Quảng,2025-03-25 17:00:00,0.0,1.2000000476837158
-484,TĐ Huội Quảng,2025-03-25 18:00:00,0.0,1.2000000476837158
-484,TĐ Huội Quảng,2025-03-25 19:00:00,11.0,12.200000047683716
-484,TĐ Huội Quảng,2025-03-25 20:00:00,0.0,12.200000047683716
-484,TĐ Huội Quảng,2025-03-25 21:00:00,0.0,12.200000047683716
-484,TĐ Huội Quảng,2025-03-25 22:00:00,0.0,12.200000047683716
-484,TĐ Huội Quảng,2025-03-25 23:00:00,0.0,12.200000047683716
-484,TĐ Huội Quảng,2025-03-26 00:00:00,0.0,0.0
-484,TĐ Huội Quảng,2025-03-26 01:00:00,0.0,0.0
-484,TĐ Huội Quảng,2025-03-26 02:00:00,0.0,0.0
-484,TĐ Huội Quảng,2025-03-26 03:00:00,0.0,0.0
-484,TĐ Huội Quảng,2025-03-26 04:00:00,0.0,0.0
-484,TĐ Huội Quảng,2025-03-26 05:00:00,0.0,0.0
-484,TĐ Huội Quảng,2025-03-26 06:00:00,0.0,0.0
-484,TĐ Huội Quảng,2025-03-26 07:00:00,0.0,0.0
-484,TĐ Huội Quảng,2025-03-26 08:00:00,0.0,0.0
-484,TĐ Huội Quảng,2025-03-26 09:00:00,0.0,0.0
-484,TĐ Huội Quảng,2025-03-26 10:00:00,0.0,0.0
-484,TĐ Huội Quảng,2025-03-26 11:00:00,0.0,0.0
-484,TĐ Huội Quảng,2025-03-26 12:00:00,0.0,0.0
-484,TĐ Huội Quảng,2025-03-26 13:00:00,0.0,0.0
-484,TĐ Huội Quảng,2025-03-26 14:00:00,0.0,0.0
-484,TĐ Huội Quảng,2025-03-26 15:00:00,0.0,0.0
-484,TĐ Huội Quảng,2025-03-26 16:00:00,0.0,0.0
-484,TĐ Huội Quảng,2025-03-26 17:00:00,0.0,0.0
-484,TĐ Huội Quảng,2025-03-26 18:00:00,0.20000000298023224,0.20000000298023224
-484,TĐ Huội Quảng,2025-03-26 19:00:00,0.0,0.20000000298023224
-484,TĐ Huội Quảng,2025-03-26 20:00:00,0.0,0.20000000298023224
-484,TĐ Huội Quảng,2025-03-26 21:00:00,0.0,0.20000000298023224
-484,TĐ Huội Quảng,2025-03-26 22:00:00,0.0,0.20000000298023224
-484,TĐ Huội Quảng,2025-03-26 23:00:00,0.0,0.20000000298023224
-484,TĐ Huội Quảng,2025-03-27 00:00:00,0.0,0.0
-484,TĐ Huội Quảng,2025-03-27 01:00:00,0.0,0.0
-484,TĐ Huội Quảng,2025-03-27 02:00:00,0.0,0.0
-484,TĐ Huội Quảng,2025-03-27 03:00:00,0.0,0.0
-484,TĐ Huội Quảng,2025-03-27 04:00:00,0.0,0.0
-484,TĐ Huội Quảng,2025-03-27 05:00:00,0.0,0.0
-484,TĐ Huội Quảng,2025-03-27 06:00:00,0.0,0.0
-484,TĐ Huội Quảng,2025-03-27 07:00:00,0.0,0.0
-484,TĐ Huội Quảng,2025-03-27 08:00:00,0.0,0.0
-484,TĐ Huội Quảng,2025-03-27 09:00:00,0.0,0.0
-484,TĐ Huội Quảng,2025-03-27 10:00:00,0.0,0.0
-484,TĐ Huội Quảng,2025-03-27 11:00:00,0.0,0.0
-484,TĐ Huội Quảng,2025-03-27 12:00:00,0.0,0.0
-484,TĐ Huội Quảng,2025-03-27 13:00:00,0.0,0.0
-484,TĐ Huội Quảng,2025-03-27 14:00:00,0.0,0.0
-484,TĐ Huội Quảng,2025-03-27 15:00:00,0.0,0.0
-484,TĐ Huội Quảng,2025-03-27 16:00:00,,0.0
-484,TĐ Huội Quảng,2025-03-27 17:00:00,0.0,0.0
-484,TĐ Huội Quảng,2025-03-27 18:00:00,0.0,0.0
-484,TĐ Huội Quảng,2025-03-27 19:00:00,0.0,0.0
-484,TĐ Huội Quảng,2025-03-27 20:00:00,0.0,0.0
-484,TĐ Huội Quảng,2025-03-27 21:00:00,0.0,0.0
-484,TĐ Huội Quảng,2025-03-27 22:00:00,0.0,0.0
-484,TĐ Huội Quảng,2025-03-27 23:00:00,0.0,0.0
-484,TĐ Huội Quảng,2025-03-28 00:00:00,,0.0
-484,TĐ Huội Quảng,2025-03-28 01:00:00,,0.0
-484,TĐ Huội Quảng,2025-03-28 02:00:00,,0.0
-484,TĐ Huội Quảng,2025-03-28 03:00:00,,0.0
-484,TĐ Huội Quảng,2025-03-28 04:00:00,,0.0
-484,TĐ Huội Quảng,2025-03-28 05:00:00,,0.0
-484,TĐ Huội Quảng,2025-03-28 06:00:00,0.0,0.0
-484,TĐ Huội Quảng,2025-03-28 07:00:00,0.0,0.0
-484,TĐ Huội Quảng,2025-03-28 08:00:00,0.0,0.0
-484,TĐ Huội Quảng,2025-03-28 09:00:00,0.0,0.0
-484,TĐ Huội Quảng,2025-03-28 10:00:00,0.0,0.0
-484,TĐ Huội Quảng,2025-03-28 11:00:00,0.0,0.0
-484,TĐ Huội Quảng,2025-03-28 12:00:00,0.0,0.0
-484,TĐ Huội Quảng,2025-03-28 13:00:00,0.0,0.0
-484,TĐ Huội Quảng,2025-03-28 14:00:00,0.0,0.0
-484,TĐ Huội Quảng,2025-03-28 15:00:00,0.0,0.0
-484,TĐ Huội Quảng,2025-03-28 16:00:00,0.0,0.0
-484,TĐ Huội Quảng,2025-03-28 17:00:00,0.0,0.0
-484,TĐ Huội Quảng,2025-03-28 18:00:00,0.0,0.0
-484,TĐ Huội Quảng,2025-03-28 19:00:00,0.0,0.0
-484,TĐ Huội Quảng,2025-03-28 20:00:00,0.0,0.0
-484,TĐ Huội Quảng,2025-03-28 21:00:00,0.0,0.0
-484,TĐ Huội Quảng,2025-03-28 22:00:00,0.0,0.0
-484,TĐ Huội Quảng,2025-03-28 23:00:00,0.0,0.0
-484,TĐ Huội Quảng,2025-03-29 00:00:00,0.0,0.0
-484,TĐ Huội Quảng,2025-03-29 01:00:00,0.0,0.0
-484,TĐ Huội Quảng,2025-03-29 02:00:00,0.0,0.0
-484,TĐ Huội Quảng,2025-03-29 03:00:00,0.0,0.0
-484,TĐ Huội Quảng,2025-03-29 04:00:00,0.0,0.0
-484,TĐ Huội Quảng,2025-03-29 05:00:00,0.0,0.0
-484,TĐ Huội Quảng,2025-03-29 06:00:00,0.0,0.0
-484,TĐ Huội Quảng,2025-03-29 07:00:00,0.0,0.0
-484,TĐ Huội Quảng,2025-03-29 08:00:00,0.0,0.0
-484,TĐ Huội Quảng,2025-03-29 09:00:00,0.0,0.0
-484,TĐ Huội Quảng,2025-03-29 10:00:00,0.0,0.0
-484,TĐ Huội Quảng,2025-03-29 11:00:00,0.0,0.0
-484,TĐ Huội Quảng,2025-03-29 12:00:00,0.0,0.0
-484,TĐ Huội Quảng,2025-03-29 13:00:00,0.0,0.0
-484,TĐ Huội Quảng,2025-03-29 14:00:00,0.0,0.0
-484,TĐ Huội Quảng,2025-03-29 15:00:00,0.0,0.0
-484,TĐ Huội Quảng,2025-03-29 16:00:00,0.0,0.0
-484,TĐ Huội Quảng,2025-03-29 17:00:00,0.0,0.0
-484,TĐ Huội Quảng,2025-03-29 18:00:00,0.0,0.0
-484,TĐ Huội Quảng,2025-03-29 19:00:00,0.0,0.0
-484,TĐ Huội Quảng,2025-03-29 20:00:00,0.0,0.0
-484,TĐ Huội Quảng,2025-03-29 21:00:00,0.0,0.0
-484,TĐ Huội Quảng,2025-03-29 22:00:00,0.0,0.0
-484,TĐ Huội Quảng,2025-03-29 23:00:00,0.0,0.0
-484,TĐ Huội Quảng,2025-03-30 00:00:00,0.0,0.0
-484,TĐ Huội Quảng,2025-03-30 01:00:00,0.0,0.0
-484,TĐ Huội Quảng,2025-03-30 02:00:00,0.0,0.0
-484,TĐ Huội Quảng,2025-03-30 03:00:00,0.0,0.0
-484,TĐ Huội Quảng,2025-03-30 04:00:00,0.0,0.0
-484,TĐ Huội Quảng,2025-03-30 05:00:00,0.0,0.0
-484,TĐ Huội Quảng,2025-03-30 06:00:00,0.0,0.0
-484,TĐ Huội Quảng,2025-03-30 07:00:00,0.0,0.0
-484,TĐ Huội Quảng,2025-03-30 08:00:00,0.0,0.0
-484,TĐ Huội Quảng,2025-03-30 09:00:00,0.0,0.0
-484,TĐ Huội Quảng,2025-03-30 10:00:00,0.0,0.0
-484,TĐ Huội Quảng,2025-03-30 11:00:00,0.0,0.0
-484,TĐ Huội Quảng,2025-03-30 12:00:00,0.0,0.0
-484,TĐ Huội Quảng,2025-03-30 13:00:00,0.0,0.0
-484,TĐ Huội Quảng,2025-03-30 14:00:00,,0.0
-484,TĐ Huội Quảng,2025-03-30 15:00:00,0.0,0.0
-484,TĐ Huội Quảng,2025-03-30 16:00:00,0.0,0.0
-484,TĐ Huội Quảng,2025-03-30 17:00:00,0.0,0.0
-484,TĐ Huội Quảng,2025-03-30 18:00:00,0.0,0.0
-484,TĐ Huội Quảng,2025-03-30 19:00:00,0.0,0.0
-484,TĐ Huội Quảng,2025-03-30 20:00:00,0.0,0.0
-484,TĐ Huội Quảng,2025-03-30 21:00:00,0.0,0.0
-484,TĐ Huội Quảng,2025-03-30 22:00:00,0.0,0.0
-484,TĐ Huội Quảng,2025-03-30 23:00:00,0.0,0.0
-484,TĐ Huội Quảng,2025-03-31 00:00:00,0.0,0.0
-484,TĐ Huội Quảng,2025-03-31 01:00:00,0.0,0.0
-484,TĐ Huội Quảng,2025-03-31 02:00:00,0.0,0.0
-484,TĐ Huội Quảng,2025-03-31 03:00:00,0.0,0.0
-484,TĐ Huội Quảng,2025-03-31 04:00:00,0.0,0.0
-484,TĐ Huội Quảng,2025-03-31 05:00:00,0.0,0.0
-484,TĐ Huội Quảng,2025-03-31 06:00:00,0.0,0.0
-484,TĐ Huội Quảng,2025-03-31 07:00:00,0.0,0.0
-484,TĐ Huội Quảng,2025-03-31 08:00:00,0.0,0.0
-484,TĐ Huội Quảng,2025-03-31 09:00:00,0.0,0.0
-484,TĐ Huội Quảng,2025-03-31 10:00:00,0.0,0.0
-484,TĐ Huội Quảng,2025-03-31 11:00:00,0.0,0.0
-484,TĐ Huội Quảng,2025-03-31 12:00:00,0.0,0.0
-484,TĐ Huội Quảng,2025-03-31 13:00:00,0.0,0.0
-484,TĐ Huội Quảng,2025-03-31 14:00:00,0.0,0.0
-484,TĐ Huội Quảng,2025-03-31 15:00:00,0.0,0.0
-484,TĐ Huội Quảng,2025-03-31 16:00:00,0.0,0.0
-484,TĐ Huội Quảng,2025-03-31 17:00:00,0.0,0.0
-484,TĐ Huội Quảng,2025-03-31 18:00:00,0.0,0.0
-484,TĐ Huội Quảng,2025-03-31 19:00:00,0.0,0.0
-484,TĐ Huội Quảng,2025-03-31 20:00:00,0.0,0.0
-484,TĐ Huội Quảng,2025-03-31 21:00:00,0.0,0.0
-484,TĐ Huội Quảng,2025-03-31 22:00:00,0.0,0.0
-484,TĐ Huội Quảng,2025-03-31 23:00:00,0.0,0.0
-484,TĐ Huội Quảng,2025-04-01 00:00:00,0.0,0.0
-484,TĐ Huội Quảng,2025-04-01 01:00:00,0.0,0.0
-484,TĐ Huội Quảng,2025-04-01 02:00:00,0.0,0.0
-484,TĐ Huội Quảng,2025-04-01 03:00:00,0.0,0.0
-484,TĐ Huội Quảng,2025-04-01 04:00:00,0.0,0.0
-484,TĐ Huội Quảng,2025-04-01 05:00:00,0.0,0.0
-484,TĐ Huội Quảng,2025-04-01 06:00:00,0.0,0.0
-484,TĐ Huội Quảng,2025-04-01 07:00:00,0.0,0.0
-484,TĐ Huội Quảng,2025-04-01 08:00:00,0.0,0.0
-484,TĐ Huội Quảng,2025-04-01 09:00:00,0.0,0.0
-484,TĐ Huội Quảng,2025-04-01 10:00:00,0.0,0.0
-484,TĐ Huội Quảng,2025-04-01 11:00:00,0.0,0.0
-484,TĐ Huội Quảng,2025-04-01 12:00:00,0.0,0.0
-484,TĐ Huội Quảng,2025-04-01 13:00:00,0.0,0.0
-484,TĐ Huội Quảng,2025-04-01 14:00:00,0.0,0.0
-484,TĐ Huội Quảng,2025-04-01 15:00:00,0.0,0.0
-484,TĐ Huội Quảng,2025-04-01 16:00:00,0.0,0.0
-484,TĐ Huội Quảng,2025-04-01 17:00:00,0.0,0.0
-484,TĐ Huội Quảng,2025-04-01 18:00:00,0.0,0.0
-484,TĐ Huội Quảng,2025-04-01 19:00:00,0.0,0.0
-484,TĐ Huội Quảng,2025-04-01 20:00:00,0.0,0.0
-484,TĐ Huội Quảng,2025-04-01 21:00:00,0.0,0.0
-484,TĐ Huội Quảng,2025-04-01 22:00:00,0.0,0.0
-484,TĐ Huội Quảng,2025-04-01 23:00:00,0.0,0.0
-484,TĐ Huội Quảng,2025-04-02 00:00:00,0.0,0.0
-484,TĐ Huội Quảng,2025-04-02 01:00:00,0.0,0.0
-484,TĐ Huội Quảng,2025-04-02 02:00:00,0.0,0.0
-484,TĐ Huội Quảng,2025-04-02 03:00:00,0.0,0.0
-484,TĐ Huội Quảng,2025-04-02 04:00:00,0.0,0.0
-484,TĐ Huội Quảng,2025-04-02 05:00:00,0.0,0.0
-484,TĐ Huội Quảng,2025-04-02 06:00:00,0.0,0.0
-484,TĐ Huội Quảng,2025-04-02 07:00:00,0.0,0.0
-484,TĐ Huội Quảng,2025-04-02 08:00:00,0.0,0.0
-484,TĐ Huội Quảng,2025-04-02 09:00:00,0.0,0.0
-484,TĐ Huội Quảng,2025-04-02 10:00:00,0.0,0.0
-484,TĐ Huội Quảng,2025-04-02 11:00:00,0.0,0.0
-484,TĐ Huội Quảng,2025-04-02 12:00:00,0.0,0.0
-484,TĐ Huội Quảng,2025-04-02 13:00:00,0.0,0.0
-484,TĐ Huội Quảng,2025-04-02 14:00:00,0.0,0.0
-484,TĐ Huội Quảng,2025-04-02 15:00:00,0.0,0.0
-484,TĐ Huội Quảng,2025-04-02 16:00:00,0.0,0.0
-484,TĐ Huội Quảng,2025-04-02 17:00:00,0.0,0.0
-484,TĐ Huội Quảng,2025-04-02 18:00:00,0.0,0.0
-484,TĐ Huội Quảng,2025-04-02 19:00:00,0.0,0.0
-484,TĐ Huội Quảng,2025-04-02 20:00:00,0.0,0.0
-484,TĐ Huội Quảng,2025-04-02 21:00:00,0.0,0.0
-484,TĐ Huội Quảng,2025-04-02 22:00:00,,0.0
-484,TĐ Huội Quảng,2025-04-02 23:00:00,0.0,0.0
-484,TĐ Huội Quảng,2025-04-03 00:00:00,0.0,0.0
-484,TĐ Huội Quảng,2025-04-03 01:00:00,0.0,0.0
-484,TĐ Huội Quảng,2025-04-03 02:00:00,0.0,0.0
-484,TĐ Huội Quảng,2025-04-03 03:00:00,0.0,0.0
-484,TĐ Huội Quảng,2025-04-03 04:00:00,0.0,0.0
-484,TĐ Huội Quảng,2025-04-03 05:00:00,0.0,0.0
-484,TĐ Huội Quảng,2025-04-03 06:00:00,0.0,0.0
-484,TĐ Huội Quảng,2025-04-03 07:00:00,0.0,0.0
-484,TĐ Huội Quảng,2025-04-03 08:00:00,0.0,0.0
-484,TĐ Huội Quảng,2025-04-03 09:00:00,0.0,0.0
-484,TĐ Huội Quảng,2025-04-03 10:00:00,0.0,0.0
-484,TĐ Huội Quảng,2025-04-03 11:00:00,0.0,0.0
-484,TĐ Huội Quảng,2025-04-03 12:00:00,0.0,0.0
-484,TĐ Huội Quảng,2025-04-03 13:00:00,0.0,0.0
-484,TĐ Huội Quảng,2025-04-03 14:00:00,0.0,0.0
-484,TĐ Huội Quảng,2025-04-03 15:00:00,0.0,0.0
-484,TĐ Huội Quảng,2025-04-03 16:00:00,0.0,0.0
-484,TĐ Huội Quảng,2025-04-03 17:00:00,0.0,0.0
-484,TĐ Huội Quảng,2025-04-03 18:00:00,0.0,0.0
-484,TĐ Huội Quảng,2025-04-03 19:00:00,0.0,0.0
-484,TĐ Huội Quảng,2025-04-03 20:00:00,0.0,0.0
-484,TĐ Huội Quảng,2025-04-03 21:00:00,,0.0
-484,TĐ Huội Quảng,2025-04-03 22:00:00,0.0,0.0
-484,TĐ Huội Quảng,2025-04-03 23:00:00,0.0,0.0
-484,TĐ Huội Quảng,2025-04-04 00:00:00,0.0,0.0
-484,TĐ Huội Quảng,2025-04-04 01:00:00,0.0,0.0
-484,TĐ Huội Quảng,2025-04-04 02:00:00,0.0,0.0
-484,TĐ Huội Quảng,2025-04-04 03:00:00,0.0,0.0
-484,TĐ Huội Quảng,2025-04-04 04:00:00,0.0,0.0
-484,TĐ Huội Quảng,2025-04-04 05:00:00,0.0,0.0
-484,TĐ Huội Quảng,2025-04-04 06:00:00,0.0,0.0
-484,TĐ Huội Quảng,2025-04-04 07:00:00,0.0,0.0
-484,TĐ Huội Quảng,2025-04-04 08:00:00,0.0,0.0
-484,TĐ Huội Quảng,2025-04-04 09:00:00,0.0,0.0
-484,TĐ Huội Quảng,2025-04-04 10:00:00,0.0,0.0
-484,TĐ Huội Quảng,2025-04-04 11:00:00,0.0,0.0
-484,TĐ Huội Quảng,2025-04-04 12:00:00,0.0,0.0
-484,TĐ Huội Quảng,2025-04-04 13:00:00,0.0,0.0
-484,TĐ Huội Quảng,2025-04-04 14:00:00,0.0,0.0
-484,TĐ Huội Quảng,2025-04-04 15:00:00,0.0,0.0
-484,TĐ Huội Quảng,2025-04-04 16:00:00,0.0,0.0
-484,TĐ Huội Quảng,2025-04-04 17:00:00,0.0,0.0
-484,TĐ Huội Quảng,2025-04-04 18:00:00,0.0,0.0
-484,TĐ Huội Quảng,2025-04-04 19:00:00,0.0,0.0
-484,TĐ Huội Quảng,2025-04-04 20:00:00,0.0,0.0
-484,TĐ Huội Quảng,2025-04-04 21:00:00,0.0,0.0
-484,TĐ Huội Quảng,2025-04-04 22:00:00,0.0,0.0
-484,TĐ Huội Quảng,2025-04-04 23:00:00,0.0,0.0
-484,TĐ Huội Quảng,2025-04-05 00:00:00,0.0,0.0
-484,TĐ Huội Quảng,2025-04-05 01:00:00,0.0,0.0
-484,TĐ Huội Quảng,2025-04-05 02:00:00,0.0,0.0
-484,TĐ Huội Quảng,2025-04-05 03:00:00,0.0,0.0
-484,TĐ Huội Quảng,2025-04-05 04:00:00,0.0,0.0
-484,TĐ Huội Quảng,2025-04-05 05:00:00,0.0,0.0
-484,TĐ Huội Quảng,2025-04-05 06:00:00,0.0,0.0
-484,TĐ Huội Quảng,2025-04-05 07:00:00,0.0,0.0
-484,TĐ Huội Quảng,2025-04-05 08:00:00,0.0,0.0
-484,TĐ Huội Quảng,2025-04-05 09:00:00,0.0,0.0
-484,TĐ Huội Quảng,2025-04-05 10:00:00,0.0,0.0
-484,TĐ Huội Quảng,2025-04-05 11:00:00,0.0,0.0
-484,TĐ Huội Quảng,2025-04-05 12:00:00,0.0,0.0
-484,TĐ Huội Quảng,2025-04-05 13:00:00,0.0,0.0
-484,TĐ Huội Quảng,2025-04-05 14:00:00,0.0,0.0
-484,TĐ Huội Quảng,2025-04-05 15:00:00,0.0,0.0
-484,TĐ Huội Quảng,2025-04-05 16:00:00,0.0,0.0
-484,TĐ Huội Quảng,2025-04-05 17:00:00,0.0,0.0
-484,TĐ Huội Quảng,2025-04-05 18:00:00,0.0,0.0
-484,TĐ Huội Quảng,2025-04-05 19:00:00,0.0,0.0
-484,TĐ Huội Quảng,2025-04-05 20:00:00,0.0,0.0
-484,TĐ Huội Quảng,2025-04-05 21:00:00,1.0,1.0
-484,TĐ Huội Quảng,2025-04-05 22:00:00,0.0,1.0
-484,TĐ Huội Quảng,2025-04-05 23:00:00,0.20000000298023224,1.2000000029802322
-484,TĐ Huội Quảng,2025-04-06 00:00:00,0.20000000298023224,1.4000000059604645
-484,TĐ Huội Quảng,2025-04-06 01:00:00,0.0,1.4000000059604645
-484,TĐ Huội Quảng,2025-04-06 02:00:00,0.0,1.4000000059604645
-484,TĐ Huội Quảng,2025-04-06 03:00:00,2.0,3.4000000059604645
-484,TĐ Huội Quảng,2025-04-06 04:00:00,1.399999976158142,4.799999982118607
-484,TĐ Huội Quảng,2025-04-06 05:00:00,1.600000023841858,6.4000000059604645
-484,TĐ Huội Quảng,2025-04-06 06:00:00,1.0,7.4000000059604645
-484,TĐ Huội Quảng,2025-04-06 07:00:00,0.800000011920929,8.200000017881393
-484,TĐ Huội Quảng,2025-04-06 08:00:00,0.800000011920929,9.000000029802322
-484,TĐ Huội Quảng,2025-04-06 09:00:00,0.0,9.000000029802322
-484,TĐ Huội Quảng,2025-04-06 10:00:00,0.0,9.000000029802322
-484,TĐ Huội Quảng,2025-04-06 11:00:00,0.0,9.000000029802322
-484,TĐ Huội Quảng,2025-04-06 12:00:00,0.20000000298023224,9.200000032782555
-484,TĐ Huội Quảng,2025-04-06 13:00:00,0.0,9.200000032782555
-484,TĐ Huội Quảng,2025-04-06 14:00:00,0.0,9.200000032782555
-484,TĐ Huội Quảng,2025-04-06 15:00:00,0.0,9.200000032782555
-484,TĐ Huội Quảng,2025-04-06 16:00:00,0.0,9.200000032782555
-484,TĐ Huội Quảng,2025-04-06 17:00:00,0.0,9.200000032782555
-484,TĐ Huội Quảng,2025-04-06 18:00:00,0.0,9.200000032782555
-484,TĐ Huội Quảng,2025-04-06 19:00:00,0.0,9.200000032782555
-484,TĐ Huội Quảng,2025-04-06 20:00:00,0.0,9.200000032782555
-484,TĐ Huội Quảng,2025-04-06 21:00:00,0.0,9.200000032782555
-484,TĐ Huội Quảng,2025-04-06 22:00:00,0.0,9.200000032782555
-484,TĐ Huội Quảng,2025-04-06 23:00:00,0.0,9.200000032782555
-484,TĐ Huội Quảng,2025-04-07 00:00:00,0.6000000238418579,0.6000000238418579
-484,TĐ Huội Quảng,2025-04-07 01:00:00,1.0,1.600000023841858
-484,TĐ Huội Quảng,2025-04-07 02:00:00,0.0,1.600000023841858
-484,TĐ Huội Quảng,2025-04-07 03:00:00,0.20000000298023224,1.8000000268220901
-484,TĐ Huội Quảng,2025-04-07 04:00:00,0.0,1.8000000268220901
-484,TĐ Huội Quảng,2025-04-07 05:00:00,0.0,1.8000000268220901
-484,TĐ Huội Quảng,2025-04-07 06:00:00,0.0,1.8000000268220901
-484,TĐ Huội Quảng,2025-04-07 07:00:00,0.0,1.8000000268220901
-484,TĐ Huội Quảng,2025-04-07 08:00:00,0.0,1.8000000268220901
-484,TĐ Huội Quảng,2025-04-07 09:00:00,0.0,1.8000000268220901
-484,TĐ Huội Quảng,2025-04-07 10:00:00,0.0,1.8000000268220901
-484,TĐ Huội Quảng,2025-04-07 11:00:00,0.0,1.8000000268220901
-484,TĐ Huội Quảng,2025-04-07 12:00:00,0.0,1.8000000268220901
-484,TĐ Huội Quảng,2025-04-07 13:00:00,0.0,1.8000000268220901
-484,TĐ Huội Quảng,2025-04-07 14:00:00,0.0,1.8000000268220901
-484,TĐ Huội Quảng,2025-04-07 15:00:00,0.0,1.8000000268220901
-484,TĐ Huội Quảng,2025-04-07 16:00:00,0.20000000298023224,2.0000000298023224
-484,TĐ Huội Quảng,2025-04-07 17:00:00,0.0,2.0000000298023224
-484,TĐ Huội Quảng,2025-04-07 18:00:00,0.0,2.0000000298023224
-484,TĐ Huội Quảng,2025-04-07 19:00:00,0.0,2.0000000298023224
-484,TĐ Huội Quảng,2025-04-07 20:00:00,0.0,2.0000000298023224
-484,TĐ Huội Quảng,2025-04-07 21:00:00,0.0,2.0000000298023224
-484,TĐ Huội Quảng,2025-04-07 22:00:00,0.0,2.0000000298023224
-484,TĐ Huội Quảng,2025-04-07 23:00:00,0.0,2.0000000298023224
-484,TĐ Huội Quảng,2025-04-08 00:00:00,0.0,0.0
-484,TĐ Huội Quảng,2025-04-08 01:00:00,0.0,0.0
-484,TĐ Huội Quảng,2025-04-08 02:00:00,0.0,0.0
-484,TĐ Huội Quảng,2025-04-08 03:00:00,0.0,0.0
-484,TĐ Huội Quảng,2025-04-08 04:00:00,0.0,0.0
-484,TĐ Huội Quảng,2025-04-08 05:00:00,0.0,0.0
-484,TĐ Huội Quảng,2025-04-08 06:00:00,0.0,0.0
-484,TĐ Huội Quảng,2025-04-08 07:00:00,0.0,0.0
-484,TĐ Huội Quảng,2025-04-08 08:00:00,0.0,0.0
-484,TĐ Huội Quảng,2025-04-08 09:00:00,0.0,0.0
-484,TĐ Huội Quảng,2025-04-08 10:00:00,0.0,0.0
-484,TĐ Huội Quảng,2025-04-08 11:00:00,0.0,0.0
-484,TĐ Huội Quảng,2025-04-08 12:00:00,0.0,0.0
-484,TĐ Huội Quảng,2025-04-08 13:00:00,0.0,0.0
-484,TĐ Huội Quảng,2025-04-08 14:00:00,0.0,0.0
-484,TĐ Huội Quảng,2025-04-08 15:00:00,0.0,0.0
-484,TĐ Huội Quảng,2025-04-08 16:00:00,0.0,0.0
-484,TĐ Huội Quảng,2025-04-08 17:00:00,0.0,0.0
-484,TĐ Huội Quảng,2025-04-08 18:00:00,0.0,0.0
-484,TĐ Huội Quảng,2025-04-08 19:00:00,0.0,0.0
-484,TĐ Huội Quảng,2025-04-08 20:00:00,0.0,0.0
-484,TĐ Huội Quảng,2025-04-08 21:00:00,0.0,0.0
-484,TĐ Huội Quảng,2025-04-08 22:00:00,0.0,0.0
-484,TĐ Huội Quảng,2025-04-08 23:00:00,0.0,0.0
-484,TĐ Huội Quảng,2025-04-09 00:00:00,0.0,0.0
-484,TĐ Huội Quảng,2025-04-09 01:00:00,0.0,0.0
-484,TĐ Huội Quảng,2025-04-09 02:00:00,0.0,0.0
-484,TĐ Huội Quảng,2025-04-09 03:00:00,0.0,0.0
-484,TĐ Huội Quảng,2025-04-09 04:00:00,0.0,0.0
-484,TĐ Huội Quảng,2025-04-09 05:00:00,0.0,0.0
-484,TĐ Huội Quảng,2025-04-09 06:00:00,0.0,0.0
-484,TĐ Huội Quảng,2025-04-09 07:00:00,0.0,0.0
-484,TĐ Huội Quảng,2025-04-09 08:00:00,0.0,0.0
-484,TĐ Huội Quảng,2025-04-09 09:00:00,0.0,0.0
-484,TĐ Huội Quảng,2025-04-09 10:00:00,0.0,0.0
-484,TĐ Huội Quảng,2025-04-09 11:00:00,0.0,0.0
-484,TĐ Huội Quảng,2025-04-09 12:00:00,0.0,0.0
-484,TĐ Huội Quảng,2025-04-09 13:00:00,0.0,0.0
-484,TĐ Huội Quảng,2025-04-09 14:00:00,0.0,0.0
-484,TĐ Huội Quảng,2025-04-09 15:00:00,0.0,0.0
-484,TĐ Huội Quảng,2025-04-09 16:00:00,0.0,0.0
-484,TĐ Huội Quảng,2025-04-09 17:00:00,0.0,0.0
-484,TĐ Huội Quảng,2025-04-09 18:00:00,0.0,0.0
-484,TĐ Huội Quảng,2025-04-09 19:00:00,0.0,0.0
-484,TĐ Huội Quảng,2025-04-09 20:00:00,0.0,0.0
-484,TĐ Huội Quảng,2025-04-09 21:00:00,0.0,0.0
-484,TĐ Huội Quảng,2025-04-09 22:00:00,0.0,0.0
-484,TĐ Huội Quảng,2025-04-09 23:00:00,0.0,0.0
-484,TĐ Huội Quảng,2025-04-10 00:00:00,0.0,0.0
-484,TĐ Huội Quảng,2025-04-10 01:00:00,0.0,0.0
-484,TĐ Huội Quảng,2025-04-10 02:00:00,0.0,0.0
-484,TĐ Huội Quảng,2025-04-10 03:00:00,0.0,0.0
-484,TĐ Huội Quảng,2025-04-10 04:00:00,0.0,0.0
-484,TĐ Huội Quảng,2025-04-10 05:00:00,0.0,0.0
-484,TĐ Huội Quảng,2025-04-10 06:00:00,0.0,0.0
-484,TĐ Huội Quảng,2025-04-10 07:00:00,0.0,0.0
-484,TĐ Huội Quảng,2025-04-10 08:00:00,0.0,0.0
-484,TĐ Huội Quảng,2025-04-10 09:00:00,0.0,0.0
-484,TĐ Huội Quảng,2025-04-10 10:00:00,0.0,0.0
-484,TĐ Huội Quảng,2025-04-10 11:00:00,0.0,0.0
-484,TĐ Huội Quảng,2025-04-10 12:00:00,0.0,0.0
-484,TĐ Huội Quảng,2025-04-10 13:00:00,0.0,0.0
-484,TĐ Huội Quảng,2025-04-10 14:00:00,0.0,0.0
-484,TĐ Huội Quảng,2025-04-10 15:00:00,0.0,0.0
-484,TĐ Huội Quảng,2025-04-10 16:00:00,0.0,0.0
-484,TĐ Huội Quảng,2025-04-10 17:00:00,0.0,0.0
-484,TĐ Huội Quảng,2025-04-10 18:00:00,0.0,0.0
-484,TĐ Huội Quảng,2025-04-10 19:00:00,0.0,0.0
-484,TĐ Huội Quảng,2025-04-10 20:00:00,0.0,0.0
-484,TĐ Huội Quảng,2025-04-10 21:00:00,0.0,0.0
-484,TĐ Huội Quảng,2025-04-10 22:00:00,0.0,0.0
-484,TĐ Huội Quảng,2025-04-10 23:00:00,0.0,0.0
-484,TĐ Huội Quảng,2025-04-11 00:00:00,0.0,0.0
-484,TĐ Huội Quảng,2025-04-11 01:00:00,0.0,0.0
-484,TĐ Huội Quảng,2025-04-11 02:00:00,0.0,0.0
-484,TĐ Huội Quảng,2025-04-11 03:00:00,0.0,0.0
-484,TĐ Huội Quảng,2025-04-11 04:00:00,0.0,0.0
-484,TĐ Huội Quảng,2025-04-11 05:00:00,0.0,0.0
-484,TĐ Huội Quảng,2025-04-11 06:00:00,0.0,0.0
-484,TĐ Huội Quảng,2025-04-11 07:00:00,0.0,0.0
-484,TĐ Huội Quảng,2025-04-11 08:00:00,0.0,0.0
-484,TĐ Huội Quảng,2025-04-11 09:00:00,0.0,0.0
-484,TĐ Huội Quảng,2025-04-11 10:00:00,0.0,0.0
-484,TĐ Huội Quảng,2025-04-11 11:00:00,0.0,0.0
-484,TĐ Huội Quảng,2025-04-11 12:00:00,0.0,0.0
-484,TĐ Huội Quảng,2025-04-11 13:00:00,0.0,0.0
-484,TĐ Huội Quảng,2025-04-11 14:00:00,0.0,0.0
-484,TĐ Huội Quảng,2025-04-11 15:00:00,0.0,0.0
-484,TĐ Huội Quảng,2025-04-11 16:00:00,0.0,0.0
-484,TĐ Huội Quảng,2025-04-11 17:00:00,0.0,0.0
-484,TĐ Huội Quảng,2025-04-11 18:00:00,0.0,0.0
-484,TĐ Huội Quảng,2025-04-11 19:00:00,0.0,0.0
-484,TĐ Huội Quảng,2025-04-11 20:00:00,0.0,0.0
-484,TĐ Huội Quảng,2025-04-11 21:00:00,0.0,0.0
-484,TĐ Huội Quảng,2025-04-11 22:00:00,0.0,0.0
-484,TĐ Huội Quảng,2025-04-11 23:00:00,0.0,0.0
-484,TĐ Huội Quảng,2025-04-12 00:00:00,0.0,0.0
-484,TĐ Huội Quảng,2025-04-12 01:00:00,0.0,0.0
-484,TĐ Huội Quảng,2025-04-12 02:00:00,0.0,0.0
-484,TĐ Huội Quảng,2025-04-12 03:00:00,0.0,0.0
-484,TĐ Huội Quảng,2025-04-12 04:00:00,0.0,0.0
-484,TĐ Huội Quảng,2025-04-12 05:00:00,0.0,0.0
-484,TĐ Huội Quảng,2025-04-12 06:00:00,0.0,0.0
-484,TĐ Huội Quảng,2025-04-12 07:00:00,0.0,0.0
-484,TĐ Huội Quảng,2025-04-12 08:00:00,1.7999999523162842,1.7999999523162842
-484,TĐ Huội Quảng,2025-04-12 09:00:00,8.199999809265137,9.999999761581421
-484,TĐ Huội Quảng,2025-04-12 10:00:00,4.599999904632568,14.59999966621399
-484,TĐ Huội Quảng,2025-04-12 11:00:00,0.0,14.59999966621399
-484,TĐ Huội Quảng,2025-04-12 12:00:00,0.0,14.59999966621399
-484,TĐ Huội Quảng,2025-04-12 13:00:00,0.0,14.59999966621399
-484,TĐ Huội Quảng,2025-04-12 14:00:00,0.0,14.59999966621399
-484,TĐ Huội Quảng,2025-04-12 15:00:00,0.0,14.59999966621399
-484,TĐ Huội Quảng,2025-04-12 16:00:00,0.0,14.59999966621399
-484,TĐ Huội Quảng,2025-04-12 17:00:00,0.0,14.59999966621399
-484,TĐ Huội Quảng,2025-04-12 18:00:00,0.20000000298023224,14.799999669194221
-484,TĐ Huội Quảng,2025-04-12 19:00:00,2.799999952316284,17.599999621510506
-484,TĐ Huội Quảng,2025-04-12 20:00:00,1.399999976158142,18.999999597668648
-484,TĐ Huội Quảng,2025-04-12 21:00:00,0.0,18.999999597668648
-484,TĐ Huội Quảng,2025-04-12 22:00:00,0.0,18.999999597668648
-484,TĐ Huội Quảng,2025-04-12 23:00:00,0.0,18.999999597668648
-484,TĐ Huội Quảng,2025-04-13 00:00:00,0.20000000298023224,1.5999999791383743
-484,TĐ Huội Quảng,2025-04-13 01:00:00,2.4000000953674316,4.000000074505806
-484,TĐ Huội Quảng,2025-04-13 02:00:00,0.6000000238418579,4.600000098347664
-484,TĐ Huội Quảng,2025-04-13 03:00:00,4.199999809265137,8.7999999076128
-484,TĐ Huội Quảng,2025-04-13 04:00:00,2.200000047683716,10.999999955296516
-484,TĐ Huội Quảng,2025-04-13 05:00:00,5.800000190734863,16.80000014603138
-484,TĐ Huội Quảng,2025-04-13 06:00:00,2.5999999046325684,19.400000050663948
-484,TĐ Huội Quảng,2025-04-13 07:00:00,1.2000000476837158,20.600000098347664
-484,TĐ Huội Quảng,2025-04-13 08:00:00,0.0,20.600000098347664
-484,TĐ Huội Quảng,2025-04-13 09:00:00,1.0,21.600000098347664
-484,TĐ Huội Quảng,2025-04-13 10:00:00,0.0,21.600000098347664
-484,TĐ Huội Quảng,2025-04-13 11:00:00,0.0,21.600000098347664
-484,TĐ Huội Quảng,2025-04-13 12:00:00,0.0,21.600000098347664
-484,TĐ Huội Quảng,2025-04-13 13:00:00,0.0,21.600000098347664
-484,TĐ Huội Quảng,2025-04-13 14:00:00,0.0,21.600000098347664
-484,TĐ Huội Quảng,2025-04-13 15:00:00,0.0,21.600000098347664
-484,TĐ Huội Quảng,2025-04-13 16:00:00,0.0,21.600000098347664
-484,TĐ Huội Quảng,2025-04-13 17:00:00,0.0,21.600000098347664
-484,TĐ Huội Quảng,2025-04-13 18:00:00,0.0,21.600000098347664
-484,TĐ Huội Quảng,2025-04-13 19:00:00,0.0,21.600000098347664
-484,TĐ Huội Quảng,2025-04-13 20:00:00,0.0,21.600000098347664
-484,TĐ Huội Quảng,2025-04-13 21:00:00,0.0,21.600000098347664
-484,TĐ Huội Quảng,2025-04-13 22:00:00,0.0,21.600000098347664
-484,TĐ Huội Quảng,2025-04-13 23:00:00,0.0,21.600000098347664
-484,TĐ Huội Quảng,2025-04-14 00:00:00,0.0,0.0
-484,TĐ Huội Quảng,2025-04-14 01:00:00,0.0,0.0
-484,TĐ Huội Quảng,2025-04-14 02:00:00,0.0,0.0
-484,TĐ Huội Quảng,2025-04-14 03:00:00,0.0,0.0
-484,TĐ Huội Quảng,2025-04-14 04:00:00,0.0,0.0
-484,TĐ Huội Quảng,2025-04-14 05:00:00,0.0,0.0
-484,TĐ Huội Quảng,2025-04-14 06:00:00,0.0,0.0
-484,TĐ Huội Quảng,2025-04-14 07:00:00,0.0,0.0
-484,TĐ Huội Quảng,2025-04-14 08:00:00,0.0,0.0
-484,TĐ Huội Quảng,2025-04-14 09:00:00,0.0,0.0
-484,TĐ Huội Quảng,2025-04-14 10:00:00,0.0,0.0
-484,TĐ Huội Quảng,2025-04-14 11:00:00,0.0,0.0
-484,TĐ Huội Quảng,2025-04-14 12:00:00,0.0,0.0
-484,TĐ Huội Quảng,2025-04-14 13:00:00,0.0,0.0
-484,TĐ Huội Quảng,2025-04-14 14:00:00,0.0,0.0
-484,TĐ Huội Quảng,2025-04-14 15:00:00,0.0,0.0
-484,TĐ Huội Quảng,2025-04-14 16:00:00,0.0,0.0
-484,TĐ Huội Quảng,2025-04-14 17:00:00,0.0,0.0
-484,TĐ Huội Quảng,2025-04-14 18:00:00,0.0,0.0
-484,TĐ Huội Quảng,2025-04-14 19:00:00,0.0,0.0
-484,TĐ Huội Quảng,2025-04-14 20:00:00,0.0,0.0
-484,TĐ Huội Quảng,2025-04-14 21:00:00,0.0,0.0
-484,TĐ Huội Quảng,2025-04-14 22:00:00,0.0,0.0
-484,TĐ Huội Quảng,2025-04-14 23:00:00,0.0,0.0
-484,TĐ Huội Quảng,2025-04-15 00:00:00,0.0,0.0
-484,TĐ Huội Quảng,2025-04-15 01:00:00,0.0,0.0
-484,TĐ Huội Quảng,2025-04-15 02:00:00,0.0,0.0
-484,TĐ Huội Quảng,2025-04-15 03:00:00,0.0,0.0
-484,TĐ Huội Quảng,2025-04-15 04:00:00,0.0,0.0
-484,TĐ Huội Quảng,2025-04-15 05:00:00,0.0,0.0
-484,TĐ Huội Quảng,2025-04-15 06:00:00,0.0,0.0
-484,TĐ Huội Quảng,2025-04-15 07:00:00,0.0,0.0
-484,TĐ Huội Quảng,2025-04-15 08:00:00,0.0,0.0
-484,TĐ Huội Quảng,2025-04-15 09:00:00,0.0,0.0
-484,TĐ Huội Quảng,2025-04-15 10:00:00,0.0,0.0
-484,TĐ Huội Quảng,2025-04-15 11:00:00,0.0,0.0
-484,TĐ Huội Quảng,2025-04-15 12:00:00,0.0,0.0
-484,TĐ Huội Quảng,2025-04-15 13:00:00,0.0,0.0
-484,TĐ Huội Quảng,2025-04-15 14:00:00,0.0,0.0
-484,TĐ Huội Quảng,2025-04-15 15:00:00,0.0,0.0
-484,TĐ Huội Quảng,2025-04-15 16:00:00,0.0,0.0
-484,TĐ Huội Quảng,2025-04-15 17:00:00,0.0,0.0
-484,TĐ Huội Quảng,2025-04-15 18:00:00,0.0,0.0
-484,TĐ Huội Quảng,2025-04-15 19:00:00,0.0,0.0
-484,TĐ Huội Quảng,2025-04-15 20:00:00,0.0,0.0
-484,TĐ Huội Quảng,2025-04-15 21:00:00,0.0,0.0
-484,TĐ Huội Quảng,2025-04-15 22:00:00,0.0,0.0
-484,TĐ Huội Quảng,2025-04-15 23:00:00,0.0,0.0
-484,TĐ Huội Quảng,2025-04-16 00:00:00,0.0,0.0
-484,TĐ Huội Quảng,2025-04-16 01:00:00,0.0,0.0
-484,TĐ Huội Quảng,2025-04-16 02:00:00,0.0,0.0
-484,TĐ Huội Quảng,2025-04-16 03:00:00,0.0,0.0
-484,TĐ Huội Quảng,2025-04-16 04:00:00,0.0,0.0
-484,TĐ Huội Quảng,2025-04-16 05:00:00,0.0,0.0
-484,TĐ Huội Quảng,2025-04-16 06:00:00,0.0,0.0
-484,TĐ Huội Quảng,2025-04-16 07:00:00,0.0,0.0
-484,TĐ Huội Quảng,2025-04-16 08:00:00,0.0,0.0
-484,TĐ Huội Quảng,2025-04-16 09:00:00,0.0,0.0
-484,TĐ Huội Quảng,2025-04-16 10:00:00,0.0,0.0
-484,TĐ Huội Quảng,2025-04-16 11:00:00,0.0,0.0
-484,TĐ Huội Quảng,2025-04-16 12:00:00,0.0,0.0
-484,TĐ Huội Quảng,2025-04-16 13:00:00,0.0,0.0
-484,TĐ Huội Quảng,2025-04-16 14:00:00,0.0,0.0
-484,TĐ Huội Quảng,2025-04-16 15:00:00,0.0,0.0
-484,TĐ Huội Quảng,2025-04-16 16:00:00,0.0,0.0
-484,TĐ Huội Quảng,2025-04-16 17:00:00,0.0,0.0
-484,TĐ Huội Quảng,2025-04-16 18:00:00,0.0,0.0
-484,TĐ Huội Quảng,2025-04-16 19:00:00,0.0,0.0
-484,TĐ Huội Quảng,2025-04-16 20:00:00,0.0,0.0
-484,TĐ Huội Quảng,2025-04-16 21:00:00,0.0,0.0
-484,TĐ Huội Quảng,2025-04-16 22:00:00,0.0,0.0
-484,TĐ Huội Quảng,2025-04-16 23:00:00,0.0,0.0
-484,TĐ Huội Quảng,2025-04-17 00:00:00,0.0,0.0
-484,TĐ Huội Quảng,2025-04-17 01:00:00,0.0,0.0
-484,TĐ Huội Quảng,2025-04-17 02:00:00,0.0,0.0
-484,TĐ Huội Quảng,2025-04-17 03:00:00,0.0,0.0
-484,TĐ Huội Quảng,2025-04-17 04:00:00,0.0,0.0
-484,TĐ Huội Quảng,2025-04-17 05:00:00,0.0,0.0
-484,TĐ Huội Quảng,2025-04-17 06:00:00,0.0,0.0
-484,TĐ Huội Quảng,2025-04-17 07:00:00,0.0,0.0
-484,TĐ Huội Quảng,2025-04-17 08:00:00,0.0,0.0
-484,TĐ Huội Quảng,2025-04-17 09:00:00,0.0,0.0
-484,TĐ Huội Quảng,2025-04-17 10:00:00,0.0,0.0
-484,TĐ Huội Quảng,2025-04-17 11:00:00,0.0,0.0
-484,TĐ Huội Quảng,2025-04-17 12:00:00,0.0,0.0
-484,TĐ Huội Quảng,2025-04-17 13:00:00,0.0,0.0
-484,TĐ Huội Quảng,2025-04-17 14:00:00,0.0,0.0
-484,TĐ Huội Quảng,2025-04-17 15:00:00,0.0,0.0
-484,TĐ Huội Quảng,2025-04-17 16:00:00,0.0,0.0
-484,TĐ Huội Quảng,2025-04-17 17:00:00,0.0,0.0
-484,TĐ Huội Quảng,2025-04-17 18:00:00,0.0,0.0
-484,TĐ Huội Quảng,2025-04-17 19:00:00,0.0,0.0
-484,TĐ Huội Quảng,2025-04-17 20:00:00,0.0,0.0
-484,TĐ Huội Quảng,2025-04-17 21:00:00,0.0,0.0
-484,TĐ Huội Quảng,2025-04-17 22:00:00,0.0,0.0
-484,TĐ Huội Quảng,2025-04-17 23:00:00,0.0,0.0
-484,TĐ Huội Quảng,2025-04-18 00:00:00,0.0,0.0
-484,TĐ Huội Quảng,2025-04-18 01:00:00,0.0,0.0
-484,TĐ Huội Quảng,2025-04-18 02:00:00,,0.0
-484,TĐ Huội Quảng,2025-04-18 03:00:00,0.0,0.0
-484,TĐ Huội Quảng,2025-04-18 04:00:00,0.0,0.0
-484,TĐ Huội Quảng,2025-04-18 05:00:00,0.0,0.0
-484,TĐ Huội Quảng,2025-04-18 06:00:00,0.0,0.0
-484,TĐ Huội Quảng,2025-04-18 07:00:00,0.0,0.0
-484,TĐ Huội Quảng,2025-04-18 08:00:00,0.0,0.0
-484,TĐ Huội Quảng,2025-04-18 09:00:00,0.0,0.0
-484,TĐ Huội Quảng,2025-04-18 10:00:00,0.0,0.0
-484,TĐ Huội Quảng,2025-04-18 11:00:00,,0.0
-484,TĐ Huội Quảng,2025-04-18 12:00:00,,0.0
-484,TĐ Huội Quảng,2025-04-18 13:00:00,0.0,0.0
-484,TĐ Huội Quảng,2025-04-18 14:00:00,,0.0
-484,TĐ Huội Quảng,2025-04-18 15:00:00,,0.0
-484,TĐ Huội Quảng,2025-04-18 16:00:00,,0.0
-484,TĐ Huội Quảng,2025-04-18 17:00:00,0.0,0.0
-484,TĐ Huội Quảng,2025-04-18 18:00:00,,0.0
-484,TĐ Huội Quảng,2025-04-18 19:00:00,,0.0
-484,TĐ Huội Quảng,2025-04-18 20:00:00,,0.0
-484,TĐ Huội Quảng,2025-04-18 21:00:00,,0.0
-484,TĐ Huội Quảng,2025-04-18 22:00:00,,0.0
-484,TĐ Huội Quảng,2025-04-18 23:00:00,0.0,0.0
-484,TĐ Huội Quảng,2025-04-19 00:00:00,0.0,0.0
-484,TĐ Huội Quảng,2025-04-19 01:00:00,0.0,0.0
-484,TĐ Huội Quảng,2025-04-19 02:00:00,0.0,0.0
-484,TĐ Huội Quảng,2025-04-19 03:00:00,0.0,0.0
-484,TĐ Huội Quảng,2025-04-19 04:00:00,0.0,0.0
-484,TĐ Huội Quảng,2025-04-19 05:00:00,0.0,0.0
-484,TĐ Huội Quảng,2025-04-19 06:00:00,0.0,0.0
-484,TĐ Huội Quảng,2025-04-19 07:00:00,0.0,0.0
-484,TĐ Huội Quảng,2025-04-19 08:00:00,0.0,0.0
-484,TĐ Huội Quảng,2025-04-19 09:00:00,0.0,0.0
-484,TĐ Huội Quảng,2025-04-19 10:00:00,0.0,0.0
-484,TĐ Huội Quảng,2025-04-19 11:00:00,0.0,0.0
-484,TĐ Huội Quảng,2025-04-19 12:00:00,0.0,0.0
-484,TĐ Huội Quảng,2025-04-19 13:00:00,0.0,0.0
-484,TĐ Huội Quảng,2025-04-19 14:00:00,0.0,0.0
-484,TĐ Huội Quảng,2025-04-19 15:00:00,0.0,0.0
-484,TĐ Huội Quảng,2025-04-19 16:00:00,0.0,0.0
-484,TĐ Huội Quảng,2025-04-19 17:00:00,0.0,0.0
-484,TĐ Huội Quảng,2025-04-19 18:00:00,0.0,0.0
-484,TĐ Huội Quảng,2025-04-19 19:00:00,0.0,0.0
-484,TĐ Huội Quảng,2025-04-19 20:00:00,0.0,0.0
-484,TĐ Huội Quảng,2025-04-19 21:00:00,0.0,0.0
-484,TĐ Huội Quảng,2025-04-19 22:00:00,0.0,0.0
-484,TĐ Huội Quảng,2025-04-19 23:00:00,0.0,0.0
-484,TĐ Huội Quảng,2025-04-20 00:00:00,0.0,0.0
-484,TĐ Huội Quảng,2025-04-20 01:00:00,0.800000011920929,0.800000011920929
-484,TĐ Huội Quảng,2025-04-20 02:00:00,0.0,0.800000011920929
-484,TĐ Huội Quảng,2025-04-20 03:00:00,0.0,0.800000011920929
-484,TĐ Huội Quảng,2025-04-20 04:00:00,0.0,0.800000011920929
-484,TĐ Huội Quảng,2025-04-20 05:00:00,0.0,0.800000011920929
-484,TĐ Huội Quảng,2025-04-20 06:00:00,0.0,0.800000011920929
-484,TĐ Huội Quảng,2025-04-20 07:00:00,0.0,0.800000011920929
-484,TĐ Huội Quảng,2025-04-20 08:00:00,0.0,0.800000011920929
-484,TĐ Huội Quảng,2025-04-20 09:00:00,0.0,0.800000011920929
-484,TĐ Huội Quảng,2025-04-20 10:00:00,0.0,0.800000011920929
-484,TĐ Huội Quảng,2025-04-20 11:00:00,0.0,0.800000011920929
-484,TĐ Huội Quảng,2025-04-20 12:00:00,0.0,0.800000011920929
-484,TĐ Huội Quảng,2025-04-20 13:00:00,0.0,0.800000011920929
-484,TĐ Huội Quảng,2025-04-20 14:00:00,0.0,0.800000011920929
-484,TĐ Huội Quảng,2025-04-20 15:00:00,0.0,0.800000011920929
-484,TĐ Huội Quảng,2025-04-20 16:00:00,0.0,0.800000011920929
-484,TĐ Huội Quảng,2025-04-20 17:00:00,0.0,0.800000011920929
-484,TĐ Huội Quảng,2025-04-20 18:00:00,0.0,0.800000011920929
-484,TĐ Huội Quảng,2025-04-20 19:00:00,0.0,0.800000011920929
-484,TĐ Huội Quảng,2025-04-20 20:00:00,0.0,0.800000011920929
-484,TĐ Huội Quảng,2025-04-20 21:00:00,0.0,0.800000011920929
-484,TĐ Huội Quảng,2025-04-20 22:00:00,0.0,0.800000011920929
-484,TĐ Huội Quảng,2025-04-20 23:00:00,0.0,0.800000011920929
-484,TĐ Huội Quảng,2025-04-21 00:00:00,0.0,0.0
-484,TĐ Huội Quảng,2025-04-21 01:00:00,0.0,0.0
-484,TĐ Huội Quảng,2025-04-21 02:00:00,0.0,0.0
-484,TĐ Huội Quảng,2025-04-21 03:00:00,0.0,0.0
-484,TĐ Huội Quảng,2025-04-21 04:00:00,0.0,0.0
-484,TĐ Huội Quảng,2025-04-21 05:00:00,0.0,0.0
-484,TĐ Huội Quảng,2025-04-21 06:00:00,0.0,0.0
-484,TĐ Huội Quảng,2025-04-21 07:00:00,0.0,0.0
-484,TĐ Huội Quảng,2025-04-21 08:00:00,0.0,0.0
-484,TĐ Huội Quảng,2025-04-21 09:00:00,0.0,0.0
-484,TĐ Huội Quảng,2025-04-21 10:00:00,0.0,0.0
-484,TĐ Huội Quảng,2025-04-21 11:00:00,0.0,0.0
-484,TĐ Huội Quảng,2025-04-21 12:00:00,0.0,0.0
-484,TĐ Huội Quảng,2025-04-21 13:00:00,0.0,0.0
-484,TĐ Huội Quảng,2025-04-21 14:00:00,0.0,0.0
-484,TĐ Huội Quảng,2025-04-21 15:00:00,0.0,0.0
-484,TĐ Huội Quảng,2025-04-21 16:00:00,0.0,0.0
-484,TĐ Huội Quảng,2025-04-21 17:00:00,6.800000190734863,6.800000190734863
-484,TĐ Huội Quảng,2025-04-21 18:00:00,4.0,10.800000190734863
-484,TĐ Huội Quảng,2025-04-21 19:00:00,0.0,10.800000190734863
-484,TĐ Huội Quảng,2025-04-21 20:00:00,0.0,10.800000190734863
-484,TĐ Huội Quảng,2025-04-21 21:00:00,0.0,10.800000190734863
-484,TĐ Huội Quảng,2025-04-21 22:00:00,0.0,10.800000190734863
-484,TĐ Huội Quảng,2025-04-21 23:00:00,0.0,10.800000190734863
-484,TĐ Huội Quảng,2025-04-22 00:00:00,0.0,0.0
-484,TĐ Huội Quảng,2025-04-22 01:00:00,0.0,0.0
-484,TĐ Huội Quảng,2025-04-22 02:00:00,0.0,0.0
-484,TĐ Huội Quảng,2025-04-22 03:00:00,0.6000000238418579,0.6000000238418579
-484,TĐ Huội Quảng,2025-04-22 04:00:00,6.199999809265137,6.799999833106995
-484,TĐ Huội Quảng,2025-04-22 05:00:00,0.0,6.799999833106995
-484,TĐ Huội Quảng,2025-04-22 06:00:00,0.0,6.799999833106995
-484,TĐ Huội Quảng,2025-04-22 07:00:00,0.0,6.799999833106995
-484,TĐ Huội Quảng,2025-04-22 08:00:00,0.0,6.799999833106995
-484,TĐ Huội Quảng,2025-04-22 09:00:00,0.0,6.799999833106995
-484,TĐ Huội Quảng,2025-04-22 10:00:00,0.0,6.799999833106995
-484,TĐ Huội Quảng,2025-04-22 11:00:00,0.0,6.799999833106995
-484,TĐ Huội Quảng,2025-04-22 12:00:00,0.0,6.799999833106995
-484,TĐ Huội Quảng,2025-04-22 13:00:00,0.0,6.799999833106995
-484,TĐ Huội Quảng,2025-04-22 14:00:00,0.0,6.799999833106995
-484,TĐ Huội Quảng,2025-04-22 15:00:00,0.0,6.799999833106995
-484,TĐ Huội Quảng,2025-04-22 16:00:00,0.0,6.799999833106995
-484,TĐ Huội Quảng,2025-04-22 17:00:00,0.0,6.799999833106995
-484,TĐ Huội Quảng,2025-04-22 18:00:00,0.0,6.799999833106995
-484,TĐ Huội Quảng,2025-04-22 19:00:00,0.0,6.799999833106995
-484,TĐ Huội Quảng,2025-04-22 20:00:00,0.0,6.799999833106995
-484,TĐ Huội Quảng,2025-04-22 21:00:00,0.0,6.799999833106995
-484,TĐ Huội Quảng,2025-04-22 22:00:00,0.0,6.799999833106995
-484,TĐ Huội Quảng,2025-04-22 23:00:00,0.0,6.799999833106995
-484,TĐ Huội Quảng,2025-04-23 00:00:00,0.0,0.0
-484,TĐ Huội Quảng,2025-04-23 01:00:00,0.0,0.0
-484,TĐ Huội Quảng,2025-04-23 02:00:00,0.0,0.0
-484,TĐ Huội Quảng,2025-04-23 03:00:00,0.0,0.0
-484,TĐ Huội Quảng,2025-04-23 04:00:00,0.0,0.0
-484,TĐ Huội Quảng,2025-04-23 05:00:00,0.0,0.0
-484,TĐ Huội Quảng,2025-04-23 06:00:00,0.0,0.0
-484,TĐ Huội Quảng,2025-04-23 07:00:00,0.0,0.0
-484,TĐ Huội Quảng,2025-04-23 08:00:00,0.0,0.0
-484,TĐ Huội Quảng,2025-04-23 09:00:00,0.0,0.0
-484,TĐ Huội Quảng,2025-04-23 10:00:00,0.0,0.0
-484,TĐ Huội Quảng,2025-04-23 11:00:00,0.0,0.0
-484,TĐ Huội Quảng,2025-04-23 12:00:00,0.0,0.0
-484,TĐ Huội Quảng,2025-04-23 13:00:00,0.0,0.0
-484,TĐ Huội Quảng,2025-04-23 14:00:00,0.0,0.0
-484,TĐ Huội Quảng,2025-04-23 15:00:00,0.0,0.0
-484,TĐ Huội Quảng,2025-04-23 16:00:00,0.0,0.0
-484,TĐ Huội Quảng,2025-04-23 17:00:00,0.0,0.0
-484,TĐ Huội Quảng,2025-04-23 18:00:00,0.0,0.0
-484,TĐ Huội Quảng,2025-04-23 19:00:00,0.0,0.0
-484,TĐ Huội Quảng,2025-04-23 20:00:00,0.0,0.0
-484,TĐ Huội Quảng,2025-04-23 21:00:00,0.0,0.0
-484,TĐ Huội Quảng,2025-04-23 22:00:00,0.0,0.0
-484,TĐ Huội Quảng,2025-04-23 23:00:00,0.0,0.0
-484,TĐ Huội Quảng,2025-04-24 00:00:00,0.0,0.0
-484,TĐ Huội Quảng,2025-04-24 01:00:00,0.0,0.0
-484,TĐ Huội Quảng,2025-04-24 02:00:00,0.0,0.0
-484,TĐ Huội Quảng,2025-04-24 03:00:00,0.0,0.0
-484,TĐ Huội Quảng,2025-04-24 04:00:00,0.0,0.0
-484,TĐ Huội Quảng,2025-04-24 05:00:00,0.0,0.0
-484,TĐ Huội Quảng,2025-04-24 06:00:00,0.0,0.0
-484,TĐ Huội Quảng,2025-04-24 07:00:00,0.0,0.0
-484,TĐ Huội Quảng,2025-04-24 08:00:00,0.0,0.0
-484,TĐ Huội Quảng,2025-04-24 09:00:00,0.0,0.0
-484,TĐ Huội Quảng,2025-04-24 10:00:00,0.0,0.0
-484,TĐ Huội Quảng,2025-04-24 11:00:00,0.0,0.0
-484,TĐ Huội Quảng,2025-04-24 12:00:00,0.0,0.0
-484,TĐ Huội Quảng,2025-04-24 13:00:00,0.0,0.0
-484,TĐ Huội Quảng,2025-04-24 14:00:00,0.0,0.0
-484,TĐ Huội Quảng,2025-04-24 15:00:00,0.0,0.0
-484,TĐ Huội Quảng,2025-04-24 16:00:00,0.0,0.0
-484,TĐ Huội Quảng,2025-04-24 17:00:00,0.0,0.0
-484,TĐ Huội Quảng,2025-04-24 18:00:00,0.0,0.0
-484,TĐ Huội Quảng,2025-04-24 19:00:00,0.0,0.0
-484,TĐ Huội Quảng,2025-04-24 20:00:00,0.0,0.0
-484,TĐ Huội Quảng,2025-04-24 21:00:00,0.0,0.0
-484,TĐ Huội Quảng,2025-04-24 22:00:00,0.0,0.0
-484,TĐ Huội Quảng,2025-04-24 23:00:00,0.0,0.0
-484,TĐ Huội Quảng,2025-04-25 00:00:00,0.0,0.0
-484,TĐ Huội Quảng,2025-04-25 01:00:00,0.0,0.0
-484,TĐ Huội Quảng,2025-04-25 02:00:00,0.0,0.0
-484,TĐ Huội Quảng,2025-04-25 03:00:00,0.0,0.0
-484,TĐ Huội Quảng,2025-04-25 04:00:00,0.0,0.0
-484,TĐ Huội Quảng,2025-04-25 05:00:00,0.0,0.0
-484,TĐ Huội Quảng,2025-04-25 06:00:00,0.0,0.0
-484,TĐ Huội Quảng,2025-04-25 07:00:00,0.0,0.0
-484,TĐ Huội Quảng,2025-04-25 08:00:00,0.0,0.0
-484,TĐ Huội Quảng,2025-04-25 09:00:00,0.0,0.0
-484,TĐ Huội Quảng,2025-04-25 10:00:00,0.0,0.0
-484,TĐ Huội Quảng,2025-04-25 11:00:00,0.0,0.0
-484,TĐ Huội Quảng,2025-04-25 12:00:00,0.0,0.0
-484,TĐ Huội Quảng,2025-04-25 13:00:00,0.0,0.0
-484,TĐ Huội Quảng,2025-04-25 14:00:00,0.0,0.0
-484,TĐ Huội Quảng,2025-04-25 15:00:00,0.0,0.0
-484,TĐ Huội Quảng,2025-04-25 16:00:00,0.0,0.0
-484,TĐ Huội Quảng,2025-04-25 17:00:00,0.0,0.0
-484,TĐ Huội Quảng,2025-04-25 18:00:00,0.0,0.0
-484,TĐ Huội Quảng,2025-04-25 19:00:00,0.0,0.0
-484,TĐ Huội Quảng,2025-04-25 20:00:00,0.0,0.0
-484,TĐ Huội Quảng,2025-04-25 21:00:00,0.0,0.0
-484,TĐ Huội Quảng,2025-04-25 22:00:00,0.0,0.0
-484,TĐ Huội Quảng,2025-04-25 23:00:00,0.0,0.0
-484,TĐ Huội Quảng,2025-04-26 00:00:00,0.0,0.0
-484,TĐ Huội Quảng,2025-04-26 01:00:00,0.0,0.0
-484,TĐ Huội Quảng,2025-04-26 02:00:00,0.0,0.0
-484,TĐ Huội Quảng,2025-04-26 03:00:00,0.0,0.0
-484,TĐ Huội Quảng,2025-04-26 04:00:00,0.0,0.0
-484,TĐ Huội Quảng,2025-04-26 05:00:00,0.0,0.0
-484,TĐ Huội Quảng,2025-04-26 06:00:00,0.0,0.0
-484,TĐ Huội Quảng,2025-04-26 07:00:00,0.0,0.0
-484,TĐ Huội Quảng,2025-04-26 08:00:00,0.0,0.0
-484,TĐ Huội Quảng,2025-04-26 09:00:00,0.0,0.0
-484,TĐ Huội Quảng,2025-04-26 10:00:00,0.0,0.0
-484,TĐ Huội Quảng,2025-04-26 11:00:00,0.0,0.0
-484,TĐ Huội Quảng,2025-04-26 12:00:00,0.0,0.0
-484,TĐ Huội Quảng,2025-04-26 13:00:00,0.0,0.0
-484,TĐ Huội Quảng,2025-04-26 14:00:00,0.0,0.0
-484,TĐ Huội Quảng,2025-04-26 15:00:00,0.0,0.0
-484,TĐ Huội Quảng,2025-04-26 16:00:00,0.0,0.0
-484,TĐ Huội Quảng,2025-04-26 17:00:00,0.0,0.0
-484,TĐ Huội Quảng,2025-04-26 18:00:00,0.0,0.0
-484,TĐ Huội Quảng,2025-04-26 19:00:00,0.0,0.0
-484,TĐ Huội Quảng,2025-04-26 20:00:00,0.0,0.0
-484,TĐ Huội Quảng,2025-04-26 21:00:00,0.0,0.0
-484,TĐ Huội Quảng,2025-04-26 22:00:00,0.0,0.0
-484,TĐ Huội Quảng,2025-04-26 23:00:00,0.0,0.0
-484,TĐ Huội Quảng,2025-04-27 00:00:00,0.0,0.0
-484,TĐ Huội Quảng,2025-04-27 01:00:00,0.0,0.0
-484,TĐ Huội Quảng,2025-04-27 02:00:00,0.0,0.0
-484,TĐ Huội Quảng,2025-04-27 03:00:00,0.0,0.0
-484,TĐ Huội Quảng,2025-04-27 04:00:00,0.0,0.0
-484,TĐ Huội Quảng,2025-04-27 05:00:00,0.0,0.0
-484,TĐ Huội Quảng,2025-04-27 06:00:00,0.0,0.0
-484,TĐ Huội Quảng,2025-04-27 07:00:00,0.0,0.0
-484,TĐ Huội Quảng,2025-04-27 08:00:00,0.0,0.0
-484,TĐ Huội Quảng,2025-04-27 09:00:00,0.0,0.0
-484,TĐ Huội Quảng,2025-04-27 10:00:00,0.0,0.0
-484,TĐ Huội Quảng,2025-04-27 11:00:00,0.0,0.0
-484,TĐ Huội Quảng,2025-04-27 12:00:00,0.0,0.0
-484,TĐ Huội Quảng,2025-04-27 13:00:00,0.0,0.0
-484,TĐ Huội Quảng,2025-04-27 14:00:00,0.0,0.0
-484,TĐ Huội Quảng,2025-04-27 15:00:00,0.0,0.0
-484,TĐ Huội Quảng,2025-04-27 16:00:00,0.0,0.0
-484,TĐ Huội Quảng,2025-04-27 17:00:00,0.0,0.0
-484,TĐ Huội Quảng,2025-04-27 18:00:00,0.0,0.0
-484,TĐ Huội Quảng,2025-04-27 19:00:00,0.0,0.0
-484,TĐ Huội Quảng,2025-04-27 20:00:00,0.0,0.0
-484,TĐ Huội Quảng,2025-04-27 21:00:00,0.0,0.0
-484,TĐ Huội Quảng,2025-04-27 22:00:00,0.0,0.0
-484,TĐ Huội Quảng,2025-04-27 23:00:00,0.0,0.0
-484,TĐ Huội Quảng,2025-04-28 00:00:00,0.0,0.0
-484,TĐ Huội Quảng,2025-04-28 01:00:00,0.0,0.0
-484,TĐ Huội Quảng,2025-04-28 02:00:00,0.0,0.0
-484,TĐ Huội Quảng,2025-04-28 03:00:00,0.0,0.0
-484,TĐ Huội Quảng,2025-04-28 04:00:00,0.0,0.0
-484,TĐ Huội Quảng,2025-04-28 05:00:00,0.0,0.0
-484,TĐ Huội Quảng,2025-04-28 06:00:00,0.0,0.0
-484,TĐ Huội Quảng,2025-04-28 07:00:00,0.0,0.0
-484,TĐ Huội Quảng,2025-04-28 08:00:00,0.0,0.0
-484,TĐ Huội Quảng,2025-04-28 09:00:00,0.0,0.0
-484,TĐ Huội Quảng,2025-04-28 10:00:00,0.0,0.0
-484,TĐ Huội Quảng,2025-04-28 11:00:00,0.0,0.0
-484,TĐ Huội Quảng,2025-04-28 12:00:00,0.0,0.0
-484,TĐ Huội Quảng,2025-04-28 13:00:00,0.0,0.0
-484,TĐ Huội Quảng,2025-04-28 14:00:00,0.0,0.0
-484,TĐ Huội Quảng,2025-04-28 15:00:00,0.0,0.0
-484,TĐ Huội Quảng,2025-04-28 16:00:00,5.599999904632568,5.599999904632568
-484,TĐ Huội Quảng,2025-04-28 17:00:00,0.20000000298023224,5.799999907612801
-484,TĐ Huội Quảng,2025-04-28 18:00:00,0.0,5.799999907612801
-484,TĐ Huội Quảng,2025-04-28 19:00:00,0.0,5.799999907612801
-484,TĐ Huội Quảng,2025-04-28 20:00:00,0.0,5.799999907612801
-484,TĐ Huội Quảng,2025-04-28 21:00:00,0.0,5.799999907612801
-484,TĐ Huội Quảng,2025-04-28 22:00:00,0.0,5.799999907612801
-484,TĐ Huội Quảng,2025-04-28 23:00:00,0.0,5.799999907612801
-484,TĐ Huội Quảng,2025-04-29 00:00:00,0.0,0.0
-484,TĐ Huội Quảng,2025-04-29 01:00:00,0.0,0.0
-484,TĐ Huội Quảng,2025-04-29 02:00:00,0.0,0.0
-484,TĐ Huội Quảng,2025-04-29 03:00:00,0.0,0.0
-484,TĐ Huội Quảng,2025-04-29 04:00:00,0.0,0.0
-484,TĐ Huội Quảng,2025-04-29 05:00:00,0.0,0.0
-484,TĐ Huội Quảng,2025-04-29 06:00:00,0.0,0.0
-484,TĐ Huội Quảng,2025-04-29 07:00:00,0.0,0.0
-484,TĐ Huội Quảng,2025-04-29 08:00:00,0.0,0.0
-484,TĐ Huội Quảng,2025-04-29 09:00:00,0.0,0.0
-484,TĐ Huội Quảng,2025-04-29 10:00:00,0.0,0.0
-484,TĐ Huội Quảng,2025-04-29 11:00:00,0.0,0.0
-484,TĐ Huội Quảng,2025-04-29 12:00:00,0.0,0.0
-484,TĐ Huội Quảng,2025-04-29 13:00:00,0.0,0.0
-484,TĐ Huội Quảng,2025-04-29 14:00:00,0.0,0.0
-484,TĐ Huội Quảng,2025-04-29 15:00:00,0.0,0.0
-484,TĐ Huội Quảng,2025-04-29 16:00:00,0.0,0.0
-484,TĐ Huội Quảng,2025-04-29 17:00:00,0.0,0.0
-484,TĐ Huội Quảng,2025-04-29 18:00:00,0.0,0.0
-484,TĐ Huội Quảng,2025-04-29 19:00:00,0.0,0.0
-484,TĐ Huội Quảng,2025-04-29 20:00:00,0.0,0.0
-484,TĐ Huội Quảng,2025-04-29 21:00:00,0.0,0.0
-484,TĐ Huội Quảng,2025-04-29 22:00:00,0.0,0.0
-484,TĐ Huội Quảng,2025-04-29 23:00:00,0.0,0.0
-484,TĐ Huội Quảng,2025-04-30 00:00:00,0.0,0.0
-484,TĐ Huội Quảng,2025-04-30 01:00:00,0.0,0.0
-484,TĐ Huội Quảng,2025-04-30 02:00:00,0.0,0.0
-484,TĐ Huội Quảng,2025-04-30 03:00:00,0.0,0.0
-484,TĐ Huội Quảng,2025-04-30 04:00:00,0.0,0.0
-484,TĐ Huội Quảng,2025-04-30 05:00:00,0.0,0.0
-484,TĐ Huội Quảng,2025-04-30 06:00:00,0.0,0.0
-484,TĐ Huội Quảng,2025-04-30 07:00:00,0.0,0.0
-484,TĐ Huội Quảng,2025-04-30 08:00:00,0.0,0.0
-484,TĐ Huội Quảng,2025-04-30 09:00:00,0.0,0.0
-484,TĐ Huội Quảng,2025-04-30 10:00:00,0.0,0.0
-484,TĐ Huội Quảng,2025-04-30 11:00:00,0.0,0.0
-484,TĐ Huội Quảng,2025-04-30 12:00:00,0.0,0.0
-484,TĐ Huội Quảng,2025-04-30 13:00:00,0.0,0.0
-484,TĐ Huội Quảng,2025-04-30 14:00:00,0.0,0.0
-484,TĐ Huội Quảng,2025-04-30 15:00:00,0.0,0.0
-484,TĐ Huội Quảng,2025-04-30 16:00:00,0.0,0.0
-484,TĐ Huội Quảng,2025-04-30 17:00:00,0.0,0.0
-484,TĐ Huội Quảng,2025-04-30 18:00:00,0.0,0.0
-484,TĐ Huội Quảng,2025-04-30 19:00:00,0.0,0.0
-484,TĐ Huội Quảng,2025-04-30 20:00:00,0.0,0.0
-484,TĐ Huội Quảng,2025-04-30 21:00:00,0.0,0.0
-484,TĐ Huội Quảng,2025-04-30 22:00:00,0.0,0.0
-484,TĐ Huội Quảng,2025-04-30 23:00:00,0.0,0.0
-484,TĐ Huội Quảng,2025-05-16 00:00:00,0.6000000238418579,6.0000001192092896
-484,TĐ Huội Quảng,2025-05-16 01:00:00,4.400000095367432,10.400000214576721
-484,TĐ Huội Quảng,2025-05-16 02:00:00,7.199999809265137,17.600000023841858
-484,TĐ Huội Quảng,2025-05-16 03:00:00,12.800000190734863,30.40000021457672
-484,TĐ Huội Quảng,2025-05-16 04:00:00,8.399999618530273,38.799999833106995
-484,TĐ Huội Quảng,2025-05-16 05:00:00,5.199999809265137,43.99999964237213
-484,TĐ Huội Quảng,2025-05-16 06:00:00,4.199999809265137,48.19999945163727
-484,TĐ Huội Quảng,2025-05-16 07:00:00,12.800000190734863,60.99999964237213
-484,TĐ Huội Quảng,2025-05-16 08:00:00,16.600000381469727,77.60000002384186
-484,TĐ Huội Quảng,2025-05-16 09:00:00,2.4000000953674316,80.00000011920929
-484,TĐ Huội Quảng,2025-05-16 10:00:00,0.0,80.00000011920929
-484,TĐ Huội Quảng,2025-05-16 11:00:00,0.0,80.00000011920929
-484,TĐ Huội Quảng,2025-05-16 12:00:00,0.0,80.00000011920929
-484,TĐ Huội Quảng,2025-05-16 13:00:00,0.0,80.00000011920929
-484,TĐ Huội Quảng,2025-05-16 14:00:00,0.0,80.00000011920929
-484,TĐ Huội Quảng,2025-05-16 15:00:00,0.0,80.00000011920929
-484,TĐ Huội Quảng,2025-05-16 16:00:00,0.0,80.00000011920929
-484,TĐ Huội Quảng,2025-05-16 17:00:00,0.0,80.00000011920929
-484,TĐ Huội Quảng,2025-05-16 18:00:00,0.0,80.00000011920929
-484,TĐ Huội Quảng,2025-05-16 19:00:00,0.0,80.00000011920929
-484,TĐ Huội Quảng,2025-05-16 20:00:00,0.0,80.00000011920929
-484,TĐ Huội Quảng,2025-05-16 21:00:00,0.0,80.00000011920929
-484,TĐ Huội Quảng,2025-05-16 22:00:00,0.0,80.00000011920929
-484,TĐ Huội Quảng,2025-05-16 23:00:00,0.0,80.00000011920929
-484,TĐ Huội Quảng,2025-05-17 00:00:00,0.0,0.0
-484,TĐ Huội Quảng,2025-05-17 01:00:00,0.0,0.0
-484,TĐ Huội Quảng,2025-05-17 02:00:00,0.0,0.0
-484,TĐ Huội Quảng,2025-05-17 03:00:00,0.0,0.0
-484,TĐ Huội Quảng,2025-05-17 04:00:00,0.0,0.0
-484,TĐ Huội Quảng,2025-05-17 05:00:00,0.0,0.0
-484,TĐ Huội Quảng,2025-05-17 06:00:00,0.0,0.0
-484,TĐ Huội Quảng,2025-05-17 07:00:00,0.0,0.0
-484,TĐ Huội Quảng,2025-05-17 08:00:00,0.0,0.0
-484,TĐ Huội Quảng,2025-05-17 09:00:00,0.0,0.0
-484,TĐ Huội Quảng,2025-05-17 10:00:00,0.0,0.0
-484,TĐ Huội Quảng,2025-05-17 11:00:00,1.7999999523162842,1.7999999523162842
-484,TĐ Huội Quảng,2025-05-17 12:00:00,2.0,3.799999952316284
-484,TĐ Huội Quảng,2025-05-17 13:00:00,0.0,3.799999952316284
-484,TĐ Huội Quảng,2025-05-17 14:00:00,0.0,3.799999952316284
-484,TĐ Huội Quảng,2025-05-17 15:00:00,0.20000000298023224,3.9999999552965164
-484,TĐ Huội Quảng,2025-05-17 16:00:00,0.0,3.9999999552965164
-484,TĐ Huội Quảng,2025-05-17 17:00:00,0.0,3.9999999552965164
-484,TĐ Huội Quảng,2025-05-17 18:00:00,0.0,3.9999999552965164
-484,TĐ Huội Quảng,2025-05-17 19:00:00,0.0,3.9999999552965164
-484,TĐ Huội Quảng,2025-05-17 20:00:00,0.0,3.9999999552965164
-484,TĐ Huội Quảng,2025-05-17 21:00:00,0.0,3.9999999552965164
-484,TĐ Huội Quảng,2025-05-17 22:00:00,0.0,3.9999999552965164
-484,TĐ Huội Quảng,2025-05-17 23:00:00,0.0,3.9999999552965164
-484,TĐ Huội Quảng,2025-05-18 00:00:00,0.0,0.0
-484,TĐ Huội Quảng,2025-05-18 01:00:00,0.0,0.0
-484,TĐ Huội Quảng,2025-05-18 02:00:00,0.0,0.0
-484,TĐ Huội Quảng,2025-05-18 03:00:00,0.0,0.0
-484,TĐ Huội Quảng,2025-05-18 04:00:00,2.0,2.0
-484,TĐ Huội Quảng,2025-05-18 05:00:00,0.0,2.0
-484,TĐ Huội Quảng,2025-05-18 06:00:00,0.0,2.0
-484,TĐ Huội Quảng,2025-05-18 07:00:00,0.0,2.0
-484,TĐ Huội Quảng,2025-05-18 08:00:00,0.0,2.0
-484,TĐ Huội Quảng,2025-05-18 09:00:00,0.0,2.0
-484,TĐ Huội Quảng,2025-05-18 10:00:00,0.0,2.0
-484,TĐ Huội Quảng,2025-05-18 11:00:00,0.0,2.0
-484,TĐ Huội Quảng,2025-05-18 12:00:00,0.0,2.0
-484,TĐ Huội Quảng,2025-05-18 13:00:00,0.800000011920929,2.800000011920929
-484,TĐ Huội Quảng,2025-05-18 14:00:00,0.20000000298023224,3.000000014901161
-484,TĐ Huội Quảng,2025-05-18 15:00:00,0.0,3.000000014901161
-484,TĐ Huội Quảng,2025-05-18 16:00:00,0.0,3.000000014901161
-484,TĐ Huội Quảng,2025-05-18 17:00:00,0.0,3.000000014901161
-484,TĐ Huội Quảng,2025-05-18 18:00:00,0.0,3.000000014901161
-484,TĐ Huội Quảng,2025-05-18 19:00:00,0.0,3.000000014901161
-484,TĐ Huội Quảng,2025-05-18 20:00:00,0.0,3.000000014901161
-484,TĐ Huội Quảng,2025-05-18 21:00:00,0.6000000238418579,3.600000038743019
-484,TĐ Huội Quảng,2025-05-18 22:00:00,0.0,3.600000038743019
-484,TĐ Huội Quảng,2025-05-18 23:00:00,0.0,3.600000038743019
-484,TĐ Huội Quảng,2025-05-19 00:00:00,0.0,0.6000000238418579
-484,TĐ Huội Quảng,2025-05-19 01:00:00,0.0,0.6000000238418579
-484,TĐ Huội Quảng,2025-05-19 02:00:00,0.0,0.6000000238418579
-484,TĐ Huội Quảng,2025-05-19 03:00:00,0.0,0.6000000238418579
-484,TĐ Huội Quảng,2025-05-19 04:00:00,0.4000000059604645,1.0000000298023224
-484,TĐ Huội Quảng,2025-05-19 05:00:00,0.0,1.0000000298023224
-484,TĐ Huội Quảng,2025-05-19 06:00:00,0.0,1.0000000298023224
-484,TĐ Huội Quảng,2025-05-19 07:00:00,0.0,1.0000000298023224
-484,TĐ Huội Quảng,2025-05-19 08:00:00,0.0,1.0000000298023224
-484,TĐ Huội Quảng,2025-05-19 09:00:00,0.0,1.0000000298023224
-484,TĐ Huội Quảng,2025-05-19 10:00:00,0.0,1.0000000298023224
-484,TĐ Huội Quảng,2025-05-19 11:00:00,0.4000000059604645,1.4000000357627869
-484,TĐ Huội Quảng,2025-05-19 12:00:00,0.0,1.4000000357627869
-484,TĐ Huội Quảng,2025-05-19 13:00:00,0.0,1.4000000357627869
-484,TĐ Huội Quảng,2025-05-19 14:00:00,0.0,1.4000000357627869
-484,TĐ Huội Quảng,2025-05-19 15:00:00,0.0,1.4000000357627869
-484,TĐ Huội Quảng,2025-05-19 16:00:00,0.0,1.4000000357627869
-484,TĐ Huội Quảng,2025-05-19 17:00:00,0.0,1.4000000357627869
-484,TĐ Huội Quảng,2025-05-19 18:00:00,0.0,1.4000000357627869
-484,TĐ Huội Quảng,2025-05-19 19:00:00,0.0,1.4000000357627869
-484,TĐ Huội Quảng,2025-05-19 20:00:00,0.0,1.4000000357627869
-484,TĐ Huội Quảng,2025-05-19 21:00:00,1.600000023841858,3.0000000596046448
-484,TĐ Huội Quảng,2025-05-19 22:00:00,3.0,6.000000059604645
-484,TĐ Huội Quảng,2025-05-19 23:00:00,0.6000000238418579,6.600000083446503
-484,TĐ Huội Quảng,2025-05-20 00:00:00,2.0,7.200000047683716
-484,TĐ Huội Quảng,2025-05-20 01:00:00,0.0,7.200000047683716
-484,TĐ Huội Quảng,2025-05-20 02:00:00,0.20000000298023224,7.400000050663948
-484,TĐ Huội Quảng,2025-05-20 03:00:00,0.20000000298023224,7.60000005364418
-484,TĐ Huội Quảng,2025-05-20 04:00:00,0.20000000298023224,7.8000000566244125
-484,TĐ Huội Quảng,2025-05-20 05:00:00,0.20000000298023224,8.000000059604645
-484,TĐ Huội Quảng,2025-05-20 06:00:00,0.0,8.000000059604645
-484,TĐ Huội Quảng,2025-05-20 07:00:00,0.4000000059604645,8.40000006556511
-484,TĐ Huội Quảng,2025-05-20 08:00:00,4.199999809265137,12.599999874830246
-484,TĐ Huội Quảng,2025-05-20 09:00:00,0.800000011920929,13.399999886751175
-484,TĐ Huội Quảng,2025-05-20 10:00:00,0.0,13.399999886751175
-484,TĐ Huội Quảng,2025-05-20 11:00:00,0.0,13.399999886751175
-484,TĐ Huội Quảng,2025-05-20 12:00:00,0.0,13.399999886751175
-484,TĐ Huội Quảng,2025-05-20 13:00:00,0.0,13.399999886751175
-484,TĐ Huội Quảng,2025-05-20 14:00:00,0.0,13.399999886751175
-484,TĐ Huội Quảng,2025-05-20 15:00:00,0.0,13.399999886751175
-484,TĐ Huội Quảng,2025-05-20 16:00:00,0.0,13.399999886751175
-484,TĐ Huội Quảng,2025-05-20 17:00:00,0.0,13.399999886751175
-484,TĐ Huội Quảng,2025-05-20 18:00:00,0.0,13.399999886751175
-484,TĐ Huội Quảng,2025-05-20 19:00:00,0.0,13.399999886751175
-484,TĐ Huội Quảng,2025-05-20 20:00:00,0.0,13.399999886751175
-484,TĐ Huội Quảng,2025-05-20 21:00:00,0.0,13.399999886751175
-484,TĐ Huội Quảng,2025-05-20 22:00:00,0.0,13.399999886751175
-484,TĐ Huội Quảng,2025-05-20 23:00:00,0.0,13.399999886751175
-484,TĐ Huội Quảng,2025-05-21 00:00:00,0.0,0.0
-484,TĐ Huội Quảng,2025-05-21 01:00:00,0.0,0.0
-484,TĐ Huội Quảng,2025-05-21 02:00:00,0.0,0.0
-484,TĐ Huội Quảng,2025-05-21 03:00:00,0.0,0.0
-484,TĐ Huội Quảng,2025-05-21 04:00:00,0.0,0.0
-484,TĐ Huội Quảng,2025-05-21 05:00:00,0.0,0.0
-484,TĐ Huội Quảng,2025-05-21 06:00:00,0.0,0.0
-484,TĐ Huội Quảng,2025-05-21 07:00:00,0.0,0.0
-484,TĐ Huội Quảng,2025-05-21 08:00:00,0.0,0.0
-484,TĐ Huội Quảng,2025-05-21 09:00:00,0.0,0.0
-484,TĐ Huội Quảng,2025-05-21 10:00:00,0.0,0.0
-484,TĐ Huội Quảng,2025-05-21 11:00:00,0.0,0.0
-484,TĐ Huội Quảng,2025-05-21 12:00:00,0.0,0.0
-484,TĐ Huội Quảng,2025-05-21 13:00:00,0.0,0.0
-484,TĐ Huội Quảng,2025-05-21 14:00:00,0.0,0.0
-484,TĐ Huội Quảng,2025-05-21 15:00:00,0.0,0.0
-484,TĐ Huội Quảng,2025-05-21 16:00:00,0.0,0.0
-484,TĐ Huội Quảng,2025-05-21 17:00:00,0.0,0.0
-484,TĐ Huội Quảng,2025-05-21 18:00:00,0.0,0.0
-484,TĐ Huội Quảng,2025-05-21 19:00:00,0.0,0.0
-484,TĐ Huội Quảng,2025-05-21 20:00:00,0.0,0.0
-484,TĐ Huội Quảng,2025-05-21 21:00:00,0.0,0.0
-484,TĐ Huội Quảng,2025-05-21 22:00:00,0.0,0.0
-484,TĐ Huội Quảng,2025-05-21 23:00:00,0.0,0.0
-484,TĐ Huội Quảng,2025-05-22 00:00:00,0.0,0.0
-484,TĐ Huội Quảng,2025-05-22 01:00:00,0.0,0.0
-484,TĐ Huội Quảng,2025-05-22 02:00:00,0.0,0.0
-484,TĐ Huội Quảng,2025-05-22 03:00:00,0.0,0.0
-484,TĐ Huội Quảng,2025-05-22 04:00:00,0.0,0.0
-484,TĐ Huội Quảng,2025-05-22 05:00:00,0.0,0.0
-484,TĐ Huội Quảng,2025-05-22 06:00:00,0.0,0.0
-484,TĐ Huội Quảng,2025-05-22 07:00:00,0.0,0.0
-484,TĐ Huội Quảng,2025-05-22 08:00:00,0.0,0.0
-484,TĐ Huội Quảng,2025-05-22 09:00:00,0.0,0.0
-484,TĐ Huội Quảng,2025-05-22 10:00:00,0.0,0.0
-484,TĐ Huội Quảng,2025-05-22 11:00:00,0.0,0.0
-484,TĐ Huội Quảng,2025-05-22 12:00:00,0.0,0.0
-484,TĐ Huội Quảng,2025-05-22 13:00:00,0.0,0.0
-484,TĐ Huội Quảng,2025-05-22 14:00:00,0.0,0.0
-484,TĐ Huội Quảng,2025-05-22 15:00:00,0.0,0.0
-484,TĐ Huội Quảng,2025-05-22 16:00:00,0.0,0.0
-484,TĐ Huội Quảng,2025-05-22 17:00:00,0.0,0.0
-484,TĐ Huội Quảng,2025-05-22 18:00:00,0.0,0.0
-484,TĐ Huội Quảng,2025-05-22 19:00:00,0.0,0.0
-484,TĐ Huội Quảng,2025-05-22 20:00:00,0.0,0.0
-484,TĐ Huội Quảng,2025-05-22 21:00:00,0.0,0.0
-484,TĐ Huội Quảng,2025-05-22 22:00:00,0.0,0.0
-484,TĐ Huội Quảng,2025-05-22 23:00:00,0.0,0.0
-484,TĐ Huội Quảng,2025-05-23 00:00:00,0.0,0.0
-484,TĐ Huội Quảng,2025-05-23 01:00:00,0.0,0.0
-484,TĐ Huội Quảng,2025-05-23 02:00:00,0.0,0.0
-484,TĐ Huội Quảng,2025-05-23 03:00:00,0.0,0.0
-484,TĐ Huội Quảng,2025-05-23 04:00:00,0.0,0.0
-484,TĐ Huội Quảng,2025-05-23 05:00:00,0.0,0.0
-484,TĐ Huội Quảng,2025-05-23 06:00:00,0.0,0.0
-484,TĐ Huội Quảng,2025-05-23 07:00:00,0.0,0.0
-484,TĐ Huội Quảng,2025-05-23 08:00:00,0.0,0.0
-484,TĐ Huội Quảng,2025-05-23 09:00:00,0.20000000298023224,0.20000000298023224
-484,TĐ Huội Quảng,2025-05-23 10:00:00,3.0,3.2000000029802322
-484,TĐ Huội Quảng,2025-05-23 11:00:00,1.0,4.200000002980232
-484,TĐ Huội Quảng,2025-05-23 12:00:00,2.4000000953674316,6.600000098347664
-484,TĐ Huội Quảng,2025-05-23 13:00:00,2.5999999046325684,9.200000002980232
-484,TĐ Huội Quảng,2025-05-23 14:00:00,0.6000000238418579,9.80000002682209
-484,TĐ Huội Quảng,2025-05-23 15:00:00,0.0,9.80000002682209
-484,TĐ Huội Quảng,2025-05-23 16:00:00,0.0,9.80000002682209
-484,TĐ Huội Quảng,2025-05-23 17:00:00,0.0,9.80000002682209
-484,TĐ Huội Quảng,2025-05-23 18:00:00,0.0,9.80000002682209
-484,TĐ Huội Quảng,2025-05-23 19:00:00,0.0,9.80000002682209
-484,TĐ Huội Quảng,2025-05-23 20:00:00,0.0,9.80000002682209
-484,TĐ Huội Quảng,2025-05-23 21:00:00,0.0,9.80000002682209
-484,TĐ Huội Quảng,2025-05-23 22:00:00,0.0,9.80000002682209
-484,TĐ Huội Quảng,2025-05-23 23:00:00,0.0,9.80000002682209
-484,TĐ Huội Quảng,2025-05-24 00:00:00,0.0,0.0
-484,TĐ Huội Quảng,2025-05-24 01:00:00,0.0,0.0
-484,TĐ Huội Quảng,2025-05-24 02:00:00,0.0,0.0
-484,TĐ Huội Quảng,2025-05-24 03:00:00,0.0,0.0
-484,TĐ Huội Quảng,2025-05-24 04:00:00,0.0,0.0
-484,TĐ Huội Quảng,2025-05-24 05:00:00,0.0,0.0
-484,TĐ Huội Quảng,2025-05-24 06:00:00,0.0,0.0
-484,TĐ Huội Quảng,2025-05-24 07:00:00,0.0,0.0
-484,TĐ Huội Quảng,2025-05-24 08:00:00,0.0,0.0
-484,TĐ Huội Quảng,2025-05-24 09:00:00,0.4000000059604645,0.4000000059604645
-484,TĐ Huội Quảng,2025-05-24 10:00:00,0.20000000298023224,0.6000000089406967
-484,TĐ Huội Quảng,2025-05-24 11:00:00,0.0,0.6000000089406967
-484,TĐ Huội Quảng,2025-05-24 12:00:00,0.0,0.6000000089406967
-484,TĐ Huội Quảng,2025-05-24 13:00:00,0.20000000298023224,0.800000011920929
-484,TĐ Huội Quảng,2025-05-24 14:00:00,0.0,0.800000011920929
-484,TĐ Huội Quảng,2025-05-24 15:00:00,0.0,0.800000011920929
-484,TĐ Huội Quảng,2025-05-24 16:00:00,0.0,0.800000011920929
-484,TĐ Huội Quảng,2025-05-24 17:00:00,0.0,0.800000011920929
-484,TĐ Huội Quảng,2025-05-24 18:00:00,0.0,0.800000011920929
-484,TĐ Huội Quảng,2025-05-24 19:00:00,0.0,0.800000011920929
-484,TĐ Huội Quảng,2025-05-24 20:00:00,0.0,0.800000011920929
-484,TĐ Huội Quảng,2025-05-24 21:00:00,0.0,0.800000011920929
-484,TĐ Huội Quảng,2025-05-24 22:00:00,0.0,0.800000011920929
-484,TĐ Huội Quảng,2025-05-24 23:00:00,0.0,0.800000011920929
-484,TĐ Huội Quảng,2025-05-25 00:00:00,0.0,0.0
-484,TĐ Huội Quảng,2025-05-25 01:00:00,0.0,0.0
-484,TĐ Huội Quảng,2025-05-25 02:00:00,0.20000000298023224,0.20000000298023224
-484,TĐ Huội Quảng,2025-05-25 03:00:00,0.6000000238418579,0.8000000268220901
-484,TĐ Huội Quảng,2025-05-25 04:00:00,0.0,0.8000000268220901
-484,TĐ Huội Quảng,2025-05-25 05:00:00,0.0,0.8000000268220901
-484,TĐ Huội Quảng,2025-05-25 06:00:00,0.0,0.8000000268220901
-484,TĐ Huội Quảng,2025-05-25 07:00:00,0.0,0.8000000268220901
-484,TĐ Huội Quảng,2025-05-25 08:00:00,0.0,0.8000000268220901
-484,TĐ Huội Quảng,2025-05-25 09:00:00,0.0,0.8000000268220901
-484,TĐ Huội Quảng,2025-05-25 10:00:00,0.0,0.8000000268220901
-484,TĐ Huội Quảng,2025-05-25 11:00:00,0.0,0.8000000268220901
-484,TĐ Huội Quảng,2025-05-25 12:00:00,0.0,0.8000000268220901
-484,TĐ Huội Quảng,2025-05-25 13:00:00,0.0,0.8000000268220901
-484,TĐ Huội Quảng,2025-05-25 14:00:00,0.0,0.8000000268220901
-484,TĐ Huội Quảng,2025-05-25 15:00:00,0.0,0.8000000268220901
-484,TĐ Huội Quảng,2025-05-25 16:00:00,0.0,0.8000000268220901
-484,TĐ Huội Quảng,2025-05-25 17:00:00,0.0,0.8000000268220901
-484,TĐ Huội Quảng,2025-05-25 18:00:00,0.0,0.8000000268220901
-484,TĐ Huội Quảng,2025-05-25 19:00:00,0.0,0.8000000268220901
-484,TĐ Huội Quảng,2025-05-25 20:00:00,0.0,0.8000000268220901
-484,TĐ Huội Quảng,2025-05-25 21:00:00,0.0,0.8000000268220901
-484,TĐ Huội Quảng,2025-05-25 22:00:00,0.0,0.8000000268220901
-484,TĐ Huội Quảng,2025-05-25 23:00:00,0.0,0.8000000268220901
-484,TĐ Huội Quảng,2025-05-26 00:00:00,0.0,0.0
-484,TĐ Huội Quảng,2025-05-26 01:00:00,0.0,0.0
-484,TĐ Huội Quảng,2025-05-26 02:00:00,0.0,0.0
-484,TĐ Huội Quảng,2025-05-26 03:00:00,0.0,0.0
-484,TĐ Huội Quảng,2025-05-26 04:00:00,0.0,0.0
-484,TĐ Huội Quảng,2025-05-26 05:00:00,0.0,0.0
-484,TĐ Huội Quảng,2025-05-26 06:00:00,0.0,0.0
-484,TĐ Huội Quảng,2025-05-26 07:00:00,0.0,0.0
-484,TĐ Huội Quảng,2025-05-26 08:00:00,0.0,0.0
-484,TĐ Huội Quảng,2025-05-26 09:00:00,0.0,0.0
-484,TĐ Huội Quảng,2025-05-26 10:00:00,0.0,0.0
-484,TĐ Huội Quảng,2025-05-26 11:00:00,0.0,0.0
-484,TĐ Huội Quảng,2025-05-26 12:00:00,0.0,0.0
-484,TĐ Huội Quảng,2025-05-26 13:00:00,0.0,0.0
-484,TĐ Huội Quảng,2025-05-26 14:00:00,0.0,0.0
-484,TĐ Huội Quảng,2025-05-26 15:00:00,0.0,0.0
-484,TĐ Huội Quảng,2025-05-26 16:00:00,0.0,0.0
-484,TĐ Huội Quảng,2025-05-26 17:00:00,0.0,0.0
-484,TĐ Huội Quảng,2025-05-26 18:00:00,0.0,0.0
-484,TĐ Huội Quảng,2025-05-26 19:00:00,0.0,0.0
-484,TĐ Huội Quảng,2025-05-26 20:00:00,0.0,0.0
-484,TĐ Huội Quảng,2025-05-26 21:00:00,0.0,0.0
-484,TĐ Huội Quảng,2025-05-26 22:00:00,0.0,0.0
-484,TĐ Huội Quảng,2025-05-26 23:00:00,0.0,0.0
-484,TĐ Huội Quảng,2025-05-27 00:00:00,0.0,0.0
-484,TĐ Huội Quảng,2025-05-27 01:00:00,0.0,0.0
-484,TĐ Huội Quảng,2025-05-27 02:00:00,0.0,0.0
-484,TĐ Huội Quảng,2025-05-27 03:00:00,0.0,0.0
-484,TĐ Huội Quảng,2025-05-27 04:00:00,0.0,0.0
-484,TĐ Huội Quảng,2025-05-27 05:00:00,0.0,0.0
-484,TĐ Huội Quảng,2025-05-27 06:00:00,0.0,0.0
-484,TĐ Huội Quảng,2025-05-27 07:00:00,0.0,0.0
-484,TĐ Huội Quảng,2025-05-27 08:00:00,0.0,0.0
-484,TĐ Huội Quảng,2025-05-27 09:00:00,0.0,0.0
-484,TĐ Huội Quảng,2025-05-27 10:00:00,0.0,0.0
-484,TĐ Huội Quảng,2025-05-27 11:00:00,0.0,0.0
-484,TĐ Huội Quảng,2025-05-27 12:00:00,0.0,0.0
-484,TĐ Huội Quảng,2025-05-27 13:00:00,0.0,0.0
-484,TĐ Huội Quảng,2025-05-27 14:00:00,0.0,0.0
-484,TĐ Huội Quảng,2025-05-27 15:00:00,0.0,0.0
-484,TĐ Huội Quảng,2025-05-27 16:00:00,0.0,0.0
-484,TĐ Huội Quảng,2025-05-27 17:00:00,0.0,0.0
-484,TĐ Huội Quảng,2025-05-27 18:00:00,0.0,0.0
-484,TĐ Huội Quảng,2025-05-27 19:00:00,0.0,0.0
-484,TĐ Huội Quảng,2025-05-27 20:00:00,0.0,0.0
-484,TĐ Huội Quảng,2025-05-27 21:00:00,0.0,0.0
-484,TĐ Huội Quảng,2025-05-27 22:00:00,0.0,0.0
-484,TĐ Huội Quảng,2025-05-27 23:00:00,0.0,0.0
-484,TĐ Huội Quảng,2025-05-28 00:00:00,0.0,0.0
-484,TĐ Huội Quảng,2025-05-28 01:00:00,0.0,0.0
-484,TĐ Huội Quảng,2025-05-28 02:00:00,0.0,0.0
-484,TĐ Huội Quảng,2025-05-28 03:00:00,0.0,0.0
-484,TĐ Huội Quảng,2025-05-28 04:00:00,0.0,0.0
-484,TĐ Huội Quảng,2025-05-28 05:00:00,0.0,0.0
-484,TĐ Huội Quảng,2025-05-28 06:00:00,0.0,0.0
-484,TĐ Huội Quảng,2025-05-28 07:00:00,0.0,0.0
-484,TĐ Huội Quảng,2025-05-28 08:00:00,0.0,0.0
-484,TĐ Huội Quảng,2025-05-28 09:00:00,0.0,0.0
-484,TĐ Huội Quảng,2025-05-28 10:00:00,0.0,0.0
-484,TĐ Huội Quảng,2025-05-28 11:00:00,0.0,0.0
-484,TĐ Huội Quảng,2025-05-28 12:00:00,0.0,0.0
-484,TĐ Huội Quảng,2025-05-28 13:00:00,0.0,0.0
-484,TĐ Huội Quảng,2025-05-28 14:00:00,0.0,0.0
-484,TĐ Huội Quảng,2025-05-28 15:00:00,0.0,0.0
-484,TĐ Huội Quảng,2025-05-28 16:00:00,0.0,0.0
-484,TĐ Huội Quảng,2025-05-28 17:00:00,0.0,0.0
-484,TĐ Huội Quảng,2025-05-28 18:00:00,0.0,0.0
-484,TĐ Huội Quảng,2025-05-28 19:00:00,0.0,0.0
-484,TĐ Huội Quảng,2025-05-28 20:00:00,0.0,0.0
-484,TĐ Huội Quảng,2025-05-28 21:00:00,0.0,0.0
-484,TĐ Huội Quảng,2025-05-28 22:00:00,1.0,1.0
-484,TĐ Huội Quảng,2025-05-28 23:00:00,1.399999976158142,2.399999976158142
-484,TĐ Huội Quảng,2025-05-29 00:00:00,0.0,2.399999976158142
-484,TĐ Huội Quảng,2025-05-29 01:00:00,0.0,2.399999976158142
-484,TĐ Huội Quảng,2025-05-29 02:00:00,0.0,2.399999976158142
-484,TĐ Huội Quảng,2025-05-29 03:00:00,0.0,2.399999976158142
-484,TĐ Huội Quảng,2025-05-29 04:00:00,6.0,8.399999976158142
-484,TĐ Huội Quảng,2025-05-29 05:00:00,7.400000095367432,15.800000071525574
-484,TĐ Huội Quảng,2025-05-29 06:00:00,0.20000000298023224,16.000000074505806
-484,TĐ Huội Quảng,2025-05-29 07:00:00,0.0,16.000000074505806
-484,TĐ Huội Quảng,2025-05-29 08:00:00,0.0,16.000000074505806
-484,TĐ Huội Quảng,2025-05-29 09:00:00,10.199999809265137,26.199999883770943
-484,TĐ Huội Quảng,2025-05-29 10:00:00,0.20000000298023224,26.399999886751175
-484,TĐ Huội Quảng,2025-05-29 11:00:00,0.0,26.399999886751175
-484,TĐ Huội Quảng,2025-05-29 12:00:00,0.0,26.399999886751175
-484,TĐ Huội Quảng,2025-05-29 13:00:00,0.0,26.399999886751175
-484,TĐ Huội Quảng,2025-05-29 14:00:00,0.0,26.399999886751175
-484,TĐ Huội Quảng,2025-05-29 15:00:00,0.0,26.399999886751175
-484,TĐ Huội Quảng,2025-05-29 16:00:00,0.0,26.399999886751175
-484,TĐ Huội Quảng,2025-05-29 17:00:00,0.0,26.399999886751175
-484,TĐ Huội Quảng,2025-05-29 18:00:00,0.0,26.399999886751175
-484,TĐ Huội Quảng,2025-05-29 19:00:00,0.0,26.399999886751175
-484,TĐ Huội Quảng,2025-05-29 20:00:00,0.0,26.399999886751175
-484,TĐ Huội Quảng,2025-05-29 21:00:00,0.0,26.399999886751175
-484,TĐ Huội Quảng,2025-05-29 22:00:00,0.0,26.399999886751175
-484,TĐ Huội Quảng,2025-05-29 23:00:00,2.200000047683716,28.59999993443489
-484,TĐ Huội Quảng,2025-05-30 00:00:00,0.0,2.200000047683716
-484,TĐ Huội Quảng,2025-05-30 01:00:00,0.0,2.200000047683716
-484,TĐ Huội Quảng,2025-05-30 02:00:00,1.2000000476837158,3.4000000953674316
-484,TĐ Huội Quảng,2025-05-30 03:00:00,2.0,5.400000095367432
-484,TĐ Huội Quảng,2025-05-30 04:00:00,0.800000011920929,6.200000107288361
-484,TĐ Huội Quảng,2025-05-30 05:00:00,2.5999999046325684,8.800000011920929
-484,TĐ Huội Quảng,2025-05-30 06:00:00,0.20000000298023224,9.000000014901161
-484,TĐ Huội Quảng,2025-05-30 07:00:00,0.0,9.000000014901161
-484,TĐ Huội Quảng,2025-05-30 08:00:00,0.0,9.000000014901161
-484,TĐ Huội Quảng,2025-05-30 09:00:00,0.0,9.000000014901161
-484,TĐ Huội Quảng,2025-05-30 10:00:00,0.0,9.000000014901161
-484,TĐ Huội Quảng,2025-05-30 11:00:00,0.0,9.000000014901161
-484,TĐ Huội Quảng,2025-05-30 12:00:00,0.0,9.000000014901161
-484,TĐ Huội Quảng,2025-05-30 13:00:00,0.0,9.000000014901161
-484,TĐ Huội Quảng,2025-05-30 14:00:00,0.0,9.000000014901161
-484,TĐ Huội Quảng,2025-05-30 15:00:00,0.0,9.000000014901161
-484,TĐ Huội Quảng,2025-05-30 16:00:00,0.0,9.000000014901161
-484,TĐ Huội Quảng,2025-05-30 17:00:00,0.0,9.000000014901161
-484,TĐ Huội Quảng,2025-05-30 18:00:00,0.0,9.000000014901161
-484,TĐ Huội Quảng,2025-05-30 19:00:00,0.0,9.000000014901161
-484,TĐ Huội Quảng,2025-05-30 20:00:00,0.0,9.000000014901161
-484,TĐ Huội Quảng,2025-05-30 21:00:00,0.6000000238418579,9.600000038743019
-484,TĐ Huội Quảng,2025-05-30 22:00:00,0.6000000238418579,10.200000062584877
-484,TĐ Huội Quảng,2025-05-30 23:00:00,0.0,10.200000062584877
-484,TĐ Huội Quảng,2025-05-31 00:00:00,0.0,1.2000000476837158
-484,TĐ Huội Quảng,2025-05-31 01:00:00,1.2000000476837158,2.4000000953674316
-484,TĐ Huội Quảng,2025-05-31 02:00:00,1.600000023841858,4.0000001192092896
-484,TĐ Huội Quảng,2025-05-31 03:00:00,0.20000000298023224,4.200000122189522
-484,TĐ Huội Quảng,2025-05-31 04:00:00,0.0,4.200000122189522
-484,TĐ Huội Quảng,2025-05-31 05:00:00,0.0,4.200000122189522
-484,TĐ Huội Quảng,2025-05-31 06:00:00,0.0,4.200000122189522
-484,TĐ Huội Quảng,2025-05-31 07:00:00,0.0,4.200000122189522
-484,TĐ Huội Quảng,2025-05-31 08:00:00,0.0,4.200000122189522
-484,TĐ Huội Quảng,2025-05-31 09:00:00,0.0,4.200000122189522
-484,TĐ Huội Quảng,2025-05-31 10:00:00,0.0,4.200000122189522
-484,TĐ Huội Quảng,2025-05-31 11:00:00,0.0,4.200000122189522
-484,TĐ Huội Quảng,2025-05-31 12:00:00,0.0,4.200000122189522
-484,TĐ Huội Quảng,2025-05-31 13:00:00,0.0,4.200000122189522
-484,TĐ Huội Quảng,2025-05-31 14:00:00,0.0,4.200000122189522
-484,TĐ Huội Quảng,2025-05-31 15:00:00,0.0,4.200000122189522
-484,TĐ Huội Quảng,2025-05-31 16:00:00,0.0,4.200000122189522
-484,TĐ Huội Quảng,2025-05-31 17:00:00,0.0,4.200000122189522
-484,TĐ Huội Quảng,2025-05-31 18:00:00,0.0,4.200000122189522
-484,TĐ Huội Quảng,2025-05-31 19:00:00,0.0,4.200000122189522
-484,TĐ Huội Quảng,2025-05-31 20:00:00,0.0,4.200000122189522
-484,TĐ Huội Quảng,2025-05-31 21:00:00,0.0,4.200000122189522
-484,TĐ Huội Quảng,2025-05-31 22:00:00,0.0,4.200000122189522
-484,TĐ Huội Quảng,2025-05-31 23:00:00,0.0,4.200000122189522
-484,TĐ Huội Quảng,2025-06-01 00:00:00,0.0,0.0
-484,TĐ Huội Quảng,2025-06-01 01:00:00,0.0,0.0
-484,TĐ Huội Quảng,2025-06-01 02:00:00,0.0,0.0
-484,TĐ Huội Quảng,2025-06-01 03:00:00,0.0,0.0
-484,TĐ Huội Quảng,2025-06-01 04:00:00,0.0,0.0
-484,TĐ Huội Quảng,2025-06-01 05:00:00,0.0,0.0
-484,TĐ Huội Quảng,2025-06-01 06:00:00,0.0,0.0
-484,TĐ Huội Quảng,2025-06-01 07:00:00,0.0,0.0
-484,TĐ Huội Quảng,2025-06-01 08:00:00,0.0,0.0
-484,TĐ Huội Quảng,2025-06-01 09:00:00,0.0,0.0
-484,TĐ Huội Quảng,2025-06-01 10:00:00,0.0,0.0
-484,TĐ Huội Quảng,2025-06-01 11:00:00,0.0,0.0
-484,TĐ Huội Quảng,2025-06-01 12:00:00,0.0,0.0
-484,TĐ Huội Quảng,2025-06-01 13:00:00,0.0,0.0
-484,TĐ Huội Quảng,2025-06-01 14:00:00,0.0,0.0
-484,TĐ Huội Quảng,2025-06-01 15:00:00,0.0,0.0
-484,TĐ Huội Quảng,2025-06-01 16:00:00,0.0,0.0
-484,TĐ Huội Quảng,2025-06-01 17:00:00,0.0,0.0
-484,TĐ Huội Quảng,2025-06-01 18:00:00,0.0,0.0
-484,TĐ Huội Quảng,2025-06-01 19:00:00,0.0,0.0
-484,TĐ Huội Quảng,2025-06-01 20:00:00,0.0,0.0
-484,TĐ Huội Quảng,2025-06-01 21:00:00,0.0,0.0
-484,TĐ Huội Quảng,2025-06-01 22:00:00,0.0,0.0
-484,TĐ Huội Quảng,2025-06-01 23:00:00,0.0,0.0
-484,TĐ Huội Quảng,2025-06-02 00:00:00,0.0,0.0
-484,TĐ Huội Quảng,2025-06-02 01:00:00,0.0,0.0
-484,TĐ Huội Quảng,2025-06-02 02:00:00,0.0,0.0
-484,TĐ Huội Quảng,2025-06-02 03:00:00,0.0,0.0
-484,TĐ Huội Quảng,2025-06-02 04:00:00,0.0,0.0
-484,TĐ Huội Quảng,2025-06-02 05:00:00,0.0,0.0
-484,TĐ Huội Quảng,2025-06-02 06:00:00,0.0,0.0
-484,TĐ Huội Quảng,2025-06-02 07:00:00,0.0,0.0
-484,TĐ Huội Quảng,2025-06-02 08:00:00,0.0,0.0
-484,TĐ Huội Quảng,2025-06-02 09:00:00,0.0,0.0
-484,TĐ Huội Quảng,2025-06-02 10:00:00,0.0,0.0
-484,TĐ Huội Quảng,2025-06-02 11:00:00,0.0,0.0
-484,TĐ Huội Quảng,2025-06-02 12:00:00,0.4000000059604645,0.4000000059604645
-484,TĐ Huội Quảng,2025-06-02 13:00:00,0.0,0.4000000059604645
-484,TĐ Huội Quảng,2025-06-02 14:00:00,0.0,0.4000000059604645
-484,TĐ Huội Quảng,2025-06-02 15:00:00,0.0,0.4000000059604645
-484,TĐ Huội Quảng,2025-06-02 16:00:00,0.0,0.4000000059604645
-484,TĐ Huội Quảng,2025-06-02 17:00:00,0.0,0.4000000059604645
-484,TĐ Huội Quảng,2025-06-02 18:00:00,0.0,0.4000000059604645
-484,TĐ Huội Quảng,2025-06-02 19:00:00,0.0,0.4000000059604645
-484,TĐ Huội Quảng,2025-06-02 20:00:00,0.0,0.4000000059604645
-484,TĐ Huội Quảng,2025-06-02 21:00:00,0.0,0.4000000059604645
-484,TĐ Huội Quảng,2025-06-02 22:00:00,0.0,0.4000000059604645
-484,TĐ Huội Quảng,2025-06-02 23:00:00,0.0,0.4000000059604645
-484,TĐ Huội Quảng,2025-06-03 00:00:00,0.0,0.0
-484,TĐ Huội Quảng,2025-06-03 01:00:00,0.0,0.0
-484,TĐ Huội Quảng,2025-06-03 02:00:00,0.0,0.0
-484,TĐ Huội Quảng,2025-06-03 03:00:00,0.0,0.0
-484,TĐ Huội Quảng,2025-06-03 04:00:00,0.0,0.0
-484,TĐ Huội Quảng,2025-06-03 05:00:00,0.0,0.0
-484,TĐ Huội Quảng,2025-06-03 06:00:00,0.0,0.0
-484,TĐ Huội Quảng,2025-06-03 07:00:00,0.0,0.0
-484,TĐ Huội Quảng,2025-06-03 08:00:00,0.0,0.0
-484,TĐ Huội Quảng,2025-06-03 09:00:00,0.0,0.0
-484,TĐ Huội Quảng,2025-06-03 10:00:00,0.0,0.0
-484,TĐ Huội Quảng,2025-06-03 11:00:00,0.0,0.0
-484,TĐ Huội Quảng,2025-06-03 12:00:00,0.0,0.0
-484,TĐ Huội Quảng,2025-06-03 13:00:00,0.0,0.0
-484,TĐ Huội Quảng,2025-06-03 14:00:00,0.0,0.0
-484,TĐ Huội Quảng,2025-06-03 15:00:00,0.0,0.0
-484,TĐ Huội Quảng,2025-06-03 16:00:00,0.0,0.0
-484,TĐ Huội Quảng,2025-06-03 17:00:00,0.0,0.0
-484,TĐ Huội Quảng,2025-06-03 18:00:00,0.0,0.0
-484,TĐ Huội Quảng,2025-06-03 19:00:00,0.0,0.0
-484,TĐ Huội Quảng,2025-06-03 20:00:00,0.0,0.0
-484,TĐ Huội Quảng,2025-06-03 21:00:00,0.0,0.0
-484,TĐ Huội Quảng,2025-06-03 22:00:00,0.0,0.0
-484,TĐ Huội Quảng,2025-06-03 23:00:00,2.200000047683716,2.200000047683716
-484,TĐ Huội Quảng,2025-06-04 00:00:00,2.799999952316284,5.0
-484,TĐ Huội Quảng,2025-06-04 01:00:00,0.0,5.0
-484,TĐ Huội Quảng,2025-06-04 02:00:00,0.0,5.0
-484,TĐ Huội Quảng,2025-06-04 03:00:00,0.0,5.0
-484,TĐ Huội Quảng,2025-06-04 04:00:00,0.0,5.0
-484,TĐ Huội Quảng,2025-06-04 05:00:00,0.0,5.0
-484,TĐ Huội Quảng,2025-06-04 06:00:00,0.0,5.0
-484,TĐ Huội Quảng,2025-06-04 07:00:00,0.0,5.0
-484,TĐ Huội Quảng,2025-06-04 08:00:00,0.6000000238418579,5.600000023841858
-484,TĐ Huội Quảng,2025-06-04 09:00:00,0.0,5.600000023841858
-484,TĐ Huội Quảng,2025-06-04 10:00:00,0.0,5.600000023841858
-484,TĐ Huội Quảng,2025-06-04 11:00:00,0.0,5.600000023841858
-484,TĐ Huội Quảng,2025-06-04 12:00:00,0.0,5.600000023841858
-484,TĐ Huội Quảng,2025-06-04 13:00:00,0.0,5.600000023841858
-484,TĐ Huội Quảng,2025-06-04 14:00:00,0.0,5.600000023841858
-484,TĐ Huội Quảng,2025-06-04 15:00:00,0.0,5.600000023841858
-484,TĐ Huội Quảng,2025-06-04 16:00:00,0.0,5.600000023841858
-484,TĐ Huội Quảng,2025-06-04 17:00:00,0.0,5.600000023841858
-484,TĐ Huội Quảng,2025-06-04 18:00:00,0.0,5.600000023841858
-484,TĐ Huội Quảng,2025-06-04 19:00:00,0.0,5.600000023841858
-484,TĐ Huội Quảng,2025-06-04 20:00:00,0.0,5.600000023841858
-484,TĐ Huội Quảng,2025-06-04 21:00:00,0.0,5.600000023841858
-484,TĐ Huội Quảng,2025-06-04 22:00:00,0.0,5.600000023841858
-484,TĐ Huội Quảng,2025-06-04 23:00:00,0.0,5.600000023841858
-484,TĐ Huội Quảng,2025-06-05 00:00:00,0.0,0.0
-484,TĐ Huội Quảng,2025-06-05 01:00:00,0.0,0.0
-484,TĐ Huội Quảng,2025-06-05 02:00:00,0.0,0.0
-484,TĐ Huội Quảng,2025-06-05 03:00:00,0.0,0.0
-484,TĐ Huội Quảng,2025-06-05 04:00:00,0.0,0.0
-484,TĐ Huội Quảng,2025-06-05 05:00:00,0.0,0.0
-484,TĐ Huội Quảng,2025-06-05 06:00:00,0.0,0.0
-484,TĐ Huội Quảng,2025-06-05 07:00:00,0.0,0.0
-484,TĐ Huội Quảng,2025-06-05 08:00:00,0.0,0.0
-484,TĐ Huội Quảng,2025-06-05 09:00:00,0.0,0.0
-484,TĐ Huội Quảng,2025-06-05 10:00:00,0.0,0.0
-484,TĐ Huội Quảng,2025-06-05 11:00:00,0.0,0.0
-484,TĐ Huội Quảng,2025-06-05 12:00:00,0.0,0.0
-484,TĐ Huội Quảng,2025-06-05 13:00:00,0.0,0.0
-484,TĐ Huội Quảng,2025-06-05 14:00:00,0.0,0.0
-484,TĐ Huội Quảng,2025-06-05 15:00:00,0.0,0.0
-484,TĐ Huội Quảng,2025-06-05 16:00:00,0.0,0.0
-484,TĐ Huội Quảng,2025-06-05 17:00:00,0.0,0.0
-484,TĐ Huội Quảng,2025-06-05 18:00:00,0.0,0.0
-484,TĐ Huội Quảng,2025-06-05 19:00:00,0.0,0.0
-484,TĐ Huội Quảng,2025-06-05 20:00:00,0.0,0.0
-484,TĐ Huội Quảng,2025-06-05 21:00:00,0.0,0.0
-484,TĐ Huội Quảng,2025-06-05 22:00:00,0.0,0.0
-484,TĐ Huội Quảng,2025-06-05 23:00:00,0.0,0.0
-484,TĐ Huội Quảng,2025-06-06 00:00:00,0.0,0.0
-484,TĐ Huội Quảng,2025-06-06 01:00:00,0.0,0.0
-484,TĐ Huội Quảng,2025-06-06 02:00:00,0.0,0.0
-484,TĐ Huội Quảng,2025-06-06 03:00:00,0.0,0.0
-484,TĐ Huội Quảng,2025-06-06 04:00:00,0.0,0.0
-484,TĐ Huội Quảng,2025-06-06 05:00:00,0.0,0.0
-484,TĐ Huội Quảng,2025-06-06 06:00:00,0.0,0.0
-484,TĐ Huội Quảng,2025-06-06 07:00:00,0.0,0.0
-484,TĐ Huội Quảng,2025-06-06 08:00:00,0.0,0.0
-484,TĐ Huội Quảng,2025-06-06 09:00:00,0.0,0.0
-484,TĐ Huội Quảng,2025-06-06 10:00:00,0.0,0.0
-484,TĐ Huội Quảng,2025-06-06 11:00:00,0.0,0.0
-484,TĐ Huội Quảng,2025-06-06 12:00:00,0.0,0.0
-484,TĐ Huội Quảng,2025-06-06 13:00:00,0.0,0.0
-484,TĐ Huội Quảng,2025-06-06 14:00:00,0.0,0.0
-484,TĐ Huội Quảng,2025-06-06 15:00:00,0.0,0.0
-484,TĐ Huội Quảng,2025-06-06 16:00:00,0.0,0.0
-484,TĐ Huội Quảng,2025-06-06 17:00:00,0.0,0.0
-484,TĐ Huội Quảng,2025-06-06 18:00:00,0.0,0.0
-484,TĐ Huội Quảng,2025-06-06 19:00:00,0.0,0.0
-484,TĐ Huội Quảng,2025-06-06 20:00:00,0.0,0.0
-484,TĐ Huội Quảng,2025-06-06 21:00:00,0.0,0.0
-484,TĐ Huội Quảng,2025-06-06 22:00:00,0.0,0.0
-484,TĐ Huội Quảng,2025-06-06 23:00:00,0.0,0.0
-484,TĐ Huội Quảng,2025-06-07 00:00:00,0.0,0.0
-484,TĐ Huội Quảng,2025-06-07 01:00:00,0.0,0.0
-484,TĐ Huội Quảng,2025-06-07 02:00:00,0.0,0.0
-484,TĐ Huội Quảng,2025-06-07 03:00:00,0.0,0.0
-484,TĐ Huội Quảng,2025-06-07 04:00:00,0.0,0.0
-484,TĐ Huội Quảng,2025-06-07 05:00:00,0.0,0.0
-484,TĐ Huội Quảng,2025-06-07 06:00:00,0.0,0.0
-484,TĐ Huội Quảng,2025-06-07 07:00:00,0.0,0.0
-484,TĐ Huội Quảng,2025-06-07 08:00:00,0.0,0.0
-484,TĐ Huội Quảng,2025-06-07 09:00:00,0.0,0.0
-484,TĐ Huội Quảng,2025-06-07 10:00:00,0.0,0.0
-484,TĐ Huội Quảng,2025-06-07 11:00:00,0.0,0.0
-484,TĐ Huội Quảng,2025-06-07 12:00:00,0.0,0.0
-484,TĐ Huội Quảng,2025-06-07 13:00:00,0.0,0.0
-484,TĐ Huội Quảng,2025-06-07 14:00:00,0.0,0.0
-484,TĐ Huội Quảng,2025-06-07 15:00:00,0.0,0.0
-484,TĐ Huội Quảng,2025-06-07 16:00:00,0.0,0.0
-484,TĐ Huội Quảng,2025-06-07 17:00:00,0.0,0.0
-484,TĐ Huội Quảng,2025-06-07 18:00:00,0.0,0.0
-484,TĐ Huội Quảng,2025-06-07 19:00:00,0.0,0.0
-484,TĐ Huội Quảng,2025-06-07 20:00:00,0.0,0.0
-484,TĐ Huội Quảng,2025-06-07 21:00:00,0.0,0.0
-484,TĐ Huội Quảng,2025-06-07 22:00:00,0.0,0.0
-484,TĐ Huội Quảng,2025-06-07 23:00:00,0.0,0.0
-484,TĐ Huội Quảng,2025-06-08 00:00:00,0.0,0.0
-484,TĐ Huội Quảng,2025-06-08 01:00:00,0.0,0.0
-484,TĐ Huội Quảng,2025-06-08 02:00:00,18.799999237060547,18.799999237060547
-484,TĐ Huội Quảng,2025-06-08 03:00:00,3.200000047683716,21.999999284744263
-484,TĐ Huội Quảng,2025-06-08 04:00:00,0.4000000059604645,22.399999290704727
-484,TĐ Huội Quảng,2025-06-08 05:00:00,0.800000011920929,23.199999302625656
-484,TĐ Huội Quảng,2025-06-08 06:00:00,0.800000011920929,23.999999314546585
-484,TĐ Huội Quảng,2025-06-08 07:00:00,0.4000000059604645,24.39999932050705
-484,TĐ Huội Quảng,2025-06-08 08:00:00,1.2000000476837158,25.599999368190765
-484,TĐ Huội Quảng,2025-06-08 09:00:00,0.4000000059604645,25.99999937415123
-484,TĐ Huội Quảng,2025-06-08 10:00:00,0.0,25.99999937415123
-484,TĐ Huội Quảng,2025-06-08 11:00:00,0.0,25.99999937415123
-484,TĐ Huội Quảng,2025-06-08 12:00:00,0.0,25.99999937415123
-484,TĐ Huội Quảng,2025-06-08 13:00:00,0.0,25.99999937415123
-484,TĐ Huội Quảng,2025-06-08 14:00:00,0.0,25.99999937415123
-484,TĐ Huội Quảng,2025-06-08 15:00:00,0.0,25.99999937415123
-484,TĐ Huội Quảng,2025-06-08 16:00:00,0.0,25.99999937415123
-484,TĐ Huội Quảng,2025-06-08 17:00:00,0.0,25.99999937415123
-484,TĐ Huội Quảng,2025-06-08 18:00:00,0.0,25.99999937415123
-484,TĐ Huội Quảng,2025-06-08 19:00:00,0.0,25.99999937415123
-484,TĐ Huội Quảng,2025-06-08 20:00:00,0.0,25.99999937415123
-484,TĐ Huội Quảng,2025-06-08 21:00:00,0.0,25.99999937415123
-484,TĐ Huội Quảng,2025-06-08 22:00:00,0.0,25.99999937415123
-484,TĐ Huội Quảng,2025-06-08 23:00:00,0.0,25.99999937415123
-484,TĐ Huội Quảng,2025-06-09 00:00:00,0.0,0.0
-484,TĐ Huội Quảng,2025-06-09 01:00:00,0.0,0.0
-484,TĐ Huội Quảng,2025-06-09 02:00:00,0.0,0.0
-484,TĐ Huội Quảng,2025-06-09 03:00:00,0.0,0.0
-484,TĐ Huội Quảng,2025-06-09 04:00:00,0.0,0.0
-484,TĐ Huội Quảng,2025-06-09 05:00:00,0.0,0.0
-484,TĐ Huội Quảng,2025-06-09 06:00:00,0.0,0.0
-484,TĐ Huội Quảng,2025-06-09 07:00:00,0.0,0.0
-484,TĐ Huội Quảng,2025-06-09 08:00:00,0.0,0.0
-484,TĐ Huội Quảng,2025-06-09 09:00:00,0.0,0.0
-484,TĐ Huội Quảng,2025-06-09 10:00:00,0.0,0.0
-484,TĐ Huội Quảng,2025-06-09 11:00:00,0.0,0.0
-484,TĐ Huội Quảng,2025-06-09 12:00:00,0.0,0.0
-484,TĐ Huội Quảng,2025-06-09 13:00:00,0.0,0.0
-484,TĐ Huội Quảng,2025-06-09 14:00:00,0.0,0.0
-484,TĐ Huội Quảng,2025-06-09 15:00:00,1.2000000476837158,1.2000000476837158
-484,TĐ Huội Quảng,2025-06-09 16:00:00,0.0,1.2000000476837158
-484,TĐ Huội Quảng,2025-06-09 17:00:00,0.0,1.2000000476837158
-484,TĐ Huội Quảng,2025-06-09 18:00:00,0.0,1.2000000476837158
-484,TĐ Huội Quảng,2025-06-09 19:00:00,0.0,1.2000000476837158
-484,TĐ Huội Quảng,2025-06-09 20:00:00,0.0,1.2000000476837158
-484,TĐ Huội Quảng,2025-06-09 21:00:00,0.0,1.2000000476837158
-484,TĐ Huội Quảng,2025-06-09 22:00:00,0.0,1.2000000476837158
-484,TĐ Huội Quảng,2025-06-09 23:00:00,0.0,1.2000000476837158
-484,TĐ Huội Quảng,2025-06-10 00:00:00,0.0,0.0
-484,TĐ Huội Quảng,2025-06-10 01:00:00,0.0,0.0
-484,TĐ Huội Quảng,2025-06-10 02:00:00,2.799999952316284,2.799999952316284
-484,TĐ Huội Quảng,2025-06-10 03:00:00,17.799999237060547,20.59999918937683
-484,TĐ Huội Quảng,2025-06-10 04:00:00,11.0,31.59999918937683
-484,TĐ Huội Quảng,2025-06-10 05:00:00,5.800000190734863,37.399999380111694
-484,TĐ Huội Quảng,2025-06-10 06:00:00,7.400000095367432,44.799999475479126
-484,TĐ Huội Quảng,2025-06-10 07:00:00,4.800000190734863,49.59999966621399
-484,TĐ Huội Quảng,2025-06-10 08:00:00,3.200000047683716,52.799999713897705
-484,TĐ Huội Quảng,2025-06-10 09:00:00,2.799999952316284,55.59999966621399
-484,TĐ Huội Quảng,2025-06-10 10:00:00,2.200000047683716,57.799999713897705
-484,TĐ Huội Quảng,2025-06-10 11:00:00,0.4000000059604645,58.19999971985817
-484,TĐ Huội Quảng,2025-06-10 12:00:00,0.0,58.19999971985817
-484,TĐ Huội Quảng,2025-06-10 13:00:00,0.0,58.19999971985817
-484,TĐ Huội Quảng,2025-06-10 14:00:00,8.399999618530273,66.59999933838844
-484,TĐ Huội Quảng,2025-06-10 15:00:00,4.0,70.59999933838844
-484,TĐ Huội Quảng,2025-06-10 16:00:00,1.7999999523162842,72.39999929070473
-484,TĐ Huội Quảng,2025-06-10 17:00:00,0.0,72.39999929070473
-484,TĐ Huội Quảng,2025-06-10 18:00:00,0.0,72.39999929070473
-484,TĐ Huội Quảng,2025-06-10 19:00:00,0.0,72.39999929070473
-484,TĐ Huội Quảng,2025-06-10 20:00:00,0.0,72.39999929070473
-484,TĐ Huội Quảng,2025-06-10 21:00:00,0.0,72.39999929070473
-484,TĐ Huội Quảng,2025-06-10 22:00:00,0.0,72.39999929070473
-484,TĐ Huội Quảng,2025-06-10 23:00:00,0.0,72.39999929070473
-484,TĐ Huội Quảng,2025-06-11 00:00:00,0.0,0.0
-484,TĐ Huội Quảng,2025-06-11 01:00:00,0.0,0.0
-484,TĐ Huội Quảng,2025-06-11 02:00:00,0.0,0.0
-484,TĐ Huội Quảng,2025-06-11 03:00:00,0.0,0.0
-484,TĐ Huội Quảng,2025-06-11 04:00:00,0.0,0.0
-484,TĐ Huội Quảng,2025-06-11 05:00:00,0.0,0.0
-484,TĐ Huội Quảng,2025-06-11 06:00:00,0.0,0.0
-484,TĐ Huội Quảng,2025-06-11 07:00:00,0.0,0.0
-484,TĐ Huội Quảng,2025-06-11 08:00:00,0.0,0.0
-484,TĐ Huội Quảng,2025-06-11 09:00:00,0.0,0.0
-484,TĐ Huội Quảng,2025-06-11 10:00:00,0.0,0.0
-484,TĐ Huội Quảng,2025-06-11 11:00:00,0.0,0.0
-484,TĐ Huội Quảng,2025-06-11 12:00:00,0.0,0.0
-484,TĐ Huội Quảng,2025-06-11 13:00:00,0.0,0.0
-484,TĐ Huội Quảng,2025-06-11 14:00:00,0.0,0.0
-484,TĐ Huội Quảng,2025-06-11 15:00:00,0.0,0.0
-484,TĐ Huội Quảng,2025-06-11 16:00:00,0.0,0.0
-484,TĐ Huội Quảng,2025-06-11 17:00:00,0.0,0.0
-484,TĐ Huội Quảng,2025-06-11 18:00:00,0.0,0.0
-484,TĐ Huội Quảng,2025-06-11 19:00:00,0.0,0.0
-484,TĐ Huội Quảng,2025-06-11 20:00:00,0.0,0.0
-484,TĐ Huội Quảng,2025-06-11 21:00:00,0.0,0.0
-484,TĐ Huội Quảng,2025-06-11 22:00:00,0.0,0.0
-484,TĐ Huội Quảng,2025-06-11 23:00:00,0.0,0.0
-484,TĐ Huội Quảng,2025-06-12 00:00:00,0.0,0.0
-484,TĐ Huội Quảng,2025-06-12 01:00:00,0.0,0.0
-484,TĐ Huội Quảng,2025-06-12 02:00:00,0.0,0.0
-484,TĐ Huội Quảng,2025-06-12 03:00:00,0.0,0.0
-484,TĐ Huội Quảng,2025-06-12 04:00:00,0.0,0.0
-484,TĐ Huội Quảng,2025-06-12 05:00:00,0.0,0.0
-484,TĐ Huội Quảng,2025-06-12 06:00:00,0.0,0.0
-484,TĐ Huội Quảng,2025-06-12 07:00:00,0.0,0.0
-484,TĐ Huội Quảng,2025-06-12 08:00:00,0.0,0.0
-484,TĐ Huội Quảng,2025-06-12 09:00:00,0.0,0.0
-484,TĐ Huội Quảng,2025-06-12 10:00:00,0.0,0.0
-484,TĐ Huội Quảng,2025-06-12 11:00:00,0.0,0.0
-484,TĐ Huội Quảng,2025-06-12 12:00:00,0.0,0.0
-484,TĐ Huội Quảng,2025-06-12 13:00:00,0.0,0.0
-484,TĐ Huội Quảng,2025-06-12 14:00:00,0.0,0.0
-484,TĐ Huội Quảng,2025-06-12 15:00:00,0.0,0.0
-484,TĐ Huội Quảng,2025-06-12 16:00:00,0.0,0.0
-484,TĐ Huội Quảng,2025-06-12 17:00:00,0.0,0.0
-484,TĐ Huội Quảng,2025-06-12 18:00:00,0.0,0.0
-484,TĐ Huội Quảng,2025-06-12 19:00:00,0.0,0.0
-484,TĐ Huội Quảng,2025-06-12 20:00:00,0.0,0.0
-484,TĐ Huội Quảng,2025-06-12 21:00:00,0.0,0.0
-484,TĐ Huội Quảng,2025-06-12 22:00:00,0.0,0.0
-484,TĐ Huội Quảng,2025-06-12 23:00:00,0.0,0.0
-484,TĐ Huội Quảng,2025-06-13 00:00:00,0.0,0.0
-484,TĐ Huội Quảng,2025-06-13 01:00:00,0.0,0.0
-484,TĐ Huội Quảng,2025-06-13 02:00:00,0.0,0.0
-484,TĐ Huội Quảng,2025-06-13 03:00:00,0.0,0.0
-484,TĐ Huội Quảng,2025-06-13 04:00:00,0.0,0.0
-484,TĐ Huội Quảng,2025-06-13 05:00:00,0.0,0.0
-484,TĐ Huội Quảng,2025-06-13 06:00:00,0.0,0.0
-484,TĐ Huội Quảng,2025-06-13 07:00:00,0.0,0.0
-484,TĐ Huội Quảng,2025-06-13 08:00:00,0.0,0.0
-484,TĐ Huội Quảng,2025-06-13 09:00:00,0.0,0.0
-484,TĐ Huội Quảng,2025-06-13 10:00:00,0.0,0.0
-484,TĐ Huội Quảng,2025-06-13 11:00:00,0.0,0.0
-484,TĐ Huội Quảng,2025-06-13 12:00:00,0.0,0.0
-484,TĐ Huội Quảng,2025-06-13 13:00:00,0.0,0.0
-484,TĐ Huội Quảng,2025-06-13 14:00:00,0.0,0.0
-484,TĐ Huội Quảng,2025-06-13 15:00:00,0.0,0.0
-484,TĐ Huội Quảng,2025-06-13 16:00:00,0.0,0.0
-484,TĐ Huội Quảng,2025-06-13 17:00:00,0.0,0.0
-484,TĐ Huội Quảng,2025-06-13 18:00:00,0.0,0.0
-484,TĐ Huội Quảng,2025-06-13 19:00:00,0.0,0.0
-484,TĐ Huội Quảng,2025-06-13 20:00:00,0.0,0.0
-484,TĐ Huội Quảng,2025-06-13 21:00:00,0.0,0.0
-484,TĐ Huội Quảng,2025-06-13 22:00:00,0.0,0.0
-484,TĐ Huội Quảng,2025-06-13 23:00:00,0.0,0.0
-484,TĐ Huội Quảng,2025-06-14 00:00:00,0.0,0.0
-484,TĐ Huội Quảng,2025-06-14 01:00:00,0.0,0.0
-484,TĐ Huội Quảng,2025-06-14 02:00:00,0.0,0.0
-484,TĐ Huội Quảng,2025-06-14 03:00:00,0.0,0.0
-484,TĐ Huội Quảng,2025-06-14 04:00:00,2.5999999046325684,2.5999999046325684
-484,TĐ Huội Quảng,2025-06-14 05:00:00,0.0,2.5999999046325684
-484,TĐ Huội Quảng,2025-06-14 06:00:00,0.0,2.5999999046325684
-484,TĐ Huội Quảng,2025-06-14 07:00:00,0.0,2.5999999046325684
-484,TĐ Huội Quảng,2025-06-14 08:00:00,0.0,2.5999999046325684
-484,TĐ Huội Quảng,2025-06-14 09:00:00,0.0,2.5999999046325684
-484,TĐ Huội Quảng,2025-06-14 10:00:00,0.0,2.5999999046325684
-484,TĐ Huội Quảng,2025-06-14 11:00:00,0.0,2.5999999046325684
-484,TĐ Huội Quảng,2025-06-14 12:00:00,0.0,2.5999999046325684
-484,TĐ Huội Quảng,2025-06-14 13:00:00,0.0,2.5999999046325684
-484,TĐ Huội Quảng,2025-06-14 14:00:00,0.0,2.5999999046325684
-484,TĐ Huội Quảng,2025-06-14 15:00:00,0.0,2.5999999046325684
-484,TĐ Huội Quảng,2025-06-14 16:00:00,0.0,2.5999999046325684
-484,TĐ Huội Quảng,2025-06-14 17:00:00,0.0,2.5999999046325684
-484,TĐ Huội Quảng,2025-06-14 18:00:00,0.0,2.5999999046325684
-484,TĐ Huội Quảng,2025-06-14 19:00:00,0.0,2.5999999046325684
-484,TĐ Huội Quảng,2025-06-14 20:00:00,0.0,2.5999999046325684
-484,TĐ Huội Quảng,2025-06-14 21:00:00,0.0,2.5999999046325684
-484,TĐ Huội Quảng,2025-06-14 22:00:00,0.0,2.5999999046325684
-484,TĐ Huội Quảng,2025-06-14 23:00:00,0.0,2.5999999046325684
-484,TĐ Huội Quảng,2025-06-15 00:00:00,0.0,0.0
-484,TĐ Huội Quảng,2025-06-15 01:00:00,0.0,0.0
-484,TĐ Huội Quảng,2025-06-15 02:00:00,0.0,0.0
-484,TĐ Huội Quảng,2025-06-15 03:00:00,0.0,0.0
-484,TĐ Huội Quảng,2025-06-15 04:00:00,0.0,0.0
-484,TĐ Huội Quảng,2025-06-15 05:00:00,0.0,0.0
-484,TĐ Huội Quảng,2025-06-15 06:00:00,0.0,0.0
-484,TĐ Huội Quảng,2025-06-15 07:00:00,0.0,0.0
-484,TĐ Huội Quảng,2025-06-15 08:00:00,0.0,0.0
-484,TĐ Huội Quảng,2025-06-15 09:00:00,0.0,0.0
-484,TĐ Huội Quảng,2025-06-15 10:00:00,0.0,0.0
-484,TĐ Huội Quảng,2025-06-15 11:00:00,0.0,0.0
-484,TĐ Huội Quảng,2025-06-15 12:00:00,0.0,0.0
-484,TĐ Huội Quảng,2025-06-15 13:00:00,0.0,0.0
-484,TĐ Huội Quảng,2025-06-15 14:00:00,0.20000000298023224,0.20000000298023224
-484,TĐ Huội Quảng,2025-06-15 15:00:00,0.0,0.20000000298023224
-484,TĐ Huội Quảng,2025-06-15 16:00:00,0.0,0.20000000298023224
-484,TĐ Huội Quảng,2025-06-15 17:00:00,0.0,0.20000000298023224
-484,TĐ Huội Quảng,2025-06-15 18:00:00,0.0,0.20000000298023224
-484,TĐ Huội Quảng,2025-06-15 19:00:00,0.0,0.20000000298023224
-484,TĐ Huội Quảng,2025-06-15 20:00:00,0.0,0.20000000298023224
-484,TĐ Huội Quảng,2025-06-15 21:00:00,0.0,0.20000000298023224
-484,TĐ Huội Quảng,2025-06-15 22:00:00,0.0,0.20000000298023224
-484,TĐ Huội Quảng,2025-06-15 23:00:00,0.0,0.20000000298023224
-484,TĐ Huội Quảng,2025-06-16 00:00:00,0.0,0.0
-484,TĐ Huội Quảng,2025-06-16 01:00:00,0.0,0.0
-484,TĐ Huội Quảng,2025-06-16 02:00:00,0.0,0.0
-484,TĐ Huội Quảng,2025-06-16 03:00:00,0.20000000298023224,0.20000000298023224
-484,TĐ Huội Quảng,2025-06-16 04:00:00,3.4000000953674316,3.600000098347664
-484,TĐ Huội Quảng,2025-06-16 05:00:00,5.0,8.600000098347664
-484,TĐ Huội Quảng,2025-06-16 06:00:00,3.5999999046325684,12.200000002980232
-484,TĐ Huội Quảng,2025-06-16 07:00:00,0.20000000298023224,12.400000005960464
-484,TĐ Huội Quảng,2025-06-16 08:00:00,0.0,12.400000005960464
-484,TĐ Huội Quảng,2025-06-16 09:00:00,0.0,12.400000005960464
-484,TĐ Huội Quảng,2025-06-16 10:00:00,0.0,12.400000005960464
-484,TĐ Huội Quảng,2025-06-16 11:00:00,0.0,12.400000005960464
-484,TĐ Huội Quảng,2025-06-16 12:00:00,0.0,12.400000005960464
-484,TĐ Huội Quảng,2025-06-16 13:00:00,0.0,12.400000005960464
-484,TĐ Huội Quảng,2025-06-16 14:00:00,0.0,12.400000005960464
-484,TĐ Huội Quảng,2025-06-16 15:00:00,0.0,12.400000005960464
-484,TĐ Huội Quảng,2025-06-16 16:00:00,0.0,12.400000005960464
-484,TĐ Huội Quảng,2025-06-16 17:00:00,0.0,12.400000005960464
-484,TĐ Huội Quảng,2025-06-16 18:00:00,2.200000047683716,14.60000005364418
-484,TĐ Huội Quảng,2025-06-16 19:00:00,4.800000190734863,19.400000244379044
-484,TĐ Huội Quảng,2025-06-16 20:00:00,0.0,19.400000244379044
-484,TĐ Huội Quảng,2025-06-16 21:00:00,0.0,19.400000244379044
-484,TĐ Huội Quảng,2025-06-16 22:00:00,0.0,19.400000244379044
-484,TĐ Huội Quảng,2025-06-16 23:00:00,0.0,19.400000244379044
-484,TĐ Huội Quảng,2025-06-17 00:00:00,0.0,0.0
-484,TĐ Huội Quảng,2025-06-17 01:00:00,0.0,0.0
-484,TĐ Huội Quảng,2025-06-17 02:00:00,0.0,0.0
-484,TĐ Huội Quảng,2025-06-17 03:00:00,0.0,0.0
-484,TĐ Huội Quảng,2025-06-17 04:00:00,0.0,0.0
-484,TĐ Huội Quảng,2025-06-17 05:00:00,2.0,2.0
-484,TĐ Huội Quảng,2025-06-17 06:00:00,1.0,3.0
-484,TĐ Huội Quảng,2025-06-17 07:00:00,0.0,3.0
-484,TĐ Huội Quảng,2025-06-17 08:00:00,0.0,3.0
-484,TĐ Huội Quảng,2025-06-17 09:00:00,0.0,3.0
-484,TĐ Huội Quảng,2025-06-17 10:00:00,0.0,3.0
-484,TĐ Huội Quảng,2025-06-17 11:00:00,0.0,3.0
-484,TĐ Huội Quảng,2025-06-17 12:00:00,0.0,3.0
-484,TĐ Huội Quảng,2025-06-17 13:00:00,0.0,3.0
-484,TĐ Huội Quảng,2025-06-17 14:00:00,0.20000000298023224,3.2000000029802322
-484,TĐ Huội Quảng,2025-06-17 15:00:00,0.0,3.2000000029802322
-484,TĐ Huội Quảng,2025-06-17 16:00:00,0.0,3.2000000029802322
-484,TĐ Huội Quảng,2025-06-17 17:00:00,0.0,3.2000000029802322
-484,TĐ Huội Quảng,2025-06-17 18:00:00,0.0,3.2000000029802322
-484,TĐ Huội Quảng,2025-06-17 19:00:00,0.0,3.2000000029802322
-484,TĐ Huội Quảng,2025-06-17 20:00:00,0.0,3.2000000029802322
-484,TĐ Huội Quảng,2025-06-17 21:00:00,0.0,3.2000000029802322
-484,TĐ Huội Quảng,2025-06-17 22:00:00,0.0,3.2000000029802322
-484,TĐ Huội Quảng,2025-06-17 23:00:00,0.0,3.2000000029802322
-484,TĐ Huội Quảng,2025-06-18 00:00:00,0.0,0.0
-484,TĐ Huội Quảng,2025-06-18 01:00:00,0.0,0.0
-484,TĐ Huội Quảng,2025-06-18 02:00:00,0.0,0.0
-484,TĐ Huội Quảng,2025-06-18 03:00:00,1.7999999523162842,1.7999999523162842
-484,TĐ Huội Quảng,2025-06-18 04:00:00,2.799999952316284,4.599999904632568
-484,TĐ Huội Quảng,2025-06-18 05:00:00,0.0,4.599999904632568
-484,TĐ Huội Quảng,2025-06-18 06:00:00,2.799999952316284,7.3999998569488525
-484,TĐ Huội Quảng,2025-06-18 07:00:00,2.799999952316284,10.199999809265137
-484,TĐ Huội Quảng,2025-06-18 08:00:00,0.0,10.199999809265137
-484,TĐ Huội Quảng,2025-06-18 09:00:00,0.0,10.199999809265137
-484,TĐ Huội Quảng,2025-06-18 10:00:00,0.0,10.199999809265137
-484,TĐ Huội Quảng,2025-06-18 11:00:00,0.0,10.199999809265137
-484,TĐ Huội Quảng,2025-06-18 12:00:00,0.0,10.199999809265137
-484,TĐ Huội Quảng,2025-06-18 13:00:00,0.0,10.199999809265137
-484,TĐ Huội Quảng,2025-06-18 14:00:00,0.0,10.199999809265137
-484,TĐ Huội Quảng,2025-06-18 15:00:00,0.0,10.199999809265137
-484,TĐ Huội Quảng,2025-06-18 16:00:00,0.0,10.199999809265137
-484,TĐ Huội Quảng,2025-06-18 17:00:00,0.0,10.199999809265137
-484,TĐ Huội Quảng,2025-06-18 18:00:00,0.0,10.199999809265137
-484,TĐ Huội Quảng,2025-06-18 19:00:00,0.0,10.199999809265137
-484,TĐ Huội Quảng,2025-06-18 20:00:00,0.0,10.199999809265137
-484,TĐ Huội Quảng,2025-06-18 21:00:00,0.0,10.199999809265137
-484,TĐ Huội Quảng,2025-06-18 22:00:00,0.0,10.199999809265137
-484,TĐ Huội Quảng,2025-06-18 23:00:00,0.0,10.199999809265137
-484,TĐ Huội Quảng,2025-06-19 00:00:00,0.0,0.0
-484,TĐ Huội Quảng,2025-06-19 01:00:00,0.0,0.0
-484,TĐ Huội Quảng,2025-06-19 02:00:00,0.0,0.0
-484,TĐ Huội Quảng,2025-06-19 03:00:00,0.0,0.0
-484,TĐ Huội Quảng,2025-06-19 04:00:00,1.7999999523162842,1.7999999523162842
-484,TĐ Huội Quảng,2025-06-19 05:00:00,2.5999999046325684,4.3999998569488525
-484,TĐ Huội Quảng,2025-06-19 06:00:00,0.20000000298023224,4.599999859929085
-484,TĐ Huội Quảng,2025-06-19 07:00:00,0.0,4.599999859929085
-484,TĐ Huội Quảng,2025-06-19 08:00:00,0.20000000298023224,4.799999862909317
-484,TĐ Huội Quảng,2025-06-19 09:00:00,0.20000000298023224,4.999999865889549
-484,TĐ Huội Quảng,2025-06-19 10:00:00,0.0,4.999999865889549
-484,TĐ Huội Quảng,2025-06-19 11:00:00,0.0,4.999999865889549
-484,TĐ Huội Quảng,2025-06-19 12:00:00,0.0,4.999999865889549
-484,TĐ Huội Quảng,2025-06-19 13:00:00,0.0,4.999999865889549
-484,TĐ Huội Quảng,2025-06-19 14:00:00,0.20000000298023224,5.1999998688697815
-484,TĐ Huội Quảng,2025-06-19 15:00:00,0.0,5.1999998688697815
-484,TĐ Huội Quảng,2025-06-19 16:00:00,0.0,5.1999998688697815
-484,TĐ Huội Quảng,2025-06-19 17:00:00,0.0,5.1999998688697815
-484,TĐ Huội Quảng,2025-06-19 18:00:00,0.0,5.1999998688697815
-484,TĐ Huội Quảng,2025-06-19 19:00:00,0.0,5.1999998688697815
-484,TĐ Huội Quảng,2025-06-19 20:00:00,0.0,5.1999998688697815
-484,TĐ Huội Quảng,2025-06-19 21:00:00,0.0,5.1999998688697815
-484,TĐ Huội Quảng,2025-06-19 22:00:00,0.0,5.1999998688697815
-484,TĐ Huội Quảng,2025-06-19 23:00:00,0.0,5.1999998688697815
-484,TĐ Huội Quảng,2025-06-20 00:00:00,0.0,0.0
-484,TĐ Huội Quảng,2025-06-20 01:00:00,0.0,0.0
-484,TĐ Huội Quảng,2025-06-20 02:00:00,0.0,0.0
-484,TĐ Huội Quảng,2025-06-20 03:00:00,0.0,0.0
-484,TĐ Huội Quảng,2025-06-20 04:00:00,0.0,0.0
-484,TĐ Huội Quảng,2025-06-20 05:00:00,1.2000000476837158,1.2000000476837158
-484,TĐ Huội Quảng,2025-06-20 06:00:00,0.20000000298023224,1.400000050663948
-484,TĐ Huội Quảng,2025-06-20 07:00:00,0.20000000298023224,1.6000000536441803
-484,TĐ Huội Quảng,2025-06-20 08:00:00,0.0,1.6000000536441803
-484,TĐ Huội Quảng,2025-06-20 09:00:00,0.0,1.6000000536441803
-484,TĐ Huội Quảng,2025-06-20 10:00:00,0.0,1.6000000536441803
-484,TĐ Huội Quảng,2025-06-20 11:00:00,0.0,1.6000000536441803
-484,TĐ Huội Quảng,2025-06-20 12:00:00,0.0,1.6000000536441803
-484,TĐ Huội Quảng,2025-06-20 13:00:00,0.0,1.6000000536441803
-484,TĐ Huội Quảng,2025-06-20 14:00:00,0.0,1.6000000536441803
-484,TĐ Huội Quảng,2025-06-20 15:00:00,0.0,1.6000000536441803
-484,TĐ Huội Quảng,2025-06-20 16:00:00,0.0,1.6000000536441803
-484,TĐ Huội Quảng,2025-06-20 17:00:00,0.0,1.6000000536441803
-484,TĐ Huội Quảng,2025-06-20 18:00:00,0.0,1.6000000536441803
-484,TĐ Huội Quảng,2025-06-20 19:00:00,0.0,1.6000000536441803
-484,TĐ Huội Quảng,2025-06-20 20:00:00,0.0,1.6000000536441803
-484,TĐ Huội Quảng,2025-06-20 21:00:00,0.0,1.6000000536441803
-484,TĐ Huội Quảng,2025-06-20 22:00:00,0.0,1.6000000536441803
-484,TĐ Huội Quảng,2025-06-20 23:00:00,0.0,1.6000000536441803
-484,TĐ Huội Quảng,2025-06-21 00:00:00,0.0,0.0
-484,TĐ Huội Quảng,2025-06-21 01:00:00,0.0,0.0
-484,TĐ Huội Quảng,2025-06-21 02:00:00,0.0,0.0
-484,TĐ Huội Quảng,2025-06-21 03:00:00,0.0,0.0
-484,TĐ Huội Quảng,2025-06-21 04:00:00,0.0,0.0
-484,TĐ Huội Quảng,2025-06-21 05:00:00,0.0,0.0
-484,TĐ Huội Quảng,2025-06-21 06:00:00,0.0,0.0
-484,TĐ Huội Quảng,2025-06-21 07:00:00,0.4000000059604645,0.4000000059604645
-484,TĐ Huội Quảng,2025-06-21 08:00:00,0.0,0.4000000059604645
-484,TĐ Huội Quảng,2025-06-21 09:00:00,1.600000023841858,2.0000000298023224
-484,TĐ Huội Quảng,2025-06-21 10:00:00,4.0,6.000000029802322
-484,TĐ Huội Quảng,2025-06-21 11:00:00,3.799999952316284,9.799999982118607
-484,TĐ Huội Quảng,2025-06-21 12:00:00,3.4000000953674316,13.200000077486038
-484,TĐ Huội Quảng,2025-06-21 13:00:00,2.0,15.200000077486038
-484,TĐ Huội Quảng,2025-06-21 14:00:00,0.20000000298023224,15.40000008046627
-484,TĐ Huội Quảng,2025-06-21 15:00:00,0.20000000298023224,15.600000083446503
-484,TĐ Huội Quảng,2025-06-21 16:00:00,0.0,15.600000083446503
-484,TĐ Huội Quảng,2025-06-21 17:00:00,0.0,15.600000083446503
-484,TĐ Huội Quảng,2025-06-21 18:00:00,0.20000000298023224,15.800000086426735
-484,TĐ Huội Quảng,2025-06-21 19:00:00,0.0,15.800000086426735
-484,TĐ Huội Quảng,2025-06-21 20:00:00,0.0,15.800000086426735
-484,TĐ Huội Quảng,2025-06-21 21:00:00,0.0,15.800000086426735
-484,TĐ Huội Quảng,2025-06-21 22:00:00,0.0,15.800000086426735
-484,TĐ Huội Quảng,2025-06-21 23:00:00,0.0,15.800000086426735
-484,TĐ Huội Quảng,2025-06-22 00:00:00,0.0,0.0
-484,TĐ Huội Quảng,2025-06-22 01:00:00,0.0,0.0
-484,TĐ Huội Quảng,2025-06-22 02:00:00,0.0,0.0
-484,TĐ Huội Quảng,2025-06-22 03:00:00,0.800000011920929,0.800000011920929
-484,TĐ Huội Quảng,2025-06-22 04:00:00,2.200000047683716,3.0000000596046448
-484,TĐ Huội Quảng,2025-06-22 05:00:00,1.0,4.000000059604645
-484,TĐ Huội Quảng,2025-06-22 06:00:00,0.4000000059604645,4.400000065565109
-484,TĐ Huội Quảng,2025-06-22 07:00:00,0.0,4.400000065565109
-484,TĐ Huội Quảng,2025-06-22 08:00:00,0.0,4.400000065565109
-484,TĐ Huội Quảng,2025-06-22 09:00:00,0.0,4.400000065565109
-484,TĐ Huội Quảng,2025-06-22 10:00:00,0.0,4.400000065565109
-484,TĐ Huội Quảng,2025-06-22 11:00:00,0.0,4.400000065565109
-484,TĐ Huội Quảng,2025-06-22 12:00:00,0.800000011920929,5.200000077486038
-484,TĐ Huội Quảng,2025-06-22 13:00:00,1.0,6.200000077486038
-484,TĐ Huội Quảng,2025-06-22 14:00:00,0.0,6.200000077486038
-484,TĐ Huội Quảng,2025-06-22 15:00:00,0.0,6.200000077486038
-484,TĐ Huội Quảng,2025-06-22 16:00:00,0.0,6.200000077486038
-484,TĐ Huội Quảng,2025-06-22 17:00:00,0.0,6.200000077486038
-484,TĐ Huội Quảng,2025-06-22 18:00:00,0.6000000238418579,6.800000101327896
-484,TĐ Huội Quảng,2025-06-22 19:00:00,1.7999999523162842,8.60000005364418
-484,TĐ Huội Quảng,2025-06-22 20:00:00,1.399999976158142,10.000000029802322
-484,TĐ Huội Quảng,2025-06-22 21:00:00,0.800000011920929,10.800000041723251
-484,TĐ Huội Quảng,2025-06-22 22:00:00,0.0,10.800000041723251
-484,TĐ Huội Quảng,2025-06-22 23:00:00,0.0,10.800000041723251
-484,TĐ Huội Quảng,2025-06-23 00:00:00,1.0,3.199999988079071
-484,TĐ Huội Quảng,2025-06-23 01:00:00,0.6000000238418579,3.800000011920929
-484,TĐ Huội Quảng,2025-06-23 02:00:00,0.6000000238418579,4.400000035762787
-484,TĐ Huội Quảng,2025-06-23 03:00:00,0.6000000238418579,5.000000059604645
-484,TĐ Huội Quảng,2025-06-23 04:00:00,0.0,5.000000059604645
-484,TĐ Huội Quảng,2025-06-23 05:00:00,0.0,5.000000059604645
-484,TĐ Huội Quảng,2025-06-23 06:00:00,1.7999999523162842,6.800000011920929
-484,TĐ Huội Quảng,2025-06-23 07:00:00,1.2000000476837158,8.000000059604645
-484,TĐ Huội Quảng,2025-06-23 08:00:00,0.20000000298023224,8.200000062584877
-484,TĐ Huội Quảng,2025-06-23 09:00:00,0.0,8.200000062584877
-484,TĐ Huội Quảng,2025-06-23 10:00:00,0.0,8.200000062584877
-484,TĐ Huội Quảng,2025-06-23 11:00:00,0.0,8.200000062584877
-484,TĐ Huội Quảng,2025-06-23 12:00:00,0.0,8.200000062584877
-484,TĐ Huội Quảng,2025-06-23 13:00:00,0.0,8.200000062584877
-484,TĐ Huội Quảng,2025-06-23 14:00:00,0.0,8.200000062584877
-484,TĐ Huội Quảng,2025-06-23 15:00:00,0.0,8.200000062584877
-484,TĐ Huội Quảng,2025-06-23 16:00:00,0.0,8.200000062584877
-484,TĐ Huội Quảng,2025-06-23 17:00:00,0.0,8.200000062584877
-484,TĐ Huội Quảng,2025-06-23 18:00:00,0.0,8.200000062584877
-484,TĐ Huội Quảng,2025-06-23 19:00:00,0.0,8.200000062584877
-484,TĐ Huội Quảng,2025-06-23 20:00:00,0.0,8.200000062584877
-484,TĐ Huội Quảng,2025-06-23 21:00:00,0.0,8.200000062584877
-484,TĐ Huội Quảng,2025-06-23 22:00:00,0.0,8.200000062584877
-484,TĐ Huội Quảng,2025-06-23 23:00:00,0.0,8.200000062584877
-484,TĐ Huội Quảng,2025-06-24 00:00:00,0.0,0.0
-484,TĐ Huội Quảng,2025-06-24 01:00:00,0.0,0.0
-484,TĐ Huội Quảng,2025-06-24 02:00:00,0.0,0.0
-484,TĐ Huội Quảng,2025-06-24 03:00:00,0.0,0.0
-484,TĐ Huội Quảng,2025-06-24 04:00:00,0.0,0.0
-484,TĐ Huội Quảng,2025-06-24 05:00:00,0.0,0.0
-484,TĐ Huội Quảng,2025-06-24 06:00:00,0.0,0.0
-484,TĐ Huội Quảng,2025-06-24 07:00:00,0.0,0.0
-484,TĐ Huội Quảng,2025-06-24 08:00:00,0.0,0.0
-484,TĐ Huội Quảng,2025-06-24 09:00:00,0.0,0.0
-484,TĐ Huội Quảng,2025-06-24 10:00:00,0.0,0.0
-484,TĐ Huội Quảng,2025-06-24 11:00:00,0.0,0.0
-484,TĐ Huội Quảng,2025-06-24 12:00:00,0.0,0.0
-484,TĐ Huội Quảng,2025-06-24 13:00:00,0.0,0.0
-484,TĐ Huội Quảng,2025-06-24 14:00:00,0.0,0.0
-484,TĐ Huội Quảng,2025-06-24 15:00:00,0.0,0.0
-484,TĐ Huội Quảng,2025-06-24 16:00:00,0.0,0.0
-484,TĐ Huội Quảng,2025-06-24 17:00:00,0.0,0.0
-484,TĐ Huội Quảng,2025-06-24 18:00:00,0.0,0.0
-484,TĐ Huội Quảng,2025-06-24 19:00:00,0.0,0.0
-484,TĐ Huội Quảng,2025-06-24 20:00:00,0.0,0.0
-484,TĐ Huội Quảng,2025-06-24 21:00:00,0.0,0.0
-484,TĐ Huội Quảng,2025-06-24 22:00:00,0.0,0.0
-484,TĐ Huội Quảng,2025-06-24 23:00:00,0.0,0.0
-484,TĐ Huội Quảng,2025-06-25 00:00:00,0.0,0.0
-484,TĐ Huội Quảng,2025-06-25 01:00:00,6.599999904632568,6.599999904632568
-484,TĐ Huội Quảng,2025-06-25 02:00:00,0.800000011920929,7.399999916553497
-484,TĐ Huội Quảng,2025-06-25 03:00:00,4.599999904632568,11.999999821186066
-484,TĐ Huội Quảng,2025-06-25 04:00:00,2.799999952316284,14.79999977350235
-484,TĐ Huội Quảng,2025-06-25 05:00:00,0.0,14.79999977350235
-484,TĐ Huội Quảng,2025-06-25 06:00:00,0.0,14.79999977350235
-484,TĐ Huội Quảng,2025-06-25 07:00:00,0.0,14.79999977350235
-484,TĐ Huội Quảng,2025-06-25 08:00:00,0.20000000298023224,14.999999776482582
-484,TĐ Huội Quảng,2025-06-25 09:00:00,2.200000047683716,17.199999824166298
-484,TĐ Huội Quảng,2025-06-25 10:00:00,0.20000000298023224,17.39999982714653
-484,TĐ Huội Quảng,2025-06-25 11:00:00,0.0,17.39999982714653
-484,TĐ Huội Quảng,2025-06-25 12:00:00,0.0,17.39999982714653
-484,TĐ Huội Quảng,2025-06-25 13:00:00,0.0,17.39999982714653
-484,TĐ Huội Quảng,2025-06-25 14:00:00,0.0,17.39999982714653
-484,TĐ Huội Quảng,2025-06-25 15:00:00,0.0,17.39999982714653
-484,TĐ Huội Quảng,2025-06-25 16:00:00,0.0,17.39999982714653
-484,TĐ Huội Quảng,2025-06-25 17:00:00,0.0,17.39999982714653
-484,TĐ Huội Quảng,2025-06-25 18:00:00,0.0,17.39999982714653
-484,TĐ Huội Quảng,2025-06-25 19:00:00,0.0,17.39999982714653
-484,TĐ Huội Quảng,2025-06-25 20:00:00,0.0,17.39999982714653
-484,TĐ Huội Quảng,2025-06-25 21:00:00,0.0,17.39999982714653
-484,TĐ Huội Quảng,2025-06-25 22:00:00,0.0,17.39999982714653
-484,TĐ Huội Quảng,2025-06-25 23:00:00,0.0,17.39999982714653
-484,TĐ Huội Quảng,2025-06-26 00:00:00,0.0,0.0
-484,TĐ Huội Quảng,2025-06-26 01:00:00,0.0,0.0
-484,TĐ Huội Quảng,2025-06-26 02:00:00,0.0,0.0
-484,TĐ Huội Quảng,2025-06-26 03:00:00,0.0,0.0
-484,TĐ Huội Quảng,2025-06-26 04:00:00,0.0,0.0
-484,TĐ Huội Quảng,2025-06-26 05:00:00,0.0,0.0
-484,TĐ Huội Quảng,2025-06-26 06:00:00,0.0,0.0
-484,TĐ Huội Quảng,2025-06-26 07:00:00,0.0,0.0
-484,TĐ Huội Quảng,2025-06-26 08:00:00,0.0,0.0
-484,TĐ Huội Quảng,2025-06-26 09:00:00,0.0,0.0
-484,TĐ Huội Quảng,2025-06-26 10:00:00,0.0,0.0
-484,TĐ Huội Quảng,2025-06-26 11:00:00,0.0,0.0
-484,TĐ Huội Quảng,2025-06-26 12:00:00,0.0,0.0
-484,TĐ Huội Quảng,2025-06-26 13:00:00,0.0,0.0
-484,TĐ Huội Quảng,2025-06-26 14:00:00,0.0,0.0
-484,TĐ Huội Quảng,2025-06-26 15:00:00,0.0,0.0
-484,TĐ Huội Quảng,2025-06-26 16:00:00,0.0,0.0
-484,TĐ Huội Quảng,2025-06-26 17:00:00,0.0,0.0
-484,TĐ Huội Quảng,2025-06-26 18:00:00,0.0,0.0
-484,TĐ Huội Quảng,2025-06-26 19:00:00,0.0,0.0
-484,TĐ Huội Quảng,2025-06-26 20:00:00,0.0,0.0
-484,TĐ Huội Quảng,2025-06-26 21:00:00,0.0,0.0
-484,TĐ Huội Quảng,2025-06-26 22:00:00,0.0,0.0
-484,TĐ Huội Quảng,2025-06-26 23:00:00,0.0,0.0
-484,TĐ Huội Quảng,2025-06-27 00:00:00,0.0,0.0
-484,TĐ Huội Quảng,2025-06-27 01:00:00,0.0,0.0
-484,TĐ Huội Quảng,2025-06-27 02:00:00,0.0,0.0
-484,TĐ Huội Quảng,2025-06-27 03:00:00,0.4000000059604645,0.4000000059604645
-484,TĐ Huội Quảng,2025-06-27 04:00:00,0.4000000059604645,0.800000011920929
-484,TĐ Huội Quảng,2025-06-27 05:00:00,6.199999809265137,6.999999821186066
-484,TĐ Huội Quảng,2025-06-27 06:00:00,8.800000190734863,15.800000011920929
-484,TĐ Huội Quảng,2025-06-27 07:00:00,0.6000000238418579,16.400000035762787
-484,TĐ Huội Quảng,2025-06-27 08:00:00,0.0,16.400000035762787
-484,TĐ Huội Quảng,2025-06-27 09:00:00,0.0,16.400000035762787
-484,TĐ Huội Quảng,2025-06-27 10:00:00,3.4000000953674316,19.80000013113022
-484,TĐ Huội Quảng,2025-06-27 11:00:00,3.4000000953674316,23.20000022649765
-484,TĐ Huội Quảng,2025-06-27 12:00:00,0.20000000298023224,23.400000229477882
-484,TĐ Huội Quảng,2025-06-27 13:00:00,0.0,23.400000229477882
-484,TĐ Huội Quảng,2025-06-27 14:00:00,0.0,23.400000229477882
-484,TĐ Huội Quảng,2025-06-27 15:00:00,0.0,23.400000229477882
-484,TĐ Huội Quảng,2025-06-27 16:00:00,0.0,23.400000229477882
-484,TĐ Huội Quảng,2025-06-27 17:00:00,0.20000000298023224,23.600000232458115
-484,TĐ Huội Quảng,2025-06-27 18:00:00,0.800000011920929,24.400000244379044
-484,TĐ Huội Quảng,2025-06-27 19:00:00,0.0,24.400000244379044
-484,TĐ Huội Quảng,2025-06-27 20:00:00,0.0,24.400000244379044
-484,TĐ Huội Quảng,2025-06-27 21:00:00,0.0,24.400000244379044
-484,TĐ Huội Quảng,2025-06-27 22:00:00,0.0,24.400000244379044
-484,TĐ Huội Quảng,2025-06-27 23:00:00,0.0,24.400000244379044
-484,TĐ Huội Quảng,2025-06-28 00:00:00,0.0,0.0
-484,TĐ Huội Quảng,2025-06-28 01:00:00,0.0,0.0
-484,TĐ Huội Quảng,2025-06-28 02:00:00,0.0,0.0
-484,TĐ Huội Quảng,2025-06-28 03:00:00,0.0,0.0
-484,TĐ Huội Quảng,2025-06-28 04:00:00,0.6000000238418579,0.6000000238418579
-484,TĐ Huội Quảng,2025-06-28 05:00:00,0.20000000298023224,0.8000000268220901
-484,TĐ Huội Quảng,2025-06-28 06:00:00,0.0,0.8000000268220901
-484,TĐ Huội Quảng,2025-06-28 07:00:00,0.0,0.8000000268220901
-484,TĐ Huội Quảng,2025-06-28 08:00:00,0.0,0.8000000268220901
-484,TĐ Huội Quảng,2025-06-28 09:00:00,0.0,0.8000000268220901
-484,TĐ Huội Quảng,2025-06-28 10:00:00,0.0,0.8000000268220901
-484,TĐ Huội Quảng,2025-06-28 11:00:00,0.0,0.8000000268220901
-484,TĐ Huội Quảng,2025-06-28 12:00:00,0.0,0.8000000268220901
-484,TĐ Huội Quảng,2025-06-28 13:00:00,0.0,0.8000000268220901
-484,TĐ Huội Quảng,2025-06-28 14:00:00,0.0,0.8000000268220901
-484,TĐ Huội Quảng,2025-06-28 15:00:00,0.0,0.8000000268220901
-484,TĐ Huội Quảng,2025-06-28 16:00:00,12.800000190734863,13.600000217556953
-484,TĐ Huội Quảng,2025-06-28 17:00:00,7.199999809265137,20.80000002682209
-484,TĐ Huội Quảng,2025-06-28 18:00:00,0.0,20.80000002682209
-484,TĐ Huội Quảng,2025-06-28 19:00:00,0.0,20.80000002682209
-484,TĐ Huội Quảng,2025-06-28 20:00:00,0.0,20.80000002682209
-484,TĐ Huội Quảng,2025-06-28 21:00:00,0.0,20.80000002682209
-484,TĐ Huội Quảng,2025-06-28 22:00:00,0.0,20.80000002682209
-484,TĐ Huội Quảng,2025-06-28 23:00:00,0.0,20.80000002682209
-484,TĐ Huội Quảng,2025-06-29 00:00:00,0.0,0.0
-484,TĐ Huội Quảng,2025-06-29 01:00:00,0.0,0.0
-484,TĐ Huội Quảng,2025-06-29 02:00:00,0.0,0.0
-484,TĐ Huội Quảng,2025-06-29 03:00:00,0.0,0.0
-484,TĐ Huội Quảng,2025-06-29 04:00:00,0.0,0.0
-484,TĐ Huội Quảng,2025-06-29 05:00:00,0.0,0.0
-484,TĐ Huội Quảng,2025-06-29 06:00:00,0.0,0.0
-484,TĐ Huội Quảng,2025-06-29 07:00:00,0.0,0.0
-484,TĐ Huội Quảng,2025-06-29 08:00:00,0.0,0.0
-484,TĐ Huội Quảng,2025-06-29 09:00:00,0.0,0.0
-484,TĐ Huội Quảng,2025-06-29 10:00:00,0.0,0.0
-484,TĐ Huội Quảng,2025-06-29 11:00:00,0.4000000059604645,0.4000000059604645
-484,TĐ Huội Quảng,2025-06-29 12:00:00,0.0,0.4000000059604645
-484,TĐ Huội Quảng,2025-06-29 13:00:00,0.0,0.4000000059604645
-484,TĐ Huội Quảng,2025-06-29 14:00:00,4.0,4.4000000059604645
-484,TĐ Huội Quảng,2025-06-29 15:00:00,2.5999999046325684,6.999999910593033
-484,TĐ Huội Quảng,2025-06-29 16:00:00,0.0,6.999999910593033
-484,TĐ Huội Quảng,2025-06-29 17:00:00,0.0,6.999999910593033
-484,TĐ Huội Quảng,2025-06-29 18:00:00,0.6000000238418579,7.599999934434891
-484,TĐ Huội Quảng,2025-06-29 19:00:00,0.800000011920929,8.39999994635582
-484,TĐ Huội Quảng,2025-06-29 20:00:00,0.0,8.39999994635582
-484,TĐ Huội Quảng,2025-06-29 21:00:00,0.0,8.39999994635582
-484,TĐ Huội Quảng,2025-06-29 22:00:00,4.0,12.39999994635582
-484,TĐ Huội Quảng,2025-06-29 23:00:00,0.0,12.39999994635582
-484,TĐ Huội Quảng,2025-06-30 00:00:00,0.0,4.0
-484,TĐ Huội Quảng,2025-06-30 01:00:00,0.0,4.0
-484,TĐ Huội Quảng,2025-06-30 02:00:00,0.0,4.0
-484,TĐ Huội Quảng,2025-06-30 03:00:00,0.0,4.0
-484,TĐ Huội Quảng,2025-06-30 04:00:00,0.0,4.0
-484,TĐ Huội Quảng,2025-06-30 05:00:00,0.0,4.0
-484,TĐ Huội Quảng,2025-06-30 06:00:00,0.0,4.0
-484,TĐ Huội Quảng,2025-06-30 07:00:00,0.0,4.0
-484,TĐ Huội Quảng,2025-06-30 08:00:00,0.0,4.0
-484,TĐ Huội Quảng,2025-06-30 09:00:00,0.0,4.0
-484,TĐ Huội Quảng,2025-06-30 10:00:00,0.0,4.0
-484,TĐ Huội Quảng,2025-06-30 11:00:00,0.0,4.0
-484,TĐ Huội Quảng,2025-06-30 12:00:00,0.0,4.0
-484,TĐ Huội Quảng,2025-06-30 13:00:00,0.0,4.0
-484,TĐ Huội Quảng,2025-06-30 14:00:00,0.0,4.0
-484,TĐ Huội Quảng,2025-06-30 15:00:00,0.0,4.0
-484,TĐ Huội Quảng,2025-06-30 16:00:00,0.0,4.0
-484,TĐ Huội Quảng,2025-06-30 17:00:00,0.0,4.0
-484,TĐ Huội Quảng,2025-06-30 18:00:00,0.0,4.0
-484,TĐ Huội Quảng,2025-06-30 19:00:00,1.600000023841858,5.600000023841858
-484,TĐ Huội Quảng,2025-06-30 20:00:00,2.5999999046325684,8.199999928474426
-484,TĐ Huội Quảng,2025-06-30 21:00:00,0.4000000059604645,8.59999993443489
-484,TĐ Huội Quảng,2025-06-30 22:00:00,0.800000011920929,9.39999994635582
-484,TĐ Huội Quảng,2025-06-30 23:00:00,2.200000047683716,11.599999994039536
-484,TĐ Huội Quảng,2025-07-01 00:00:00,1.2000000476837158,7.200000017881393
-484,TĐ Huội Quảng,2025-07-01 01:00:00,0.0,7.200000017881393
-484,TĐ Huội Quảng,2025-07-01 02:00:00,0.0,7.200000017881393
-484,TĐ Huội Quảng,2025-07-01 03:00:00,0.0,7.200000017881393
-484,TĐ Huội Quảng,2025-07-01 04:00:00,0.0,7.200000017881393
-484,TĐ Huội Quảng,2025-07-01 05:00:00,3.200000047683716,10.40000006556511
-484,TĐ Huội Quảng,2025-07-01 06:00:00,9.800000190734863,20.200000256299973
-484,TĐ Huội Quảng,2025-07-01 07:00:00,3.0,23.200000256299973
-484,TĐ Huội Quảng,2025-07-01 08:00:00,2.0,25.200000256299973
-484,TĐ Huội Quảng,2025-07-01 09:00:00,1.600000023841858,26.80000028014183
-484,TĐ Huội Quảng,2025-07-01 10:00:00,0.800000011920929,27.60000029206276
-484,TĐ Huội Quảng,2025-07-01 11:00:00,0.0,27.60000029206276
-484,TĐ Huội Quảng,2025-07-01 12:00:00,0.4000000059604645,28.000000298023224
-484,TĐ Huội Quảng,2025-07-01 13:00:00,1.2000000476837158,29.20000034570694
-484,TĐ Huội Quảng,2025-07-01 14:00:00,1.399999976158142,30.600000321865082
-484,TĐ Huội Quảng,2025-07-01 15:00:00,1.399999976158142,32.000000298023224
-484,TĐ Huội Quảng,2025-07-01 16:00:00,0.0,32.000000298023224
-484,TĐ Huội Quảng,2025-07-01 17:00:00,0.0,32.000000298023224
-484,TĐ Huội Quảng,2025-07-01 18:00:00,0.0,32.000000298023224
-484,TĐ Huội Quảng,2025-07-01 19:00:00,0.0,32.000000298023224
-484,TĐ Huội Quảng,2025-07-01 20:00:00,0.0,32.000000298023224
-484,TĐ Huội Quảng,2025-07-01 21:00:00,0.0,32.000000298023224
-484,TĐ Huội Quảng,2025-07-01 22:00:00,0.20000000298023224,32.200000301003456
-484,TĐ Huội Quảng,2025-07-01 23:00:00,0.0,32.200000301003456
-484,TĐ Huội Quảng,2025-07-02 00:00:00,0.0,0.20000000298023224
-484,TĐ Huội Quảng,2025-07-02 01:00:00,0.20000000298023224,0.4000000059604645
-484,TĐ Huội Quảng,2025-07-02 02:00:00,0.0,0.4000000059604645
-484,TĐ Huội Quảng,2025-07-02 03:00:00,0.0,0.4000000059604645
-484,TĐ Huội Quảng,2025-07-02 04:00:00,0.0,0.4000000059604645
-484,TĐ Huội Quảng,2025-07-02 05:00:00,0.0,0.4000000059604645
-484,TĐ Huội Quảng,2025-07-02 06:00:00,0.0,0.4000000059604645
-484,TĐ Huội Quảng,2025-07-02 07:00:00,0.0,0.4000000059604645
-484,TĐ Huội Quảng,2025-07-02 08:00:00,0.0,0.4000000059604645
-484,TĐ Huội Quảng,2025-07-02 09:00:00,0.0,0.4000000059604645
-484,TĐ Huội Quảng,2025-07-02 10:00:00,0.0,0.4000000059604645
-484,TĐ Huội Quảng,2025-07-02 11:00:00,0.0,0.4000000059604645
-484,TĐ Huội Quảng,2025-07-02 12:00:00,0.0,0.4000000059604645
-484,TĐ Huội Quảng,2025-07-02 13:00:00,0.0,0.4000000059604645
-484,TĐ Huội Quảng,2025-07-02 14:00:00,0.0,0.4000000059604645
-484,TĐ Huội Quảng,2025-07-02 15:00:00,0.0,0.4000000059604645
-484,TĐ Huội Quảng,2025-07-02 16:00:00,0.0,0.4000000059604645
-484,TĐ Huội Quảng,2025-07-02 17:00:00,6.800000190734863,7.200000196695328
-484,TĐ Huội Quảng,2025-07-02 18:00:00,2.5999999046325684,9.800000101327896
-484,TĐ Huội Quảng,2025-07-02 19:00:00,4.800000190734863,14.60000029206276
-484,TĐ Huội Quảng,2025-07-02 20:00:00,3.0,17.60000029206276
-484,TĐ Huội Quảng,2025-07-02 21:00:00,1.600000023841858,19.200000315904617
-484,TĐ Huội Quảng,2025-07-02 22:00:00,0.800000011920929,20.000000327825546
-484,TĐ Huội Quảng,2025-07-02 23:00:00,0.0,20.000000327825546
-484,TĐ Huội Quảng,2025-07-03 00:00:00,0.0,5.400000035762787
-484,TĐ Huội Quảng,2025-07-03 01:00:00,0.0,5.400000035762787
-484,TĐ Huội Quảng,2025-07-03 02:00:00,0.0,5.400000035762787
-484,TĐ Huội Quảng,2025-07-03 03:00:00,0.0,5.400000035762787
-484,TĐ Huội Quảng,2025-07-03 04:00:00,0.0,5.400000035762787
-484,TĐ Huội Quảng,2025-07-03 05:00:00,0.0,5.400000035762787
-484,TĐ Huội Quảng,2025-07-03 06:00:00,0.0,5.400000035762787
-484,TĐ Huội Quảng,2025-07-03 07:00:00,0.0,5.400000035762787
-484,TĐ Huội Quảng,2025-07-03 08:00:00,0.0,5.400000035762787
-484,TĐ Huội Quảng,2025-07-03 09:00:00,0.0,5.400000035762787
-484,TĐ Huội Quảng,2025-07-03 10:00:00,0.0,5.400000035762787
-484,TĐ Huội Quảng,2025-07-03 11:00:00,0.0,5.400000035762787
-484,TĐ Huội Quảng,2025-07-03 12:00:00,0.0,5.400000035762787
-484,TĐ Huội Quảng,2025-07-03 13:00:00,0.0,5.400000035762787
-484,TĐ Huội Quảng,2025-07-03 14:00:00,0.0,5.400000035762787
-484,TĐ Huội Quảng,2025-07-03 15:00:00,0.0,5.400000035762787
-484,TĐ Huội Quảng,2025-07-03 16:00:00,0.0,5.400000035762787
-484,TĐ Huội Quảng,2025-07-03 17:00:00,0.0,5.400000035762787
-484,TĐ Huội Quảng,2025-07-03 18:00:00,0.0,5.400000035762787
-484,TĐ Huội Quảng,2025-07-03 19:00:00,0.0,5.400000035762787
-484,TĐ Huội Quảng,2025-07-03 20:00:00,0.0,5.400000035762787
-484,TĐ Huội Quảng,2025-07-03 21:00:00,0.0,5.400000035762787
-484,TĐ Huội Quảng,2025-07-03 22:00:00,,5.400000035762787
-484,TĐ Huội Quảng,2025-07-03 23:00:00,,5.400000035762787
-484,TĐ Huội Quảng,2025-07-04 00:00:00,,0.0
-484,TĐ Huội Quảng,2025-07-04 01:00:00,,0.0
-484,TĐ Huội Quảng,2025-07-04 02:00:00,,0.0
-484,TĐ Huội Quảng,2025-07-04 03:00:00,,0.0
-484,TĐ Huội Quảng,2025-07-04 04:00:00,0.0,0.0
-484,TĐ Huội Quảng,2025-07-04 05:00:00,0.0,0.0
-484,TĐ Huội Quảng,2025-07-04 06:00:00,0.0,0.0
-484,TĐ Huội Quảng,2025-07-04 07:00:00,0.0,0.0
-484,TĐ Huội Quảng,2025-07-04 08:00:00,0.0,0.0
-484,TĐ Huội Quảng,2025-07-04 09:00:00,0.0,0.0
-484,TĐ Huội Quảng,2025-07-04 10:00:00,0.0,0.0
-484,TĐ Huội Quảng,2025-07-04 11:00:00,0.0,0.0
-484,TĐ Huội Quảng,2025-07-04 12:00:00,0.0,0.0
-484,TĐ Huội Quảng,2025-07-04 13:00:00,0.0,0.0
-484,TĐ Huội Quảng,2025-07-04 14:00:00,0.0,0.0
-484,TĐ Huội Quảng,2025-07-04 15:00:00,0.0,0.0
-484,TĐ Huội Quảng,2025-07-04 16:00:00,0.0,0.0
-484,TĐ Huội Quảng,2025-07-04 17:00:00,0.0,0.0
-484,TĐ Huội Quảng,2025-07-04 18:00:00,0.0,0.0
-484,TĐ Huội Quảng,2025-07-04 19:00:00,0.0,0.0
-484,TĐ Huội Quảng,2025-07-04 20:00:00,0.0,0.0
-484,TĐ Huội Quảng,2025-07-04 21:00:00,0.0,0.0
-484,TĐ Huội Quảng,2025-07-04 22:00:00,0.0,0.0
-484,TĐ Huội Quảng,2025-07-04 23:00:00,0.0,0.0
-484,TĐ Huội Quảng,2025-07-05 00:00:00,0.0,0.0
-484,TĐ Huội Quảng,2025-07-05 01:00:00,0.0,0.0
-484,TĐ Huội Quảng,2025-07-05 02:00:00,,0.0
-484,TĐ Huội Quảng,2025-07-05 03:00:00,,0.0
-484,TĐ Huội Quảng,2025-07-05 04:00:00,,0.0
-484,TĐ Huội Quảng,2025-07-05 05:00:00,,0.0
-484,TĐ Huội Quảng,2025-07-05 06:00:00,,0.0
-484,TĐ Huội Quảng,2025-07-05 07:00:00,,0.0
-484,TĐ Huội Quảng,2025-07-05 08:00:00,0.0,0.0
-484,TĐ Huội Quảng,2025-07-05 09:00:00,0.0,0.0
-484,TĐ Huội Quảng,2025-07-05 10:00:00,0.0,0.0
-484,TĐ Huội Quảng,2025-07-05 11:00:00,0.0,0.0
-484,TĐ Huội Quảng,2025-07-05 12:00:00,0.0,0.0
-484,TĐ Huội Quảng,2025-07-05 13:00:00,0.0,0.0
-484,TĐ Huội Quảng,2025-07-05 14:00:00,0.0,0.0
-484,TĐ Huội Quảng,2025-07-05 15:00:00,0.0,0.0
-484,TĐ Huội Quảng,2025-07-05 16:00:00,0.0,0.0
-484,TĐ Huội Quảng,2025-07-05 17:00:00,0.0,0.0
-484,TĐ Huội Quảng,2025-07-05 18:00:00,0.0,0.0
-484,TĐ Huội Quảng,2025-07-05 19:00:00,0.0,0.0
-484,TĐ Huội Quảng,2025-07-05 20:00:00,0.0,0.0
-484,TĐ Huội Quảng,2025-07-05 21:00:00,0.0,0.0
-484,TĐ Huội Quảng,2025-07-05 22:00:00,0.0,0.0
-484,TĐ Huội Quảng,2025-07-05 23:00:00,0.0,0.0
-484,TĐ Huội Quảng,2025-07-06 00:00:00,0.0,0.0
-484,TĐ Huội Quảng,2025-07-06 01:00:00,0.0,0.0
-484,TĐ Huội Quảng,2025-07-06 02:00:00,0.4000000059604645,0.4000000059604645
-484,TĐ Huội Quảng,2025-07-06 03:00:00,0.4000000059604645,0.800000011920929
-484,TĐ Huội Quảng,2025-07-06 04:00:00,0.0,0.800000011920929
-484,TĐ Huội Quảng,2025-07-06 05:00:00,0.0,0.800000011920929
-484,TĐ Huội Quảng,2025-07-06 06:00:00,,0.800000011920929
-484,TĐ Huội Quảng,2025-07-06 07:00:00,0.0,0.800000011920929
-484,TĐ Huội Quảng,2025-07-06 08:00:00,0.0,0.800000011920929
-484,TĐ Huội Quảng,2025-07-06 09:00:00,0.0,0.800000011920929
-484,TĐ Huội Quảng,2025-07-06 10:00:00,0.0,0.800000011920929
-484,TĐ Huội Quảng,2025-07-06 11:00:00,0.0,0.800000011920929
-484,TĐ Huội Quảng,2025-07-06 12:00:00,0.0,0.800000011920929
-484,TĐ Huội Quảng,2025-07-06 13:00:00,0.0,0.800000011920929
-484,TĐ Huội Quảng,2025-07-06 14:00:00,0.0,0.800000011920929
-484,TĐ Huội Quảng,2025-07-06 15:00:00,0.0,0.800000011920929
-484,TĐ Huội Quảng,2025-07-06 16:00:00,0.0,0.800000011920929
-484,TĐ Huội Quảng,2025-07-06 17:00:00,0.0,0.800000011920929
-484,TĐ Huội Quảng,2025-07-06 18:00:00,0.0,0.800000011920929
-484,TĐ Huội Quảng,2025-07-06 19:00:00,0.0,0.800000011920929
-484,TĐ Huội Quảng,2025-07-06 20:00:00,15.600000381469727,16.400000393390656
-484,TĐ Huội Quảng,2025-07-06 21:00:00,12.399999618530273,28.80000001192093
-484,TĐ Huội Quảng,2025-07-06 22:00:00,4.199999809265137,32.999999821186066
-484,TĐ Huội Quảng,2025-07-06 23:00:00,2.5999999046325684,35.599999725818634
-484,TĐ Huội Quảng,2025-07-07 00:00:00,1.7999999523162842,36.59999966621399
-484,TĐ Huội Quảng,2025-07-07 01:00:00,1.7999999523162842,38.39999961853027
-484,TĐ Huội Quảng,2025-07-07 02:00:00,3.4000000953674316,41.799999713897705
-484,TĐ Huội Quảng,2025-07-07 03:00:00,1.7999999523162842,43.59999966621399
-484,TĐ Huội Quảng,2025-07-07 04:00:00,0.0,43.59999966621399
-484,TĐ Huội Quảng,2025-07-07 05:00:00,0.0,43.59999966621399
-484,TĐ Huội Quảng,2025-07-07 06:00:00,0.0,43.59999966621399
-484,TĐ Huội Quảng,2025-07-07 07:00:00,0.0,43.59999966621399
-484,TĐ Huội Quảng,2025-07-07 08:00:00,0.0,43.59999966621399
-484,TĐ Huội Quảng,2025-07-07 09:00:00,0.0,43.59999966621399
-484,TĐ Huội Quảng,2025-07-07 10:00:00,0.0,43.59999966621399
-484,TĐ Huội Quảng,2025-07-07 11:00:00,0.0,43.59999966621399
-484,TĐ Huội Quảng,2025-07-07 12:00:00,0.0,43.59999966621399
-484,TĐ Huội Quảng,2025-07-07 13:00:00,0.0,43.59999966621399
-484,TĐ Huội Quảng,2025-07-07 14:00:00,0.0,43.59999966621399
-484,TĐ Huội Quảng,2025-07-07 15:00:00,0.0,43.59999966621399
-484,TĐ Huội Quảng,2025-07-07 16:00:00,0.0,43.59999966621399
-484,TĐ Huội Quảng,2025-07-07 17:00:00,0.0,43.59999966621399
-484,TĐ Huội Quảng,2025-07-07 18:00:00,0.0,43.59999966621399
-484,TĐ Huội Quảng,2025-07-07 19:00:00,0.0,43.59999966621399
-484,TĐ Huội Quảng,2025-07-07 20:00:00,0.0,43.59999966621399
-484,TĐ Huội Quảng,2025-07-07 21:00:00,0.0,43.59999966621399
-484,TĐ Huội Quảng,2025-07-07 22:00:00,0.0,43.59999966621399
-484,TĐ Huội Quảng,2025-07-07 23:00:00,0.0,43.59999966621399
-484,TĐ Huội Quảng,2025-07-08 00:00:00,0.0,0.0
-484,TĐ Huội Quảng,2025-07-08 01:00:00,0.0,0.0
-484,TĐ Huội Quảng,2025-07-08 02:00:00,0.0,0.0
-484,TĐ Huội Quảng,2025-07-08 03:00:00,0.0,0.0
-484,TĐ Huội Quảng,2025-07-08 04:00:00,0.0,0.0
-484,TĐ Huội Quảng,2025-07-08 05:00:00,0.0,0.0
-484,TĐ Huội Quảng,2025-07-08 06:00:00,0.0,0.0
-484,TĐ Huội Quảng,2025-07-08 07:00:00,0.0,0.0
-484,TĐ Huội Quảng,2025-07-08 08:00:00,0.0,0.0
-484,TĐ Huội Quảng,2025-07-08 09:00:00,0.0,0.0
-484,TĐ Huội Quảng,2025-07-08 10:00:00,0.0,0.0
-484,TĐ Huội Quảng,2025-07-08 11:00:00,0.0,0.0
-484,TĐ Huội Quảng,2025-07-08 12:00:00,0.0,0.0
-484,TĐ Huội Quảng,2025-07-08 13:00:00,0.0,0.0
-484,TĐ Huội Quảng,2025-07-08 14:00:00,0.0,0.0
-484,TĐ Huội Quảng,2025-07-08 15:00:00,0.0,0.0
-484,TĐ Huội Quảng,2025-07-08 16:00:00,0.0,0.0
-484,TĐ Huội Quảng,2025-07-08 17:00:00,0.0,0.0
-484,TĐ Huội Quảng,2025-07-08 18:00:00,0.0,0.0
-484,TĐ Huội Quảng,2025-07-08 19:00:00,,0.0
-484,TĐ Huội Quảng,2025-07-08 20:00:00,,0.0
-484,TĐ Huội Quảng,2025-07-08 21:00:00,0.0,0.0
-484,TĐ Huội Quảng,2025-07-08 22:00:00,0.0,0.0
-484,TĐ Huội Quảng,2025-07-08 23:00:00,0.0,0.0
-484,TĐ Huội Quảng,2025-07-09 00:00:00,0.0,0.0
-484,TĐ Huội Quảng,2025-07-09 01:00:00,0.0,0.0
-484,TĐ Huội Quảng,2025-07-09 02:00:00,0.0,0.0
-484,TĐ Huội Quảng,2025-07-09 03:00:00,0.0,0.0
-484,TĐ Huội Quảng,2025-07-09 04:00:00,0.0,0.0
-484,TĐ Huội Quảng,2025-07-09 05:00:00,0.0,0.0
-484,TĐ Huội Quảng,2025-07-09 06:00:00,0.0,0.0
-484,TĐ Huội Quảng,2025-07-09 07:00:00,0.0,0.0
-484,TĐ Huội Quảng,2025-07-09 08:00:00,0.0,0.0
-484,TĐ Huội Quảng,2025-07-09 09:00:00,0.0,0.0
-484,TĐ Huội Quảng,2025-07-09 10:00:00,0.0,0.0
-484,TĐ Huội Quảng,2025-07-09 11:00:00,0.0,0.0
-484,TĐ Huội Quảng,2025-07-09 12:00:00,0.0,0.0
-484,TĐ Huội Quảng,2025-07-09 13:00:00,0.0,0.0
-484,TĐ Huội Quảng,2025-07-09 14:00:00,,0.0
-484,TĐ Huội Quảng,2025-07-09 15:00:00,0.0,0.0
-484,TĐ Huội Quảng,2025-07-09 16:00:00,0.0,0.0
-484,TĐ Huội Quảng,2025-07-09 17:00:00,4.800000190734863,4.800000190734863
-484,TĐ Huội Quảng,2025-07-09 18:00:00,3.4000000953674316,8.200000286102295
-484,TĐ Huội Quảng,2025-07-09 19:00:00,4.599999904632568,12.800000190734863
-484,TĐ Huội Quảng,2025-07-09 20:00:00,0.0,12.800000190734863
-484,TĐ Huội Quảng,2025-07-09 21:00:00,0.0,12.800000190734863
-484,TĐ Huội Quảng,2025-07-09 22:00:00,0.4000000059604645,13.200000196695328
-484,TĐ Huội Quảng,2025-07-09 23:00:00,11.800000190734863,25.00000038743019
-484,TĐ Huội Quảng,2025-07-10 00:00:00,4.800000190734863,17.00000038743019
-484,TĐ Huội Quảng,2025-07-10 01:00:00,2.799999952316284,19.800000339746475
-484,TĐ Huội Quảng,2025-07-10 02:00:00,2.0,21.800000339746475
-484,TĐ Huội Quảng,2025-07-10 03:00:00,4.800000190734863,26.60000053048134
-484,TĐ Huội Quảng,2025-07-10 04:00:00,2.200000047683716,28.800000578165054
-484,TĐ Huội Quảng,2025-07-10 05:00:00,1.2000000476837158,30.00000062584877
-484,TĐ Huội Quảng,2025-07-10 06:00:00,1.0,31.00000062584877
-484,TĐ Huội Quảng,2025-07-10 07:00:00,0.20000000298023224,31.200000628829002
-484,TĐ Huội Quảng,2025-07-10 08:00:00,1.2000000476837158,32.40000067651272
-484,TĐ Huội Quảng,2025-07-10 09:00:00,5.0,37.40000067651272
-484,TĐ Huội Quảng,2025-07-10 10:00:00,4.599999904632568,42.00000058114529
-484,TĐ Huội Quảng,2025-07-10 11:00:00,1.0,43.00000058114529
-484,TĐ Huội Quảng,2025-07-10 12:00:00,0.800000011920929,43.800000593066216
-484,TĐ Huội Quảng,2025-07-10 13:00:00,0.6000000238418579,44.40000061690807
-484,TĐ Huội Quảng,2025-07-10 14:00:00,0.0,44.40000061690807
-484,TĐ Huội Quảng,2025-07-10 15:00:00,0.0,44.40000061690807
-484,TĐ Huội Quảng,2025-07-10 16:00:00,0.0,44.40000061690807
-484,TĐ Huội Quảng,2025-07-10 17:00:00,0.0,44.40000061690807
-484,TĐ Huội Quảng,2025-07-10 18:00:00,0.0,44.40000061690807
-484,TĐ Huội Quảng,2025-07-10 19:00:00,0.0,44.40000061690807
-484,TĐ Huội Quảng,2025-07-10 20:00:00,0.0,44.40000061690807
-484,TĐ Huội Quảng,2025-07-10 21:00:00,0.0,44.40000061690807
-484,TĐ Huội Quảng,2025-07-10 22:00:00,0.0,44.40000061690807
-484,TĐ Huội Quảng,2025-07-10 23:00:00,0.0,44.40000061690807
-484,TĐ Huội Quảng,2025-07-11 00:00:00,0.0,0.0
-484,TĐ Huội Quảng,2025-07-11 01:00:00,0.0,0.0
-484,TĐ Huội Quảng,2025-07-11 02:00:00,0.800000011920929,0.800000011920929
-484,TĐ Huội Quảng,2025-07-11 03:00:00,1.7999999523162842,2.599999964237213
-484,TĐ Huội Quảng,2025-07-11 04:00:00,1.2000000476837158,3.800000011920929
-484,TĐ Huội Quảng,2025-07-11 05:00:00,0.800000011920929,4.600000023841858
-484,TĐ Huội Quảng,2025-07-11 06:00:00,0.0,4.600000023841858
-484,TĐ Huội Quảng,2025-07-11 07:00:00,0.0,4.600000023841858
-484,TĐ Huội Quảng,2025-07-11 08:00:00,0.0,4.600000023841858
-484,TĐ Huội Quảng,2025-07-11 09:00:00,0.0,4.600000023841858
-484,TĐ Huội Quảng,2025-07-11 10:00:00,0.0,4.600000023841858
-484,TĐ Huội Quảng,2025-07-11 11:00:00,0.0,4.600000023841858
-484,TĐ Huội Quảng,2025-07-11 12:00:00,4.599999904632568,9.199999928474426
-484,TĐ Huội Quảng,2025-07-11 13:00:00,1.600000023841858,10.799999952316284
-484,TĐ Huội Quảng,2025-07-11 14:00:00,0.800000011920929,11.599999964237213
-484,TĐ Huội Quảng,2025-07-11 15:00:00,0.0,11.599999964237213
-484,TĐ Huội Quảng,2025-07-11 16:00:00,0.0,11.599999964237213
-484,TĐ Huội Quảng,2025-07-11 17:00:00,0.0,11.599999964237213
-484,TĐ Huội Quảng,2025-07-11 18:00:00,0.0,11.599999964237213
-484,TĐ Huội Quảng,2025-07-11 19:00:00,0.0,11.599999964237213
-484,TĐ Huội Quảng,2025-07-11 20:00:00,0.0,11.599999964237213
-484,TĐ Huội Quảng,2025-07-11 21:00:00,0.0,11.599999964237213
-484,TĐ Huội Quảng,2025-07-11 22:00:00,0.0,11.599999964237213
-484,TĐ Huội Quảng,2025-07-11 23:00:00,0.0,11.599999964237213
-484,TĐ Huội Quảng,2025-07-12 00:00:00,0.20000000298023224,0.20000000298023224
-484,TĐ Huội Quảng,2025-07-12 01:00:00,0.0,0.20000000298023224
-484,TĐ Huội Quảng,2025-07-12 02:00:00,0.0,0.20000000298023224
-484,TĐ Huội Quảng,2025-07-12 03:00:00,0.0,0.20000000298023224
-484,TĐ Huội Quảng,2025-07-12 04:00:00,0.20000000298023224,0.4000000059604645
-484,TĐ Huội Quảng,2025-07-12 05:00:00,0.0,0.4000000059604645
-484,TĐ Huội Quảng,2025-07-12 06:00:00,0.0,0.4000000059604645
-484,TĐ Huội Quảng,2025-07-12 07:00:00,0.0,0.4000000059604645
-484,TĐ Huội Quảng,2025-07-12 08:00:00,0.0,0.4000000059604645
-484,TĐ Huội Quảng,2025-07-12 09:00:00,0.0,0.4000000059604645
-484,TĐ Huội Quảng,2025-07-12 10:00:00,0.0,0.4000000059604645
-484,TĐ Huội Quảng,2025-07-12 11:00:00,0.0,0.4000000059604645
-484,TĐ Huội Quảng,2025-07-12 12:00:00,0.0,0.4000000059604645
-484,TĐ Huội Quảng,2025-07-12 13:00:00,0.0,0.4000000059604645
-484,TĐ Huội Quảng,2025-07-12 14:00:00,0.800000011920929,1.2000000178813934
-484,TĐ Huội Quảng,2025-07-12 15:00:00,0.6000000238418579,1.8000000417232513
-484,TĐ Huội Quảng,2025-07-12 16:00:00,0.0,1.8000000417232513
-484,TĐ Huội Quảng,2025-07-12 17:00:00,0.0,1.8000000417232513
-484,TĐ Huội Quảng,2025-07-12 18:00:00,0.0,1.8000000417232513
-484,TĐ Huội Quảng,2025-07-12 19:00:00,0.0,1.8000000417232513
-484,TĐ Huội Quảng,2025-07-12 20:00:00,0.0,1.8000000417232513
-484,TĐ Huội Quảng,2025-07-12 21:00:00,0.0,1.8000000417232513
-484,TĐ Huội Quảng,2025-07-12 22:00:00,0.0,1.8000000417232513
-484,TĐ Huội Quảng,2025-07-12 23:00:00,0.0,1.8000000417232513
-484,TĐ Huội Quảng,2025-07-13 00:00:00,0.0,0.0
-484,TĐ Huội Quảng,2025-07-13 01:00:00,0.0,0.0
-484,TĐ Huội Quảng,2025-07-13 02:00:00,0.0,0.0
-484,TĐ Huội Quảng,2025-07-13 03:00:00,0.0,0.0
-484,TĐ Huội Quảng,2025-07-13 04:00:00,0.0,0.0
-484,TĐ Huội Quảng,2025-07-13 05:00:00,0.0,0.0
-484,TĐ Huội Quảng,2025-07-13 06:00:00,0.0,0.0
-484,TĐ Huội Quảng,2025-07-13 07:00:00,0.0,0.0
-484,TĐ Huội Quảng,2025-07-13 08:00:00,0.0,0.0
-484,TĐ Huội Quảng,2025-07-13 09:00:00,0.0,0.0
-484,TĐ Huội Quảng,2025-07-13 10:00:00,0.0,0.0
-484,TĐ Huội Quảng,2025-07-13 11:00:00,0.0,0.0
-484,TĐ Huội Quảng,2025-07-13 12:00:00,0.0,0.0
-484,TĐ Huội Quảng,2025-07-13 13:00:00,0.0,0.0
-484,TĐ Huội Quảng,2025-07-13 14:00:00,0.0,0.0
-484,TĐ Huội Quảng,2025-07-13 15:00:00,0.0,0.0
-484,TĐ Huội Quảng,2025-07-13 16:00:00,0.0,0.0
-484,TĐ Huội Quảng,2025-07-13 17:00:00,9.199999809265137,9.199999809265137
-484,TĐ Huội Quảng,2025-07-13 18:00:00,2.200000047683716,11.399999856948853
-484,TĐ Huội Quảng,2025-07-13 19:00:00,2.799999952316284,14.199999809265137
-484,TĐ Huội Quảng,2025-07-13 20:00:00,1.7999999523162842,15.999999761581421
-484,TĐ Huội Quảng,2025-07-13 21:00:00,0.20000000298023224,16.199999764561653
-484,TĐ Huội Quảng,2025-07-13 22:00:00,0.0,16.199999764561653
-484,TĐ Huội Quảng,2025-07-13 23:00:00,0.0,16.199999764561653
-484,TĐ Huội Quảng,2025-07-14 00:00:00,0.0,1.9999999552965164
-484,TĐ Huội Quảng,2025-07-14 01:00:00,4.400000095367432,6.400000050663948
-484,TĐ Huội Quảng,2025-07-14 02:00:00,3.200000047683716,9.600000098347664
-484,TĐ Huội Quảng,2025-07-14 03:00:00,4.199999809265137,13.7999999076128
-484,TĐ Huội Quảng,2025-07-14 04:00:00,1.7999999523162842,15.599999859929085
-484,TĐ Huội Quảng,2025-07-14 05:00:00,2.0,17.599999859929085
-484,TĐ Huội Quảng,2025-07-14 06:00:00,1.0,18.599999859929085
-484,TĐ Huội Quảng,2025-07-14 07:00:00,0.20000000298023224,18.799999862909317
-484,TĐ Huội Quảng,2025-07-14 08:00:00,0.0,18.799999862909317
-484,TĐ Huội Quảng,2025-07-14 09:00:00,0.0,18.799999862909317
-484,TĐ Huội Quảng,2025-07-14 10:00:00,0.0,18.799999862909317
-484,TĐ Huội Quảng,2025-07-14 11:00:00,0.0,18.799999862909317
-484,TĐ Huội Quảng,2025-07-14 12:00:00,0.0,18.799999862909317
-484,TĐ Huội Quảng,2025-07-14 13:00:00,0.0,18.799999862909317
-484,TĐ Huội Quảng,2025-07-14 14:00:00,0.4000000059604645,19.19999986886978
-484,TĐ Huội Quảng,2025-07-14 15:00:00,1.7999999523162842,20.999999821186066
-484,TĐ Huội Quảng,2025-07-14 16:00:00,,20.999999821186066
-484,TĐ Huội Quảng,2025-07-14 17:00:00,,20.999999821186066
-484,TĐ Huội Quảng,2025-07-14 18:00:00,0.0,20.999999821186066
-484,TĐ Huội Quảng,2025-07-14 19:00:00,0.0,20.999999821186066
-484,TĐ Huội Quảng,2025-07-14 20:00:00,0.0,20.999999821186066
-484,TĐ Huội Quảng,2025-07-14 21:00:00,0.0,20.999999821186066
-484,TĐ Huội Quảng,2025-07-14 22:00:00,0.0,20.999999821186066
-484,TĐ Huội Quảng,2025-07-14 23:00:00,0.0,20.999999821186066
-484,TĐ Huội Quảng,2025-07-15 00:00:00,0.0,0.0
-484,TĐ Huội Quảng,2025-07-15 01:00:00,0.0,0.0
-484,TĐ Huội Quảng,2025-07-15 02:00:00,0.0,0.0
-484,TĐ Huội Quảng,2025-07-15 03:00:00,0.0,0.0
-484,TĐ Huội Quảng,2025-07-15 04:00:00,0.0,0.0
-484,TĐ Huội Quảng,2025-07-15 05:00:00,0.0,0.0
-484,TĐ Huội Quảng,2025-07-15 06:00:00,0.0,0.0
-484,TĐ Huội Quảng,2025-07-15 07:00:00,0.0,0.0
-484,TĐ Huội Quảng,2025-07-15 08:00:00,0.0,0.0
-484,TĐ Huội Quảng,2025-07-15 09:00:00,0.0,0.0
-484,TĐ Huội Quảng,2025-07-15 10:00:00,0.0,0.0
-484,TĐ Huội Quảng,2025-07-15 11:00:00,0.0,0.0
-484,TĐ Huội Quảng,2025-07-15 12:00:00,0.0,0.0
-484,TĐ Huội Quảng,2025-07-15 13:00:00,0.0,0.0
-484,TĐ Huội Quảng,2025-07-15 14:00:00,0.0,0.0
-484,TĐ Huội Quảng,2025-07-15 15:00:00,0.0,0.0
-484,TĐ Huội Quảng,2025-07-15 16:00:00,0.0,0.0
-484,TĐ Huội Quảng,2025-07-15 17:00:00,0.6000000238418579,0.6000000238418579
-484,TĐ Huội Quảng,2025-07-15 18:00:00,2.799999952316284,3.399999976158142
-484,TĐ Huội Quảng,2025-07-15 19:00:00,1.399999976158142,4.799999952316284
-484,TĐ Huội Quảng,2025-07-15 20:00:00,0.4000000059604645,5.199999958276749
-484,TĐ Huội Quảng,2025-07-15 21:00:00,0.0,5.199999958276749
-484,TĐ Huội Quảng,2025-07-15 22:00:00,0.0,5.199999958276749
-484,TĐ Huội Quảng,2025-07-15 23:00:00,0.0,5.199999958276749
-484,TĐ Huội Quảng,2025-07-16 00:00:00,0.0,0.4000000059604645
-484,TĐ Huội Quảng,2025-07-16 01:00:00,0.0,0.4000000059604645
-484,TĐ Huội Quảng,2025-07-16 02:00:00,0.0,0.4000000059604645
-484,TĐ Huội Quảng,2025-07-16 03:00:00,0.0,0.4000000059604645
-484,TĐ Huội Quảng,2025-07-16 04:00:00,1.399999976158142,1.7999999821186066
-484,TĐ Huội Quảng,2025-07-16 05:00:00,1.2000000476837158,3.0000000298023224
-484,TĐ Huội Quảng,2025-07-16 06:00:00,0.0,3.0000000298023224
-484,TĐ Huội Quảng,2025-07-16 07:00:00,0.0,3.0000000298023224
-484,TĐ Huội Quảng,2025-07-16 08:00:00,0.0,3.0000000298023224
-484,TĐ Huội Quảng,2025-07-16 09:00:00,0.0,3.0000000298023224
-484,TĐ Huội Quảng,2025-07-16 10:00:00,0.0,3.0000000298023224
-484,TĐ Huội Quảng,2025-07-16 11:00:00,0.0,3.0000000298023224
-484,TĐ Huội Quảng,2025-07-16 12:00:00,0.4000000059604645,3.400000035762787
-484,TĐ Huội Quảng,2025-07-16 13:00:00,0.0,3.400000035762787
-484,TĐ Huội Quảng,2025-07-16 14:00:00,5.0,8.400000035762787
-484,TĐ Huội Quảng,2025-07-16 15:00:00,1.7999999523162842,10.199999988079071
-484,TĐ Huội Quảng,2025-07-16 16:00:00,0.20000000298023224,10.399999991059303
-484,TĐ Huội Quảng,2025-07-16 17:00:00,0.0,10.399999991059303
-484,TĐ Huội Quảng,2025-07-16 18:00:00,0.0,10.399999991059303
-484,TĐ Huội Quảng,2025-07-16 19:00:00,0.0,10.399999991059303
-484,TĐ Huội Quảng,2025-07-16 20:00:00,0.0,10.399999991059303
-484,TĐ Huội Quảng,2025-07-16 21:00:00,0.0,10.399999991059303
-484,TĐ Huội Quảng,2025-07-16 22:00:00,0.0,10.399999991059303
-484,TĐ Huội Quảng,2025-07-16 23:00:00,0.0,10.399999991059303
-484,TĐ Huội Quảng,2025-07-17 00:00:00,0.0,0.0
-484,TĐ Huội Quảng,2025-07-17 01:00:00,0.0,0.0
-484,TĐ Huội Quảng,2025-07-17 02:00:00,0.0,0.0
-484,TĐ Huội Quảng,2025-07-17 03:00:00,0.0,0.0
-484,TĐ Huội Quảng,2025-07-17 04:00:00,0.0,0.0
-484,TĐ Huội Quảng,2025-07-17 05:00:00,0.0,0.0
-484,TĐ Huội Quảng,2025-07-17 06:00:00,0.0,0.0
-484,TĐ Huội Quảng,2025-07-17 07:00:00,0.0,0.0
-484,TĐ Huội Quảng,2025-07-17 08:00:00,0.0,0.0
-484,TĐ Huội Quảng,2025-07-17 09:00:00,0.0,0.0
-484,TĐ Huội Quảng,2025-07-17 10:00:00,0.0,0.0
-484,TĐ Huội Quảng,2025-07-17 11:00:00,0.0,0.0
-484,TĐ Huội Quảng,2025-07-17 12:00:00,0.0,0.0
-484,TĐ Huội Quảng,2025-07-17 13:00:00,0.0,0.0
-484,TĐ Huội Quảng,2025-07-17 14:00:00,0.0,0.0
-484,TĐ Huội Quảng,2025-07-17 15:00:00,0.0,0.0
-484,TĐ Huội Quảng,2025-07-17 16:00:00,0.0,0.0
-484,TĐ Huội Quảng,2025-07-17 17:00:00,0.0,0.0
-484,TĐ Huội Quảng,2025-07-17 18:00:00,0.0,0.0
-484,TĐ Huội Quảng,2025-07-17 19:00:00,0.0,0.0
-484,TĐ Huội Quảng,2025-07-17 20:00:00,0.0,0.0
-484,TĐ Huội Quảng,2025-07-17 21:00:00,0.0,0.0
-484,TĐ Huội Quảng,2025-07-17 22:00:00,0.0,0.0
-484,TĐ Huội Quảng,2025-07-17 23:00:00,0.0,0.0
-484,TĐ Huội Quảng,2025-07-18 00:00:00,0.0,0.0
-484,TĐ Huội Quảng,2025-07-18 01:00:00,0.0,0.0
-484,TĐ Huội Quảng,2025-07-18 02:00:00,0.0,0.0
-484,TĐ Huội Quảng,2025-07-18 03:00:00,0.0,0.0
-484,TĐ Huội Quảng,2025-07-18 04:00:00,0.0,0.0
-484,TĐ Huội Quảng,2025-07-18 05:00:00,0.0,0.0
-484,TĐ Huội Quảng,2025-07-18 06:00:00,0.0,0.0
-484,TĐ Huội Quảng,2025-07-18 07:00:00,0.0,0.0
-484,TĐ Huội Quảng,2025-07-18 08:00:00,0.0,0.0
-484,TĐ Huội Quảng,2025-07-18 09:00:00,0.0,0.0
-484,TĐ Huội Quảng,2025-07-18 10:00:00,0.0,0.0
-484,TĐ Huội Quảng,2025-07-18 11:00:00,0.0,0.0
-484,TĐ Huội Quảng,2025-07-18 12:00:00,0.0,0.0
-484,TĐ Huội Quảng,2025-07-18 13:00:00,0.0,0.0
-484,TĐ Huội Quảng,2025-07-18 14:00:00,0.0,0.0
-484,TĐ Huội Quảng,2025-07-18 15:00:00,0.0,0.0
-484,TĐ Huội Quảng,2025-07-18 16:00:00,0.0,0.0
-484,TĐ Huội Quảng,2025-07-18 17:00:00,0.0,0.0
-484,TĐ Huội Quảng,2025-07-18 18:00:00,0.0,0.0
-484,TĐ Huội Quảng,2025-07-18 19:00:00,0.0,0.0
-484,TĐ Huội Quảng,2025-07-18 20:00:00,0.0,0.0
-484,TĐ Huội Quảng,2025-07-18 21:00:00,0.0,0.0
-484,TĐ Huội Quảng,2025-07-18 22:00:00,0.0,0.0
-484,TĐ Huội Quảng,2025-07-18 23:00:00,0.0,0.0
-484,TĐ Huội Quảng,2025-07-19 00:00:00,0.0,0.0
-484,TĐ Huội Quảng,2025-07-19 01:00:00,0.0,0.0
-484,TĐ Huội Quảng,2025-07-19 02:00:00,0.0,0.0
-484,TĐ Huội Quảng,2025-07-19 03:00:00,0.0,0.0
-484,TĐ Huội Quảng,2025-07-19 04:00:00,0.0,0.0
-484,TĐ Huội Quảng,2025-07-19 05:00:00,0.0,0.0
-484,TĐ Huội Quảng,2025-07-19 06:00:00,0.0,0.0
-484,TĐ Huội Quảng,2025-07-19 07:00:00,0.0,0.0
-484,TĐ Huội Quảng,2025-07-19 08:00:00,0.0,0.0
-484,TĐ Huội Quảng,2025-07-19 09:00:00,0.0,0.0
-484,TĐ Huội Quảng,2025-07-19 10:00:00,0.0,0.0
-484,TĐ Huội Quảng,2025-07-19 11:00:00,0.0,0.0
-484,TĐ Huội Quảng,2025-07-19 12:00:00,0.0,0.0
-484,TĐ Huội Quảng,2025-07-19 13:00:00,0.0,0.0
-484,TĐ Huội Quảng,2025-07-19 14:00:00,0.0,0.0
-484,TĐ Huội Quảng,2025-07-19 15:00:00,0.0,0.0
-484,TĐ Huội Quảng,2025-07-19 16:00:00,0.0,0.0
-484,TĐ Huội Quảng,2025-07-19 17:00:00,0.0,0.0
-484,TĐ Huội Quảng,2025-07-19 18:00:00,0.0,0.0
-484,TĐ Huội Quảng,2025-07-19 19:00:00,0.0,0.0
-484,TĐ Huội Quảng,2025-07-19 20:00:00,0.0,0.0
-484,TĐ Huội Quảng,2025-07-19 21:00:00,0.0,0.0
-484,TĐ Huội Quảng,2025-07-19 22:00:00,0.0,0.0
-484,TĐ Huội Quảng,2025-07-19 23:00:00,0.0,0.0
-484,TĐ Huội Quảng,2025-07-20 00:00:00,0.0,0.0
-484,TĐ Huội Quảng,2025-07-20 01:00:00,0.0,0.0
-484,TĐ Huội Quảng,2025-07-20 02:00:00,0.0,0.0
-484,TĐ Huội Quảng,2025-07-20 03:00:00,0.0,0.0
-484,TĐ Huội Quảng,2025-07-20 04:00:00,0.0,0.0
-484,TĐ Huội Quảng,2025-07-20 05:00:00,0.0,0.0
-484,TĐ Huội Quảng,2025-07-20 06:00:00,0.0,0.0
-484,TĐ Huội Quảng,2025-07-20 07:00:00,0.0,0.0
-484,TĐ Huội Quảng,2025-07-20 08:00:00,0.0,0.0
-484,TĐ Huội Quảng,2025-07-20 09:00:00,0.0,0.0
-484,TĐ Huội Quảng,2025-07-20 10:00:00,0.0,0.0
-484,TĐ Huội Quảng,2025-07-20 11:00:00,0.0,0.0
-484,TĐ Huội Quảng,2025-07-20 12:00:00,0.0,0.0
-484,TĐ Huội Quảng,2025-07-20 13:00:00,0.0,0.0
-484,TĐ Huội Quảng,2025-07-20 14:00:00,0.0,0.0
-484,TĐ Huội Quảng,2025-07-20 15:00:00,0.0,0.0
-484,TĐ Huội Quảng,2025-07-20 16:00:00,0.0,0.0
-484,TĐ Huội Quảng,2025-07-20 17:00:00,0.0,0.0
-484,TĐ Huội Quảng,2025-07-20 18:00:00,0.0,0.0
-484,TĐ Huội Quảng,2025-07-20 19:00:00,17.799999237060547,17.799999237060547
-484,TĐ Huội Quảng,2025-07-20 20:00:00,1.7999999523162842,19.59999918937683
-484,TĐ Huội Quảng,2025-07-20 21:00:00,0.0,19.59999918937683
-484,TĐ Huội Quảng,2025-07-20 22:00:00,0.0,19.59999918937683
-484,TĐ Huội Quảng,2025-07-20 23:00:00,0.0,19.59999918937683
-484,TĐ Huội Quảng,2025-07-21 00:00:00,0.0,1.7999999523162842
-484,TĐ Huội Quảng,2025-07-21 01:00:00,0.0,1.7999999523162842
-484,TĐ Huội Quảng,2025-07-21 02:00:00,0.0,1.7999999523162842
-484,TĐ Huội Quảng,2025-07-21 03:00:00,0.0,1.7999999523162842
-484,TĐ Huội Quảng,2025-07-21 04:00:00,2.4000000953674316,4.200000047683716
-484,TĐ Huội Quảng,2025-07-21 05:00:00,1.2000000476837158,5.400000095367432
-484,TĐ Huội Quảng,2025-07-21 06:00:00,1.399999976158142,6.800000071525574
-484,TĐ Huội Quảng,2025-07-21 07:00:00,0.6000000238418579,7.400000095367432
-484,TĐ Huội Quảng,2025-07-21 08:00:00,0.0,7.400000095367432
-484,TĐ Huội Quảng,2025-07-21 09:00:00,2.200000047683716,9.600000143051147
-484,TĐ Huội Quảng,2025-07-21 10:00:00,0.0,9.600000143051147
-484,TĐ Huội Quảng,2025-07-21 11:00:00,0.0,9.600000143051147
-484,TĐ Huội Quảng,2025-07-21 12:00:00,0.0,9.600000143051147
-484,TĐ Huội Quảng,2025-07-21 13:00:00,0.0,9.600000143051147
-484,TĐ Huội Quảng,2025-07-21 14:00:00,0.0,9.600000143051147
-484,TĐ Huội Quảng,2025-07-21 15:00:00,0.0,9.600000143051147
-484,TĐ Huội Quảng,2025-07-21 16:00:00,0.0,9.600000143051147
-484,TĐ Huội Quảng,2025-07-21 17:00:00,0.0,9.600000143051147
-484,TĐ Huội Quảng,2025-07-21 18:00:00,0.0,9.600000143051147
-484,TĐ Huội Quảng,2025-07-21 19:00:00,0.0,9.600000143051147
-484,TĐ Huội Quảng,2025-07-21 20:00:00,0.0,9.600000143051147
-484,TĐ Huội Quảng,2025-07-21 21:00:00,0.6000000238418579,10.200000166893005
-484,TĐ Huội Quảng,2025-07-21 22:00:00,0.20000000298023224,10.400000169873238
-484,TĐ Huội Quảng,2025-07-21 23:00:00,0.6000000238418579,11.000000193715096
-484,TĐ Huội Quảng,2025-07-22 00:00:00,0.0,1.400000050663948
-484,TĐ Huội Quảng,2025-07-22 01:00:00,0.0,1.400000050663948
-484,TĐ Huội Quảng,2025-07-22 02:00:00,0.20000000298023224,1.6000000536441803
-484,TĐ Huội Quảng,2025-07-22 03:00:00,0.20000000298023224,1.8000000566244125
-484,TĐ Huội Quảng,2025-07-22 04:00:00,0.0,1.8000000566244125
-484,TĐ Huội Quảng,2025-07-22 05:00:00,0.0,1.8000000566244125
-484,TĐ Huội Quảng,2025-07-22 06:00:00,0.0,1.8000000566244125
-484,TĐ Huội Quảng,2025-07-22 07:00:00,0.4000000059604645,2.200000062584877
-484,TĐ Huội Quảng,2025-07-22 08:00:00,0.0,2.200000062584877
-484,TĐ Huội Quảng,2025-07-22 09:00:00,0.0,2.200000062584877
-484,TĐ Huội Quảng,2025-07-22 10:00:00,0.0,2.200000062584877
-484,TĐ Huội Quảng,2025-07-22 11:00:00,0.0,2.200000062584877
-484,TĐ Huội Quảng,2025-07-22 12:00:00,0.0,2.200000062584877
-484,TĐ Huội Quảng,2025-07-22 13:00:00,0.0,2.200000062584877
-484,TĐ Huội Quảng,2025-07-22 14:00:00,0.0,2.200000062584877
-484,TĐ Huội Quảng,2025-07-22 15:00:00,0.0,2.200000062584877
-484,TĐ Huội Quảng,2025-07-22 16:00:00,0.0,2.200000062584877
-484,TĐ Huội Quảng,2025-07-22 17:00:00,0.0,2.200000062584877
-484,TĐ Huội Quảng,2025-07-22 18:00:00,0.0,2.200000062584877
-484,TĐ Huội Quảng,2025-07-22 19:00:00,0.0,2.200000062584877
-484,TĐ Huội Quảng,2025-07-22 20:00:00,0.0,2.200000062584877
-484,TĐ Huội Quảng,2025-07-22 21:00:00,0.0,2.200000062584877
-484,TĐ Huội Quảng,2025-07-22 22:00:00,0.20000000298023224,2.4000000655651093
-484,TĐ Huội Quảng,2025-07-22 23:00:00,0.20000000298023224,2.6000000685453415
-484,TĐ Huội Quảng,2025-07-23 00:00:00,0.20000000298023224,0.6000000089406967
-484,TĐ Huội Quảng,2025-07-23 01:00:00,0.20000000298023224,0.800000011920929
-484,TĐ Huội Quảng,2025-07-23 02:00:00,0.0,0.800000011920929
-484,TĐ Huội Quảng,2025-07-23 03:00:00,0.0,0.800000011920929
-484,TĐ Huội Quảng,2025-07-23 04:00:00,0.0,0.800000011920929
-484,TĐ Huội Quảng,2025-07-23 05:00:00,0.0,0.800000011920929
-484,TĐ Huội Quảng,2025-07-23 06:00:00,0.0,0.800000011920929
-484,TĐ Huội Quảng,2025-07-23 07:00:00,0.0,0.800000011920929
-484,TĐ Huội Quảng,2025-07-23 08:00:00,0.0,0.800000011920929
-484,TĐ Huội Quảng,2025-07-23 09:00:00,0.0,0.800000011920929
-484,TĐ Huội Quảng,2025-07-23 10:00:00,0.0,0.800000011920929
-484,TĐ Huội Quảng,2025-07-23 11:00:00,0.0,0.800000011920929
-484,TĐ Huội Quảng,2025-07-23 12:00:00,0.0,0.800000011920929
-484,TĐ Huội Quảng,2025-07-23 13:00:00,0.0,0.800000011920929
-484,TĐ Huội Quảng,2025-07-23 14:00:00,0.0,0.800000011920929
-484,TĐ Huội Quảng,2025-07-23 15:00:00,0.0,0.800000011920929
-484,TĐ Huội Quảng,2025-07-23 16:00:00,0.0,0.800000011920929
-484,TĐ Huội Quảng,2025-07-23 17:00:00,0.0,0.800000011920929
-484,TĐ Huội Quảng,2025-07-23 18:00:00,0.0,0.800000011920929
-484,TĐ Huội Quảng,2025-07-23 19:00:00,0.0,0.800000011920929
-484,TĐ Huội Quảng,2025-07-23 20:00:00,0.0,0.800000011920929
-484,TĐ Huội Quảng,2025-07-23 21:00:00,0.0,0.800000011920929
-484,TĐ Huội Quảng,2025-07-23 22:00:00,0.0,0.800000011920929
-484,TĐ Huội Quảng,2025-07-23 23:00:00,0.0,0.800000011920929
-484,TĐ Huội Quảng,2025-07-24 00:00:00,0.0,0.0
-484,TĐ Huội Quảng,2025-07-24 01:00:00,0.0,0.0
-484,TĐ Huội Quảng,2025-07-24 02:00:00,0.0,0.0
-484,TĐ Huội Quảng,2025-07-24 03:00:00,0.0,0.0
-484,TĐ Huội Quảng,2025-07-24 04:00:00,0.0,0.0
-484,TĐ Huội Quảng,2025-07-24 05:00:00,0.20000000298023224,0.20000000298023224
-484,TĐ Huội Quảng,2025-07-24 06:00:00,0.20000000298023224,0.4000000059604645
-484,TĐ Huội Quảng,2025-07-24 07:00:00,0.0,0.4000000059604645
-484,TĐ Huội Quảng,2025-07-24 08:00:00,0.0,0.4000000059604645
-484,TĐ Huội Quảng,2025-07-24 09:00:00,0.0,0.4000000059604645
-484,TĐ Huội Quảng,2025-07-24 10:00:00,0.0,0.4000000059604645
-484,TĐ Huội Quảng,2025-07-24 11:00:00,0.0,0.4000000059604645
-484,TĐ Huội Quảng,2025-07-24 12:00:00,0.0,0.4000000059604645
-484,TĐ Huội Quảng,2025-07-24 13:00:00,0.0,0.4000000059604645
-484,TĐ Huội Quảng,2025-07-24 14:00:00,0.0,0.4000000059604645
-484,TĐ Huội Quảng,2025-07-24 15:00:00,0.0,0.4000000059604645
-484,TĐ Huội Quảng,2025-07-24 16:00:00,0.6000000238418579,1.0000000298023224
-484,TĐ Huội Quảng,2025-07-24 17:00:00,0.20000000298023224,1.2000000327825546
-484,TĐ Huội Quảng,2025-07-24 18:00:00,0.0,1.2000000327825546
-484,TĐ Huội Quảng,2025-07-24 19:00:00,0.0,1.2000000327825546
-484,TĐ Huội Quảng,2025-07-24 20:00:00,0.0,1.2000000327825546
-484,TĐ Huội Quảng,2025-07-24 21:00:00,0.0,1.2000000327825546
-484,TĐ Huội Quảng,2025-07-24 22:00:00,0.0,1.2000000327825546
-484,TĐ Huội Quảng,2025-07-24 23:00:00,0.0,1.2000000327825546
-484,TĐ Huội Quảng,2025-07-25 00:00:00,0.0,0.0
-484,TĐ Huội Quảng,2025-07-25 01:00:00,2.0,2.0
-484,TĐ Huội Quảng,2025-07-25 02:00:00,11.800000190734863,13.800000190734863
-484,TĐ Huội Quảng,2025-07-25 03:00:00,7.599999904632568,21.40000009536743
-484,TĐ Huội Quảng,2025-07-25 04:00:00,14.600000381469727,36.00000047683716
-484,TĐ Huội Quảng,2025-07-25 05:00:00,8.399999618530273,44.40000009536743
-484,TĐ Huội Quảng,2025-07-25 06:00:00,17.0,61.40000009536743
-484,TĐ Huội Quảng,2025-07-25 07:00:00,27.0,88.40000009536743
-484,TĐ Huội Quảng,2025-07-25 08:00:00,11.0,99.40000009536743
-484,TĐ Huội Quảng,2025-07-25 09:00:00,3.0,102.40000009536743
-484,TĐ Huội Quảng,2025-07-25 10:00:00,2.0,104.40000009536743
-484,TĐ Huội Quảng,2025-07-25 11:00:00,0.20000000298023224,104.60000009834766
-484,TĐ Huội Quảng,2025-07-25 12:00:00,0.0,104.60000009834766
-484,TĐ Huội Quảng,2025-07-25 13:00:00,0.0,104.60000009834766
-484,TĐ Huội Quảng,2025-07-25 14:00:00,0.20000000298023224,104.8000001013279
-484,TĐ Huội Quảng,2025-07-25 15:00:00,0.0,104.8000001013279
-484,TĐ Huội Quảng,2025-07-25 16:00:00,0.0,104.8000001013279
-484,TĐ Huội Quảng,2025-07-25 17:00:00,0.0,104.8000001013279
-484,TĐ Huội Quảng,2025-07-25 18:00:00,0.0,104.8000001013279
-484,TĐ Huội Quảng,2025-07-25 19:00:00,0.0,104.8000001013279
-484,TĐ Huội Quảng,2025-07-25 20:00:00,0.0,104.8000001013279
-484,TĐ Huội Quảng,2025-07-25 21:00:00,0.0,104.8000001013279
-484,TĐ Huội Quảng,2025-07-25 22:00:00,0.0,104.8000001013279
-484,TĐ Huội Quảng,2025-07-25 23:00:00,0.0,104.8000001013279
-484,TĐ Huội Quảng,2025-07-26 00:00:00,0.6000000238418579,0.6000000238418579
-484,TĐ Huội Quảng,2025-07-26 01:00:00,1.2000000476837158,1.8000000715255737
-484,TĐ Huội Quảng,2025-07-26 02:00:00,2.4000000953674316,4.200000166893005
-484,TĐ Huội Quảng,2025-07-26 03:00:00,2.5999999046325684,6.800000071525574
-484,TĐ Huội Quảng,2025-07-26 04:00:00,0.800000011920929,7.600000083446503
-484,TĐ Huội Quảng,2025-07-26 05:00:00,0.0,7.600000083446503
-484,TĐ Huội Quảng,2025-07-26 06:00:00,0.0,7.600000083446503
-484,TĐ Huội Quảng,2025-07-26 07:00:00,0.0,7.600000083446503
-484,TĐ Huội Quảng,2025-07-26 08:00:00,0.0,7.600000083446503
-484,TĐ Huội Quảng,2025-07-26 09:00:00,0.0,7.600000083446503
-484,TĐ Huội Quảng,2025-07-26 10:00:00,0.0,7.600000083446503
-484,TĐ Huội Quảng,2025-07-26 11:00:00,0.0,7.600000083446503
-484,TĐ Huội Quảng,2025-07-26 12:00:00,0.0,7.600000083446503
-484,TĐ Huội Quảng,2025-07-26 13:00:00,0.4000000059604645,8.000000089406967
-484,TĐ Huội Quảng,2025-07-26 14:00:00,7.199999809265137,15.199999898672104
-484,TĐ Huội Quảng,2025-07-26 15:00:00,3.5999999046325684,18.799999803304672
-484,TĐ Huội Quảng,2025-07-26 16:00:00,0.800000011920929,19.5999998152256
-484,TĐ Huội Quảng,2025-07-26 17:00:00,0.0,19.5999998152256
-484,TĐ Huội Quảng,2025-07-26 18:00:00,0.0,19.5999998152256
-484,TĐ Huội Quảng,2025-07-26 19:00:00,0.0,19.5999998152256
-484,TĐ Huội Quảng,2025-07-26 20:00:00,0.0,19.5999998152256
-484,TĐ Huội Quảng,2025-07-26 21:00:00,0.0,19.5999998152256
-484,TĐ Huội Quảng,2025-07-26 22:00:00,0.0,19.5999998152256
-484,TĐ Huội Quảng,2025-07-26 23:00:00,0.0,19.5999998152256
-484,TĐ Huội Quảng,2025-07-27 00:00:00,0.0,0.0
-484,TĐ Huội Quảng,2025-07-27 01:00:00,0.20000000298023224,0.20000000298023224
-484,TĐ Huội Quảng,2025-07-27 02:00:00,0.20000000298023224,0.4000000059604645
-484,TĐ Huội Quảng,2025-07-27 03:00:00,0.4000000059604645,0.800000011920929
-484,TĐ Huội Quảng,2025-07-27 04:00:00,0.4000000059604645,1.2000000178813934
-484,TĐ Huội Quảng,2025-07-27 05:00:00,0.0,1.2000000178813934
-484,TĐ Huội Quảng,2025-07-27 06:00:00,0.0,1.2000000178813934
-484,TĐ Huội Quảng,2025-07-27 07:00:00,0.0,1.2000000178813934
-484,TĐ Huội Quảng,2025-07-27 08:00:00,0.0,1.2000000178813934
-484,TĐ Huội Quảng,2025-07-27 09:00:00,0.0,1.2000000178813934
-484,TĐ Huội Quảng,2025-07-27 10:00:00,0.0,1.2000000178813934
-484,TĐ Huội Quảng,2025-07-27 11:00:00,0.0,1.2000000178813934
-484,TĐ Huội Quảng,2025-07-27 12:00:00,0.0,1.2000000178813934
-484,TĐ Huội Quảng,2025-07-27 13:00:00,0.0,1.2000000178813934
-484,TĐ Huội Quảng,2025-07-27 14:00:00,0.0,1.2000000178813934
-484,TĐ Huội Quảng,2025-07-27 15:00:00,0.0,1.2000000178813934
-484,TĐ Huội Quảng,2025-07-27 16:00:00,0.0,1.2000000178813934
-484,TĐ Huội Quảng,2025-07-27 17:00:00,0.0,1.2000000178813934
-484,TĐ Huội Quảng,2025-07-27 18:00:00,0.0,1.2000000178813934
-484,TĐ Huội Quảng,2025-07-27 19:00:00,0.0,1.2000000178813934
-484,TĐ Huội Quảng,2025-07-27 20:00:00,0.0,1.2000000178813934
-484,TĐ Huội Quảng,2025-07-27 21:00:00,0.0,1.2000000178813934
-484,TĐ Huội Quảng,2025-07-27 22:00:00,0.0,1.2000000178813934
-484,TĐ Huội Quảng,2025-07-27 23:00:00,0.0,1.2000000178813934
-484,TĐ Huội Quảng,2025-07-28 00:00:00,0.0,0.0
-484,TĐ Huội Quảng,2025-07-28 01:00:00,0.0,0.0
-484,TĐ Huội Quảng,2025-07-28 02:00:00,0.0,0.0
-484,TĐ Huội Quảng,2025-07-28 03:00:00,0.0,0.0
-484,TĐ Huội Quảng,2025-07-28 04:00:00,0.0,0.0
-484,TĐ Huội Quảng,2025-07-28 05:00:00,0.0,0.0
-484,TĐ Huội Quảng,2025-07-28 06:00:00,0.0,0.0
-484,TĐ Huội Quảng,2025-07-28 07:00:00,0.0,0.0
-484,TĐ Huội Quảng,2025-07-28 08:00:00,0.0,0.0
-484,TĐ Huội Quảng,2025-07-28 09:00:00,0.0,0.0
-484,TĐ Huội Quảng,2025-07-28 10:00:00,0.0,0.0
-484,TĐ Huội Quảng,2025-07-28 11:00:00,0.0,0.0
-484,TĐ Huội Quảng,2025-07-28 12:00:00,0.0,0.0
-484,TĐ Huội Quảng,2025-07-28 13:00:00,0.0,0.0
-484,TĐ Huội Quảng,2025-07-28 14:00:00,0.0,0.0
-484,TĐ Huội Quảng,2025-07-28 15:00:00,0.0,0.0
-484,TĐ Huội Quảng,2025-07-28 16:00:00,0.0,0.0
-484,TĐ Huội Quảng,2025-07-28 17:00:00,0.0,0.0
-484,TĐ Huội Quảng,2025-07-28 18:00:00,0.0,0.0
-484,TĐ Huội Quảng,2025-07-28 19:00:00,0.0,0.0
-484,TĐ Huội Quảng,2025-07-28 20:00:00,0.0,0.0
-484,TĐ Huội Quảng,2025-07-28 21:00:00,0.0,0.0
-484,TĐ Huội Quảng,2025-07-28 22:00:00,0.0,0.0
-484,TĐ Huội Quảng,2025-07-28 23:00:00,0.0,0.0
-484,TĐ Huội Quảng,2025-07-29 00:00:00,0.0,0.0
-484,TĐ Huội Quảng,2025-07-29 01:00:00,0.0,0.0
-484,TĐ Huội Quảng,2025-07-29 02:00:00,0.0,0.0
-484,TĐ Huội Quảng,2025-07-29 03:00:00,0.0,0.0
-484,TĐ Huội Quảng,2025-07-29 04:00:00,0.0,0.0
-484,TĐ Huội Quảng,2025-07-29 05:00:00,0.0,0.0
-484,TĐ Huội Quảng,2025-07-29 06:00:00,0.0,0.0
-484,TĐ Huội Quảng,2025-07-29 07:00:00,0.0,0.0
-484,TĐ Huội Quảng,2025-07-29 08:00:00,0.0,0.0
-484,TĐ Huội Quảng,2025-07-29 09:00:00,0.0,0.0
-484,TĐ Huội Quảng,2025-07-29 10:00:00,0.0,0.0
-484,TĐ Huội Quảng,2025-07-29 11:00:00,0.0,0.0
-484,TĐ Huội Quảng,2025-07-29 12:00:00,0.0,0.0
-484,TĐ Huội Quảng,2025-07-29 13:00:00,0.0,0.0
-484,TĐ Huội Quảng,2025-07-29 14:00:00,0.0,0.0
-484,TĐ Huội Quảng,2025-07-29 15:00:00,0.0,0.0
-484,TĐ Huội Quảng,2025-07-29 16:00:00,0.0,0.0
-484,TĐ Huội Quảng,2025-07-29 17:00:00,0.0,0.0
-484,TĐ Huội Quảng,2025-07-29 18:00:00,0.0,0.0
-484,TĐ Huội Quảng,2025-07-29 19:00:00,0.0,0.0
-484,TĐ Huội Quảng,2025-07-29 20:00:00,0.0,0.0
-484,TĐ Huội Quảng,2025-07-29 21:00:00,0.0,0.0
-484,TĐ Huội Quảng,2025-07-29 22:00:00,0.0,0.0
-484,TĐ Huội Quảng,2025-07-29 23:00:00,0.0,0.0
-484,TĐ Huội Quảng,2025-07-30 00:00:00,0.0,0.0
-484,TĐ Huội Quảng,2025-07-30 01:00:00,0.0,0.0
-484,TĐ Huội Quảng,2025-07-30 02:00:00,0.0,0.0
-484,TĐ Huội Quảng,2025-07-30 03:00:00,0.0,0.0
-484,TĐ Huội Quảng,2025-07-30 04:00:00,0.6000000238418579,0.6000000238418579
-484,TĐ Huội Quảng,2025-07-30 05:00:00,0.6000000238418579,1.2000000476837158
-484,TĐ Huội Quảng,2025-07-30 06:00:00,0.4000000059604645,1.6000000536441803
-484,TĐ Huội Quảng,2025-07-30 07:00:00,0.0,1.6000000536441803
-484,TĐ Huội Quảng,2025-07-30 08:00:00,0.0,1.6000000536441803
-484,TĐ Huội Quảng,2025-07-30 09:00:00,0.0,1.6000000536441803
-484,TĐ Huội Quảng,2025-07-30 10:00:00,0.0,1.6000000536441803
-484,TĐ Huội Quảng,2025-07-30 11:00:00,0.0,1.6000000536441803
-484,TĐ Huội Quảng,2025-07-30 12:00:00,0.0,1.6000000536441803
-484,TĐ Huội Quảng,2025-07-30 13:00:00,0.0,1.6000000536441803
-484,TĐ Huội Quảng,2025-07-30 14:00:00,0.0,1.6000000536441803
-484,TĐ Huội Quảng,2025-07-30 15:00:00,0.0,1.6000000536441803
-484,TĐ Huội Quảng,2025-07-30 16:00:00,0.0,1.6000000536441803
-484,TĐ Huội Quảng,2025-07-30 17:00:00,0.0,1.6000000536441803
-484,TĐ Huội Quảng,2025-07-30 18:00:00,0.0,1.6000000536441803
-484,TĐ Huội Quảng,2025-07-30 19:00:00,0.0,1.6000000536441803
-484,TĐ Huội Quảng,2025-07-30 20:00:00,0.0,1.6000000536441803
-484,TĐ Huội Quảng,2025-07-30 21:00:00,0.0,1.6000000536441803
-484,TĐ Huội Quảng,2025-07-30 22:00:00,0.0,1.6000000536441803
-484,TĐ Huội Quảng,2025-07-30 23:00:00,0.0,1.6000000536441803
-484,TĐ Huội Quảng,2025-07-31 00:00:00,0.0,0.0
-484,TĐ Huội Quảng,2025-07-31 01:00:00,1.2000000476837158,1.2000000476837158
-484,TĐ Huội Quảng,2025-07-31 02:00:00,6.599999904632568,7.799999952316284
-484,TĐ Huội Quảng,2025-07-31 03:00:00,27.600000381469727,35.40000033378601
-484,TĐ Huội Quảng,2025-07-31 04:00:00,4.199999809265137,39.60000014305115
-484,TĐ Huội Quảng,2025-07-31 05:00:00,3.4000000953674316,43.00000023841858
-484,TĐ Huội Quảng,2025-07-31 06:00:00,1.7999999523162842,44.80000019073486
-484,TĐ Huội Quảng,2025-07-31 07:00:00,0.6000000238418579,45.40000021457672
-484,TĐ Huội Quảng,2025-07-31 08:00:00,1.0,46.40000021457672
-484,TĐ Huội Quảng,2025-07-31 09:00:00,1.600000023841858,48.00000023841858
-484,TĐ Huội Quảng,2025-07-31 10:00:00,0.4000000059604645,48.400000244379044
-484,TĐ Huội Quảng,2025-07-31 11:00:00,0.0,48.400000244379044
-484,TĐ Huội Quảng,2025-07-31 12:00:00,0.0,48.400000244379044
-484,TĐ Huội Quảng,2025-07-31 13:00:00,0.0,48.400000244379044
-484,TĐ Huội Quảng,2025-07-31 14:00:00,0.0,48.400000244379044
-484,TĐ Huội Quảng,2025-07-31 15:00:00,0.0,48.400000244379044
-484,TĐ Huội Quảng,2025-07-31 16:00:00,0.0,48.400000244379044
-484,TĐ Huội Quảng,2025-07-31 17:00:00,0.0,48.400000244379044
-484,TĐ Huội Quảng,2025-07-31 18:00:00,0.0,48.400000244379044
-484,TĐ Huội Quảng,2025-07-31 19:00:00,0.0,48.400000244379044
-484,TĐ Huội Quảng,2025-07-31 20:00:00,0.0,48.400000244379044
-484,TĐ Huội Quảng,2025-07-31 21:00:00,0.20000000298023224,48.600000247359276
-484,TĐ Huội Quảng,2025-07-31 22:00:00,0.800000011920929,49.400000259280205
-484,TĐ Huội Quảng,2025-07-31 23:00:00,0.20000000298023224,49.60000026226044
-484,TĐ Huội Quảng,2025-08-01 00:00:00,0.4000000059604645,1.600000023841858
-484,TĐ Huội Quảng,2025-08-01 01:00:00,0.0,1.600000023841858
-484,TĐ Huội Quảng,2025-08-01 02:00:00,0.0,1.600000023841858
-484,TĐ Huội Quảng,2025-08-01 03:00:00,1.2000000476837158,2.8000000715255737
-484,TĐ Huội Quảng,2025-08-01 04:00:00,2.0,4.800000071525574
-484,TĐ Huội Quảng,2025-08-01 05:00:00,0.800000011920929,5.600000083446503
-484,TĐ Huội Quảng,2025-08-01 06:00:00,0.0,5.600000083446503
-484,TĐ Huội Quảng,2025-08-01 07:00:00,0.0,5.600000083446503
-484,TĐ Huội Quảng,2025-08-01 08:00:00,0.0,5.600000083446503
-484,TĐ Huội Quảng,2025-08-01 09:00:00,0.0,5.600000083446503
-484,TĐ Huội Quảng,2025-08-01 10:00:00,0.0,5.600000083446503
-484,TĐ Huội Quảng,2025-08-01 11:00:00,0.0,5.600000083446503
-484,TĐ Huội Quảng,2025-08-01 12:00:00,0.0,5.600000083446503
-484,TĐ Huội Quảng,2025-08-01 13:00:00,0.0,5.600000083446503
-484,TĐ Huội Quảng,2025-08-01 14:00:00,0.0,5.600000083446503
-484,TĐ Huội Quảng,2025-08-01 15:00:00,0.0,5.600000083446503
-484,TĐ Huội Quảng,2025-08-01 16:00:00,0.0,5.600000083446503
-484,TĐ Huội Quảng,2025-08-01 17:00:00,0.0,5.600000083446503
-484,TĐ Huội Quảng,2025-08-01 18:00:00,0.0,5.600000083446503
-484,TĐ Huội Quảng,2025-08-01 19:00:00,0.0,5.600000083446503
-484,TĐ Huội Quảng,2025-08-01 20:00:00,0.0,5.600000083446503
-484,TĐ Huội Quảng,2025-08-01 21:00:00,0.0,5.600000083446503
-484,TĐ Huội Quảng,2025-08-01 22:00:00,0.0,5.600000083446503
-484,TĐ Huội Quảng,2025-08-01 23:00:00,0.0,5.600000083446503
-484,TĐ Huội Quảng,2025-08-02 00:00:00,0.0,0.0
-484,TĐ Huội Quảng,2025-08-02 01:00:00,0.0,0.0
-484,TĐ Huội Quảng,2025-08-02 02:00:00,0.0,0.0
-484,TĐ Huội Quảng,2025-08-02 03:00:00,0.0,0.0
-484,TĐ Huội Quảng,2025-08-02 04:00:00,0.0,0.0
-484,TĐ Huội Quảng,2025-08-02 05:00:00,0.0,0.0
-484,TĐ Huội Quảng,2025-08-02 06:00:00,0.0,0.0
-484,TĐ Huội Quảng,2025-08-02 07:00:00,0.0,0.0
-484,TĐ Huội Quảng,2025-08-02 08:00:00,0.0,0.0
-484,TĐ Huội Quảng,2025-08-02 09:00:00,0.0,0.0
-484,TĐ Huội Quảng,2025-08-02 10:00:00,0.0,0.0
-484,TĐ Huội Quảng,2025-08-02 11:00:00,0.0,0.0
-484,TĐ Huội Quảng,2025-08-02 12:00:00,0.0,0.0
-484,TĐ Huội Quảng,2025-08-02 13:00:00,0.0,0.0
-484,TĐ Huội Quảng,2025-08-02 14:00:00,0.0,0.0
-484,TĐ Huội Quảng,2025-08-02 15:00:00,0.0,0.0
-484,TĐ Huội Quảng,2025-08-02 16:00:00,0.0,0.0
-484,TĐ Huội Quảng,2025-08-02 17:00:00,0.0,0.0
-484,TĐ Huội Quảng,2025-08-02 18:00:00,0.0,0.0
-484,TĐ Huội Quảng,2025-08-02 19:00:00,0.0,0.0
-484,TĐ Huội Quảng,2025-08-02 20:00:00,0.0,0.0
-484,TĐ Huội Quảng,2025-08-02 21:00:00,0.0,0.0
-484,TĐ Huội Quảng,2025-08-02 22:00:00,0.0,0.0
-484,TĐ Huội Quảng,2025-08-02 23:00:00,0.0,0.0
-484,TĐ Huội Quảng,2025-08-03 00:00:00,0.0,0.0
-484,TĐ Huội Quảng,2025-08-03 01:00:00,0.0,0.0
-484,TĐ Huội Quảng,2025-08-03 02:00:00,0.0,0.0
-484,TĐ Huội Quảng,2025-08-03 03:00:00,0.0,0.0
-484,TĐ Huội Quảng,2025-08-03 04:00:00,0.0,0.0
-484,TĐ Huội Quảng,2025-08-03 05:00:00,0.0,0.0
-484,TĐ Huội Quảng,2025-08-03 06:00:00,0.0,0.0
-484,TĐ Huội Quảng,2025-08-03 07:00:00,0.0,0.0
-484,TĐ Huội Quảng,2025-08-03 08:00:00,0.0,0.0
-484,TĐ Huội Quảng,2025-08-03 09:00:00,0.0,0.0
-484,TĐ Huội Quảng,2025-08-03 10:00:00,0.0,0.0
-484,TĐ Huội Quảng,2025-08-03 11:00:00,0.0,0.0
-484,TĐ Huội Quảng,2025-08-03 12:00:00,0.0,0.0
-484,TĐ Huội Quảng,2025-08-03 13:00:00,0.0,0.0
-484,TĐ Huội Quảng,2025-08-03 14:00:00,0.0,0.0
-484,TĐ Huội Quảng,2025-08-03 15:00:00,0.0,0.0
-484,TĐ Huội Quảng,2025-08-03 16:00:00,0.0,0.0
-484,TĐ Huội Quảng,2025-08-03 17:00:00,2.0,2.0
-484,TĐ Huội Quảng,2025-08-03 18:00:00,1.600000023841858,3.600000023841858
-484,TĐ Huội Quảng,2025-08-03 19:00:00,0.0,3.600000023841858
-484,TĐ Huội Quảng,2025-08-03 20:00:00,0.0,3.600000023841858
-484,TĐ Huội Quảng,2025-08-03 21:00:00,0.0,3.600000023841858
-484,TĐ Huội Quảng,2025-08-03 22:00:00,0.0,3.600000023841858
-484,TĐ Huội Quảng,2025-08-03 23:00:00,0.0,3.600000023841858
-484,TĐ Huội Quảng,2025-08-04 00:00:00,0.0,0.0
-484,TĐ Huội Quảng,2025-08-04 01:00:00,0.0,0.0
-484,TĐ Huội Quảng,2025-08-04 02:00:00,0.0,0.0
-484,TĐ Huội Quảng,2025-08-04 03:00:00,0.0,0.0
-484,TĐ Huội Quảng,2025-08-04 04:00:00,0.0,0.0
-484,TĐ Huội Quảng,2025-08-04 05:00:00,0.0,0.0
-484,TĐ Huội Quảng,2025-08-04 06:00:00,0.0,0.0
-484,TĐ Huội Quảng,2025-08-04 07:00:00,0.0,0.0
-484,TĐ Huội Quảng,2025-08-04 08:00:00,0.0,0.0
-484,TĐ Huội Quảng,2025-08-04 09:00:00,0.0,0.0
-484,TĐ Huội Quảng,2025-08-04 10:00:00,0.0,0.0
-484,TĐ Huội Quảng,2025-08-04 11:00:00,0.0,0.0
-484,TĐ Huội Quảng,2025-08-04 12:00:00,0.0,0.0
-484,TĐ Huội Quảng,2025-08-04 13:00:00,0.0,0.0
-484,TĐ Huội Quảng,2025-08-04 14:00:00,0.0,0.0
-484,TĐ Huội Quảng,2025-08-04 15:00:00,0.0,0.0
-484,TĐ Huội Quảng,2025-08-04 16:00:00,0.0,0.0
-484,TĐ Huội Quảng,2025-08-04 17:00:00,0.0,0.0
-484,TĐ Huội Quảng,2025-08-04 18:00:00,0.0,0.0
-484,TĐ Huội Quảng,2025-08-04 19:00:00,0.0,0.0
-484,TĐ Huội Quảng,2025-08-04 20:00:00,1.399999976158142,1.399999976158142
-484,TĐ Huội Quảng,2025-08-04 21:00:00,4.800000190734863,6.200000166893005
-484,TĐ Huội Quảng,2025-08-04 22:00:00,1.399999976158142,7.6000001430511475
-484,TĐ Huội Quảng,2025-08-04 23:00:00,2.0,9.600000143051147
-484,TĐ Huội Quảng,2025-08-05 00:00:00,1.2000000476837158,10.800000190734863
-484,TĐ Huội Quảng,2025-08-05 01:00:00,0.0,10.800000190734863
-484,TĐ Huội Quảng,2025-08-05 02:00:00,0.0,10.800000190734863
-484,TĐ Huội Quảng,2025-08-05 03:00:00,0.0,10.800000190734863
-484,TĐ Huội Quảng,2025-08-05 04:00:00,0.0,10.800000190734863
-484,TĐ Huội Quảng,2025-08-05 05:00:00,0.0,10.800000190734863
-484,TĐ Huội Quảng,2025-08-05 06:00:00,0.0,10.800000190734863
-484,TĐ Huội Quảng,2025-08-05 07:00:00,0.20000000298023224,11.000000193715096
-484,TĐ Huội Quảng,2025-08-05 08:00:00,0.4000000059604645,11.40000019967556
-484,TĐ Huội Quảng,2025-08-05 09:00:00,0.0,11.40000019967556
-484,TĐ Huội Quảng,2025-08-05 10:00:00,2.5999999046325684,14.000000104308128
-484,TĐ Huội Quảng,2025-08-05 11:00:00,5.199999809265137,19.199999913573265
-484,TĐ Huội Quảng,2025-08-05 12:00:00,2.200000047683716,21.39999996125698
-484,TĐ Huội Quảng,2025-08-05 13:00:00,1.0,22.39999996125698
-484,TĐ Huội Quảng,2025-08-05 14:00:00,0.0,22.39999996125698
-484,TĐ Huội Quảng,2025-08-05 15:00:00,0.4000000059604645,22.799999967217445
-484,TĐ Huội Quảng,2025-08-05 16:00:00,0.0,22.799999967217445
-484,TĐ Huội Quảng,2025-08-05 17:00:00,0.0,22.799999967217445
-484,TĐ Huội Quảng,2025-08-05 18:00:00,0.0,22.799999967217445
-484,TĐ Huội Quảng,2025-08-05 19:00:00,0.0,22.799999967217445
-484,TĐ Huội Quảng,2025-08-05 20:00:00,2.200000047683716,25.00000001490116
-484,TĐ Huội Quảng,2025-08-05 21:00:00,8.800000190734863,33.800000205636024
-484,TĐ Huội Quảng,2025-08-05 22:00:00,3.4000000953674316,37.200000301003456
-484,TĐ Huội Quảng,2025-08-05 23:00:00,1.600000023841858,38.800000324845314
-484,TĐ Huội Quảng,2025-08-06 00:00:00,0.4000000059604645,16.400000363588333
-484,TĐ Huội Quảng,2025-08-06 01:00:00,0.0,16.400000363588333
-484,TĐ Huội Quảng,2025-08-06 02:00:00,0.0,16.400000363588333
-484,TĐ Huội Quảng,2025-08-06 03:00:00,0.0,16.400000363588333
-484,TĐ Huội Quảng,2025-08-06 04:00:00,0.0,16.400000363588333
-484,TĐ Huội Quảng,2025-08-06 05:00:00,1.2000000476837158,17.60000041127205
-484,TĐ Huội Quảng,2025-08-06 06:00:00,2.200000047683716,19.800000458955765
-484,TĐ Huội Quảng,2025-08-06 07:00:00,4.0,23.800000458955765
-484,TĐ Huội Quảng,2025-08-06 08:00:00,3.0,26.800000458955765
-484,TĐ Huội Quảng,2025-08-06 09:00:00,1.2000000476837158,28.00000050663948
-484,TĐ Huội Quảng,2025-08-06 10:00:00,0.0,28.00000050663948
-484,TĐ Huội Quảng,2025-08-06 11:00:00,0.0,28.00000050663948
-484,TĐ Huội Quảng,2025-08-06 12:00:00,0.0,28.00000050663948
-484,TĐ Huội Quảng,2025-08-06 13:00:00,0.0,28.00000050663948
-484,TĐ Huội Quảng,2025-08-06 14:00:00,0.0,28.00000050663948
-484,TĐ Huội Quảng,2025-08-06 15:00:00,0.0,28.00000050663948
-484,TĐ Huội Quảng,2025-08-06 16:00:00,0.0,28.00000050663948
-484,TĐ Huội Quảng,2025-08-06 17:00:00,0.0,28.00000050663948
-484,TĐ Huội Quảng,2025-08-06 18:00:00,0.0,28.00000050663948
-484,TĐ Huội Quảng,2025-08-06 19:00:00,0.0,28.00000050663948
-484,TĐ Huội Quảng,2025-08-06 20:00:00,0.20000000298023224,28.200000509619713
-484,TĐ Huội Quảng,2025-08-06 21:00:00,0.0,28.200000509619713
-484,TĐ Huội Quảng,2025-08-06 22:00:00,0.6000000238418579,28.80000053346157
-484,TĐ Huội Quảng,2025-08-06 23:00:00,0.0,28.80000053346157
-484,TĐ Huội Quảng,2025-08-07 00:00:00,0.0,0.8000000268220901
-484,TĐ Huội Quảng,2025-08-07 01:00:00,0.0,0.8000000268220901
-484,TĐ Huội Quảng,2025-08-07 02:00:00,0.0,0.8000000268220901
-484,TĐ Huội Quảng,2025-08-07 03:00:00,0.0,0.8000000268220901
-484,TĐ Huội Quảng,2025-08-07 04:00:00,0.0,0.8000000268220901
-484,TĐ Huội Quảng,2025-08-07 05:00:00,0.0,0.8000000268220901
-484,TĐ Huội Quảng,2025-08-07 06:00:00,0.0,0.8000000268220901
-484,TĐ Huội Quảng,2025-08-07 07:00:00,0.0,0.8000000268220901
-484,TĐ Huội Quảng,2025-08-07 08:00:00,0.0,0.8000000268220901
-484,TĐ Huội Quảng,2025-08-07 09:00:00,0.0,0.8000000268220901
-484,TĐ Huội Quảng,2025-08-07 10:00:00,0.0,0.8000000268220901
-484,TĐ Huội Quảng,2025-08-07 11:00:00,0.0,0.8000000268220901
-484,TĐ Huội Quảng,2025-08-07 12:00:00,0.0,0.8000000268220901
-484,TĐ Huội Quảng,2025-08-07 13:00:00,0.0,0.8000000268220901
-484,TĐ Huội Quảng,2025-08-07 14:00:00,0.0,0.8000000268220901
-484,TĐ Huội Quảng,2025-08-07 15:00:00,0.0,0.8000000268220901
-484,TĐ Huội Quảng,2025-08-07 16:00:00,0.0,0.8000000268220901
-484,TĐ Huội Quảng,2025-08-07 17:00:00,0.0,0.8000000268220901
-484,TĐ Huội Quảng,2025-08-07 18:00:00,0.0,0.8000000268220901
-484,TĐ Huội Quảng,2025-08-07 19:00:00,0.0,0.8000000268220901
-484,TĐ Huội Quảng,2025-08-07 20:00:00,0.0,0.8000000268220901
-484,TĐ Huội Quảng,2025-08-07 21:00:00,0.0,0.8000000268220901
-484,TĐ Huội Quảng,2025-08-07 22:00:00,0.0,0.8000000268220901
-484,TĐ Huội Quảng,2025-08-07 23:00:00,0.0,0.8000000268220901
-484,TĐ Huội Quảng,2025-08-08 00:00:00,0.0,0.0
-484,TĐ Huội Quảng,2025-08-08 01:00:00,0.20000000298023224,0.20000000298023224
-484,TĐ Huội Quảng,2025-08-08 02:00:00,0.0,0.20000000298023224
-484,TĐ Huội Quảng,2025-08-08 03:00:00,0.0,0.20000000298023224
-484,TĐ Huội Quảng,2025-08-08 04:00:00,0.0,0.20000000298023224
-484,TĐ Huội Quảng,2025-08-08 05:00:00,0.0,0.20000000298023224
-484,TĐ Huội Quảng,2025-08-08 06:00:00,0.0,0.20000000298023224
-484,TĐ Huội Quảng,2025-08-08 07:00:00,0.0,0.20000000298023224
-484,TĐ Huội Quảng,2025-08-08 08:00:00,0.0,0.20000000298023224
-484,TĐ Huội Quảng,2025-08-08 09:00:00,0.0,0.20000000298023224
-484,TĐ Huội Quảng,2025-08-08 10:00:00,0.0,0.20000000298023224
-484,TĐ Huội Quảng,2025-08-08 11:00:00,0.0,0.20000000298023224
-484,TĐ Huội Quảng,2025-08-08 12:00:00,0.0,0.20000000298023224
-484,TĐ Huội Quảng,2025-08-08 13:00:00,0.0,0.20000000298023224
-484,TĐ Huội Quảng,2025-08-08 14:00:00,0.0,0.20000000298023224
-484,TĐ Huội Quảng,2025-08-08 15:00:00,0.0,0.20000000298023224
-484,TĐ Huội Quảng,2025-08-08 16:00:00,0.0,0.20000000298023224
-484,TĐ Huội Quảng,2025-08-08 17:00:00,0.0,0.20000000298023224
-484,TĐ Huội Quảng,2025-08-08 18:00:00,0.0,0.20000000298023224
-484,TĐ Huội Quảng,2025-08-08 19:00:00,0.0,0.20000000298023224
-484,TĐ Huội Quảng,2025-08-08 20:00:00,0.0,0.20000000298023224
-484,TĐ Huội Quảng,2025-08-08 21:00:00,0.0,0.20000000298023224
-484,TĐ Huội Quảng,2025-08-08 22:00:00,0.0,0.20000000298023224
-484,TĐ Huội Quảng,2025-08-08 23:00:00,0.0,0.20000000298023224
-484,TĐ Huội Quảng,2025-08-09 00:00:00,0.0,0.0
-484,TĐ Huội Quảng,2025-08-09 01:00:00,0.0,0.0
-484,TĐ Huội Quảng,2025-08-09 02:00:00,0.0,0.0
-484,TĐ Huội Quảng,2025-08-09 03:00:00,0.0,0.0
-484,TĐ Huội Quảng,2025-08-09 04:00:00,0.0,0.0
-484,TĐ Huội Quảng,2025-08-09 05:00:00,0.0,0.0
-484,TĐ Huội Quảng,2025-08-09 06:00:00,0.0,0.0
-484,TĐ Huội Quảng,2025-08-09 07:00:00,0.0,0.0
-484,TĐ Huội Quảng,2025-08-09 08:00:00,0.0,0.0
-484,TĐ Huội Quảng,2025-08-09 09:00:00,0.0,0.0
-484,TĐ Huội Quảng,2025-08-09 10:00:00,0.0,0.0
-484,TĐ Huội Quảng,2025-08-09 11:00:00,0.0,0.0
-484,TĐ Huội Quảng,2025-08-09 12:00:00,0.0,0.0
-484,TĐ Huội Quảng,2025-08-09 13:00:00,0.0,0.0
-484,TĐ Huội Quảng,2025-08-09 14:00:00,0.0,0.0
-484,TĐ Huội Quảng,2025-08-09 15:00:00,0.0,0.0
-484,TĐ Huội Quảng,2025-08-09 16:00:00,0.0,0.0
-484,TĐ Huội Quảng,2025-08-09 17:00:00,0.0,0.0
-484,TĐ Huội Quảng,2025-08-09 18:00:00,0.0,0.0
-484,TĐ Huội Quảng,2025-08-09 19:00:00,0.0,0.0
-484,TĐ Huội Quảng,2025-08-09 20:00:00,0.0,0.0
-484,TĐ Huội Quảng,2025-08-09 21:00:00,0.0,0.0
-484,TĐ Huội Quảng,2025-08-09 22:00:00,0.0,0.0
-484,TĐ Huội Quảng,2025-08-09 23:00:00,0.0,0.0
-484,TĐ Huội Quảng,2025-08-10 00:00:00,0.0,0.0
-484,TĐ Huội Quảng,2025-08-10 01:00:00,0.0,0.0
-484,TĐ Huội Quảng,2025-08-10 02:00:00,0.0,0.0
-484,TĐ Huội Quảng,2025-08-10 03:00:00,0.0,0.0
-484,TĐ Huội Quảng,2025-08-10 04:00:00,0.0,0.0
-484,TĐ Huội Quảng,2025-08-10 05:00:00,0.0,0.0
-484,TĐ Huội Quảng,2025-08-10 06:00:00,0.0,0.0
-484,TĐ Huội Quảng,2025-08-10 07:00:00,0.0,0.0
-484,TĐ Huội Quảng,2025-08-10 08:00:00,0.4000000059604645,0.4000000059604645
-484,TĐ Huội Quảng,2025-08-10 09:00:00,1.2000000476837158,1.6000000536441803
-484,TĐ Huội Quảng,2025-08-10 10:00:00,0.20000000298023224,1.8000000566244125
-484,TĐ Huội Quảng,2025-08-10 11:00:00,0.0,1.8000000566244125
-484,TĐ Huội Quảng,2025-08-10 12:00:00,0.0,1.8000000566244125
-484,TĐ Huội Quảng,2025-08-10 13:00:00,0.0,1.8000000566244125
-484,TĐ Huội Quảng,2025-08-10 14:00:00,0.0,1.8000000566244125
-484,TĐ Huội Quảng,2025-08-10 15:00:00,0.0,1.8000000566244125
-484,TĐ Huội Quảng,2025-08-10 16:00:00,0.0,1.8000000566244125
-484,TĐ Huội Quảng,2025-08-10 17:00:00,0.0,1.8000000566244125
-484,TĐ Huội Quảng,2025-08-10 18:00:00,0.0,1.8000000566244125
-484,TĐ Huội Quảng,2025-08-10 19:00:00,0.0,1.8000000566244125
-484,TĐ Huội Quảng,2025-08-10 20:00:00,0.0,1.8000000566244125
-484,TĐ Huội Quảng,2025-08-10 21:00:00,0.0,1.8000000566244125
-484,TĐ Huội Quảng,2025-08-10 22:00:00,0.0,1.8000000566244125
-484,TĐ Huội Quảng,2025-08-10 23:00:00,0.0,1.8000000566244125
-484,TĐ Huội Quảng,2025-08-11 00:00:00,0.0,0.0
-484,TĐ Huội Quảng,2025-08-11 01:00:00,0.0,0.0
-484,TĐ Huội Quảng,2025-08-11 02:00:00,0.0,0.0
-484,TĐ Huội Quảng,2025-08-11 03:00:00,1.2000000476837158,1.2000000476837158
-484,TĐ Huội Quảng,2025-08-11 04:00:00,0.0,1.2000000476837158
-484,TĐ Huội Quảng,2025-08-11 05:00:00,0.0,1.2000000476837158
-484,TĐ Huội Quảng,2025-08-11 06:00:00,0.0,1.2000000476837158
-484,TĐ Huội Quảng,2025-08-11 07:00:00,0.0,1.2000000476837158
-484,TĐ Huội Quảng,2025-08-11 08:00:00,0.0,1.2000000476837158
-484,TĐ Huội Quảng,2025-08-11 09:00:00,0.0,1.2000000476837158
-484,TĐ Huội Quảng,2025-08-11 10:00:00,0.0,1.2000000476837158
-484,TĐ Huội Quảng,2025-08-11 11:00:00,0.0,1.2000000476837158
-484,TĐ Huội Quảng,2025-08-11 12:00:00,0.0,1.2000000476837158
-484,TĐ Huội Quảng,2025-08-11 13:00:00,0.0,1.2000000476837158
-484,TĐ Huội Quảng,2025-08-11 14:00:00,0.0,1.2000000476837158
-484,TĐ Huội Quảng,2025-08-11 15:00:00,0.0,1.2000000476837158
-484,TĐ Huội Quảng,2025-08-11 16:00:00,0.0,1.2000000476837158
-484,TĐ Huội Quảng,2025-08-11 17:00:00,0.0,1.2000000476837158
-484,TĐ Huội Quảng,2025-08-11 18:00:00,0.0,1.2000000476837158
-484,TĐ Huội Quảng,2025-08-11 19:00:00,0.0,1.2000000476837158
-484,TĐ Huội Quảng,2025-08-11 20:00:00,0.0,1.2000000476837158
-484,TĐ Huội Quảng,2025-08-11 21:00:00,0.0,1.2000000476837158
-484,TĐ Huội Quảng,2025-08-11 22:00:00,0.0,1.2000000476837158
-484,TĐ Huội Quảng,2025-08-11 23:00:00,0.0,1.2000000476837158
-484,TĐ Huội Quảng,2025-08-12 00:00:00,0.0,0.0
-484,TĐ Huội Quảng,2025-08-12 01:00:00,0.0,0.0
-484,TĐ Huội Quảng,2025-08-12 02:00:00,0.0,0.0
-484,TĐ Huội Quảng,2025-08-12 03:00:00,0.0,0.0
-484,TĐ Huội Quảng,2025-08-12 04:00:00,0.0,0.0
-484,TĐ Huội Quảng,2025-08-12 05:00:00,0.0,0.0
-484,TĐ Huội Quảng,2025-08-12 06:00:00,0.0,0.0
-484,TĐ Huội Quảng,2025-08-12 07:00:00,0.0,0.0
-484,TĐ Huội Quảng,2025-08-12 08:00:00,0.0,0.0
-484,TĐ Huội Quảng,2025-08-12 09:00:00,0.0,0.0
-484,TĐ Huội Quảng,2025-08-12 10:00:00,0.0,0.0
-484,TĐ Huội Quảng,2025-08-12 11:00:00,0.0,0.0
-484,TĐ Huội Quảng,2025-08-12 12:00:00,0.0,0.0
-484,TĐ Huội Quảng,2025-08-12 13:00:00,0.0,0.0
-484,TĐ Huội Quảng,2025-08-12 14:00:00,0.0,0.0
-484,TĐ Huội Quảng,2025-08-12 15:00:00,0.0,0.0
-484,TĐ Huội Quảng,2025-08-12 16:00:00,0.0,0.0
-484,TĐ Huội Quảng,2025-08-12 17:00:00,0.0,0.0
-484,TĐ Huội Quảng,2025-08-12 18:00:00,0.0,0.0
-484,TĐ Huội Quảng,2025-08-12 19:00:00,0.0,0.0
-484,TĐ Huội Quảng,2025-08-12 20:00:00,0.0,0.0
-484,TĐ Huội Quảng,2025-08-12 21:00:00,0.0,0.0
-484,TĐ Huội Quảng,2025-08-12 22:00:00,0.0,0.0
-484,TĐ Huội Quảng,2025-08-12 23:00:00,0.0,0.0
-484,TĐ Huội Quảng,2025-08-13 00:00:00,0.0,0.0
-484,TĐ Huội Quảng,2025-08-13 01:00:00,0.0,0.0
-484,TĐ Huội Quảng,2025-08-13 02:00:00,0.0,0.0
-484,TĐ Huội Quảng,2025-08-13 03:00:00,0.0,0.0
-484,TĐ Huội Quảng,2025-08-13 04:00:00,0.0,0.0
-484,TĐ Huội Quảng,2025-08-13 05:00:00,0.0,0.0
-484,TĐ Huội Quảng,2025-08-13 06:00:00,0.0,0.0
-484,TĐ Huội Quảng,2025-08-13 07:00:00,0.0,0.0
-484,TĐ Huội Quảng,2025-08-13 08:00:00,0.0,0.0
-484,TĐ Huội Quảng,2025-08-13 09:00:00,0.0,0.0
-484,TĐ Huội Quảng,2025-08-13 10:00:00,0.0,0.0
-484,TĐ Huội Quảng,2025-08-13 11:00:00,0.0,0.0
-484,TĐ Huội Quảng,2025-08-13 12:00:00,0.0,0.0
-484,TĐ Huội Quảng,2025-08-13 13:00:00,0.0,0.0
-484,TĐ Huội Quảng,2025-08-13 14:00:00,0.0,0.0
-484,TĐ Huội Quảng,2025-08-13 15:00:00,0.0,0.0
-484,TĐ Huội Quảng,2025-08-13 16:00:00,0.0,0.0
-484,TĐ Huội Quảng,2025-08-13 17:00:00,0.0,0.0
-484,TĐ Huội Quảng,2025-08-13 18:00:00,0.0,0.0
-484,TĐ Huội Quảng,2025-08-13 19:00:00,0.0,0.0
-484,TĐ Huội Quảng,2025-08-13 20:00:00,0.0,0.0
-484,TĐ Huội Quảng,2025-08-13 21:00:00,0.0,0.0
-484,TĐ Huội Quảng,2025-08-13 22:00:00,0.0,0.0
-484,TĐ Huội Quảng,2025-08-13 23:00:00,0.0,0.0
-484,TĐ Huội Quảng,2025-08-14 00:00:00,0.0,0.0
-484,TĐ Huội Quảng,2025-08-14 01:00:00,0.0,0.0
-484,TĐ Huội Quảng,2025-08-14 02:00:00,0.0,0.0
-484,TĐ Huội Quảng,2025-08-14 03:00:00,0.0,0.0
-484,TĐ Huội Quảng,2025-08-14 04:00:00,0.0,0.0
-484,TĐ Huội Quảng,2025-08-14 05:00:00,0.0,0.0
-484,TĐ Huội Quảng,2025-08-14 06:00:00,0.0,0.0
-484,TĐ Huội Quảng,2025-08-14 07:00:00,0.0,0.0
-484,TĐ Huội Quảng,2025-08-14 08:00:00,0.0,0.0
-484,TĐ Huội Quảng,2025-08-14 09:00:00,0.0,0.0
-484,TĐ Huội Quảng,2025-08-14 10:00:00,0.0,0.0
-484,TĐ Huội Quảng,2025-08-14 11:00:00,0.0,0.0
-484,TĐ Huội Quảng,2025-08-14 12:00:00,0.0,0.0
-484,TĐ Huội Quảng,2025-08-14 13:00:00,0.800000011920929,0.800000011920929
-484,TĐ Huội Quảng,2025-08-14 14:00:00,0.0,0.800000011920929
-484,TĐ Huội Quảng,2025-08-14 15:00:00,0.0,0.800000011920929
-484,TĐ Huội Quảng,2025-08-14 16:00:00,0.0,0.800000011920929
-484,TĐ Huội Quảng,2025-08-14 17:00:00,0.0,0.800000011920929
-484,TĐ Huội Quảng,2025-08-14 18:00:00,0.0,0.800000011920929
-484,TĐ Huội Quảng,2025-08-14 19:00:00,0.0,0.800000011920929
-484,TĐ Huội Quảng,2025-08-14 20:00:00,0.0,0.800000011920929
-484,TĐ Huội Quảng,2025-08-14 21:00:00,0.0,0.800000011920929
-484,TĐ Huội Quảng,2025-08-14 22:00:00,0.0,0.800000011920929
-484,TĐ Huội Quảng,2025-08-14 23:00:00,0.0,0.800000011920929
-484,TĐ Huội Quảng,2025-08-15 00:00:00,0.0,0.0
-484,TĐ Huội Quảng,2025-08-15 01:00:00,0.800000011920929,0.800000011920929
-484,TĐ Huội Quảng,2025-08-15 02:00:00,0.4000000059604645,1.2000000178813934
-484,TĐ Huội Quảng,2025-08-15 03:00:00,0.20000000298023224,1.4000000208616257
-484,TĐ Huội Quảng,2025-08-15 04:00:00,0.0,1.4000000208616257
-484,TĐ Huội Quảng,2025-08-15 05:00:00,0.0,1.4000000208616257
-484,TĐ Huội Quảng,2025-08-15 06:00:00,0.6000000238418579,2.0000000447034836
-484,TĐ Huội Quảng,2025-08-15 07:00:00,2.5999999046325684,4.599999949336052
-484,TĐ Huội Quảng,2025-08-15 08:00:00,0.20000000298023224,4.799999952316284
-484,TĐ Huội Quảng,2025-08-15 09:00:00,0.20000000298023224,4.999999955296516
-484,TĐ Huội Quảng,2025-08-15 10:00:00,0.0,4.999999955296516
-484,TĐ Huội Quảng,2025-08-15 11:00:00,0.0,4.999999955296516
-484,TĐ Huội Quảng,2025-08-15 12:00:00,0.0,4.999999955296516
-484,TĐ Huội Quảng,2025-08-15 13:00:00,0.0,4.999999955296516
-484,TĐ Huội Quảng,2025-08-15 14:00:00,0.0,4.999999955296516
-484,TĐ Huội Quảng,2025-08-15 15:00:00,0.0,4.999999955296516
-484,TĐ Huội Quảng,2025-08-15 16:00:00,0.20000000298023224,5.199999958276749
-484,TĐ Huội Quảng,2025-08-15 17:00:00,0.0,5.199999958276749
-484,TĐ Huội Quảng,2025-08-15 18:00:00,0.0,5.199999958276749
-484,TĐ Huội Quảng,2025-08-15 19:00:00,0.0,5.199999958276749
-484,TĐ Huội Quảng,2025-08-15 20:00:00,0.0,5.199999958276749
-484,TĐ Huội Quảng,2025-08-15 21:00:00,0.0,5.199999958276749
-484,TĐ Huội Quảng,2025-08-15 22:00:00,0.0,5.199999958276749
-484,TĐ Huội Quảng,2025-08-15 23:00:00,0.0,5.199999958276749
-484,TĐ Huội Quảng,2025-08-16 00:00:00,0.0,0.0
-484,TĐ Huội Quảng,2025-08-16 01:00:00,0.0,0.0
-484,TĐ Huội Quảng,2025-08-16 02:00:00,0.0,0.0
-484,TĐ Huội Quảng,2025-08-16 03:00:00,0.0,0.0
-484,TĐ Huội Quảng,2025-08-16 04:00:00,0.0,0.0
-484,TĐ Huội Quảng,2025-08-16 05:00:00,0.0,0.0
-484,TĐ Huội Quảng,2025-08-16 06:00:00,0.0,0.0
-484,TĐ Huội Quảng,2025-08-16 07:00:00,0.0,0.0
-484,TĐ Huội Quảng,2025-08-16 08:00:00,0.0,0.0
-484,TĐ Huội Quảng,2025-08-16 09:00:00,0.0,0.0
-484,TĐ Huội Quảng,2025-08-16 10:00:00,0.0,0.0
-484,TĐ Huội Quảng,2025-08-16 11:00:00,0.0,0.0
-484,TĐ Huội Quảng,2025-08-16 12:00:00,0.0,0.0
-484,TĐ Huội Quảng,2025-08-16 13:00:00,0.0,0.0
-484,TĐ Huội Quảng,2025-08-16 14:00:00,0.0,0.0
-484,TĐ Huội Quảng,2025-08-16 15:00:00,0.0,0.0
-484,TĐ Huội Quảng,2025-08-16 16:00:00,0.0,0.0
-484,TĐ Huội Quảng,2025-08-16 17:00:00,0.0,0.0
-484,TĐ Huội Quảng,2025-08-16 18:00:00,0.0,0.0
-484,TĐ Huội Quảng,2025-08-16 19:00:00,0.0,0.0
-484,TĐ Huội Quảng,2025-08-16 20:00:00,0.0,0.0
-484,TĐ Huội Quảng,2025-08-16 21:00:00,0.0,0.0
-484,TĐ Huội Quảng,2025-08-16 22:00:00,0.0,0.0
-484,TĐ Huội Quảng,2025-08-16 23:00:00,0.0,0.0
-484,TĐ Huội Quảng,2025-08-17 00:00:00,0.0,0.0
-484,TĐ Huội Quảng,2025-08-17 01:00:00,0.0,0.0
-484,TĐ Huội Quảng,2025-08-17 02:00:00,0.0,0.0
-484,TĐ Huội Quảng,2025-08-17 03:00:00,0.0,0.0
-484,TĐ Huội Quảng,2025-08-17 04:00:00,0.0,0.0
-484,TĐ Huội Quảng,2025-08-17 05:00:00,0.0,0.0
-484,TĐ Huội Quảng,2025-08-17 06:00:00,0.0,0.0
-484,TĐ Huội Quảng,2025-08-17 07:00:00,0.0,0.0
-484,TĐ Huội Quảng,2025-08-17 08:00:00,0.0,0.0
-484,TĐ Huội Quảng,2025-08-17 09:00:00,0.0,0.0
-484,TĐ Huội Quảng,2025-08-17 10:00:00,0.0,0.0
-484,TĐ Huội Quảng,2025-08-17 11:00:00,0.0,0.0
-484,TĐ Huội Quảng,2025-08-17 12:00:00,0.0,0.0
-484,TĐ Huội Quảng,2025-08-17 13:00:00,0.0,0.0
-484,TĐ Huội Quảng,2025-08-17 14:00:00,0.0,0.0
-484,TĐ Huội Quảng,2025-08-17 15:00:00,0.0,0.0
-484,TĐ Huội Quảng,2025-08-17 16:00:00,0.0,0.0
-484,TĐ Huội Quảng,2025-08-17 17:00:00,0.0,0.0
-484,TĐ Huội Quảng,2025-08-17 18:00:00,0.0,0.0
-484,TĐ Huội Quảng,2025-08-17 19:00:00,0.0,0.0
-484,TĐ Huội Quảng,2025-08-17 20:00:00,0.0,0.0
-484,TĐ Huội Quảng,2025-08-17 21:00:00,0.0,0.0
-484,TĐ Huội Quảng,2025-08-17 22:00:00,0.0,0.0
-484,TĐ Huội Quảng,2025-08-17 23:00:00,0.0,0.0
-484,TĐ Huội Quảng,2025-08-18 00:00:00,0.0,0.0
-484,TĐ Huội Quảng,2025-08-18 01:00:00,0.0,0.0
-484,TĐ Huội Quảng,2025-08-18 02:00:00,0.0,0.0
-484,TĐ Huội Quảng,2025-08-18 03:00:00,0.0,0.0
-484,TĐ Huội Quảng,2025-08-18 04:00:00,0.0,0.0
-484,TĐ Huội Quảng,2025-08-18 05:00:00,0.0,0.0
-484,TĐ Huội Quảng,2025-08-18 06:00:00,0.0,0.0
-484,TĐ Huội Quảng,2025-08-18 07:00:00,0.0,0.0
-484,TĐ Huội Quảng,2025-08-18 08:00:00,0.0,0.0
-484,TĐ Huội Quảng,2025-08-18 09:00:00,0.0,0.0
-484,TĐ Huội Quảng,2025-08-18 10:00:00,0.0,0.0
-484,TĐ Huội Quảng,2025-08-18 11:00:00,0.0,0.0
-484,TĐ Huội Quảng,2025-08-18 12:00:00,0.0,0.0
-484,TĐ Huội Quảng,2025-08-18 13:00:00,0.0,0.0
-484,TĐ Huội Quảng,2025-08-18 14:00:00,0.0,0.0
-484,TĐ Huội Quảng,2025-08-18 15:00:00,0.0,0.0
-484,TĐ Huội Quảng,2025-08-18 16:00:00,0.0,0.0
-484,TĐ Huội Quảng,2025-08-18 17:00:00,0.0,0.0
-484,TĐ Huội Quảng,2025-08-18 18:00:00,0.0,0.0
-484,TĐ Huội Quảng,2025-08-18 19:00:00,0.0,0.0
-484,TĐ Huội Quảng,2025-08-18 20:00:00,0.0,0.0
-484,TĐ Huội Quảng,2025-08-18 21:00:00,0.0,0.0
-484,TĐ Huội Quảng,2025-08-18 22:00:00,0.0,0.0
-484,TĐ Huội Quảng,2025-08-18 23:00:00,0.0,0.0
-484,TĐ Huội Quảng,2025-08-19 00:00:00,0.0,0.0
-484,TĐ Huội Quảng,2025-08-19 01:00:00,0.0,0.0
-484,TĐ Huội Quảng,2025-08-19 02:00:00,0.0,0.0
-484,TĐ Huội Quảng,2025-08-19 03:00:00,0.0,0.0
-484,TĐ Huội Quảng,2025-08-19 04:00:00,0.0,0.0
-484,TĐ Huội Quảng,2025-08-19 05:00:00,0.0,0.0
-484,TĐ Huội Quảng,2025-08-19 06:00:00,0.0,0.0
-484,TĐ Huội Quảng,2025-08-19 07:00:00,0.0,0.0
-484,TĐ Huội Quảng,2025-08-19 08:00:00,0.0,0.0
-484,TĐ Huội Quảng,2025-08-19 09:00:00,0.0,0.0
-484,TĐ Huội Quảng,2025-08-19 10:00:00,0.0,0.0
-484,TĐ Huội Quảng,2025-08-19 11:00:00,0.0,0.0
-484,TĐ Huội Quảng,2025-08-19 12:00:00,0.0,0.0
-484,TĐ Huội Quảng,2025-08-19 13:00:00,0.0,0.0
-484,TĐ Huội Quảng,2025-08-19 14:00:00,0.0,0.0
-484,TĐ Huội Quảng,2025-08-19 15:00:00,0.0,0.0
-484,TĐ Huội Quảng,2025-08-19 16:00:00,0.0,0.0
-484,TĐ Huội Quảng,2025-08-19 17:00:00,0.0,0.0
-484,TĐ Huội Quảng,2025-08-19 18:00:00,0.0,0.0
-484,TĐ Huội Quảng,2025-08-19 19:00:00,0.0,0.0
-484,TĐ Huội Quảng,2025-08-19 20:00:00,0.0,0.0
-484,TĐ Huội Quảng,2025-08-19 21:00:00,1.2000000476837158,1.2000000476837158
-484,TĐ Huội Quảng,2025-08-19 22:00:00,0.0,1.2000000476837158
-484,TĐ Huội Quảng,2025-08-19 23:00:00,0.0,1.2000000476837158
-484,TĐ Huội Quảng,2025-08-20 00:00:00,0.20000000298023224,1.400000050663948
-484,TĐ Huội Quảng,2025-08-20 01:00:00,0.0,1.400000050663948
-484,TĐ Huội Quảng,2025-08-20 02:00:00,0.0,1.400000050663948
-484,TĐ Huội Quảng,2025-08-20 03:00:00,0.0,1.400000050663948
-484,TĐ Huội Quảng,2025-08-20 04:00:00,0.0,1.400000050663948
-484,TĐ Huội Quảng,2025-08-20 05:00:00,0.0,1.400000050663948
-484,TĐ Huội Quảng,2025-08-20 06:00:00,0.0,1.400000050663948
-484,TĐ Huội Quảng,2025-08-20 07:00:00,0.0,1.400000050663948
-484,TĐ Huội Quảng,2025-08-20 08:00:00,0.0,1.400000050663948
-484,TĐ Huội Quảng,2025-08-20 09:00:00,0.0,1.400000050663948
-484,TĐ Huội Quảng,2025-08-20 10:00:00,0.0,1.400000050663948
-484,TĐ Huội Quảng,2025-08-20 11:00:00,0.0,1.400000050663948
-484,TĐ Huội Quảng,2025-08-20 12:00:00,0.0,1.400000050663948
-484,TĐ Huội Quảng,2025-08-20 13:00:00,0.20000000298023224,1.6000000536441803
-484,TĐ Huội Quảng,2025-08-20 14:00:00,0.0,1.6000000536441803
-484,TĐ Huội Quảng,2025-08-20 15:00:00,0.0,1.6000000536441803
-484,TĐ Huội Quảng,2025-08-20 16:00:00,0.0,1.6000000536441803
-484,TĐ Huội Quảng,2025-08-20 17:00:00,0.0,1.6000000536441803
-484,TĐ Huội Quảng,2025-08-20 18:00:00,0.0,1.6000000536441803
-484,TĐ Huội Quảng,2025-08-20 19:00:00,0.0,1.6000000536441803
-484,TĐ Huội Quảng,2025-08-20 20:00:00,0.0,1.6000000536441803
-484,TĐ Huội Quảng,2025-08-20 21:00:00,0.0,1.6000000536441803
-484,TĐ Huội Quảng,2025-08-20 22:00:00,0.0,1.6000000536441803
-484,TĐ Huội Quảng,2025-08-20 23:00:00,0.0,1.6000000536441803
-484,TĐ Huội Quảng,2025-08-21 00:00:00,0.20000000298023224,0.20000000298023224
-484,TĐ Huội Quảng,2025-08-21 01:00:00,0.20000000298023224,0.4000000059604645
-484,TĐ Huội Quảng,2025-08-21 02:00:00,0.0,0.4000000059604645
-484,TĐ Huội Quảng,2025-08-21 03:00:00,0.0,0.4000000059604645
-484,TĐ Huội Quảng,2025-08-21 04:00:00,0.0,0.4000000059604645
-484,TĐ Huội Quảng,2025-08-21 05:00:00,0.0,0.4000000059604645
-484,TĐ Huội Quảng,2025-08-21 06:00:00,0.0,0.4000000059604645
-484,TĐ Huội Quảng,2025-08-21 07:00:00,0.0,0.4000000059604645
-484,TĐ Huội Quảng,2025-08-21 08:00:00,0.0,0.4000000059604645
-484,TĐ Huội Quảng,2025-08-21 09:00:00,0.0,0.4000000059604645
-484,TĐ Huội Quảng,2025-08-21 10:00:00,0.0,0.4000000059604645
-484,TĐ Huội Quảng,2025-08-21 11:00:00,0.0,0.4000000059604645
-484,TĐ Huội Quảng,2025-08-21 12:00:00,0.0,0.4000000059604645
-484,TĐ Huội Quảng,2025-08-21 13:00:00,0.0,0.4000000059604645
-484,TĐ Huội Quảng,2025-08-21 14:00:00,0.0,0.4000000059604645
-484,TĐ Huội Quảng,2025-08-21 15:00:00,0.0,0.4000000059604645
-484,TĐ Huội Quảng,2025-08-21 16:00:00,0.0,0.4000000059604645
-484,TĐ Huội Quảng,2025-08-21 17:00:00,0.0,0.4000000059604645
-484,TĐ Huội Quảng,2025-08-21 18:00:00,0.0,0.4000000059604645
-484,TĐ Huội Quảng,2025-08-21 19:00:00,0.0,0.4000000059604645
-484,TĐ Huội Quảng,2025-08-21 20:00:00,0.0,0.4000000059604645
-484,TĐ Huội Quảng,2025-08-21 21:00:00,0.0,0.4000000059604645
-484,TĐ Huội Quảng,2025-08-21 22:00:00,0.0,0.4000000059604645
-484,TĐ Huội Quảng,2025-08-21 23:00:00,0.0,0.4000000059604645
-484,TĐ Huội Quảng,2025-08-22 00:00:00,0.0,0.0
-484,TĐ Huội Quảng,2025-08-22 01:00:00,0.0,0.0
-484,TĐ Huội Quảng,2025-08-22 02:00:00,0.0,0.0
-484,TĐ Huội Quảng,2025-08-22 03:00:00,0.0,0.0
-484,TĐ Huội Quảng,2025-08-22 04:00:00,0.0,0.0
-484,TĐ Huội Quảng,2025-08-22 05:00:00,0.0,0.0
-484,TĐ Huội Quảng,2025-08-22 06:00:00,0.0,0.0
-484,TĐ Huội Quảng,2025-08-22 07:00:00,0.0,0.0
-484,TĐ Huội Quảng,2025-08-22 08:00:00,0.0,0.0
-484,TĐ Huội Quảng,2025-08-22 09:00:00,0.0,0.0
-484,TĐ Huội Quảng,2025-08-22 10:00:00,0.0,0.0
-484,TĐ Huội Quảng,2025-08-22 11:00:00,0.0,0.0
-484,TĐ Huội Quảng,2025-08-22 12:00:00,0.0,0.0
-484,TĐ Huội Quảng,2025-08-22 13:00:00,1.600000023841858,1.600000023841858
-484,TĐ Huội Quảng,2025-08-22 14:00:00,2.5999999046325684,4.199999928474426
-484,TĐ Huội Quảng,2025-08-22 15:00:00,0.0,4.199999928474426
-484,TĐ Huội Quảng,2025-08-22 16:00:00,0.0,4.199999928474426
-484,TĐ Huội Quảng,2025-08-22 17:00:00,0.0,4.199999928474426
-484,TĐ Huội Quảng,2025-08-22 18:00:00,0.0,4.199999928474426
-484,TĐ Huội Quảng,2025-08-22 19:00:00,0.0,4.199999928474426
-484,TĐ Huội Quảng,2025-08-22 20:00:00,0.0,4.199999928474426
-484,TĐ Huội Quảng,2025-08-22 21:00:00,0.0,4.199999928474426
-484,TĐ Huội Quảng,2025-08-22 22:00:00,0.0,4.199999928474426
-484,TĐ Huội Quảng,2025-08-22 23:00:00,0.0,4.199999928474426
-484,TĐ Huội Quảng,2025-08-23 00:00:00,0.20000000298023224,0.20000000298023224
-484,TĐ Huội Quảng,2025-08-23 01:00:00,0.4000000059604645,0.6000000089406967
-484,TĐ Huội Quảng,2025-08-23 02:00:00,0.0,0.6000000089406967
-484,TĐ Huội Quảng,2025-08-23 03:00:00,0.0,0.6000000089406967
-484,TĐ Huội Quảng,2025-08-23 04:00:00,2.4000000953674316,3.0000001043081284
-484,TĐ Huội Quảng,2025-08-23 05:00:00,2.200000047683716,5.200000151991844
-484,TĐ Huội Quảng,2025-08-23 06:00:00,0.20000000298023224,5.400000154972076
-484,TĐ Huội Quảng,2025-08-23 07:00:00,0.0,5.400000154972076
-484,TĐ Huội Quảng,2025-08-23 08:00:00,0.20000000298023224,5.600000157952309
-484,TĐ Huội Quảng,2025-08-23 09:00:00,0.0,5.600000157952309
-484,TĐ Huội Quảng,2025-08-23 10:00:00,0.0,5.600000157952309
-484,TĐ Huội Quảng,2025-08-23 11:00:00,0.0,5.600000157952309
-484,TĐ Huội Quảng,2025-08-23 12:00:00,0.0,5.600000157952309
-484,TĐ Huội Quảng,2025-08-23 13:00:00,0.0,5.600000157952309
-484,TĐ Huội Quảng,2025-08-23 14:00:00,0.0,5.600000157952309
-484,TĐ Huội Quảng,2025-08-23 15:00:00,0.0,5.600000157952309
-484,TĐ Huội Quảng,2025-08-23 16:00:00,0.0,5.600000157952309
-484,TĐ Huội Quảng,2025-08-23 17:00:00,0.0,5.600000157952309
-484,TĐ Huội Quảng,2025-08-23 18:00:00,0.0,5.600000157952309
-484,TĐ Huội Quảng,2025-08-23 19:00:00,0.0,5.600000157952309
-484,TĐ Huội Quảng,2025-08-23 20:00:00,0.0,5.600000157952309
-484,TĐ Huội Quảng,2025-08-23 21:00:00,0.0,5.600000157952309
-484,TĐ Huội Quảng,2025-08-23 22:00:00,0.0,5.600000157952309
-484,TĐ Huội Quảng,2025-08-23 23:00:00,0.0,5.600000157952309
-484,TĐ Huội Quảng,2025-08-24 00:00:00,0.0,0.0
-484,TĐ Huội Quảng,2025-08-24 01:00:00,0.0,0.0
-484,TĐ Huội Quảng,2025-08-24 02:00:00,0.0,0.0
-484,TĐ Huội Quảng,2025-08-24 03:00:00,0.0,0.0
-484,TĐ Huội Quảng,2025-08-24 04:00:00,0.20000000298023224,0.20000000298023224
-484,TĐ Huội Quảng,2025-08-24 05:00:00,0.0,0.20000000298023224
-484,TĐ Huội Quảng,2025-08-24 06:00:00,0.0,0.20000000298023224
-484,TĐ Huội Quảng,2025-08-24 07:00:00,0.0,0.20000000298023224
-484,TĐ Huội Quảng,2025-08-24 08:00:00,0.0,0.20000000298023224
-484,TĐ Huội Quảng,2025-08-24 09:00:00,0.0,0.20000000298023224
-484,TĐ Huội Quảng,2025-08-24 10:00:00,0.0,0.20000000298023224
-484,TĐ Huội Quảng,2025-08-24 11:00:00,0.0,0.20000000298023224
-484,TĐ Huội Quảng,2025-08-24 12:00:00,0.0,0.20000000298023224
-484,TĐ Huội Quảng,2025-08-24 13:00:00,0.0,0.20000000298023224
-484,TĐ Huội Quảng,2025-08-24 14:00:00,0.0,0.20000000298023224
-484,TĐ Huội Quảng,2025-08-24 15:00:00,0.0,0.20000000298023224
-484,TĐ Huội Quảng,2025-08-24 16:00:00,0.0,0.20000000298023224
-484,TĐ Huội Quảng,2025-08-24 17:00:00,0.0,0.20000000298023224
-484,TĐ Huội Quảng,2025-08-24 18:00:00,0.0,0.20000000298023224
-484,TĐ Huội Quảng,2025-08-24 19:00:00,0.0,0.20000000298023224
-484,TĐ Huội Quảng,2025-08-24 20:00:00,0.0,0.20000000298023224
-484,TĐ Huội Quảng,2025-08-24 21:00:00,0.0,0.20000000298023224
-484,TĐ Huội Quảng,2025-08-24 22:00:00,0.0,0.20000000298023224
-484,TĐ Huội Quảng,2025-08-24 23:00:00,0.0,0.20000000298023224
-484,TĐ Huội Quảng,2025-08-25 00:00:00,0.0,0.0
-484,TĐ Huội Quảng,2025-08-25 01:00:00,0.0,0.0
-484,TĐ Huội Quảng,2025-08-25 02:00:00,0.0,0.0
-484,TĐ Huội Quảng,2025-08-25 03:00:00,0.0,0.0
-484,TĐ Huội Quảng,2025-08-25 04:00:00,0.6000000238418579,0.6000000238418579
-484,TĐ Huội Quảng,2025-08-25 05:00:00,0.20000000298023224,0.8000000268220901
-484,TĐ Huội Quảng,2025-08-25 06:00:00,0.0,0.8000000268220901
-484,TĐ Huội Quảng,2025-08-25 07:00:00,0.20000000298023224,1.0000000298023224
-484,TĐ Huội Quảng,2025-08-25 08:00:00,1.0,2.0000000298023224
-484,TĐ Huội Quảng,2025-08-25 09:00:00,0.0,2.0000000298023224
-484,TĐ Huội Quảng,2025-08-25 10:00:00,0.0,2.0000000298023224
-484,TĐ Huội Quảng,2025-08-25 11:00:00,0.0,2.0000000298023224
-484,TĐ Huội Quảng,2025-08-25 12:00:00,0.0,2.0000000298023224
-484,TĐ Huội Quảng,2025-08-25 13:00:00,0.0,2.0000000298023224
-484,TĐ Huội Quảng,2025-08-25 14:00:00,0.0,2.0000000298023224
-484,TĐ Huội Quảng,2025-08-25 15:00:00,0.0,2.0000000298023224
-484,TĐ Huội Quảng,2025-08-25 16:00:00,1.0,3.0000000298023224
-484,TĐ Huội Quảng,2025-08-25 17:00:00,0.6000000238418579,3.6000000536441803
-484,TĐ Huội Quảng,2025-08-25 18:00:00,0.0,3.6000000536441803
-484,TĐ Huội Quảng,2025-08-25 19:00:00,0.0,3.6000000536441803
-484,TĐ Huội Quảng,2025-08-25 20:00:00,0.0,3.6000000536441803
-484,TĐ Huội Quảng,2025-08-25 21:00:00,0.0,3.6000000536441803
-484,TĐ Huội Quảng,2025-08-25 22:00:00,0.0,3.6000000536441803
-484,TĐ Huội Quảng,2025-08-25 23:00:00,0.0,3.6000000536441803
-484,TĐ Huội Quảng,2025-08-26 00:00:00,0.0,0.0
-484,TĐ Huội Quảng,2025-08-26 01:00:00,0.0,0.0
-484,TĐ Huội Quảng,2025-08-26 02:00:00,0.0,0.0
-484,TĐ Huội Quảng,2025-08-26 03:00:00,0.0,0.0
-484,TĐ Huội Quảng,2025-08-26 04:00:00,0.0,0.0
-484,TĐ Huội Quảng,2025-08-26 05:00:00,0.0,0.0
-484,TĐ Huội Quảng,2025-08-26 06:00:00,0.20000000298023224,0.20000000298023224
-484,TĐ Huội Quảng,2025-08-26 07:00:00,0.800000011920929,1.0000000149011612
-484,TĐ Huội Quảng,2025-08-26 08:00:00,2.0,3.000000014901161
-484,TĐ Huội Quảng,2025-08-26 09:00:00,2.5999999046325684,5.5999999195337296
-484,TĐ Huội Quảng,2025-08-26 10:00:00,3.799999952316284,9.399999871850014
-484,TĐ Huội Quảng,2025-08-26 11:00:00,2.5999999046325684,11.999999776482582
-484,TĐ Huội Quảng,2025-08-26 12:00:00,4.0,15.999999776482582
-484,TĐ Huội Quảng,2025-08-26 13:00:00,3.5999999046325684,19.59999968111515
-484,TĐ Huội Quảng,2025-08-26 14:00:00,2.799999952316284,22.399999633431435
-484,TĐ Huội Quảng,2025-08-26 15:00:00,3.5999999046325684,25.999999538064003
-484,TĐ Huội Quảng,2025-08-26 16:00:00,1.2000000476837158,27.19999958574772
-484,TĐ Huội Quảng,2025-08-26 17:00:00,0.0,27.19999958574772
-484,TĐ Huội Quảng,2025-08-26 18:00:00,0.0,27.19999958574772
-484,TĐ Huội Quảng,2025-08-26 19:00:00,0.0,27.19999958574772
-484,TĐ Huội Quảng,2025-08-26 20:00:00,0.0,27.19999958574772
-484,TĐ Huội Quảng,2025-08-26 21:00:00,0.0,27.19999958574772
-484,TĐ Huội Quảng,2025-08-26 22:00:00,0.0,27.19999958574772
-484,TĐ Huội Quảng,2025-08-26 23:00:00,0.0,27.19999958574772
-484,TĐ Huội Quảng,2025-08-27 00:00:00,0.0,0.0
-484,TĐ Huội Quảng,2025-08-27 01:00:00,0.0,0.0
-484,TĐ Huội Quảng,2025-08-27 02:00:00,0.0,0.0
-484,TĐ Huội Quảng,2025-08-27 03:00:00,0.0,0.0
-484,TĐ Huội Quảng,2025-08-27 04:00:00,0.0,0.0
-484,TĐ Huội Quảng,2025-08-27 05:00:00,0.0,0.0
-484,TĐ Huội Quảng,2025-08-27 06:00:00,0.0,0.0
-484,TĐ Huội Quảng,2025-08-27 07:00:00,0.0,0.0
-484,TĐ Huội Quảng,2025-08-27 08:00:00,0.0,0.0
-484,TĐ Huội Quảng,2025-08-27 09:00:00,0.0,0.0
-484,TĐ Huội Quảng,2025-08-27 10:00:00,0.0,0.0
-484,TĐ Huội Quảng,2025-08-27 11:00:00,0.0,0.0
-484,TĐ Huội Quảng,2025-08-27 12:00:00,0.0,0.0
-484,TĐ Huội Quảng,2025-08-27 13:00:00,0.0,0.0
-484,TĐ Huội Quảng,2025-08-27 14:00:00,0.0,0.0
-484,TĐ Huội Quảng,2025-08-27 15:00:00,0.0,0.0
-484,TĐ Huội Quảng,2025-08-27 16:00:00,0.0,0.0
-484,TĐ Huội Quảng,2025-08-27 17:00:00,0.0,0.0
-484,TĐ Huội Quảng,2025-08-27 18:00:00,0.0,0.0
-484,TĐ Huội Quảng,2025-08-27 19:00:00,0.0,0.0
-484,TĐ Huội Quảng,2025-08-27 20:00:00,0.0,0.0
-484,TĐ Huội Quảng,2025-08-27 21:00:00,0.0,0.0
-484,TĐ Huội Quảng,2025-08-27 22:00:00,0.0,0.0
-484,TĐ Huội Quảng,2025-08-27 23:00:00,0.0,0.0
-484,TĐ Huội Quảng,2025-08-28 00:00:00,0.0,0.0
-484,TĐ Huội Quảng,2025-08-28 01:00:00,0.0,0.0
-484,TĐ Huội Quảng,2025-08-28 02:00:00,0.0,0.0
-484,TĐ Huội Quảng,2025-08-28 03:00:00,0.0,0.0
-484,TĐ Huội Quảng,2025-08-28 04:00:00,0.0,0.0
-484,TĐ Huội Quảng,2025-08-28 05:00:00,0.0,0.0
-484,TĐ Huội Quảng,2025-08-28 06:00:00,0.0,0.0
-484,TĐ Huội Quảng,2025-08-28 07:00:00,0.0,0.0
-484,TĐ Huội Quảng,2025-08-28 08:00:00,0.0,0.0
-484,TĐ Huội Quảng,2025-08-28 09:00:00,0.0,0.0
-484,TĐ Huội Quảng,2025-08-28 10:00:00,0.0,0.0
-484,TĐ Huội Quảng,2025-08-28 11:00:00,0.0,0.0
-484,TĐ Huội Quảng,2025-08-28 12:00:00,0.0,0.0
-484,TĐ Huội Quảng,2025-08-28 13:00:00,0.0,0.0
-484,TĐ Huội Quảng,2025-08-28 14:00:00,0.0,0.0
-484,TĐ Huội Quảng,2025-08-28 15:00:00,0.0,0.0
-484,TĐ Huội Quảng,2025-08-28 16:00:00,0.4000000059604645,0.4000000059604645
-484,TĐ Huội Quảng,2025-08-28 17:00:00,1.7999999523162842,2.1999999582767487
-484,TĐ Huội Quảng,2025-08-28 18:00:00,0.6000000238418579,2.7999999821186066
-484,TĐ Huội Quảng,2025-08-28 19:00:00,0.0,2.7999999821186066
-484,TĐ Huội Quảng,2025-08-28 20:00:00,0.0,2.7999999821186066
-484,TĐ Huội Quảng,2025-08-28 21:00:00,0.0,2.7999999821186066
-484,TĐ Huội Quảng,2025-08-28 22:00:00,0.0,2.7999999821186066
-484,TĐ Huội Quảng,2025-08-28 23:00:00,0.0,2.7999999821186066
-484,TĐ Huội Quảng,2025-08-29 00:00:00,0.0,0.0
-484,TĐ Huội Quảng,2025-08-29 01:00:00,0.0,0.0
-484,TĐ Huội Quảng,2025-08-29 02:00:00,0.0,0.0
-484,TĐ Huội Quảng,2025-08-29 03:00:00,0.0,0.0
-484,TĐ Huội Quảng,2025-08-29 04:00:00,0.0,0.0
-484,TĐ Huội Quảng,2025-08-29 05:00:00,0.0,0.0
-484,TĐ Huội Quảng,2025-08-29 06:00:00,0.0,0.0
-484,TĐ Huội Quảng,2025-08-29 07:00:00,0.0,0.0
-484,TĐ Huội Quảng,2025-08-29 08:00:00,0.0,0.0
-484,TĐ Huội Quảng,2025-08-29 09:00:00,0.0,0.0
-484,TĐ Huội Quảng,2025-08-29 10:00:00,0.0,0.0
-484,TĐ Huội Quảng,2025-08-29 11:00:00,0.0,0.0
-484,TĐ Huội Quảng,2025-08-29 12:00:00,0.0,0.0
-484,TĐ Huội Quảng,2025-08-29 13:00:00,0.0,0.0
-484,TĐ Huội Quảng,2025-08-29 14:00:00,0.4000000059604645,0.4000000059604645
-484,TĐ Huội Quảng,2025-08-29 15:00:00,0.0,0.4000000059604645
-484,TĐ Huội Quảng,2025-08-29 16:00:00,0.0,0.4000000059604645
-484,TĐ Huội Quảng,2025-08-29 17:00:00,0.0,0.4000000059604645
-484,TĐ Huội Quảng,2025-08-29 18:00:00,0.0,0.4000000059604645
-484,TĐ Huội Quảng,2025-08-29 19:00:00,0.0,0.4000000059604645
-484,TĐ Huội Quảng,2025-08-29 20:00:00,0.0,0.4000000059604645
-484,TĐ Huội Quảng,2025-08-29 21:00:00,0.0,0.4000000059604645
-484,TĐ Huội Quảng,2025-08-29 22:00:00,0.0,0.4000000059604645
-484,TĐ Huội Quảng,2025-08-29 23:00:00,0.0,0.4000000059604645
-484,TĐ Huội Quảng,2025-08-30 00:00:00,0.0,0.0
-484,TĐ Huội Quảng,2025-08-30 01:00:00,0.0,0.0
-484,TĐ Huội Quảng,2025-08-30 02:00:00,0.0,0.0
-484,TĐ Huội Quảng,2025-08-30 03:00:00,0.0,0.0
-484,TĐ Huội Quảng,2025-08-30 04:00:00,0.0,0.0
-484,TĐ Huội Quảng,2025-08-30 05:00:00,0.0,0.0
-484,TĐ Huội Quảng,2025-08-30 06:00:00,0.0,0.0
-484,TĐ Huội Quảng,2025-08-30 07:00:00,0.0,0.0
-484,TĐ Huội Quảng,2025-08-30 08:00:00,0.0,0.0
-484,TĐ Huội Quảng,2025-08-30 09:00:00,0.0,0.0
-484,TĐ Huội Quảng,2025-08-30 10:00:00,0.0,0.0
-484,TĐ Huội Quảng,2025-08-30 11:00:00,0.0,0.0
-484,TĐ Huội Quảng,2025-08-30 12:00:00,0.0,0.0
-484,TĐ Huội Quảng,2025-08-30 13:00:00,0.0,0.0
-484,TĐ Huội Quảng,2025-08-30 14:00:00,0.0,0.0
-484,TĐ Huội Quảng,2025-08-30 15:00:00,0.0,0.0
-484,TĐ Huội Quảng,2025-08-30 16:00:00,0.0,0.0
-484,TĐ Huội Quảng,2025-08-30 17:00:00,0.0,0.0
-484,TĐ Huội Quảng,2025-08-30 18:00:00,0.0,0.0
-484,TĐ Huội Quảng,2025-08-30 19:00:00,0.0,0.0
-484,TĐ Huội Quảng,2025-08-30 20:00:00,0.0,0.0
-484,TĐ Huội Quảng,2025-08-30 21:00:00,0.4000000059604645,0.4000000059604645
-484,TĐ Huội Quảng,2025-08-30 22:00:00,0.800000011920929,1.2000000178813934
-484,TĐ Huội Quảng,2025-08-30 23:00:00,0.4000000059604645,1.600000023841858
-484,TĐ Huội Quảng,2025-08-31 00:00:00,0.0,1.600000023841858
-484,TĐ Huội Quảng,2025-08-31 01:00:00,0.0,1.600000023841858
-484,TĐ Huội Quảng,2025-08-31 02:00:00,0.0,1.600000023841858
-484,TĐ Huội Quảng,2025-08-31 03:00:00,0.0,1.600000023841858
-484,TĐ Huội Quảng,2025-08-31 04:00:00,0.0,1.600000023841858
-484,TĐ Huội Quảng,2025-08-31 05:00:00,0.0,1.600000023841858
-484,TĐ Huội Quảng,2025-08-31 06:00:00,0.0,1.600000023841858
-484,TĐ Huội Quảng,2025-08-31 07:00:00,0.4000000059604645,2.0000000298023224
-484,TĐ Huội Quảng,2025-08-31 08:00:00,0.0,2.0000000298023224
-484,TĐ Huội Quảng,2025-08-31 09:00:00,0.0,2.0000000298023224
-484,TĐ Huội Quảng,2025-08-31 10:00:00,0.0,2.0000000298023224
-484,TĐ Huội Quảng,2025-08-31 11:00:00,0.0,2.0000000298023224
-484,TĐ Huội Quảng,2025-08-31 12:00:00,0.0,2.0000000298023224
-484,TĐ Huội Quảng,2025-08-31 13:00:00,0.0,2.0000000298023224
-484,TĐ Huội Quảng,2025-08-31 14:00:00,0.0,2.0000000298023224
-484,TĐ Huội Quảng,2025-08-31 15:00:00,0.0,2.0000000298023224
-484,TĐ Huội Quảng,2025-08-31 16:00:00,0.0,2.0000000298023224
-484,TĐ Huội Quảng,2025-08-31 17:00:00,0.0,2.0000000298023224
-484,TĐ Huội Quảng,2025-08-31 18:00:00,0.0,2.0000000298023224
-484,TĐ Huội Quảng,2025-08-31 19:00:00,0.0,2.0000000298023224
-484,TĐ Huội Quảng,2025-08-31 20:00:00,0.0,2.0000000298023224
-484,TĐ Huội Quảng,2025-08-31 21:00:00,0.0,2.0000000298023224
-484,TĐ Huội Quảng,2025-08-31 22:00:00,0.0,2.0000000298023224
-484,TĐ Huội Quảng,2025-08-31 23:00:00,0.0,2.0000000298023224
-484,TĐ Huội Quảng,2025-09-01 00:00:00,0.0,0.0
-484,TĐ Huội Quảng,2025-09-01 01:00:00,0.0,0.0
-484,TĐ Huội Quảng,2025-09-01 02:00:00,0.0,0.0
-484,TĐ Huội Quảng,2025-09-01 03:00:00,0.0,0.0
-484,TĐ Huội Quảng,2025-09-01 04:00:00,0.0,0.0
-484,TĐ Huội Quảng,2025-09-01 05:00:00,0.0,0.0
-484,TĐ Huội Quảng,2025-09-01 06:00:00,0.0,0.0
-484,TĐ Huội Quảng,2025-09-01 07:00:00,0.0,0.0
-484,TĐ Huội Quảng,2025-09-01 08:00:00,0.0,0.0
-484,TĐ Huội Quảng,2025-09-01 09:00:00,0.0,0.0
-484,TĐ Huội Quảng,2025-09-01 10:00:00,0.0,0.0
-484,TĐ Huội Quảng,2025-09-01 11:00:00,0.0,0.0
-484,TĐ Huội Quảng,2025-09-01 12:00:00,0.0,0.0
-484,TĐ Huội Quảng,2025-09-01 13:00:00,0.0,0.0
-484,TĐ Huội Quảng,2025-09-01 14:00:00,0.0,0.0
-484,TĐ Huội Quảng,2025-09-01 15:00:00,0.0,0.0
-484,TĐ Huội Quảng,2025-09-01 16:00:00,1.7999999523162842,1.7999999523162842
-484,TĐ Huội Quảng,2025-09-01 17:00:00,0.0,1.7999999523162842
-484,TĐ Huội Quảng,2025-09-01 18:00:00,0.0,1.7999999523162842
-484,TĐ Huội Quảng,2025-09-01 19:00:00,0.0,1.7999999523162842
-484,TĐ Huội Quảng,2025-09-01 20:00:00,0.0,1.7999999523162842
-484,TĐ Huội Quảng,2025-09-01 21:00:00,0.0,1.7999999523162842
-484,TĐ Huội Quảng,2025-09-01 22:00:00,0.0,1.7999999523162842
-484,TĐ Huội Quảng,2025-09-01 23:00:00,0.0,1.7999999523162842
-484,TĐ Huội Quảng,2025-09-02 00:00:00,0.0,0.0
-484,TĐ Huội Quảng,2025-09-02 01:00:00,0.0,0.0
-484,TĐ Huội Quảng,2025-09-02 02:00:00,0.0,0.0
-484,TĐ Huội Quảng,2025-09-02 03:00:00,0.0,0.0
-484,TĐ Huội Quảng,2025-09-02 04:00:00,0.0,0.0
-484,TĐ Huội Quảng,2025-09-02 05:00:00,0.0,0.0
-484,TĐ Huội Quảng,2025-09-02 06:00:00,0.0,0.0
-484,TĐ Huội Quảng,2025-09-02 07:00:00,0.0,0.0
-484,TĐ Huội Quảng,2025-09-02 08:00:00,0.0,0.0
-484,TĐ Huội Quảng,2025-09-02 09:00:00,0.0,0.0
-484,TĐ Huội Quảng,2025-09-02 10:00:00,0.0,0.0
-484,TĐ Huội Quảng,2025-09-02 11:00:00,0.0,0.0
-484,TĐ Huội Quảng,2025-09-02 12:00:00,0.0,0.0
-484,TĐ Huội Quảng,2025-09-02 13:00:00,0.0,0.0
-484,TĐ Huội Quảng,2025-09-02 14:00:00,0.0,0.0
-484,TĐ Huội Quảng,2025-09-02 15:00:00,0.0,0.0
-484,TĐ Huội Quảng,2025-09-02 16:00:00,0.0,0.0
-484,TĐ Huội Quảng,2025-09-02 17:00:00,0.0,0.0
-484,TĐ Huội Quảng,2025-09-02 18:00:00,0.0,0.0
-484,TĐ Huội Quảng,2025-09-02 19:00:00,0.0,0.0
-484,TĐ Huội Quảng,2025-09-02 20:00:00,0.0,0.0
-484,TĐ Huội Quảng,2025-09-02 21:00:00,0.0,0.0
-484,TĐ Huội Quảng,2025-09-02 22:00:00,0.0,0.0
-484,TĐ Huội Quảng,2025-09-02 23:00:00,0.0,0.0
-484,TĐ Huội Quảng,2025-09-03 00:00:00,0.0,0.0
-484,TĐ Huội Quảng,2025-09-03 01:00:00,0.0,0.0
-484,TĐ Huội Quảng,2025-09-03 02:00:00,0.0,0.0
-484,TĐ Huội Quảng,2025-09-03 03:00:00,0.0,0.0
-484,TĐ Huội Quảng,2025-09-03 04:00:00,0.0,0.0
-484,TĐ Huội Quảng,2025-09-03 05:00:00,0.0,0.0
-484,TĐ Huội Quảng,2025-09-03 06:00:00,0.0,0.0
-484,TĐ Huội Quảng,2025-09-03 07:00:00,0.0,0.0
-484,TĐ Huội Quảng,2025-09-03 08:00:00,0.0,0.0
-484,TĐ Huội Quảng,2025-09-03 09:00:00,0.0,0.0
-484,TĐ Huội Quảng,2025-09-03 10:00:00,0.0,0.0
-484,TĐ Huội Quảng,2025-09-03 11:00:00,0.0,0.0
-484,TĐ Huội Quảng,2025-09-03 12:00:00,0.0,0.0
-484,TĐ Huội Quảng,2025-09-03 13:00:00,0.0,0.0
-484,TĐ Huội Quảng,2025-09-03 14:00:00,0.0,0.0
-484,TĐ Huội Quảng,2025-09-03 15:00:00,0.0,0.0
-484,TĐ Huội Quảng,2025-09-03 16:00:00,0.0,0.0
-484,TĐ Huội Quảng,2025-09-03 17:00:00,0.0,0.0
-484,TĐ Huội Quảng,2025-09-03 18:00:00,0.0,0.0
-484,TĐ Huội Quảng,2025-09-03 19:00:00,0.0,0.0
-484,TĐ Huội Quảng,2025-09-03 20:00:00,0.0,0.0
-484,TĐ Huội Quảng,2025-09-03 21:00:00,0.0,0.0
-484,TĐ Huội Quảng,2025-09-03 22:00:00,0.0,0.0
-484,TĐ Huội Quảng,2025-09-03 23:00:00,0.0,0.0
-484,TĐ Huội Quảng,2025-09-04 00:00:00,0.0,0.0
-484,TĐ Huội Quảng,2025-09-04 01:00:00,0.0,0.0
-484,TĐ Huội Quảng,2025-09-04 02:00:00,0.0,0.0
-484,TĐ Huội Quảng,2025-09-04 03:00:00,0.0,0.0
-484,TĐ Huội Quảng,2025-09-04 04:00:00,0.0,0.0
-484,TĐ Huội Quảng,2025-09-04 05:00:00,0.0,0.0
-484,TĐ Huội Quảng,2025-09-04 06:00:00,0.0,0.0
-484,TĐ Huội Quảng,2025-09-04 07:00:00,0.0,0.0
-484,TĐ Huội Quảng,2025-09-04 08:00:00,0.0,0.0
-484,TĐ Huội Quảng,2025-09-04 09:00:00,0.0,0.0
-484,TĐ Huội Quảng,2025-09-04 10:00:00,0.0,0.0
-484,TĐ Huội Quảng,2025-09-04 11:00:00,0.0,0.0
-484,TĐ Huội Quảng,2025-09-04 12:00:00,0.0,0.0
-484,TĐ Huội Quảng,2025-09-04 13:00:00,0.0,0.0
-484,TĐ Huội Quảng,2025-09-04 14:00:00,0.0,0.0
-484,TĐ Huội Quảng,2025-09-04 15:00:00,0.0,0.0
-484,TĐ Huội Quảng,2025-09-04 16:00:00,0.0,0.0
-484,TĐ Huội Quảng,2025-09-04 17:00:00,0.0,0.0
-484,TĐ Huội Quảng,2025-09-04 18:00:00,0.0,0.0
-484,TĐ Huội Quảng,2025-09-04 19:00:00,0.0,0.0
-484,TĐ Huội Quảng,2025-09-04 20:00:00,0.0,0.0
-484,TĐ Huội Quảng,2025-09-04 21:00:00,0.0,0.0
-484,TĐ Huội Quảng,2025-09-04 22:00:00,0.0,0.0
-484,TĐ Huội Quảng,2025-09-04 23:00:00,0.0,0.0
-484,TĐ Huội Quảng,2025-09-05 00:00:00,0.0,0.0
-484,TĐ Huội Quảng,2025-09-05 01:00:00,0.0,0.0
-484,TĐ Huội Quảng,2025-09-05 02:00:00,0.0,0.0
-484,TĐ Huội Quảng,2025-09-05 03:00:00,0.0,0.0
-484,TĐ Huội Quảng,2025-09-05 04:00:00,0.0,0.0
-484,TĐ Huội Quảng,2025-09-05 05:00:00,0.0,0.0
-484,TĐ Huội Quảng,2025-09-05 06:00:00,0.0,0.0
-484,TĐ Huội Quảng,2025-09-05 07:00:00,0.0,0.0
-484,TĐ Huội Quảng,2025-09-05 08:00:00,0.0,0.0
-484,TĐ Huội Quảng,2025-09-05 09:00:00,0.0,0.0
-484,TĐ Huội Quảng,2025-09-05 10:00:00,0.0,0.0
-484,TĐ Huội Quảng,2025-09-05 11:00:00,0.0,0.0
-484,TĐ Huội Quảng,2025-09-05 12:00:00,0.0,0.0
-484,TĐ Huội Quảng,2025-09-05 13:00:00,0.0,0.0
-484,TĐ Huội Quảng,2025-09-05 14:00:00,0.0,0.0
-484,TĐ Huội Quảng,2025-09-05 15:00:00,0.0,0.0
-484,TĐ Huội Quảng,2025-09-05 16:00:00,0.0,0.0
-484,TĐ Huội Quảng,2025-09-05 17:00:00,0.0,0.0
-484,TĐ Huội Quảng,2025-09-05 18:00:00,0.0,0.0
-484,TĐ Huội Quảng,2025-09-05 19:00:00,0.0,0.0
-484,TĐ Huội Quảng,2025-09-05 20:00:00,0.0,0.0
-484,TĐ Huội Quảng,2025-09-05 21:00:00,0.0,0.0
-484,TĐ Huội Quảng,2025-09-05 22:00:00,0.0,0.0
-484,TĐ Huội Quảng,2025-09-05 23:00:00,0.0,0.0
-484,TĐ Huội Quảng,2025-09-06 00:00:00,0.0,0.0
-484,TĐ Huội Quảng,2025-09-06 01:00:00,0.0,0.0
-484,TĐ Huội Quảng,2025-09-06 02:00:00,0.0,0.0
-484,TĐ Huội Quảng,2025-09-06 03:00:00,0.0,0.0
-484,TĐ Huội Quảng,2025-09-06 04:00:00,1.399999976158142,1.399999976158142
-484,TĐ Huội Quảng,2025-09-06 05:00:00,2.0,3.399999976158142
-484,TĐ Huội Quảng,2025-09-06 06:00:00,0.0,3.399999976158142
-484,TĐ Huội Quảng,2025-09-06 07:00:00,0.20000000298023224,3.5999999791383743
-484,TĐ Huội Quảng,2025-09-06 08:00:00,0.0,3.5999999791383743
-484,TĐ Huội Quảng,2025-09-06 09:00:00,0.0,3.5999999791383743
-484,TĐ Huội Quảng,2025-09-06 10:00:00,0.0,3.5999999791383743
-484,TĐ Huội Quảng,2025-09-06 11:00:00,0.0,3.5999999791383743
-484,TĐ Huội Quảng,2025-09-06 12:00:00,0.0,3.5999999791383743
-484,TĐ Huội Quảng,2025-09-06 13:00:00,0.0,3.5999999791383743
-484,TĐ Huội Quảng,2025-09-06 14:00:00,0.0,3.5999999791383743
-484,TĐ Huội Quảng,2025-09-06 15:00:00,0.0,3.5999999791383743
-484,TĐ Huội Quảng,2025-09-06 16:00:00,0.0,3.5999999791383743
-484,TĐ Huội Quảng,2025-09-06 17:00:00,0.0,3.5999999791383743
-484,TĐ Huội Quảng,2025-09-06 18:00:00,0.0,3.5999999791383743
-484,TĐ Huội Quảng,2025-09-06 19:00:00,0.0,3.5999999791383743
-484,TĐ Huội Quảng,2025-09-06 20:00:00,0.0,3.5999999791383743
-484,TĐ Huội Quảng,2025-09-06 21:00:00,0.0,3.5999999791383743
-484,TĐ Huội Quảng,2025-09-06 22:00:00,0.0,3.5999999791383743
-484,TĐ Huội Quảng,2025-09-06 23:00:00,0.0,3.5999999791383743
-484,TĐ Huội Quảng,2025-09-07 00:00:00,0.0,0.0
-484,TĐ Huội Quảng,2025-09-07 01:00:00,0.0,0.0
-484,TĐ Huội Quảng,2025-09-07 02:00:00,0.0,0.0
-484,TĐ Huội Quảng,2025-09-07 03:00:00,0.0,0.0
-484,TĐ Huội Quảng,2025-09-07 04:00:00,0.0,0.0
-484,TĐ Huội Quảng,2025-09-07 05:00:00,0.0,0.0
-484,TĐ Huội Quảng,2025-09-07 06:00:00,0.0,0.0
-484,TĐ Huội Quảng,2025-09-07 07:00:00,0.0,0.0
-484,TĐ Huội Quảng,2025-09-07 08:00:00,0.0,0.0
-484,TĐ Huội Quảng,2025-09-07 09:00:00,0.0,0.0
-484,TĐ Huội Quảng,2025-09-07 10:00:00,0.0,0.0
-484,TĐ Huội Quảng,2025-09-07 11:00:00,0.0,0.0
-484,TĐ Huội Quảng,2025-09-07 12:00:00,0.0,0.0
-484,TĐ Huội Quảng,2025-09-07 13:00:00,0.0,0.0
-484,TĐ Huội Quảng,2025-09-07 14:00:00,0.0,0.0
-484,TĐ Huội Quảng,2025-09-07 15:00:00,0.0,0.0
-484,TĐ Huội Quảng,2025-09-07 16:00:00,0.0,0.0
-484,TĐ Huội Quảng,2025-09-07 17:00:00,0.0,0.0
-484,TĐ Huội Quảng,2025-09-07 18:00:00,0.0,0.0
-484,TĐ Huội Quảng,2025-09-07 19:00:00,0.0,0.0
-484,TĐ Huội Quảng,2025-09-07 20:00:00,0.0,0.0
-484,TĐ Huội Quảng,2025-09-07 21:00:00,0.0,0.0
-484,TĐ Huội Quảng,2025-09-07 22:00:00,0.0,0.0
-484,TĐ Huội Quảng,2025-09-07 23:00:00,0.0,0.0
-484,TĐ Huội Quảng,2025-09-08 00:00:00,0.0,0.0
-484,TĐ Huội Quảng,2025-09-08 01:00:00,0.0,0.0
-484,TĐ Huội Quảng,2025-09-08 02:00:00,0.0,0.0
-484,TĐ Huội Quảng,2025-09-08 03:00:00,0.0,0.0
-484,TĐ Huội Quảng,2025-09-08 04:00:00,0.0,0.0
-484,TĐ Huội Quảng,2025-09-08 05:00:00,0.0,0.0
-484,TĐ Huội Quảng,2025-09-08 06:00:00,0.0,0.0
-484,TĐ Huội Quảng,2025-09-08 07:00:00,0.0,0.0
-484,TĐ Huội Quảng,2025-09-08 08:00:00,0.0,0.0
-484,TĐ Huội Quảng,2025-09-08 09:00:00,0.0,0.0
-484,TĐ Huội Quảng,2025-09-08 10:00:00,0.0,0.0
-484,TĐ Huội Quảng,2025-09-08 11:00:00,0.0,0.0
-484,TĐ Huội Quảng,2025-09-08 12:00:00,0.0,0.0
-484,TĐ Huội Quảng,2025-09-08 13:00:00,0.0,0.0
-484,TĐ Huội Quảng,2025-09-08 14:00:00,0.0,0.0
-484,TĐ Huội Quảng,2025-09-08 15:00:00,0.0,0.0
-484,TĐ Huội Quảng,2025-09-08 16:00:00,0.0,0.0
-484,TĐ Huội Quảng,2025-09-08 17:00:00,0.0,0.0
-484,TĐ Huội Quảng,2025-09-08 18:00:00,0.0,0.0
-484,TĐ Huội Quảng,2025-09-08 19:00:00,0.0,0.0
-484,TĐ Huội Quảng,2025-09-08 20:00:00,0.0,0.0
-484,TĐ Huội Quảng,2025-09-08 21:00:00,0.0,0.0
-484,TĐ Huội Quảng,2025-09-08 22:00:00,0.0,0.0
-484,TĐ Huội Quảng,2025-09-08 23:00:00,0.0,0.0
-484,TĐ Huội Quảng,2025-09-09 00:00:00,0.0,0.0
-484,TĐ Huội Quảng,2025-09-09 01:00:00,0.0,0.0
-484,TĐ Huội Quảng,2025-09-09 02:00:00,0.0,0.0
-484,TĐ Huội Quảng,2025-09-09 03:00:00,0.0,0.0
-484,TĐ Huội Quảng,2025-09-09 04:00:00,0.0,0.0
-484,TĐ Huội Quảng,2025-09-09 05:00:00,6.199999809265137,6.199999809265137
-484,TĐ Huội Quảng,2025-09-09 06:00:00,1.600000023841858,7.799999833106995
-484,TĐ Huội Quảng,2025-09-09 07:00:00,0.6000000238418579,8.399999856948853
-484,TĐ Huội Quảng,2025-09-09 08:00:00,3.4000000953674316,11.799999952316284
-484,TĐ Huội Quảng,2025-09-09 09:00:00,9.600000381469727,21.40000033378601
-484,TĐ Huội Quảng,2025-09-09 10:00:00,5.0,26.40000033378601
-484,TĐ Huội Quảng,2025-09-09 11:00:00,4.199999809265137,30.600000143051147
-484,TĐ Huội Quảng,2025-09-09 12:00:00,1.0,31.600000143051147
-484,TĐ Huội Quảng,2025-09-09 13:00:00,0.0,31.600000143051147
-484,TĐ Huội Quảng,2025-09-09 14:00:00,0.0,31.600000143051147
-484,TĐ Huội Quảng,2025-09-09 15:00:00,0.0,31.600000143051147
-484,TĐ Huội Quảng,2025-09-09 16:00:00,0.0,31.600000143051147
-484,TĐ Huội Quảng,2025-09-09 17:00:00,0.0,31.600000143051147
-484,TĐ Huội Quảng,2025-09-09 18:00:00,0.0,31.600000143051147
-484,TĐ Huội Quảng,2025-09-09 19:00:00,0.0,31.600000143051147
-484,TĐ Huội Quảng,2025-09-09 20:00:00,0.0,31.600000143051147
-484,TĐ Huội Quảng,2025-09-09 21:00:00,0.0,31.600000143051147
-484,TĐ Huội Quảng,2025-09-09 22:00:00,0.0,31.600000143051147
-484,TĐ Huội Quảng,2025-09-09 23:00:00,0.0,31.600000143051147
-484,TĐ Huội Quảng,2025-09-10 00:00:00,0.0,0.0
-484,TĐ Huội Quảng,2025-09-10 01:00:00,0.0,0.0
-484,TĐ Huội Quảng,2025-09-10 02:00:00,0.0,0.0
-484,TĐ Huội Quảng,2025-09-10 03:00:00,0.0,0.0
-484,TĐ Huội Quảng,2025-09-10 04:00:00,0.0,0.0
-484,TĐ Huội Quảng,2025-09-10 05:00:00,0.0,0.0
-484,TĐ Huội Quảng,2025-09-10 06:00:00,0.0,0.0
-484,TĐ Huội Quảng,2025-09-10 07:00:00,0.0,0.0
-484,TĐ Huội Quảng,2025-09-10 08:00:00,0.0,0.0
-484,TĐ Huội Quảng,2025-09-10 09:00:00,0.0,0.0
-484,TĐ Huội Quảng,2025-09-10 10:00:00,0.0,0.0
-484,TĐ Huội Quảng,2025-09-10 11:00:00,0.0,0.0
-484,TĐ Huội Quảng,2025-09-10 12:00:00,0.0,0.0
-484,TĐ Huội Quảng,2025-09-10 13:00:00,0.0,0.0
-484,TĐ Huội Quảng,2025-09-10 14:00:00,0.0,0.0
-484,TĐ Huội Quảng,2025-09-10 15:00:00,0.0,0.0
-484,TĐ Huội Quảng,2025-09-10 16:00:00,0.0,0.0
-484,TĐ Huội Quảng,2025-09-10 17:00:00,0.0,0.0
-484,TĐ Huội Quảng,2025-09-10 18:00:00,0.0,0.0
-484,TĐ Huội Quảng,2025-09-10 19:00:00,0.0,0.0
-484,TĐ Huội Quảng,2025-09-10 20:00:00,0.0,0.0
-484,TĐ Huội Quảng,2025-09-10 21:00:00,0.0,0.0
-484,TĐ Huội Quảng,2025-09-10 22:00:00,0.0,0.0
-484,TĐ Huội Quảng,2025-09-10 23:00:00,0.0,0.0
-484,TĐ Huội Quảng,2025-09-11 00:00:00,0.0,0.0
-484,TĐ Huội Quảng,2025-09-11 01:00:00,0.20000000298023224,0.20000000298023224
-484,TĐ Huội Quảng,2025-09-11 02:00:00,1.600000023841858,1.8000000268220901
-484,TĐ Huội Quảng,2025-09-11 03:00:00,1.0,2.80000002682209
-484,TĐ Huội Quảng,2025-09-11 04:00:00,0.0,2.80000002682209
-484,TĐ Huội Quảng,2025-09-11 05:00:00,1.399999976158142,4.200000002980232
-484,TĐ Huội Quảng,2025-09-11 06:00:00,2.4000000953674316,6.600000098347664
-484,TĐ Huội Quảng,2025-09-11 07:00:00,3.200000047683716,9.80000014603138
-484,TĐ Huội Quảng,2025-09-11 08:00:00,2.4000000953674316,12.200000241398811
-484,TĐ Huội Quảng,2025-09-11 09:00:00,0.4000000059604645,12.600000247359276
-484,TĐ Huội Quảng,2025-09-11 10:00:00,0.0,12.600000247359276
-484,TĐ Huội Quảng,2025-09-11 11:00:00,1.600000023841858,14.200000271201134
-484,TĐ Huội Quảng,2025-09-11 12:00:00,2.5999999046325684,16.800000175833702
-484,TĐ Huội Quảng,2025-09-11 13:00:00,0.20000000298023224,17.000000178813934
-484,TĐ Huội Quảng,2025-09-11 14:00:00,0.0,17.000000178813934
-484,TĐ Huội Quảng,2025-09-11 15:00:00,0.0,17.000000178813934
-484,TĐ Huội Quảng,2025-09-11 16:00:00,0.0,17.000000178813934
-484,TĐ Huội Quảng,2025-09-11 17:00:00,0.0,17.000000178813934
-484,TĐ Huội Quảng,2025-09-11 18:00:00,0.0,17.000000178813934
-484,TĐ Huội Quảng,2025-09-11 19:00:00,0.0,17.000000178813934
-484,TĐ Huội Quảng,2025-09-11 20:00:00,0.0,17.000000178813934
-484,TĐ Huội Quảng,2025-09-11 21:00:00,0.0,17.000000178813934
-484,TĐ Huội Quảng,2025-09-11 22:00:00,0.0,17.000000178813934
-484,TĐ Huội Quảng,2025-09-11 23:00:00,0.0,17.000000178813934
-484,TĐ Huội Quảng,2025-09-12 00:00:00,0.0,0.0
-484,TĐ Huội Quảng,2025-09-12 01:00:00,0.0,0.0
-484,TĐ Huội Quảng,2025-09-12 02:00:00,21.600000381469727,21.600000381469727
-484,TĐ Huội Quảng,2025-09-12 03:00:00,6.599999904632568,28.200000286102295
-484,TĐ Huội Quảng,2025-09-12 04:00:00,4.800000190734863,33.00000047683716
-484,TĐ Huội Quảng,2025-09-12 05:00:00,2.4000000953674316,35.40000057220459
-484,TĐ Huội Quảng,2025-09-12 06:00:00,2.200000047683716,37.600000619888306
-484,TĐ Huội Quảng,2025-09-12 07:00:00,1.2000000476837158,38.80000066757202
-484,TĐ Huội Quảng,2025-09-12 08:00:00,0.0,38.80000066757202
-484,TĐ Huội Quảng,2025-09-12 09:00:00,0.0,38.80000066757202
-484,TĐ Huội Quảng,2025-09-12 10:00:00,0.0,38.80000066757202
-484,TĐ Huội Quảng,2025-09-12 11:00:00,0.0,38.80000066757202
-484,TĐ Huội Quảng,2025-09-12 12:00:00,0.0,38.80000066757202
-484,TĐ Huội Quảng,2025-09-12 13:00:00,0.0,38.80000066757202
-484,TĐ Huội Quảng,2025-09-12 14:00:00,0.0,38.80000066757202
-484,TĐ Huội Quảng,2025-09-12 15:00:00,0.0,38.80000066757202
-484,TĐ Huội Quảng,2025-09-12 16:00:00,0.0,38.80000066757202
-484,TĐ Huội Quảng,2025-09-12 17:00:00,0.0,38.80000066757202
-484,TĐ Huội Quảng,2025-09-12 18:00:00,0.0,38.80000066757202
-484,TĐ Huội Quảng,2025-09-12 19:00:00,0.0,38.80000066757202
-484,TĐ Huội Quảng,2025-09-12 20:00:00,0.0,38.80000066757202
-484,TĐ Huội Quảng,2025-09-12 21:00:00,0.0,38.80000066757202
-484,TĐ Huội Quảng,2025-09-12 22:00:00,0.0,38.80000066757202
-484,TĐ Huội Quảng,2025-09-12 23:00:00,0.0,38.80000066757202
-484,TĐ Huội Quảng,2025-09-13 00:00:00,0.0,0.0
-484,TĐ Huội Quảng,2025-09-13 01:00:00,0.0,0.0
-484,TĐ Huội Quảng,2025-09-13 02:00:00,0.0,0.0
-484,TĐ Huội Quảng,2025-09-13 03:00:00,0.0,0.0
-484,TĐ Huội Quảng,2025-09-13 04:00:00,0.0,0.0
-484,TĐ Huội Quảng,2025-09-13 05:00:00,0.0,0.0
-484,TĐ Huội Quảng,2025-09-13 06:00:00,0.0,0.0
-484,TĐ Huội Quảng,2025-09-13 07:00:00,0.0,0.0
-484,TĐ Huội Quảng,2025-09-13 08:00:00,0.0,0.0
-484,TĐ Huội Quảng,2025-09-13 09:00:00,0.0,0.0
-484,TĐ Huội Quảng,2025-09-13 10:00:00,0.0,0.0
-484,TĐ Huội Quảng,2025-09-13 11:00:00,0.0,0.0
-484,TĐ Huội Quảng,2025-09-13 12:00:00,0.0,0.0
-484,TĐ Huội Quảng,2025-09-13 13:00:00,0.0,0.0
-484,TĐ Huội Quảng,2025-09-13 14:00:00,0.0,0.0
-484,TĐ Huội Quảng,2025-09-13 15:00:00,0.0,0.0
-484,TĐ Huội Quảng,2025-09-13 16:00:00,0.0,0.0
-484,TĐ Huội Quảng,2025-09-13 17:00:00,0.0,0.0
-484,TĐ Huội Quảng,2025-09-13 18:00:00,0.0,0.0
-484,TĐ Huội Quảng,2025-09-13 19:00:00,0.0,0.0
-484,TĐ Huội Quảng,2025-09-13 20:00:00,0.0,0.0
-484,TĐ Huội Quảng,2025-09-13 21:00:00,0.0,0.0
-484,TĐ Huội Quảng,2025-09-13 22:00:00,0.0,0.0
-484,TĐ Huội Quảng,2025-09-13 23:00:00,0.6000000238418579,0.6000000238418579
-484,TĐ Huội Quảng,2025-09-14 00:00:00,1.0,1.600000023841858
-484,TĐ Huội Quảng,2025-09-14 01:00:00,0.0,1.600000023841858
-484,TĐ Huội Quảng,2025-09-14 02:00:00,0.0,1.600000023841858
-484,TĐ Huội Quảng,2025-09-14 03:00:00,0.0,1.600000023841858
-484,TĐ Huội Quảng,2025-09-14 04:00:00,0.0,1.600000023841858
-484,TĐ Huội Quảng,2025-09-14 05:00:00,0.0,1.600000023841858
-484,TĐ Huội Quảng,2025-09-14 06:00:00,0.0,1.600000023841858
-484,TĐ Huội Quảng,2025-09-14 07:00:00,0.0,1.600000023841858
-484,TĐ Huội Quảng,2025-09-14 08:00:00,0.0,1.600000023841858
-484,TĐ Huội Quảng,2025-09-14 09:00:00,0.0,1.600000023841858
-484,TĐ Huội Quảng,2025-09-14 10:00:00,0.0,1.600000023841858
-484,TĐ Huội Quảng,2025-09-14 11:00:00,0.20000000298023224,1.8000000268220901
-484,TĐ Huội Quảng,2025-09-14 12:00:00,0.0,1.8000000268220901
-484,TĐ Huội Quảng,2025-09-14 13:00:00,0.0,1.8000000268220901
-484,TĐ Huội Quảng,2025-09-14 14:00:00,0.0,1.8000000268220901
-484,TĐ Huội Quảng,2025-09-14 15:00:00,0.0,1.8000000268220901
-484,TĐ Huội Quảng,2025-09-14 16:00:00,0.0,1.8000000268220901
-484,TĐ Huội Quảng,2025-09-14 17:00:00,0.6000000238418579,2.400000050663948
-484,TĐ Huội Quảng,2025-09-14 18:00:00,0.4000000059604645,2.8000000566244125
-484,TĐ Huội Quảng,2025-09-14 19:00:00,0.0,2.8000000566244125
-484,TĐ Huội Quảng,2025-09-14 20:00:00,,2.8000000566244125
-484,TĐ Huội Quảng,2025-09-14 21:00:00,0.0,2.8000000566244125
-484,TĐ Huội Quảng,2025-09-14 22:00:00,0.0,2.8000000566244125
-484,TĐ Huội Quảng,2025-09-14 23:00:00,0.0,2.8000000566244125
-484,TĐ Huội Quảng,2025-09-15 00:00:00,0.0,0.0
-484,TĐ Huội Quảng,2025-09-15 01:00:00,0.0,0.0
-484,TĐ Huội Quảng,2025-09-15 02:00:00,0.0,0.0
-484,TĐ Huội Quảng,2025-09-15 03:00:00,0.0,0.0
-484,TĐ Huội Quảng,2025-09-15 04:00:00,0.0,0.0
-484,TĐ Huội Quảng,2025-09-15 05:00:00,0.0,0.0
-484,TĐ Huội Quảng,2025-09-15 06:00:00,0.0,0.0
-484,TĐ Huội Quảng,2025-09-15 07:00:00,0.0,0.0
-484,TĐ Huội Quảng,2025-09-15 08:00:00,0.6000000238418579,0.6000000238418579
-484,TĐ Huội Quảng,2025-09-15 09:00:00,1.600000023841858,2.200000047683716
-484,TĐ Huội Quảng,2025-09-15 10:00:00,0.4000000059604645,2.6000000536441803
-484,TĐ Huội Quảng,2025-09-15 11:00:00,0.0,2.6000000536441803
-484,TĐ Huội Quảng,2025-09-15 12:00:00,0.0,2.6000000536441803
-484,TĐ Huội Quảng,2025-09-15 13:00:00,0.0,2.6000000536441803
-484,TĐ Huội Quảng,2025-09-15 14:00:00,0.0,2.6000000536441803
-484,TĐ Huội Quảng,2025-09-15 15:00:00,0.0,2.6000000536441803
-484,TĐ Huội Quảng,2025-09-15 16:00:00,0.0,2.6000000536441803
-484,TĐ Huội Quảng,2025-09-15 17:00:00,0.0,2.6000000536441803
-484,TĐ Huội Quảng,2025-09-15 18:00:00,0.0,2.6000000536441803
-484,TĐ Huội Quảng,2025-09-15 19:00:00,0.0,2.6000000536441803
-484,TĐ Huội Quảng,2025-09-15 20:00:00,0.0,2.6000000536441803
-484,TĐ Huội Quảng,2025-09-15 21:00:00,0.0,2.6000000536441803
-484,TĐ Huội Quảng,2025-09-15 22:00:00,0.0,2.6000000536441803
-484,TĐ Huội Quảng,2025-09-15 23:00:00,0.0,2.6000000536441803
-484,TĐ Huội Quảng,2025-09-16 00:00:00,0.0,0.0
-484,TĐ Huội Quảng,2025-09-16 01:00:00,0.0,0.0
-484,TĐ Huội Quảng,2025-09-16 02:00:00,0.0,0.0
-484,TĐ Huội Quảng,2025-09-16 03:00:00,0.0,0.0
-484,TĐ Huội Quảng,2025-09-16 04:00:00,0.0,0.0
-484,TĐ Huội Quảng,2025-09-16 05:00:00,0.4000000059604645,0.4000000059604645
-484,TĐ Huội Quảng,2025-09-16 06:00:00,0.4000000059604645,0.800000011920929
-484,TĐ Huội Quảng,2025-09-16 07:00:00,0.0,0.800000011920929
-484,TĐ Huội Quảng,2025-09-16 08:00:00,0.0,0.800000011920929
-484,TĐ Huội Quảng,2025-09-16 09:00:00,0.0,0.800000011920929
-484,TĐ Huội Quảng,2025-09-16 10:00:00,0.0,0.800000011920929
-484,TĐ Huội Quảng,2025-09-16 11:00:00,0.0,0.800000011920929
-484,TĐ Huội Quảng,2025-09-16 12:00:00,0.0,0.800000011920929
-484,TĐ Huội Quảng,2025-09-16 13:00:00,0.0,0.800000011920929
-484,TĐ Huội Quảng,2025-09-16 14:00:00,0.0,0.800000011920929
-484,TĐ Huội Quảng,2025-09-16 15:00:00,0.0,0.800000011920929
-484,TĐ Huội Quảng,2025-09-16 16:00:00,0.0,0.800000011920929
-484,TĐ Huội Quảng,2025-09-16 17:00:00,0.0,0.800000011920929
-484,TĐ Huội Quảng,2025-09-16 18:00:00,0.0,0.800000011920929
-484,TĐ Huội Quảng,2025-09-16 19:00:00,0.0,0.800000011920929
-484,TĐ Huội Quảng,2025-09-16 20:00:00,0.0,0.800000011920929
-484,TĐ Huội Quảng,2025-09-16 21:00:00,0.0,0.800000011920929
-484,TĐ Huội Quảng,2025-09-16 22:00:00,0.0,0.800000011920929
-484,TĐ Huội Quảng,2025-09-16 23:00:00,0.0,0.800000011920929
-484,TĐ Huội Quảng,2025-09-17 00:00:00,0.6000000238418579,0.6000000238418579
-484,TĐ Huội Quảng,2025-09-17 01:00:00,4.199999809265137,4.799999833106995
-484,TĐ Huội Quảng,2025-09-17 02:00:00,2.200000047683716,6.9999998807907104
-484,TĐ Huội Quảng,2025-09-17 03:00:00,0.0,6.9999998807907104
-484,TĐ Huội Quảng,2025-09-17 04:00:00,0.0,6.9999998807907104
-484,TĐ Huội Quảng,2025-09-17 05:00:00,0.0,6.9999998807907104
-484,TĐ Huội Quảng,2025-09-17 06:00:00,0.0,6.9999998807907104
-484,TĐ Huội Quảng,2025-09-17 07:00:00,0.0,6.9999998807907104
-484,TĐ Huội Quảng,2025-09-17 08:00:00,0.0,6.9999998807907104
-484,TĐ Huội Quảng,2025-09-17 09:00:00,0.0,6.9999998807907104
-484,TĐ Huội Quảng,2025-09-17 10:00:00,0.0,6.9999998807907104
-484,TĐ Huội Quảng,2025-09-17 11:00:00,0.0,6.9999998807907104
-484,TĐ Huội Quảng,2025-09-17 12:00:00,0.0,6.9999998807907104
-484,TĐ Huội Quảng,2025-09-17 13:00:00,0.0,6.9999998807907104
-484,TĐ Huội Quảng,2025-09-17 14:00:00,0.0,6.9999998807907104
-484,TĐ Huội Quảng,2025-09-17 15:00:00,0.0,6.9999998807907104
-484,TĐ Huội Quảng,2025-09-17 16:00:00,0.0,6.9999998807907104
-484,TĐ Huội Quảng,2025-09-17 17:00:00,0.0,6.9999998807907104
-484,TĐ Huội Quảng,2025-09-17 18:00:00,0.0,6.9999998807907104
-484,TĐ Huội Quảng,2025-09-17 19:00:00,0.0,6.9999998807907104
-484,TĐ Huội Quảng,2025-09-17 20:00:00,0.0,6.9999998807907104
-484,TĐ Huội Quảng,2025-09-17 21:00:00,0.0,6.9999998807907104
-484,TĐ Huội Quảng,2025-09-17 22:00:00,0.0,6.9999998807907104
-484,TĐ Huội Quảng,2025-09-17 23:00:00,0.0,6.9999998807907104
-484,TĐ Huội Quảng,2025-09-18 00:00:00,0.0,0.0
-484,TĐ Huội Quảng,2025-09-18 01:00:00,0.0,0.0
-484,TĐ Huội Quảng,2025-09-18 02:00:00,0.0,0.0
-484,TĐ Huội Quảng,2025-09-18 03:00:00,0.0,0.0
-484,TĐ Huội Quảng,2025-09-18 04:00:00,0.0,0.0
-484,TĐ Huội Quảng,2025-09-18 05:00:00,0.0,0.0
-484,TĐ Huội Quảng,2025-09-18 06:00:00,0.0,0.0
-484,TĐ Huội Quảng,2025-09-18 07:00:00,0.0,0.0
-484,TĐ Huội Quảng,2025-09-18 08:00:00,0.0,0.0
-484,TĐ Huội Quảng,2025-09-18 09:00:00,0.0,0.0
-484,TĐ Huội Quảng,2025-09-18 10:00:00,0.0,0.0
-484,TĐ Huội Quảng,2025-09-18 11:00:00,0.0,0.0
-484,TĐ Huội Quảng,2025-09-18 12:00:00,0.0,0.0
-484,TĐ Huội Quảng,2025-09-18 13:00:00,0.0,0.0
-484,TĐ Huội Quảng,2025-09-18 14:00:00,0.0,0.0
-484,TĐ Huội Quảng,2025-09-18 15:00:00,0.0,0.0
-484,TĐ Huội Quảng,2025-09-18 16:00:00,0.0,0.0
-484,TĐ Huội Quảng,2025-09-18 17:00:00,0.0,0.0
-484,TĐ Huội Quảng,2025-09-18 18:00:00,0.0,0.0
-484,TĐ Huội Quảng,2025-09-18 19:00:00,0.0,0.0
-484,TĐ Huội Quảng,2025-09-18 20:00:00,0.0,0.0
-484,TĐ Huội Quảng,2025-09-18 21:00:00,0.0,0.0
-484,TĐ Huội Quảng,2025-09-18 22:00:00,0.0,0.0
-484,TĐ Huội Quảng,2025-09-18 23:00:00,0.0,0.0
-484,TĐ Huội Quảng,2025-09-19 00:00:00,0.0,0.0
-484,TĐ Huội Quảng,2025-09-19 01:00:00,0.0,0.0
-484,TĐ Huội Quảng,2025-09-19 02:00:00,0.0,0.0
-484,TĐ Huội Quảng,2025-09-19 03:00:00,0.0,0.0
-484,TĐ Huội Quảng,2025-09-19 04:00:00,0.0,0.0
-484,TĐ Huội Quảng,2025-09-19 05:00:00,0.0,0.0
-484,TĐ Huội Quảng,2025-09-19 06:00:00,0.0,0.0
-484,TĐ Huội Quảng,2025-09-19 07:00:00,0.0,0.0
-484,TĐ Huội Quảng,2025-09-19 08:00:00,0.0,0.0
-484,TĐ Huội Quảng,2025-09-19 09:00:00,0.0,0.0
-484,TĐ Huội Quảng,2025-09-19 10:00:00,0.0,0.0
-484,TĐ Huội Quảng,2025-09-19 11:00:00,0.0,0.0
-484,TĐ Huội Quảng,2025-09-19 12:00:00,0.0,0.0
-484,TĐ Huội Quảng,2025-09-19 13:00:00,0.0,0.0
-484,TĐ Huội Quảng,2025-09-19 14:00:00,0.0,0.0
-484,TĐ Huội Quảng,2025-09-19 15:00:00,0.0,0.0
-484,TĐ Huội Quảng,2025-09-19 16:00:00,0.4000000059604645,0.4000000059604645
-484,TĐ Huội Quảng,2025-09-19 17:00:00,1.600000023841858,2.0000000298023224
-484,TĐ Huội Quảng,2025-09-19 18:00:00,0.6000000238418579,2.6000000536441803
-484,TĐ Huội Quảng,2025-09-19 19:00:00,0.0,2.6000000536441803
-484,TĐ Huội Quảng,2025-09-19 20:00:00,0.0,2.6000000536441803
-484,TĐ Huội Quảng,2025-09-19 21:00:00,0.0,2.6000000536441803
-484,TĐ Huội Quảng,2025-09-19 22:00:00,0.0,2.6000000536441803
-484,TĐ Huội Quảng,2025-09-19 23:00:00,0.0,2.6000000536441803
-484,TĐ Huội Quảng,2025-09-20 00:00:00,0.0,0.0
-484,TĐ Huội Quảng,2025-09-20 01:00:00,0.0,0.0
-484,TĐ Huội Quảng,2025-09-20 02:00:00,0.0,0.0
-484,TĐ Huội Quảng,2025-09-20 03:00:00,0.0,0.0
-484,TĐ Huội Quảng,2025-09-20 04:00:00,0.0,0.0
-484,TĐ Huội Quảng,2025-09-20 05:00:00,0.0,0.0
-484,TĐ Huội Quảng,2025-09-20 06:00:00,0.0,0.0
-484,TĐ Huội Quảng,2025-09-20 07:00:00,0.0,0.0
-484,TĐ Huội Quảng,2025-09-20 08:00:00,0.0,0.0
-484,TĐ Huội Quảng,2025-09-20 09:00:00,0.0,0.0
-484,TĐ Huội Quảng,2025-09-20 10:00:00,0.0,0.0
-484,TĐ Huội Quảng,2025-09-20 11:00:00,0.0,0.0
-484,TĐ Huội Quảng,2025-09-20 12:00:00,0.0,0.0
-484,TĐ Huội Quảng,2025-09-20 13:00:00,0.0,0.0
-484,TĐ Huội Quảng,2025-09-20 14:00:00,0.0,0.0
-484,TĐ Huội Quảng,2025-09-20 15:00:00,0.0,0.0
-484,TĐ Huội Quảng,2025-09-20 16:00:00,0.0,0.0
-484,TĐ Huội Quảng,2025-09-20 17:00:00,0.0,0.0
-484,TĐ Huội Quảng,2025-09-20 18:00:00,0.0,0.0
-484,TĐ Huội Quảng,2025-09-20 19:00:00,0.0,0.0
-484,TĐ Huội Quảng,2025-09-20 20:00:00,0.0,0.0
-484,TĐ Huội Quảng,2025-09-20 21:00:00,0.0,0.0
-484,TĐ Huội Quảng,2025-09-20 22:00:00,0.0,0.0
-484,TĐ Huội Quảng,2025-09-20 23:00:00,0.0,0.0
-484,TĐ Huội Quảng,2025-09-21 00:00:00,0.0,0.0
-484,TĐ Huội Quảng,2025-09-21 01:00:00,0.0,0.0
-484,TĐ Huội Quảng,2025-09-21 02:00:00,0.0,0.0
-484,TĐ Huội Quảng,2025-09-21 03:00:00,0.0,0.0
-484,TĐ Huội Quảng,2025-09-21 04:00:00,0.0,0.0
-484,TĐ Huội Quảng,2025-09-21 05:00:00,0.0,0.0
-484,TĐ Huội Quảng,2025-09-21 06:00:00,0.0,0.0
-484,TĐ Huội Quảng,2025-09-21 07:00:00,0.0,0.0
-484,TĐ Huội Quảng,2025-09-21 08:00:00,0.0,0.0
-484,TĐ Huội Quảng,2025-09-21 09:00:00,0.0,0.0
-484,TĐ Huội Quảng,2025-09-21 10:00:00,0.0,0.0
-484,TĐ Huội Quảng,2025-09-21 11:00:00,0.0,0.0
-484,TĐ Huội Quảng,2025-09-21 12:00:00,0.0,0.0
-484,TĐ Huội Quảng,2025-09-21 13:00:00,0.0,0.0
-484,TĐ Huội Quảng,2025-09-21 14:00:00,0.0,0.0
-484,TĐ Huội Quảng,2025-09-21 15:00:00,0.0,0.0
-484,TĐ Huội Quảng,2025-09-21 16:00:00,0.0,0.0
-484,TĐ Huội Quảng,2025-09-21 17:00:00,0.0,0.0
-484,TĐ Huội Quảng,2025-09-21 18:00:00,0.0,0.0
-484,TĐ Huội Quảng,2025-09-21 19:00:00,0.0,0.0
-484,TĐ Huội Quảng,2025-09-21 20:00:00,0.0,0.0
-484,TĐ Huội Quảng,2025-09-21 21:00:00,0.0,0.0
-484,TĐ Huội Quảng,2025-09-21 22:00:00,0.0,0.0
-484,TĐ Huội Quảng,2025-09-21 23:00:00,0.0,0.0
-484,TĐ Huội Quảng,2025-09-22 00:00:00,0.0,0.0
-484,TĐ Huội Quảng,2025-09-22 01:00:00,0.0,0.0
-484,TĐ Huội Quảng,2025-09-22 02:00:00,0.0,0.0
-484,TĐ Huội Quảng,2025-09-22 03:00:00,0.0,0.0
-484,TĐ Huội Quảng,2025-09-22 04:00:00,28.0,28.0
-484,TĐ Huội Quảng,2025-09-22 05:00:00,4.199999809265137,32.19999980926514
-484,TĐ Huội Quảng,2025-09-22 06:00:00,1.600000023841858,33.799999833106995
-484,TĐ Huội Quảng,2025-09-22 07:00:00,0.6000000238418579,34.39999985694885
-484,TĐ Huội Quảng,2025-09-22 08:00:00,0.0,34.39999985694885
-484,TĐ Huội Quảng,2025-09-22 09:00:00,0.0,34.39999985694885
-484,TĐ Huội Quảng,2025-09-22 10:00:00,0.0,34.39999985694885
-484,TĐ Huội Quảng,2025-09-22 11:00:00,0.0,34.39999985694885
-484,TĐ Huội Quảng,2025-09-22 12:00:00,0.0,34.39999985694885
-484,TĐ Huội Quảng,2025-09-22 13:00:00,0.0,34.39999985694885
-484,TĐ Huội Quảng,2025-09-22 14:00:00,0.0,34.39999985694885
-484,TĐ Huội Quảng,2025-09-22 15:00:00,0.0,34.39999985694885
-484,TĐ Huội Quảng,2025-09-22 16:00:00,0.0,34.39999985694885
-484,TĐ Huội Quảng,2025-09-22 17:00:00,0.0,34.39999985694885
-484,TĐ Huội Quảng,2025-09-22 18:00:00,0.0,34.39999985694885
-484,TĐ Huội Quảng,2025-09-22 19:00:00,0.0,34.39999985694885
-484,TĐ Huội Quảng,2025-09-22 20:00:00,0.0,34.39999985694885
-484,TĐ Huội Quảng,2025-09-22 21:00:00,0.0,34.39999985694885
-484,TĐ Huội Quảng,2025-09-22 22:00:00,0.0,34.39999985694885
-484,TĐ Huội Quảng,2025-09-22 23:00:00,0.0,34.39999985694885
-484,TĐ Huội Quảng,2025-09-23 00:00:00,0.0,0.0
-484,TĐ Huội Quảng,2025-09-23 01:00:00,0.0,0.0
-484,TĐ Huội Quảng,2025-09-23 02:00:00,0.0,0.0
-484,TĐ Huội Quảng,2025-09-23 03:00:00,0.0,0.0
-484,TĐ Huội Quảng,2025-09-23 04:00:00,0.0,0.0
-484,TĐ Huội Quảng,2025-09-23 05:00:00,1.7999999523162842,1.7999999523162842
-484,TĐ Huội Quảng,2025-09-23 06:00:00,3.799999952316284,5.599999904632568
-484,TĐ Huội Quảng,2025-09-23 07:00:00,3.200000047683716,8.799999952316284
-484,TĐ Huội Quảng,2025-09-23 08:00:00,0.0,8.799999952316284
-484,TĐ Huội Quảng,2025-09-23 09:00:00,0.0,8.799999952316284
-484,TĐ Huội Quảng,2025-09-23 10:00:00,0.0,8.799999952316284
-484,TĐ Huội Quảng,2025-09-23 11:00:00,0.0,8.799999952316284
-484,TĐ Huội Quảng,2025-09-23 12:00:00,0.0,8.799999952316284
-484,TĐ Huội Quảng,2025-09-23 13:00:00,0.0,8.799999952316284
-484,TĐ Huội Quảng,2025-09-23 14:00:00,0.0,8.799999952316284
-484,TĐ Huội Quảng,2025-09-23 15:00:00,0.0,8.799999952316284
-484,TĐ Huội Quảng,2025-09-23 16:00:00,0.0,8.799999952316284
-484,TĐ Huội Quảng,2025-09-23 17:00:00,0.0,8.799999952316284
-484,TĐ Huội Quảng,2025-09-23 18:00:00,0.20000000298023224,8.999999955296516
-484,TĐ Huội Quảng,2025-09-23 19:00:00,0.0,8.999999955296516
-484,TĐ Huội Quảng,2025-09-23 20:00:00,0.0,8.999999955296516
-484,TĐ Huội Quảng,2025-09-23 21:00:00,0.0,8.999999955296516
-484,TĐ Huội Quảng,2025-09-23 22:00:00,0.0,8.999999955296516
-484,TĐ Huội Quảng,2025-09-23 23:00:00,0.0,8.999999955296516
-484,TĐ Huội Quảng,2025-09-24 00:00:00,0.0,0.0
-484,TĐ Huội Quảng,2025-09-24 01:00:00,0.0,0.0
-484,TĐ Huội Quảng,2025-09-24 02:00:00,0.0,0.0
-484,TĐ Huội Quảng,2025-09-24 03:00:00,0.0,0.0
-484,TĐ Huội Quảng,2025-09-24 04:00:00,0.0,0.0
-484,TĐ Huội Quảng,2025-09-24 05:00:00,0.0,0.0
-484,TĐ Huội Quảng,2025-09-24 06:00:00,0.0,0.0
-484,TĐ Huội Quảng,2025-09-24 07:00:00,0.0,0.0
-484,TĐ Huội Quảng,2025-09-24 08:00:00,0.0,0.0
-484,TĐ Huội Quảng,2025-09-24 09:00:00,0.0,0.0
-484,TĐ Huội Quảng,2025-09-24 10:00:00,0.0,0.0
-484,TĐ Huội Quảng,2025-09-24 11:00:00,0.0,0.0
-484,TĐ Huội Quảng,2025-09-24 12:00:00,0.0,0.0
-484,TĐ Huội Quảng,2025-09-24 13:00:00,0.0,0.0
-484,TĐ Huội Quảng,2025-09-24 14:00:00,0.0,0.0
-484,TĐ Huội Quảng,2025-09-24 15:00:00,0.0,0.0
-484,TĐ Huội Quảng,2025-09-24 16:00:00,0.0,0.0
-484,TĐ Huội Quảng,2025-09-24 17:00:00,0.0,0.0
-484,TĐ Huội Quảng,2025-09-24 18:00:00,0.0,0.0
-484,TĐ Huội Quảng,2025-09-24 19:00:00,0.0,0.0
-484,TĐ Huội Quảng,2025-09-24 20:00:00,0.0,0.0
-484,TĐ Huội Quảng,2025-09-24 21:00:00,0.0,0.0
-484,TĐ Huội Quảng,2025-09-24 22:00:00,0.0,0.0
-484,TĐ Huội Quảng,2025-09-24 23:00:00,0.0,0.0
-484,TĐ Huội Quảng,2025-09-25 00:00:00,0.0,0.0
-484,TĐ Huội Quảng,2025-09-25 01:00:00,0.0,0.0
-484,TĐ Huội Quảng,2025-09-25 02:00:00,0.0,0.0
-484,TĐ Huội Quảng,2025-09-25 03:00:00,0.0,0.0
-484,TĐ Huội Quảng,2025-09-25 04:00:00,0.0,0.0
-484,TĐ Huội Quảng,2025-09-25 05:00:00,0.0,0.0
-484,TĐ Huội Quảng,2025-09-25 06:00:00,0.0,0.0
-484,TĐ Huội Quảng,2025-09-25 07:00:00,0.0,0.0
-484,TĐ Huội Quảng,2025-09-25 08:00:00,0.0,0.0
-484,TĐ Huội Quảng,2025-09-25 09:00:00,0.0,0.0
-484,TĐ Huội Quảng,2025-09-25 10:00:00,0.0,0.0
-484,TĐ Huội Quảng,2025-09-25 11:00:00,0.0,0.0
-484,TĐ Huội Quảng,2025-09-25 12:00:00,0.0,0.0
-484,TĐ Huội Quảng,2025-09-25 13:00:00,0.0,0.0
-484,TĐ Huội Quảng,2025-09-25 14:00:00,0.0,0.0
-484,TĐ Huội Quảng,2025-09-25 15:00:00,0.0,0.0
-484,TĐ Huội Quảng,2025-09-25 16:00:00,0.0,0.0
-484,TĐ Huội Quảng,2025-09-25 17:00:00,0.0,0.0
-484,TĐ Huội Quảng,2025-09-25 18:00:00,0.0,0.0
-484,TĐ Huội Quảng,2025-09-25 19:00:00,0.0,0.0
-484,TĐ Huội Quảng,2025-09-25 20:00:00,0.0,0.0
-484,TĐ Huội Quảng,2025-09-25 21:00:00,0.0,0.0
-484,TĐ Huội Quảng,2025-09-25 22:00:00,0.0,0.0
-484,TĐ Huội Quảng,2025-09-25 23:00:00,0.0,0.0
-484,TĐ Huội Quảng,2025-09-26 00:00:00,0.0,0.0
-484,TĐ Huội Quảng,2025-09-26 01:00:00,0.0,0.0
-484,TĐ Huội Quảng,2025-09-26 02:00:00,0.0,0.0
-484,TĐ Huội Quảng,2025-09-26 03:00:00,0.0,0.0
-484,TĐ Huội Quảng,2025-09-26 04:00:00,0.0,0.0
-484,TĐ Huội Quảng,2025-09-26 05:00:00,0.0,0.0
-484,TĐ Huội Quảng,2025-09-26 06:00:00,0.0,0.0
-484,TĐ Huội Quảng,2025-09-26 07:00:00,0.0,0.0
-484,TĐ Huội Quảng,2025-09-26 08:00:00,0.0,0.0
-484,TĐ Huội Quảng,2025-09-26 09:00:00,0.0,0.0
-484,TĐ Huội Quảng,2025-09-26 10:00:00,0.0,0.0
-484,TĐ Huội Quảng,2025-09-26 11:00:00,0.0,0.0
-484,TĐ Huội Quảng,2025-09-26 12:00:00,0.0,0.0
-484,TĐ Huội Quảng,2025-09-26 13:00:00,0.0,0.0
-484,TĐ Huội Quảng,2025-09-26 14:00:00,0.0,0.0
-484,TĐ Huội Quảng,2025-09-26 15:00:00,0.0,0.0
-484,TĐ Huội Quảng,2025-09-26 16:00:00,0.0,0.0
-484,TĐ Huội Quảng,2025-09-26 17:00:00,0.0,0.0
-484,TĐ Huội Quảng,2025-09-26 18:00:00,0.0,0.0
-484,TĐ Huội Quảng,2025-09-26 19:00:00,0.0,0.0
-484,TĐ Huội Quảng,2025-09-26 20:00:00,0.0,0.0
-484,TĐ Huội Quảng,2025-09-26 21:00:00,0.0,0.0
-484,TĐ Huội Quảng,2025-09-26 22:00:00,0.0,0.0
-484,TĐ Huội Quảng,2025-09-26 23:00:00,0.0,0.0
-484,TĐ Huội Quảng,2025-09-27 00:00:00,0.0,0.0
-484,TĐ Huội Quảng,2025-09-27 01:00:00,0.0,0.0
-484,TĐ Huội Quảng,2025-09-27 02:00:00,0.0,0.0
-484,TĐ Huội Quảng,2025-09-27 03:00:00,0.0,0.0
-484,TĐ Huội Quảng,2025-09-27 04:00:00,0.0,0.0
-484,TĐ Huội Quảng,2025-09-27 05:00:00,0.0,0.0
-484,TĐ Huội Quảng,2025-09-27 06:00:00,0.0,0.0
-484,TĐ Huội Quảng,2025-09-27 07:00:00,0.20000000298023224,0.20000000298023224
-484,TĐ Huội Quảng,2025-09-27 08:00:00,0.0,0.20000000298023224
-484,TĐ Huội Quảng,2025-09-27 09:00:00,0.0,0.20000000298023224
-484,TĐ Huội Quảng,2025-09-27 10:00:00,0.0,0.20000000298023224
-484,TĐ Huội Quảng,2025-09-27 11:00:00,0.0,0.20000000298023224
-484,TĐ Huội Quảng,2025-09-27 12:00:00,0.0,0.20000000298023224
-484,TĐ Huội Quảng,2025-09-27 13:00:00,0.0,0.20000000298023224
-484,TĐ Huội Quảng,2025-09-27 14:00:00,0.0,0.20000000298023224
-484,TĐ Huội Quảng,2025-09-27 15:00:00,0.0,0.20000000298023224
-484,TĐ Huội Quảng,2025-09-27 16:00:00,0.0,0.20000000298023224
-484,TĐ Huội Quảng,2025-09-27 17:00:00,0.0,0.20000000298023224
-484,TĐ Huội Quảng,2025-09-27 18:00:00,0.0,0.20000000298023224
-484,TĐ Huội Quảng,2025-09-27 19:00:00,0.0,0.20000000298023224
-484,TĐ Huội Quảng,2025-09-27 20:00:00,0.0,0.20000000298023224
-484,TĐ Huội Quảng,2025-09-27 21:00:00,0.0,0.20000000298023224
-484,TĐ Huội Quảng,2025-09-27 22:00:00,0.0,0.20000000298023224
-484,TĐ Huội Quảng,2025-09-27 23:00:00,0.0,0.20000000298023224
-484,TĐ Huội Quảng,2025-09-28 00:00:00,0.0,0.0
-484,TĐ Huội Quảng,2025-09-28 01:00:00,0.0,0.0
-484,TĐ Huội Quảng,2025-09-28 02:00:00,0.0,0.0
-484,TĐ Huội Quảng,2025-09-28 03:00:00,0.0,0.0
-484,TĐ Huội Quảng,2025-09-28 04:00:00,0.0,0.0
-484,TĐ Huội Quảng,2025-09-28 05:00:00,0.0,0.0
-484,TĐ Huội Quảng,2025-09-28 06:00:00,0.0,0.0
-484,TĐ Huội Quảng,2025-09-28 07:00:00,0.0,0.0
-484,TĐ Huội Quảng,2025-09-28 08:00:00,0.0,0.0
-484,TĐ Huội Quảng,2025-09-28 09:00:00,0.0,0.0
-484,TĐ Huội Quảng,2025-09-28 10:00:00,0.0,0.0
-484,TĐ Huội Quảng,2025-09-28 11:00:00,0.0,0.0
-484,TĐ Huội Quảng,2025-09-28 12:00:00,0.0,0.0
-484,TĐ Huội Quảng,2025-09-28 13:00:00,0.0,0.0
-484,TĐ Huội Quảng,2025-09-28 14:00:00,0.0,0.0
-484,TĐ Huội Quảng,2025-09-28 15:00:00,0.0,0.0
-484,TĐ Huội Quảng,2025-09-28 16:00:00,0.0,0.0
-484,TĐ Huội Quảng,2025-09-28 17:00:00,0.20000000298023224,0.20000000298023224
-484,TĐ Huội Quảng,2025-09-28 18:00:00,0.6000000238418579,0.8000000268220901
-484,TĐ Huội Quảng,2025-09-28 19:00:00,0.800000011920929,1.600000038743019
-484,TĐ Huội Quảng,2025-09-28 20:00:00,0.800000011920929,2.400000050663948
-484,TĐ Huội Quảng,2025-09-28 21:00:00,0.0,2.400000050663948
-484,TĐ Huội Quảng,2025-09-28 22:00:00,0.0,2.400000050663948
-484,TĐ Huội Quảng,2025-09-28 23:00:00,0.0,2.400000050663948
-484,TĐ Huội Quảng,2025-09-29 00:00:00,0.0,0.800000011920929
-484,TĐ Huội Quảng,2025-09-29 01:00:00,0.0,0.800000011920929
-484,TĐ Huội Quảng,2025-09-29 02:00:00,0.0,0.800000011920929
-484,TĐ Huội Quảng,2025-09-29 03:00:00,0.0,0.800000011920929
-484,TĐ Huội Quảng,2025-09-29 04:00:00,0.0,0.800000011920929
-484,TĐ Huội Quảng,2025-09-29 05:00:00,0.0,0.800000011920929
-484,TĐ Huội Quảng,2025-09-29 06:00:00,0.0,0.800000011920929
-484,TĐ Huội Quảng,2025-09-29 07:00:00,0.0,0.800000011920929
-484,TĐ Huội Quảng,2025-09-29 08:00:00,0.0,0.800000011920929
-484,TĐ Huội Quảng,2025-09-29 09:00:00,0.0,0.800000011920929
-484,TĐ Huội Quảng,2025-09-29 10:00:00,0.0,0.800000011920929
-484,TĐ Huội Quảng,2025-09-29 11:00:00,0.0,0.800000011920929
-484,TĐ Huội Quảng,2025-09-29 12:00:00,0.0,0.800000011920929
-484,TĐ Huội Quảng,2025-09-29 13:00:00,0.4000000059604645,1.2000000178813934
-484,TĐ Huội Quảng,2025-09-29 14:00:00,1.399999976158142,2.5999999940395355
-484,TĐ Huội Quảng,2025-09-29 15:00:00,7.599999904632568,10.199999898672104
-484,TĐ Huội Quảng,2025-09-29 16:00:00,5.599999904632568,15.799999803304672
-484,TĐ Huội Quảng,2025-09-29 17:00:00,5.199999809265137,20.99999961256981
-484,TĐ Huội Quảng,2025-09-29 18:00:00,6.599999904632568,27.599999517202377
-484,TĐ Huội Quảng,2025-09-29 19:00:00,5.400000095367432,32.99999961256981
-484,TĐ Huội Quảng,2025-09-29 20:00:00,1.0,33.99999961256981
-484,TĐ Huội Quảng,2025-09-29 21:00:00,0.20000000298023224,34.19999961555004
-484,TĐ Huội Quảng,2025-09-29 22:00:00,0.0,34.19999961555004
-484,TĐ Huội Quảng,2025-09-29 23:00:00,0.0,34.19999961555004
-484,TĐ Huội Quảng,2025-09-30 00:00:00,0.0,1.2000000029802322
-484,TĐ Huội Quảng,2025-09-30 01:00:00,0.0,1.2000000029802322
-484,TĐ Huội Quảng,2025-09-30 02:00:00,0.0,1.2000000029802322
-484,TĐ Huội Quảng,2025-09-30 03:00:00,1.0,2.2000000029802322
-484,TĐ Huội Quảng,2025-09-30 04:00:00,0.6000000238418579,2.80000002682209
-484,TĐ Huội Quảng,2025-09-30 05:00:00,0.4000000059604645,3.2000000327825546
-484,TĐ Huội Quảng,2025-09-30 06:00:00,0.0,3.2000000327825546
-484,TĐ Huội Quảng,2025-09-30 07:00:00,0.0,3.2000000327825546
-484,TĐ Huội Quảng,2025-09-30 08:00:00,1.2000000476837158,4.4000000804662704
-484,TĐ Huội Quảng,2025-09-30 09:00:00,1.600000023841858,6.000000104308128
-484,TĐ Huội Quảng,2025-09-30 10:00:00,1.399999976158142,7.4000000804662704
-484,TĐ Huội Quảng,2025-09-30 11:00:00,0.6000000238418579,8.000000104308128
-484,TĐ Huội Quảng,2025-09-30 12:00:00,0.4000000059604645,8.400000110268593
-484,TĐ Huội Quảng,2025-09-30 13:00:00,0.0,8.400000110268593
-484,TĐ Huội Quảng,2025-09-30 14:00:00,0.0,8.400000110268593
-484,TĐ Huội Quảng,2025-09-30 15:00:00,0.0,8.400000110268593
-484,TĐ Huội Quảng,2025-09-30 16:00:00,0.0,8.400000110268593
-484,TĐ Huội Quảng,2025-09-30 17:00:00,0.4000000059604645,8.800000116229057
-484,TĐ Huội Quảng,2025-09-30 18:00:00,0.0,8.800000116229057
-484,TĐ Huội Quảng,2025-09-30 19:00:00,0.0,8.800000116229057
-484,TĐ Huội Quảng,2025-09-30 20:00:00,0.0,8.800000116229057
-484,TĐ Huội Quảng,2025-09-30 21:00:00,0.0,8.800000116229057
-484,TĐ Huội Quảng,2025-09-30 22:00:00,0.0,8.800000116229057
-484,TĐ Huội Quảng,2025-09-30 23:00:00,0.0,8.800000116229057
-484,TĐ Huội Quảng,2025-10-01 00:00:00,0.0,0.0
-484,TĐ Huội Quảng,2025-10-01 01:00:00,0.4000000059604645,0.4000000059604645
-484,TĐ Huội Quảng,2025-10-01 02:00:00,1.600000023841858,2.0000000298023224
-484,TĐ Huội Quảng,2025-10-01 03:00:00,0.6000000238418579,2.6000000536441803
-484,TĐ Huội Quảng,2025-10-01 04:00:00,2.5999999046325684,5.199999958276749
-484,TĐ Huội Quảng,2025-10-01 05:00:00,0.800000011920929,5.999999970197678
-484,TĐ Huội Quảng,2025-10-01 06:00:00,0.0,5.999999970197678
-484,TĐ Huội Quảng,2025-10-01 07:00:00,0.0,5.999999970197678
-484,TĐ Huội Quảng,2025-10-01 08:00:00,0.0,5.999999970197678
-484,TĐ Huội Quảng,2025-10-01 09:00:00,0.0,5.999999970197678
-484,TĐ Huội Quảng,2025-10-01 10:00:00,0.0,5.999999970197678
-484,TĐ Huội Quảng,2025-10-01 11:00:00,0.0,5.999999970197678
-484,TĐ Huội Quảng,2025-10-01 12:00:00,0.0,5.999999970197678
-484,TĐ Huội Quảng,2025-10-01 13:00:00,0.0,5.999999970197678
-484,TĐ Huội Quảng,2025-10-01 14:00:00,0.0,5.999999970197678
-484,TĐ Huội Quảng,2025-10-01 15:00:00,0.0,5.999999970197678
-484,TĐ Huội Quảng,2025-10-01 16:00:00,0.0,5.999999970197678
-484,TĐ Huội Quảng,2025-10-01 17:00:00,0.0,5.999999970197678
-484,TĐ Huội Quảng,2025-10-01 18:00:00,0.0,5.999999970197678
-484,TĐ Huội Quảng,2025-10-01 19:00:00,0.0,5.999999970197678
-484,TĐ Huội Quảng,2025-10-01 20:00:00,0.0,5.999999970197678
-484,TĐ Huội Quảng,2025-10-01 21:00:00,0.0,5.999999970197678
-484,TĐ Huội Quảng,2025-10-01 22:00:00,0.0,5.999999970197678
-484,TĐ Huội Quảng,2025-10-01 23:00:00,0.0,5.999999970197678
-484,TĐ Huội Quảng,2025-10-02 00:00:00,0.0,0.0
-484,TĐ Huội Quảng,2025-10-02 01:00:00,0.0,0.0
-484,TĐ Huội Quảng,2025-10-02 02:00:00,0.0,0.0
-484,TĐ Huội Quảng,2025-10-02 03:00:00,0.0,0.0
-484,TĐ Huội Quảng,2025-10-02 04:00:00,0.0,0.0
-484,TĐ Huội Quảng,2025-10-02 05:00:00,0.0,0.0
-484,TĐ Huội Quảng,2025-10-02 06:00:00,0.0,0.0
-484,TĐ Huội Quảng,2025-10-02 07:00:00,0.0,0.0
-484,TĐ Huội Quảng,2025-10-02 08:00:00,0.0,0.0
-484,TĐ Huội Quảng,2025-10-02 09:00:00,0.0,0.0
-484,TĐ Huội Quảng,2025-10-02 10:00:00,0.0,0.0
-484,TĐ Huội Quảng,2025-10-02 11:00:00,0.0,0.0
-484,TĐ Huội Quảng,2025-10-02 12:00:00,0.0,0.0
-484,TĐ Huội Quảng,2025-10-02 13:00:00,0.0,0.0
-484,TĐ Huội Quảng,2025-10-02 14:00:00,0.0,0.0
-484,TĐ Huội Quảng,2025-10-02 15:00:00,0.0,0.0
-484,TĐ Huội Quảng,2025-10-02 16:00:00,0.0,0.0
-484,TĐ Huội Quảng,2025-10-02 17:00:00,0.0,0.0
-484,TĐ Huội Quảng,2025-10-02 18:00:00,0.0,0.0
-484,TĐ Huội Quảng,2025-10-02 19:00:00,0.0,0.0
-484,TĐ Huội Quảng,2025-10-02 20:00:00,0.0,0.0
-484,TĐ Huội Quảng,2025-10-02 21:00:00,0.0,0.0
-484,TĐ Huội Quảng,2025-10-02 22:00:00,0.0,0.0
-484,TĐ Huội Quảng,2025-10-02 23:00:00,0.0,0.0
-484,TĐ Huội Quảng,2025-10-03 00:00:00,0.0,0.0
-484,TĐ Huội Quảng,2025-10-03 01:00:00,0.0,0.0
-484,TĐ Huội Quảng,2025-10-03 02:00:00,0.0,0.0
-484,TĐ Huội Quảng,2025-10-03 03:00:00,0.0,0.0
-484,TĐ Huội Quảng,2025-10-03 04:00:00,0.0,0.0
-484,TĐ Huội Quảng,2025-10-03 05:00:00,0.0,0.0
-484,TĐ Huội Quảng,2025-10-03 06:00:00,0.0,0.0
-484,TĐ Huội Quảng,2025-10-03 07:00:00,0.0,0.0
-484,TĐ Huội Quảng,2025-10-03 08:00:00,0.0,0.0
-484,TĐ Huội Quảng,2025-10-03 09:00:00,0.0,0.0
-484,TĐ Huội Quảng,2025-10-03 10:00:00,0.0,0.0
-484,TĐ Huội Quảng,2025-10-03 11:00:00,0.0,0.0
-484,TĐ Huội Quảng,2025-10-03 12:00:00,0.0,0.0
-484,TĐ Huội Quảng,2025-10-03 13:00:00,0.0,0.0
-484,TĐ Huội Quảng,2025-10-03 14:00:00,0.0,0.0
-484,TĐ Huội Quảng,2025-10-03 15:00:00,0.0,0.0
-484,TĐ Huội Quảng,2025-10-03 16:00:00,0.0,0.0
-484,TĐ Huội Quảng,2025-10-03 17:00:00,0.0,0.0
-484,TĐ Huội Quảng,2025-10-03 18:00:00,0.0,0.0
-484,TĐ Huội Quảng,2025-10-03 19:00:00,0.0,0.0
-484,TĐ Huội Quảng,2025-10-03 20:00:00,0.0,0.0
-484,TĐ Huội Quảng,2025-10-03 21:00:00,0.0,0.0
-484,TĐ Huội Quảng,2025-10-03 22:00:00,0.0,0.0
-484,TĐ Huội Quảng,2025-10-03 23:00:00,0.20000000298023224,0.20000000298023224
-484,TĐ Huội Quảng,2025-10-04 00:00:00,0.0,0.20000000298023224
-484,TĐ Huội Quảng,2025-10-04 01:00:00,0.4000000059604645,0.6000000089406967
-484,TĐ Huội Quảng,2025-10-04 02:00:00,0.0,0.6000000089406967
-484,TĐ Huội Quảng,2025-10-04 03:00:00,0.0,0.6000000089406967
-484,TĐ Huội Quảng,2025-10-04 04:00:00,0.0,0.6000000089406967
-484,TĐ Huội Quảng,2025-10-04 05:00:00,0.0,0.6000000089406967
-484,TĐ Huội Quảng,2025-10-04 06:00:00,0.0,0.6000000089406967
-484,TĐ Huội Quảng,2025-10-04 07:00:00,0.0,0.6000000089406967
-484,TĐ Huội Quảng,2025-10-04 08:00:00,0.0,0.6000000089406967
-484,TĐ Huội Quảng,2025-10-04 09:00:00,0.0,0.6000000089406967
-484,TĐ Huội Quảng,2025-10-04 10:00:00,0.0,0.6000000089406967
-484,TĐ Huội Quảng,2025-10-04 11:00:00,0.0,0.6000000089406967
-484,TĐ Huội Quảng,2025-10-04 12:00:00,0.0,0.6000000089406967
-484,TĐ Huội Quảng,2025-10-04 13:00:00,0.0,0.6000000089406967
-484,TĐ Huội Quảng,2025-10-04 14:00:00,0.0,0.6000000089406967
-484,TĐ Huội Quảng,2025-10-04 15:00:00,0.0,0.6000000089406967
-484,TĐ Huội Quảng,2025-10-04 16:00:00,0.0,0.6000000089406967
-484,TĐ Huội Quảng,2025-10-04 17:00:00,0.0,0.6000000089406967
-484,TĐ Huội Quảng,2025-10-04 18:00:00,0.0,0.6000000089406967
-484,TĐ Huội Quảng,2025-10-04 19:00:00,0.0,0.6000000089406967
-484,TĐ Huội Quảng,2025-10-04 20:00:00,0.0,0.6000000089406967
-484,TĐ Huội Quảng,2025-10-04 21:00:00,0.0,0.6000000089406967
-484,TĐ Huội Quảng,2025-10-04 22:00:00,0.0,0.6000000089406967
-484,TĐ Huội Quảng,2025-10-04 23:00:00,0.0,0.6000000089406967
-484,TĐ Huội Quảng,2025-10-05 00:00:00,0.0,0.0
-484,TĐ Huội Quảng,2025-10-05 01:00:00,0.0,0.0
-484,TĐ Huội Quảng,2025-10-05 02:00:00,0.0,0.0
-484,TĐ Huội Quảng,2025-10-05 03:00:00,0.0,0.0
-484,TĐ Huội Quảng,2025-10-05 04:00:00,0.0,0.0
-484,TĐ Huội Quảng,2025-10-05 05:00:00,0.0,0.0
-484,TĐ Huội Quảng,2025-10-05 06:00:00,0.0,0.0
-484,TĐ Huội Quảng,2025-10-05 07:00:00,0.0,0.0
-484,TĐ Huội Quảng,2025-10-05 08:00:00,0.0,0.0
-484,TĐ Huội Quảng,2025-10-05 09:00:00,0.0,0.0
-484,TĐ Huội Quảng,2025-10-05 10:00:00,0.0,0.0
-484,TĐ Huội Quảng,2025-10-05 11:00:00,0.0,0.0
-484,TĐ Huội Quảng,2025-10-05 12:00:00,0.0,0.0
-484,TĐ Huội Quảng,2025-10-05 13:00:00,0.0,0.0
-484,TĐ Huội Quảng,2025-10-05 14:00:00,0.0,0.0
-484,TĐ Huội Quảng,2025-10-05 15:00:00,0.0,0.0
-484,TĐ Huội Quảng,2025-10-05 16:00:00,0.0,0.0
-484,TĐ Huội Quảng,2025-10-05 17:00:00,0.0,0.0
-484,TĐ Huội Quảng,2025-10-05 18:00:00,0.0,0.0
-484,TĐ Huội Quảng,2025-10-05 19:00:00,0.0,0.0
-484,TĐ Huội Quảng,2025-10-05 20:00:00,0.0,0.0
-484,TĐ Huội Quảng,2025-10-05 21:00:00,0.0,0.0
-484,TĐ Huội Quảng,2025-10-05 22:00:00,0.0,0.0
-484,TĐ Huội Quảng,2025-10-05 23:00:00,0.0,0.0
-484,TĐ Huội Quảng,2025-10-06 00:00:00,0.0,0.0
-484,TĐ Huội Quảng,2025-10-06 01:00:00,0.0,0.0
-484,TĐ Huội Quảng,2025-10-06 02:00:00,0.0,0.0
-484,TĐ Huội Quảng,2025-10-06 03:00:00,0.0,0.0
-484,TĐ Huội Quảng,2025-10-06 04:00:00,0.0,0.0
-484,TĐ Huội Quảng,2025-10-06 05:00:00,0.6000000238418579,0.6000000238418579
-484,TĐ Huội Quảng,2025-10-06 06:00:00,0.0,0.6000000238418579
-484,TĐ Huội Quảng,2025-10-06 07:00:00,0.800000011920929,1.4000000357627869
-484,TĐ Huội Quảng,2025-10-06 08:00:00,17.200000762939453,18.60000079870224
-484,TĐ Huội Quảng,2025-10-06 09:00:00,1.2000000476837158,19.800000846385956
-484,TĐ Huội Quảng,2025-10-06 10:00:00,0.0,19.800000846385956
-484,TĐ Huội Quảng,2025-10-06 11:00:00,0.0,19.800000846385956
-484,TĐ Huội Quảng,2025-10-06 12:00:00,0.0,19.800000846385956
-484,TĐ Huội Quảng,2025-10-06 13:00:00,0.0,19.800000846385956
-484,TĐ Huội Quảng,2025-10-06 14:00:00,0.0,19.800000846385956
-484,TĐ Huội Quảng,2025-10-06 15:00:00,0.0,19.800000846385956
-484,TĐ Huội Quảng,2025-10-06 16:00:00,0.0,19.800000846385956
-484,TĐ Huội Quảng,2025-10-06 17:00:00,0.0,19.800000846385956
-484,TĐ Huội Quảng,2025-10-06 18:00:00,0.0,19.800000846385956
-484,TĐ Huội Quảng,2025-10-06 19:00:00,0.0,19.800000846385956
-484,TĐ Huội Quảng,2025-10-06 20:00:00,0.0,19.800000846385956
-484,TĐ Huội Quảng,2025-10-06 21:00:00,0.0,19.800000846385956
-484,TĐ Huội Quảng,2025-10-06 22:00:00,0.0,19.800000846385956
-484,TĐ Huội Quảng,2025-10-06 23:00:00,0.0,19.800000846385956
-484,TĐ Huội Quảng,2025-10-07 00:00:00,15.600000381469727,15.600000381469727
-484,TĐ Huội Quảng,2025-10-07 01:00:00,8.0,23.600000381469727
-484,TĐ Huội Quảng,2025-10-07 02:00:00,3.799999952316284,27.40000033378601
-484,TĐ Huội Quảng,2025-10-07 03:00:00,0.6000000238418579,28.00000035762787
-484,TĐ Huội Quảng,2025-10-07 04:00:00,2.0,30.00000035762787
-484,TĐ Huội Quảng,2025-10-07 05:00:00,2.4000000953674316,32.4000004529953
-484,TĐ Huội Quảng,2025-10-07 06:00:00,0.800000011920929,33.20000046491623
-484,TĐ Huội Quảng,2025-10-07 07:00:00,0.4000000059604645,33.600000470876694
-484,TĐ Huội Quảng,2025-10-07 08:00:00,0.4000000059604645,34.00000047683716
-484,TĐ Huội Quảng,2025-10-07 09:00:00,1.399999976158142,35.4000004529953
-484,TĐ Huội Quảng,2025-10-07 10:00:00,0.6000000238418579,36.00000047683716
-484,TĐ Huội Quảng,2025-10-07 11:00:00,0.0,36.00000047683716
-484,TĐ Huội Quảng,2025-10-07 12:00:00,0.0,36.00000047683716
-484,TĐ Huội Quảng,2025-10-07 13:00:00,0.0,36.00000047683716
-484,TĐ Huội Quảng,2025-10-07 14:00:00,0.0,36.00000047683716
-484,TĐ Huội Quảng,2025-10-07 15:00:00,0.0,36.00000047683716
-484,TĐ Huội Quảng,2025-10-07 16:00:00,0.0,36.00000047683716
-484,TĐ Huội Quảng,2025-10-07 17:00:00,0.0,36.00000047683716
-484,TĐ Huội Quảng,2025-10-07 18:00:00,0.0,36.00000047683716
-484,TĐ Huội Quảng,2025-10-07 19:00:00,0.0,36.00000047683716
-484,TĐ Huội Quảng,2025-10-07 20:00:00,0.0,36.00000047683716
-484,TĐ Huội Quảng,2025-10-07 21:00:00,0.0,36.00000047683716
-484,TĐ Huội Quảng,2025-10-07 22:00:00,0.0,36.00000047683716
-484,TĐ Huội Quảng,2025-10-07 23:00:00,0.0,36.00000047683716
-484,TĐ Huội Quảng,2025-10-08 00:00:00,0.0,0.0
-484,TĐ Huội Quảng,2025-10-08 01:00:00,0.0,0.0
-484,TĐ Huội Quảng,2025-10-08 02:00:00,0.0,0.0
-484,TĐ Huội Quảng,2025-10-08 03:00:00,0.0,0.0
-484,TĐ Huội Quảng,2025-10-08 04:00:00,0.0,0.0
-484,TĐ Huội Quảng,2025-10-08 05:00:00,0.0,0.0
-484,TĐ Huội Quảng,2025-10-08 06:00:00,0.0,0.0
-484,TĐ Huội Quảng,2025-10-08 07:00:00,0.0,0.0
-484,TĐ Huội Quảng,2025-10-08 08:00:00,0.0,0.0
-484,TĐ Huội Quảng,2025-10-08 09:00:00,0.0,0.0
-484,TĐ Huội Quảng,2025-10-08 10:00:00,0.0,0.0
-484,TĐ Huội Quảng,2025-10-08 11:00:00,0.0,0.0
-484,TĐ Huội Quảng,2025-10-08 12:00:00,0.0,0.0
-484,TĐ Huội Quảng,2025-10-08 13:00:00,0.0,0.0
-484,TĐ Huội Quảng,2025-10-08 14:00:00,0.0,0.0
-484,TĐ Huội Quảng,2025-10-08 15:00:00,0.0,0.0
-484,TĐ Huội Quảng,2025-10-08 16:00:00,0.0,0.0
-484,TĐ Huội Quảng,2025-10-08 17:00:00,0.0,0.0
-484,TĐ Huội Quảng,2025-10-08 18:00:00,0.0,0.0
-484,TĐ Huội Quảng,2025-10-08 19:00:00,0.0,0.0
-484,TĐ Huội Quảng,2025-10-08 20:00:00,0.0,0.0
-484,TĐ Huội Quảng,2025-10-08 21:00:00,0.0,0.0
-484,TĐ Huội Quảng,2025-10-08 22:00:00,0.0,0.0
-484,TĐ Huội Quảng,2025-10-08 23:00:00,0.0,0.0
-484,TĐ Huội Quảng,2025-10-09 00:00:00,0.0,0.0
-484,TĐ Huội Quảng,2025-10-09 01:00:00,0.0,0.0
-484,TĐ Huội Quảng,2025-10-09 02:00:00,0.0,0.0
-484,TĐ Huội Quảng,2025-10-09 03:00:00,0.0,0.0
-484,TĐ Huội Quảng,2025-10-09 04:00:00,0.0,0.0
-484,TĐ Huội Quảng,2025-10-09 05:00:00,0.0,0.0
-484,TĐ Huội Quảng,2025-10-09 06:00:00,0.0,0.0
-484,TĐ Huội Quảng,2025-10-09 07:00:00,0.0,0.0
-484,TĐ Huội Quảng,2025-10-09 08:00:00,0.0,0.0
-484,TĐ Huội Quảng,2025-10-09 09:00:00,0.0,0.0
-484,TĐ Huội Quảng,2025-10-09 10:00:00,0.0,0.0
-484,TĐ Huội Quảng,2025-10-09 11:00:00,0.0,0.0
-484,TĐ Huội Quảng,2025-10-09 12:00:00,0.0,0.0
-484,TĐ Huội Quảng,2025-10-09 13:00:00,0.0,0.0
-484,TĐ Huội Quảng,2025-10-09 14:00:00,0.0,0.0
-484,TĐ Huội Quảng,2025-10-09 15:00:00,0.0,0.0
-484,TĐ Huội Quảng,2025-10-09 16:00:00,0.0,0.0
-484,TĐ Huội Quảng,2025-10-09 17:00:00,0.0,0.0
-484,TĐ Huội Quảng,2025-10-09 18:00:00,0.0,0.0
-484,TĐ Huội Quảng,2025-10-09 19:00:00,0.0,0.0
-484,TĐ Huội Quảng,2025-10-09 20:00:00,0.0,0.0
-484,TĐ Huội Quảng,2025-10-09 21:00:00,0.0,0.0
-484,TĐ Huội Quảng,2025-10-09 22:00:00,0.0,0.0
-484,TĐ Huội Quảng,2025-10-09 23:00:00,0.0,0.0
-484,TĐ Huội Quảng,2025-10-10 00:00:00,0.0,0.0
-484,TĐ Huội Quảng,2025-10-10 01:00:00,0.0,0.0
-484,TĐ Huội Quảng,2025-10-10 02:00:00,0.0,0.0
-484,TĐ Huội Quảng,2025-10-10 03:00:00,0.0,0.0
-484,TĐ Huội Quảng,2025-10-10 04:00:00,0.0,0.0
-484,TĐ Huội Quảng,2025-10-10 05:00:00,0.0,0.0
-484,TĐ Huội Quảng,2025-10-10 06:00:00,0.0,0.0
-484,TĐ Huội Quảng,2025-10-10 07:00:00,0.0,0.0
-484,TĐ Huội Quảng,2025-10-10 08:00:00,0.0,0.0
-484,TĐ Huội Quảng,2025-10-10 09:00:00,0.0,0.0
-484,TĐ Huội Quảng,2025-10-10 10:00:00,0.0,0.0
-484,TĐ Huội Quảng,2025-10-10 11:00:00,0.0,0.0
-484,TĐ Huội Quảng,2025-10-10 12:00:00,0.0,0.0
-484,TĐ Huội Quảng,2025-10-10 13:00:00,0.0,0.0
-484,TĐ Huội Quảng,2025-10-10 14:00:00,0.0,0.0
-484,TĐ Huội Quảng,2025-10-10 15:00:00,0.0,0.0
-484,TĐ Huội Quảng,2025-10-10 16:00:00,0.0,0.0
-484,TĐ Huội Quảng,2025-10-10 17:00:00,0.0,0.0
-484,TĐ Huội Quảng,2025-10-10 18:00:00,0.0,0.0
-484,TĐ Huội Quảng,2025-10-10 19:00:00,0.0,0.0
-484,TĐ Huội Quảng,2025-10-10 20:00:00,0.0,0.0
-484,TĐ Huội Quảng,2025-10-10 21:00:00,0.0,0.0
-484,TĐ Huội Quảng,2025-10-10 22:00:00,0.0,0.0
-484,TĐ Huội Quảng,2025-10-10 23:00:00,0.0,0.0
-484,TĐ Huội Quảng,2025-10-11 00:00:00,0.0,0.0
-484,TĐ Huội Quảng,2025-10-11 01:00:00,0.0,0.0
-484,TĐ Huội Quảng,2025-10-11 02:00:00,0.0,0.0
-484,TĐ Huội Quảng,2025-10-11 03:00:00,0.0,0.0
-484,TĐ Huội Quảng,2025-10-11 04:00:00,0.0,0.0
-484,TĐ Huội Quảng,2025-10-11 05:00:00,0.0,0.0
-484,TĐ Huội Quảng,2025-10-11 06:00:00,0.0,0.0
-484,TĐ Huội Quảng,2025-10-11 07:00:00,0.0,0.0
-484,TĐ Huội Quảng,2025-10-11 08:00:00,0.0,0.0
-484,TĐ Huội Quảng,2025-10-11 09:00:00,0.0,0.0
-484,TĐ Huội Quảng,2025-10-11 10:00:00,0.0,0.0
-484,TĐ Huội Quảng,2025-10-11 11:00:00,0.0,0.0
-484,TĐ Huội Quảng,2025-10-11 12:00:00,0.0,0.0
-484,TĐ Huội Quảng,2025-10-11 13:00:00,0.0,0.0
-484,TĐ Huội Quảng,2025-10-11 14:00:00,0.0,0.0
-484,TĐ Huội Quảng,2025-10-11 15:00:00,0.0,0.0
-484,TĐ Huội Quảng,2025-10-11 16:00:00,0.0,0.0
-484,TĐ Huội Quảng,2025-10-11 17:00:00,0.0,0.0
-484,TĐ Huội Quảng,2025-10-11 18:00:00,0.0,0.0
-484,TĐ Huội Quảng,2025-10-11 19:00:00,0.0,0.0
-484,TĐ Huội Quảng,2025-10-11 20:00:00,0.0,0.0
-484,TĐ Huội Quảng,2025-10-11 21:00:00,0.0,0.0
-484,TĐ Huội Quảng,2025-10-11 22:00:00,0.0,0.0
-484,TĐ Huội Quảng,2025-10-11 23:00:00,0.0,0.0
-484,TĐ Huội Quảng,2025-10-12 00:00:00,0.0,0.0
-484,TĐ Huội Quảng,2025-10-12 01:00:00,0.0,0.0
-484,TĐ Huội Quảng,2025-10-12 02:00:00,0.0,0.0
-484,TĐ Huội Quảng,2025-10-12 03:00:00,0.0,0.0
-484,TĐ Huội Quảng,2025-10-12 04:00:00,0.0,0.0
-484,TĐ Huội Quảng,2025-10-12 05:00:00,0.0,0.0
-484,TĐ Huội Quảng,2025-10-12 06:00:00,0.0,0.0
-484,TĐ Huội Quảng,2025-10-12 07:00:00,0.0,0.0
-484,TĐ Huội Quảng,2025-10-12 08:00:00,0.0,0.0
-484,TĐ Huội Quảng,2025-10-12 09:00:00,0.0,0.0
-484,TĐ Huội Quảng,2025-10-12 10:00:00,0.0,0.0
-484,TĐ Huội Quảng,2025-10-12 11:00:00,0.0,0.0
-484,TĐ Huội Quảng,2025-10-12 12:00:00,0.0,0.0
-484,TĐ Huội Quảng,2025-10-12 13:00:00,0.0,0.0
-484,TĐ Huội Quảng,2025-10-12 14:00:00,0.0,0.0
-484,TĐ Huội Quảng,2025-10-12 15:00:00,0.0,0.0
-484,TĐ Huội Quảng,2025-10-12 16:00:00,0.0,0.0
-484,TĐ Huội Quảng,2025-10-12 17:00:00,0.0,0.0
-484,TĐ Huội Quảng,2025-10-12 18:00:00,0.0,0.0
-484,TĐ Huội Quảng,2025-10-12 19:00:00,0.0,0.0
-484,TĐ Huội Quảng,2025-10-12 20:00:00,0.0,0.0
-484,TĐ Huội Quảng,2025-10-12 21:00:00,0.0,0.0
-484,TĐ Huội Quảng,2025-10-12 22:00:00,0.0,0.0
-484,TĐ Huội Quảng,2025-10-12 23:00:00,0.0,0.0
-484,TĐ Huội Quảng,2025-10-13 00:00:00,0.0,0.0
-484,TĐ Huội Quảng,2025-10-13 01:00:00,0.0,0.0
-484,TĐ Huội Quảng,2025-10-13 02:00:00,0.0,0.0
-484,TĐ Huội Quảng,2025-10-13 03:00:00,0.0,0.0
-484,TĐ Huội Quảng,2025-10-13 04:00:00,0.0,0.0
-484,TĐ Huội Quảng,2025-10-13 05:00:00,0.0,0.0
-484,TĐ Huội Quảng,2025-10-13 06:00:00,0.0,0.0
-484,TĐ Huội Quảng,2025-10-13 07:00:00,0.0,0.0
-484,TĐ Huội Quảng,2025-10-13 08:00:00,0.0,0.0
-484,TĐ Huội Quảng,2025-10-13 09:00:00,0.0,0.0
-484,TĐ Huội Quảng,2025-10-13 10:00:00,0.0,0.0
-484,TĐ Huội Quảng,2025-10-13 11:00:00,0.0,0.0
-484,TĐ Huội Quảng,2025-10-13 12:00:00,0.0,0.0
-484,TĐ Huội Quảng,2025-10-13 13:00:00,0.0,0.0
-484,TĐ Huội Quảng,2025-10-13 14:00:00,0.0,0.0
-484,TĐ Huội Quảng,2025-10-13 15:00:00,0.0,0.0
-484,TĐ Huội Quảng,2025-10-13 16:00:00,0.0,0.0
-484,TĐ Huội Quảng,2025-10-13 17:00:00,0.0,0.0
-484,TĐ Huội Quảng,2025-10-13 18:00:00,0.0,0.0
-484,TĐ Huội Quảng,2025-10-13 19:00:00,0.0,0.0
-484,TĐ Huội Quảng,2025-10-13 20:00:00,0.0,0.0
-484,TĐ Huội Quảng,2025-10-13 21:00:00,0.0,0.0
-484,TĐ Huội Quảng,2025-10-13 22:00:00,0.0,0.0
-484,TĐ Huội Quảng,2025-10-13 23:00:00,0.0,0.0
-484,TĐ Huội Quảng,2025-10-14 00:00:00,0.0,0.0
-484,TĐ Huội Quảng,2025-10-14 01:00:00,0.0,0.0
-484,TĐ Huội Quảng,2025-10-14 02:00:00,0.0,0.0
-484,TĐ Huội Quảng,2025-10-14 03:00:00,0.20000000298023224,0.20000000298023224
-484,TĐ Huội Quảng,2025-10-14 04:00:00,0.0,0.20000000298023224
-484,TĐ Huội Quảng,2025-10-14 05:00:00,0.0,0.20000000298023224
-484,TĐ Huội Quảng,2025-10-14 06:00:00,0.0,0.20000000298023224
-484,TĐ Huội Quảng,2025-10-14 07:00:00,0.0,0.20000000298023224
-484,TĐ Huội Quảng,2025-10-14 08:00:00,0.0,0.20000000298023224
-484,TĐ Huội Quảng,2025-10-14 09:00:00,0.0,0.20000000298023224
-484,TĐ Huội Quảng,2025-10-14 10:00:00,0.0,0.20000000298023224
-484,TĐ Huội Quảng,2025-10-14 11:00:00,0.20000000298023224,0.4000000059604645
-484,TĐ Huội Quảng,2025-10-14 12:00:00,0.0,0.4000000059604645
-484,TĐ Huội Quảng,2025-10-14 13:00:00,0.0,0.4000000059604645
-484,TĐ Huội Quảng,2025-10-14 14:00:00,0.0,0.4000000059604645
-484,TĐ Huội Quảng,2025-10-14 15:00:00,0.6000000238418579,1.0000000298023224
-484,TĐ Huội Quảng,2025-10-14 16:00:00,0.6000000238418579,1.6000000536441803
-484,TĐ Huội Quảng,2025-10-14 17:00:00,0.0,1.6000000536441803
-484,TĐ Huội Quảng,2025-10-14 18:00:00,0.0,1.6000000536441803
-484,TĐ Huội Quảng,2025-10-14 19:00:00,0.0,1.6000000536441803
-484,TĐ Huội Quảng,2025-10-14 20:00:00,0.0,1.6000000536441803
-484,TĐ Huội Quảng,2025-10-14 21:00:00,0.0,1.6000000536441803
-484,TĐ Huội Quảng,2025-10-14 22:00:00,0.0,1.6000000536441803
-484,TĐ Huội Quảng,2025-10-14 23:00:00,0.0,1.6000000536441803
-484,TĐ Huội Quảng,2025-10-15 00:00:00,0.0,0.0
-484,TĐ Huội Quảng,2025-10-15 01:00:00,0.0,0.0
-484,TĐ Huội Quảng,2025-10-15 02:00:00,0.0,0.0
-484,TĐ Huội Quảng,2025-10-15 03:00:00,0.0,0.0
-484,TĐ Huội Quảng,2025-10-15 04:00:00,0.0,0.0
-484,TĐ Huội Quảng,2025-10-15 05:00:00,0.0,0.0
-484,TĐ Huội Quảng,2025-10-15 06:00:00,0.0,0.0
-484,TĐ Huội Quảng,2025-10-15 07:00:00,0.0,0.0
-484,TĐ Huội Quảng,2025-10-15 08:00:00,0.0,0.0
-484,TĐ Huội Quảng,2025-10-15 09:00:00,0.0,0.0
-484,TĐ Huội Quảng,2025-10-15 10:00:00,,0.0
-484,TĐ Huội Quảng,2025-10-15 11:00:00,0.0,0.0
-484,TĐ Huội Quảng,2025-10-15 12:00:00,0.0,0.0
-484,TĐ Huội Quảng,2025-10-15 13:00:00,0.0,0.0
-484,TĐ Huội Quảng,2025-10-15 14:00:00,0.0,0.0
-484,TĐ Huội Quảng,2025-10-15 15:00:00,0.0,0.0
-484,TĐ Huội Quảng,2025-10-15 16:00:00,0.0,0.0
-484,TĐ Huội Quảng,2025-10-15 17:00:00,0.0,0.0
-484,TĐ Huội Quảng,2025-10-15 18:00:00,0.0,0.0
-484,TĐ Huội Quảng,2025-10-15 19:00:00,0.0,0.0
-484,TĐ Huội Quảng,2025-10-15 20:00:00,0.0,0.0
-484,TĐ Huội Quảng,2025-10-15 21:00:00,0.0,0.0
-484,TĐ Huội Quảng,2025-10-15 22:00:00,0.0,0.0
-484,TĐ Huội Quảng,2025-10-15 23:00:00,0.0,0.0
-484,TĐ Huội Quảng,2025-10-16 00:00:00,0.0,0.0
-484,TĐ Huội Quảng,2025-10-16 01:00:00,0.0,0.0
-484,TĐ Huội Quảng,2025-10-16 02:00:00,0.0,0.0
-484,TĐ Huội Quảng,2025-10-16 03:00:00,0.0,0.0
-484,TĐ Huội Quảng,2025-10-16 04:00:00,0.0,0.0
-484,TĐ Huội Quảng,2025-10-16 05:00:00,0.0,0.0
-484,TĐ Huội Quảng,2025-10-16 06:00:00,0.0,0.0
-484,TĐ Huội Quảng,2025-10-16 07:00:00,0.0,0.0
-484,TĐ Huội Quảng,2025-10-16 08:00:00,0.0,0.0
-484,TĐ Huội Quảng,2025-10-16 09:00:00,0.0,0.0
-484,TĐ Huội Quảng,2025-10-16 10:00:00,0.0,0.0
-484,TĐ Huội Quảng,2025-10-16 11:00:00,0.0,0.0
-484,TĐ Huội Quảng,2025-10-16 12:00:00,0.0,0.0
-484,TĐ Huội Quảng,2025-10-16 13:00:00,0.0,0.0
-484,TĐ Huội Quảng,2025-10-16 14:00:00,0.0,0.0
-484,TĐ Huội Quảng,2025-10-16 15:00:00,0.0,0.0
-484,TĐ Huội Quảng,2025-10-16 16:00:00,0.0,0.0
-484,TĐ Huội Quảng,2025-10-16 17:00:00,0.0,0.0
-484,TĐ Huội Quảng,2025-10-16 18:00:00,0.0,0.0
-484,TĐ Huội Quảng,2025-10-16 19:00:00,,0.0
-484,TĐ Huội Quảng,2025-10-16 20:00:00,,0.0
-484,TĐ Huội Quảng,2025-10-16 21:00:00,,0.0
-484,TĐ Huội Quảng,2025-10-16 22:00:00,0.0,0.0
-484,TĐ Huội Quảng,2025-10-16 23:00:00,0.0,0.0
-484,TĐ Huội Quảng,2025-10-17 00:00:00,0.0,0.0
-484,TĐ Huội Quảng,2025-10-17 01:00:00,0.0,0.0
-484,TĐ Huội Quảng,2025-10-17 02:00:00,0.0,0.0
-484,TĐ Huội Quảng,2025-10-17 03:00:00,0.0,0.0
-484,TĐ Huội Quảng,2025-10-17 04:00:00,0.0,0.0
-484,TĐ Huội Quảng,2025-10-17 05:00:00,0.0,0.0
-484,TĐ Huội Quảng,2025-10-17 06:00:00,0.0,0.0
-484,TĐ Huội Quảng,2025-10-17 07:00:00,0.0,0.0
-484,TĐ Huội Quảng,2025-10-17 08:00:00,0.0,0.0
-484,TĐ Huội Quảng,2025-10-17 09:00:00,0.0,0.0
-484,TĐ Huội Quảng,2025-10-17 10:00:00,0.0,0.0
-484,TĐ Huội Quảng,2025-10-17 11:00:00,0.0,0.0
-484,TĐ Huội Quảng,2025-10-17 12:00:00,0.0,0.0
-484,TĐ Huội Quảng,2025-10-17 13:00:00,0.0,0.0
-484,TĐ Huội Quảng,2025-10-17 14:00:00,0.0,0.0
-484,TĐ Huội Quảng,2025-10-17 15:00:00,0.0,0.0
-484,TĐ Huội Quảng,2025-10-17 16:00:00,0.0,0.0
-484,TĐ Huội Quảng,2025-10-17 17:00:00,0.0,0.0
-484,TĐ Huội Quảng,2025-10-17 18:00:00,0.0,0.0
-484,TĐ Huội Quảng,2025-10-17 19:00:00,0.0,0.0
-484,TĐ Huội Quảng,2025-10-17 20:00:00,0.0,0.0
-484,TĐ Huội Quảng,2025-10-17 21:00:00,0.0,0.0
-484,TĐ Huội Quảng,2025-10-17 22:00:00,0.0,0.0
-484,TĐ Huội Quảng,2025-10-17 23:00:00,0.0,0.0
-484,TĐ Huội Quảng,2025-10-18 00:00:00,0.0,0.0
-484,TĐ Huội Quảng,2025-10-18 01:00:00,0.0,0.0
-484,TĐ Huội Quảng,2025-10-18 02:00:00,0.0,0.0
-484,TĐ Huội Quảng,2025-10-18 03:00:00,0.0,0.0
-484,TĐ Huội Quảng,2025-10-18 04:00:00,0.0,0.0
-484,TĐ Huội Quảng,2025-10-18 05:00:00,0.0,0.0
-484,TĐ Huội Quảng,2025-10-18 06:00:00,0.0,0.0
-484,TĐ Huội Quảng,2025-10-18 07:00:00,0.0,0.0
-484,TĐ Huội Quảng,2025-10-18 08:00:00,0.0,0.0
-484,TĐ Huội Quảng,2025-10-18 09:00:00,0.0,0.0
-484,TĐ Huội Quảng,2025-10-18 10:00:00,0.0,0.0
-484,TĐ Huội Quảng,2025-10-18 11:00:00,0.0,0.0
-484,TĐ Huội Quảng,2025-10-18 12:00:00,0.0,0.0
-484,TĐ Huội Quảng,2025-10-18 13:00:00,0.0,0.0
-484,TĐ Huội Quảng,2025-10-18 14:00:00,0.0,0.0
-484,TĐ Huội Quảng,2025-10-18 15:00:00,0.0,0.0
-484,TĐ Huội Quảng,2025-10-18 16:00:00,0.0,0.0
-484,TĐ Huội Quảng,2025-10-18 17:00:00,0.0,0.0
-484,TĐ Huội Quảng,2025-10-18 18:00:00,0.0,0.0
-484,TĐ Huội Quảng,2025-10-18 19:00:00,0.0,0.0
-484,TĐ Huội Quảng,2025-10-18 20:00:00,0.0,0.0
-484,TĐ Huội Quảng,2025-10-18 21:00:00,0.0,0.0
-484,TĐ Huội Quảng,2025-10-18 22:00:00,0.0,0.0
-484,TĐ Huội Quảng,2025-10-18 23:00:00,0.0,0.0
-484,TĐ Huội Quảng,2025-10-19 00:00:00,0.0,0.0
-484,TĐ Huội Quảng,2025-10-19 01:00:00,0.0,0.0
-484,TĐ Huội Quảng,2025-10-19 02:00:00,0.0,0.0
-484,TĐ Huội Quảng,2025-10-19 03:00:00,0.0,0.0
-484,TĐ Huội Quảng,2025-10-19 04:00:00,0.0,0.0
-484,TĐ Huội Quảng,2025-10-19 05:00:00,0.0,0.0
-484,TĐ Huội Quảng,2025-10-19 06:00:00,0.0,0.0
-484,TĐ Huội Quảng,2025-10-19 07:00:00,0.0,0.0
-484,TĐ Huội Quảng,2025-10-19 08:00:00,0.0,0.0
-484,TĐ Huội Quảng,2025-10-19 09:00:00,0.0,0.0
-484,TĐ Huội Quảng,2025-10-19 10:00:00,0.0,0.0
-484,TĐ Huội Quảng,2025-10-19 11:00:00,0.0,0.0
-484,TĐ Huội Quảng,2025-10-19 12:00:00,0.0,0.0
-484,TĐ Huội Quảng,2025-10-19 13:00:00,0.0,0.0
-484,TĐ Huội Quảng,2025-10-19 14:00:00,0.0,0.0
-484,TĐ Huội Quảng,2025-10-19 15:00:00,0.0,0.0
-484,TĐ Huội Quảng,2025-10-19 16:00:00,0.0,0.0
-484,TĐ Huội Quảng,2025-10-19 17:00:00,0.0,0.0
-484,TĐ Huội Quảng,2025-10-19 18:00:00,0.0,0.0
-484,TĐ Huội Quảng,2025-10-19 19:00:00,0.0,0.0
-484,TĐ Huội Quảng,2025-10-19 20:00:00,0.0,0.0
-484,TĐ Huội Quảng,2025-10-19 21:00:00,0.0,0.0
-484,TĐ Huội Quảng,2025-10-19 22:00:00,0.0,0.0
-484,TĐ Huội Quảng,2025-10-19 23:00:00,0.0,0.0
-484,TĐ Huội Quảng,2025-10-20 00:00:00,0.0,0.0
-484,TĐ Huội Quảng,2025-10-20 01:00:00,0.0,0.0
-484,TĐ Huội Quảng,2025-10-20 02:00:00,0.0,0.0
-484,TĐ Huội Quảng,2025-10-20 03:00:00,0.0,0.0
-484,TĐ Huội Quảng,2025-10-20 04:00:00,0.0,0.0
-484,TĐ Huội Quảng,2025-10-20 05:00:00,0.0,0.0
-484,TĐ Huội Quảng,2025-10-20 06:00:00,0.0,0.0
-484,TĐ Huội Quảng,2025-10-20 07:00:00,0.0,0.0
-484,TĐ Huội Quảng,2025-10-20 08:00:00,0.0,0.0
-484,TĐ Huội Quảng,2025-10-20 09:00:00,0.0,0.0
-484,TĐ Huội Quảng,2025-10-20 10:00:00,0.0,0.0
-484,TĐ Huội Quảng,2025-10-20 11:00:00,0.0,0.0
-484,TĐ Huội Quảng,2025-10-20 12:00:00,0.0,0.0
-484,TĐ Huội Quảng,2025-10-20 13:00:00,0.0,0.0
-484,TĐ Huội Quảng,2025-10-20 14:00:00,0.0,0.0
-484,TĐ Huội Quảng,2025-10-20 15:00:00,0.0,0.0
-484,TĐ Huội Quảng,2025-10-20 16:00:00,0.0,0.0
-484,TĐ Huội Quảng,2025-10-20 17:00:00,0.0,0.0
-484,TĐ Huội Quảng,2025-10-20 18:00:00,0.0,0.0
-484,TĐ Huội Quảng,2025-10-20 19:00:00,0.0,0.0
-484,TĐ Huội Quảng,2025-10-20 20:00:00,0.0,0.0
-484,TĐ Huội Quảng,2025-10-20 21:00:00,0.0,0.0
-484,TĐ Huội Quảng,2025-10-20 22:00:00,0.0,0.0
-484,TĐ Huội Quảng,2025-10-20 23:00:00,0.0,0.0
-484,TĐ Huội Quảng,2025-10-21 00:00:00,0.0,0.0
-484,TĐ Huội Quảng,2025-10-21 01:00:00,0.0,0.0
-484,TĐ Huội Quảng,2025-10-21 02:00:00,0.0,0.0
-484,TĐ Huội Quảng,2025-10-21 03:00:00,0.0,0.0
-484,TĐ Huội Quảng,2025-10-21 04:00:00,0.0,0.0
-484,TĐ Huội Quảng,2025-10-21 05:00:00,0.0,0.0
-484,TĐ Huội Quảng,2025-10-21 06:00:00,0.0,0.0
-484,TĐ Huội Quảng,2025-10-21 07:00:00,0.0,0.0
-484,TĐ Huội Quảng,2025-10-21 08:00:00,0.0,0.0
-484,TĐ Huội Quảng,2025-10-21 09:00:00,0.0,0.0
-484,TĐ Huội Quảng,2025-10-21 10:00:00,0.0,0.0
-484,TĐ Huội Quảng,2025-10-21 11:00:00,0.0,0.0
-484,TĐ Huội Quảng,2025-10-21 12:00:00,0.0,0.0
-484,TĐ Huội Quảng,2025-10-21 13:00:00,0.0,0.0
-484,TĐ Huội Quảng,2025-10-21 14:00:00,0.0,0.0
-484,TĐ Huội Quảng,2025-10-21 15:00:00,0.0,0.0
-484,TĐ Huội Quảng,2025-10-21 16:00:00,0.0,0.0
-484,TĐ Huội Quảng,2025-10-21 17:00:00,0.0,0.0
-484,TĐ Huội Quảng,2025-10-21 18:00:00,0.0,0.0
-484,TĐ Huội Quảng,2025-10-21 19:00:00,0.0,0.0
-484,TĐ Huội Quảng,2025-10-21 20:00:00,0.0,0.0
-484,TĐ Huội Quảng,2025-10-21 21:00:00,0.0,0.0
-484,TĐ Huội Quảng,2025-10-21 22:00:00,0.0,0.0
-484,TĐ Huội Quảng,2025-10-21 23:00:00,0.0,0.0
-484,TĐ Huội Quảng,2025-10-22 00:00:00,0.0,0.0
-484,TĐ Huội Quảng,2025-10-22 01:00:00,0.0,0.0
-484,TĐ Huội Quảng,2025-10-22 02:00:00,0.0,0.0
-484,TĐ Huội Quảng,2025-10-22 03:00:00,0.0,0.0
-484,TĐ Huội Quảng,2025-10-22 04:00:00,0.0,0.0
-484,TĐ Huội Quảng,2025-10-22 05:00:00,0.0,0.0
-484,TĐ Huội Quảng,2025-10-22 06:00:00,0.0,0.0
-484,TĐ Huội Quảng,2025-10-22 07:00:00,0.0,0.0
-484,TĐ Huội Quảng,2025-10-22 08:00:00,0.0,0.0
-484,TĐ Huội Quảng,2025-10-22 09:00:00,0.0,0.0
-484,TĐ Huội Quảng,2025-10-22 10:00:00,0.0,0.0
-484,TĐ Huội Quảng,2025-10-22 11:00:00,0.0,0.0
-484,TĐ Huội Quảng,2025-10-22 12:00:00,0.0,0.0
-484,TĐ Huội Quảng,2025-10-22 13:00:00,0.0,0.0
-484,TĐ Huội Quảng,2025-10-22 14:00:00,0.0,0.0
-484,TĐ Huội Quảng,2025-10-22 15:00:00,0.0,0.0
-484,TĐ Huội Quảng,2025-10-22 16:00:00,0.0,0.0
-484,TĐ Huội Quảng,2025-10-22 17:00:00,0.0,0.0
-484,TĐ Huội Quảng,2025-10-22 18:00:00,0.0,0.0
-484,TĐ Huội Quảng,2025-10-22 19:00:00,0.0,0.0
-484,TĐ Huội Quảng,2025-10-22 20:00:00,0.0,0.0
-484,TĐ Huội Quảng,2025-10-22 21:00:00,0.0,0.0
-484,TĐ Huội Quảng,2025-10-22 22:00:00,0.0,0.0
-484,TĐ Huội Quảng,2025-10-22 23:00:00,0.0,0.0
-484,TĐ Huội Quảng,2025-10-23 00:00:00,0.0,0.0
-484,TĐ Huội Quảng,2025-10-23 01:00:00,0.0,0.0
-484,TĐ Huội Quảng,2025-10-23 02:00:00,0.0,0.0
-484,TĐ Huội Quảng,2025-10-23 03:00:00,0.0,0.0
-484,TĐ Huội Quảng,2025-10-23 04:00:00,0.0,0.0
-484,TĐ Huội Quảng,2025-10-23 05:00:00,0.0,0.0
-484,TĐ Huội Quảng,2025-10-23 06:00:00,0.0,0.0
-484,TĐ Huội Quảng,2025-10-23 07:00:00,0.0,0.0
-484,TĐ Huội Quảng,2025-10-23 08:00:00,0.0,0.0
-484,TĐ Huội Quảng,2025-10-23 09:00:00,0.0,0.0
-484,TĐ Huội Quảng,2025-10-23 10:00:00,0.0,0.0
-484,TĐ Huội Quảng,2025-10-23 11:00:00,0.0,0.0
-484,TĐ Huội Quảng,2025-10-23 12:00:00,0.0,0.0
-484,TĐ Huội Quảng,2025-10-23 13:00:00,0.0,0.0
-484,TĐ Huội Quảng,2025-10-23 14:00:00,0.0,0.0
-484,TĐ Huội Quảng,2025-10-23 15:00:00,0.0,0.0
-484,TĐ Huội Quảng,2025-10-23 16:00:00,0.0,0.0
-484,TĐ Huội Quảng,2025-10-23 17:00:00,0.0,0.0
-484,TĐ Huội Quảng,2025-10-23 18:00:00,0.0,0.0
-484,TĐ Huội Quảng,2025-10-23 19:00:00,0.0,0.0
-484,TĐ Huội Quảng,2025-10-23 20:00:00,0.0,0.0
-484,TĐ Huội Quảng,2025-10-23 21:00:00,0.0,0.0
-484,TĐ Huội Quảng,2025-10-23 22:00:00,0.0,0.0
-484,TĐ Huội Quảng,2025-10-23 23:00:00,0.0,0.0
-484,TĐ Huội Quảng,2025-10-24 00:00:00,0.0,0.0
-484,TĐ Huội Quảng,2025-10-24 01:00:00,0.0,0.0
-484,TĐ Huội Quảng,2025-10-24 02:00:00,0.0,0.0
-484,TĐ Huội Quảng,2025-10-24 03:00:00,0.0,0.0
-484,TĐ Huội Quảng,2025-10-24 04:00:00,0.0,0.0
-484,TĐ Huội Quảng,2025-10-24 05:00:00,0.0,0.0
-484,TĐ Huội Quảng,2025-10-24 06:00:00,0.0,0.0
-484,TĐ Huội Quảng,2025-10-24 07:00:00,0.0,0.0
-484,TĐ Huội Quảng,2025-10-24 08:00:00,0.0,0.0
-484,TĐ Huội Quảng,2025-10-24 09:00:00,0.0,0.0
-484,TĐ Huội Quảng,2025-10-24 10:00:00,0.0,0.0
-484,TĐ Huội Quảng,2025-10-24 11:00:00,0.0,0.0
-484,TĐ Huội Quảng,2025-10-24 12:00:00,0.0,0.0
-484,TĐ Huội Quảng,2025-10-24 13:00:00,0.0,0.0
-484,TĐ Huội Quảng,2025-10-24 14:00:00,0.0,0.0
-484,TĐ Huội Quảng,2025-10-24 15:00:00,0.0,0.0
-484,TĐ Huội Quảng,2025-10-24 16:00:00,0.0,0.0
-484,TĐ Huội Quảng,2025-10-24 17:00:00,0.0,0.0
-484,TĐ Huội Quảng,2025-10-24 18:00:00,0.0,0.0
-484,TĐ Huội Quảng,2025-10-24 19:00:00,0.0,0.0
-484,TĐ Huội Quảng,2025-10-24 20:00:00,0.0,0.0
-484,TĐ Huội Quảng,2025-10-24 21:00:00,0.0,0.0
-484,TĐ Huội Quảng,2025-10-24 22:00:00,0.0,0.0
-484,TĐ Huội Quảng,2025-10-24 23:00:00,0.0,0.0
-484,TĐ Huội Quảng,2025-10-25 00:00:00,0.0,0.0
-484,TĐ Huội Quảng,2025-10-25 01:00:00,0.0,0.0
-484,TĐ Huội Quảng,2025-10-25 02:00:00,0.0,0.0
-484,TĐ Huội Quảng,2025-10-25 03:00:00,0.0,0.0
-484,TĐ Huội Quảng,2025-10-25 04:00:00,0.0,0.0
-484,TĐ Huội Quảng,2025-10-25 05:00:00,0.0,0.0
-484,TĐ Huội Quảng,2025-10-25 06:00:00,0.0,0.0
-484,TĐ Huội Quảng,2025-10-25 07:00:00,0.0,0.0
-484,TĐ Huội Quảng,2025-10-25 08:00:00,0.0,0.0
-484,TĐ Huội Quảng,2025-10-25 09:00:00,0.0,0.0
-484,TĐ Huội Quảng,2025-10-25 10:00:00,0.0,0.0
-484,TĐ Huội Quảng,2025-10-25 11:00:00,0.0,0.0
-484,TĐ Huội Quảng,2025-10-25 12:00:00,0.0,0.0
-484,TĐ Huội Quảng,2025-10-25 13:00:00,0.0,0.0
-484,TĐ Huội Quảng,2025-10-25 14:00:00,0.0,0.0
-484,TĐ Huội Quảng,2025-10-25 15:00:00,0.0,0.0
-484,TĐ Huội Quảng,2025-10-25 16:00:00,0.0,0.0
-484,TĐ Huội Quảng,2025-10-25 17:00:00,0.0,0.0
-484,TĐ Huội Quảng,2025-10-25 18:00:00,0.0,0.0
-484,TĐ Huội Quảng,2025-10-25 19:00:00,0.0,0.0
-484,TĐ Huội Quảng,2025-10-25 20:00:00,0.0,0.0
-484,TĐ Huội Quảng,2025-10-25 21:00:00,0.0,0.0
-484,TĐ Huội Quảng,2025-10-25 22:00:00,0.0,0.0
-484,TĐ Huội Quảng,2025-10-25 23:00:00,0.0,0.0
-484,TĐ Huội Quảng,2025-10-26 00:00:00,0.0,0.0
-484,TĐ Huội Quảng,2025-10-26 01:00:00,0.0,0.0
-484,TĐ Huội Quảng,2025-10-26 02:00:00,0.0,0.0
-484,TĐ Huội Quảng,2025-10-26 03:00:00,0.0,0.0
-484,TĐ Huội Quảng,2025-10-26 04:00:00,0.0,0.0
-484,TĐ Huội Quảng,2025-10-26 05:00:00,0.0,0.0
-484,TĐ Huội Quảng,2025-10-26 06:00:00,0.0,0.0
-484,TĐ Huội Quảng,2025-10-26 07:00:00,0.0,0.0
-484,TĐ Huội Quảng,2025-10-26 08:00:00,0.0,0.0
-484,TĐ Huội Quảng,2025-10-26 09:00:00,0.0,0.0
-484,TĐ Huội Quảng,2025-10-26 10:00:00,0.0,0.0
-484,TĐ Huội Quảng,2025-10-26 11:00:00,0.0,0.0
-484,TĐ Huội Quảng,2025-10-26 12:00:00,0.0,0.0
-484,TĐ Huội Quảng,2025-10-26 13:00:00,0.0,0.0
-484,TĐ Huội Quảng,2025-10-26 14:00:00,0.0,0.0
-484,TĐ Huội Quảng,2025-10-26 15:00:00,0.0,0.0
-484,TĐ Huội Quảng,2025-10-26 16:00:00,0.0,0.0
-484,TĐ Huội Quảng,2025-10-26 17:00:00,0.0,0.0
-484,TĐ Huội Quảng,2025-10-26 18:00:00,0.0,0.0
-484,TĐ Huội Quảng,2025-10-26 19:00:00,0.0,0.0
-484,TĐ Huội Quảng,2025-10-26 20:00:00,0.0,0.0
-484,TĐ Huội Quảng,2025-10-26 21:00:00,0.0,0.0
-484,TĐ Huội Quảng,2025-10-26 22:00:00,0.0,0.0
-484,TĐ Huội Quảng,2025-10-26 23:00:00,0.0,0.0
-484,TĐ Huội Quảng,2025-10-27 00:00:00,0.0,0.0
-484,TĐ Huội Quảng,2025-10-27 01:00:00,0.0,0.0
-484,TĐ Huội Quảng,2025-10-27 02:00:00,0.0,0.0
-484,TĐ Huội Quảng,2025-10-27 03:00:00,0.0,0.0
-484,TĐ Huội Quảng,2025-10-27 04:00:00,0.0,0.0
-484,TĐ Huội Quảng,2025-10-27 05:00:00,0.0,0.0
-484,TĐ Huội Quảng,2025-10-27 06:00:00,0.0,0.0
-484,TĐ Huội Quảng,2025-10-27 07:00:00,0.0,0.0
-484,TĐ Huội Quảng,2025-10-27 08:00:00,0.0,0.0
-484,TĐ Huội Quảng,2025-10-27 09:00:00,0.0,0.0
-484,TĐ Huội Quảng,2025-10-27 10:00:00,0.0,0.0
-484,TĐ Huội Quảng,2025-10-27 11:00:00,0.0,0.0
-484,TĐ Huội Quảng,2025-10-27 12:00:00,0.0,0.0
-484,TĐ Huội Quảng,2025-10-27 13:00:00,0.0,0.0
-484,TĐ Huội Quảng,2025-10-27 14:00:00,0.0,0.0
-484,TĐ Huội Quảng,2025-10-27 15:00:00,0.0,0.0
-484,TĐ Huội Quảng,2025-10-27 16:00:00,0.0,0.0
-484,TĐ Huội Quảng,2025-10-27 17:00:00,0.20000000298023224,0.20000000298023224
-484,TĐ Huội Quảng,2025-10-27 18:00:00,0.0,0.20000000298023224
-484,TĐ Huội Quảng,2025-10-27 19:00:00,0.0,0.20000000298023224
-484,TĐ Huội Quảng,2025-10-27 20:00:00,0.0,0.20000000298023224
-484,TĐ Huội Quảng,2025-10-27 21:00:00,0.0,0.20000000298023224
-484,TĐ Huội Quảng,2025-10-27 22:00:00,0.0,0.20000000298023224
-484,TĐ Huội Quảng,2025-10-27 23:00:00,0.0,0.20000000298023224
-484,TĐ Huội Quảng,2025-10-28 00:00:00,0.0,0.0
-484,TĐ Huội Quảng,2025-10-28 01:00:00,0.0,0.0
-484,TĐ Huội Quảng,2025-10-28 02:00:00,0.0,0.0
-484,TĐ Huội Quảng,2025-10-28 03:00:00,0.0,0.0
-484,TĐ Huội Quảng,2025-10-28 04:00:00,0.0,0.0
-484,TĐ Huội Quảng,2025-10-28 05:00:00,0.0,0.0
-484,TĐ Huội Quảng,2025-10-28 06:00:00,0.0,0.0
-484,TĐ Huội Quảng,2025-10-28 07:00:00,0.0,0.0
-484,TĐ Huội Quảng,2025-10-28 08:00:00,0.0,0.0
-484,TĐ Huội Quảng,2025-10-28 09:00:00,0.0,0.0
-484,TĐ Huội Quảng,2025-10-28 10:00:00,0.0,0.0
-484,TĐ Huội Quảng,2025-10-28 11:00:00,0.0,0.0
-484,TĐ Huội Quảng,2025-10-28 12:00:00,0.0,0.0
-484,TĐ Huội Quảng,2025-10-28 13:00:00,0.0,0.0
-484,TĐ Huội Quảng,2025-10-28 14:00:00,0.0,0.0
-484,TĐ Huội Quảng,2025-10-28 15:00:00,0.0,0.0
-484,TĐ Huội Quảng,2025-10-28 16:00:00,0.0,0.0
-484,TĐ Huội Quảng,2025-10-28 17:00:00,0.0,0.0
-484,TĐ Huội Quảng,2025-10-28 18:00:00,0.0,0.0
-484,TĐ Huội Quảng,2025-10-28 19:00:00,0.0,0.0
-484,TĐ Huội Quảng,2025-10-28 20:00:00,0.0,0.0
-484,TĐ Huội Quảng,2025-10-28 21:00:00,0.0,0.0
-484,TĐ Huội Quảng,2025-10-28 22:00:00,0.0,0.0
-484,TĐ Huội Quảng,2025-10-28 23:00:00,0.0,0.0
-484,TĐ Huội Quảng,2025-10-29 00:00:00,0.0,0.0
-484,TĐ Huội Quảng,2025-10-29 01:00:00,0.0,0.0
-484,TĐ Huội Quảng,2025-10-29 02:00:00,0.0,0.0
-484,TĐ Huội Quảng,2025-10-29 03:00:00,0.0,0.0
-484,TĐ Huội Quảng,2025-10-29 04:00:00,0.0,0.0
-484,TĐ Huội Quảng,2025-10-29 05:00:00,0.0,0.0
-484,TĐ Huội Quảng,2025-10-29 06:00:00,0.0,0.0
-484,TĐ Huội Quảng,2025-10-29 07:00:00,0.0,0.0
-484,TĐ Huội Quảng,2025-10-29 08:00:00,0.0,0.0
-484,TĐ Huội Quảng,2025-10-29 09:00:00,0.0,0.0
-484,TĐ Huội Quảng,2025-10-29 10:00:00,0.0,0.0
-484,TĐ Huội Quảng,2025-10-29 11:00:00,0.0,0.0
-484,TĐ Huội Quảng,2025-10-29 12:00:00,0.0,0.0
-484,TĐ Huội Quảng,2025-10-29 13:00:00,0.0,0.0
-484,TĐ Huội Quảng,2025-10-29 14:00:00,0.0,0.0
-484,TĐ Huội Quảng,2025-10-29 15:00:00,0.0,0.0
-484,TĐ Huội Quảng,2025-10-29 16:00:00,0.0,0.0
-484,TĐ Huội Quảng,2025-10-29 17:00:00,0.0,0.0
-484,TĐ Huội Quảng,2025-10-29 18:00:00,0.0,0.0
-484,TĐ Huội Quảng,2025-10-29 19:00:00,0.0,0.0
-484,TĐ Huội Quảng,2025-10-29 20:00:00,0.0,0.0
-484,TĐ Huội Quảng,2025-10-29 21:00:00,0.0,0.0
-484,TĐ Huội Quảng,2025-10-29 22:00:00,0.0,0.0
-484,TĐ Huội Quảng,2025-10-29 23:00:00,0.0,0.0
-484,TĐ Huội Quảng,2025-10-30 00:00:00,0.0,0.0
-484,TĐ Huội Quảng,2025-10-30 01:00:00,0.0,0.0
-484,TĐ Huội Quảng,2025-10-30 02:00:00,0.0,0.0
-484,TĐ Huội Quảng,2025-10-30 03:00:00,0.0,0.0
-484,TĐ Huội Quảng,2025-10-30 04:00:00,0.0,0.0
-484,TĐ Huội Quảng,2025-10-30 05:00:00,0.0,0.0
-484,TĐ Huội Quảng,2025-10-30 06:00:00,0.0,0.0
-484,TĐ Huội Quảng,2025-10-30 07:00:00,0.0,0.0
-484,TĐ Huội Quảng,2025-10-30 08:00:00,0.0,0.0
-484,TĐ Huội Quảng,2025-10-30 09:00:00,0.20000000298023224,0.20000000298023224
-484,TĐ Huội Quảng,2025-10-30 10:00:00,0.0,0.20000000298023224
-484,TĐ Huội Quảng,2025-10-30 11:00:00,0.0,0.20000000298023224
-484,TĐ Huội Quảng,2025-10-30 12:00:00,0.0,0.20000000298023224
-484,TĐ Huội Quảng,2025-10-30 13:00:00,0.0,0.20000000298023224
-484,TĐ Huội Quảng,2025-10-30 14:00:00,0.0,0.20000000298023224
-484,TĐ Huội Quảng,2025-10-30 15:00:00,0.0,0.20000000298023224
-484,TĐ Huội Quảng,2025-10-30 16:00:00,0.0,0.20000000298023224
-484,TĐ Huội Quảng,2025-10-30 17:00:00,0.0,0.20000000298023224
-484,TĐ Huội Quảng,2025-10-30 18:00:00,0.0,0.20000000298023224
-484,TĐ Huội Quảng,2025-10-30 19:00:00,0.0,0.20000000298023224
-484,TĐ Huội Quảng,2025-10-30 20:00:00,0.0,0.20000000298023224
-484,TĐ Huội Quảng,2025-10-30 21:00:00,0.0,0.20000000298023224
-484,TĐ Huội Quảng,2025-10-30 22:00:00,0.0,0.20000000298023224
-484,TĐ Huội Quảng,2025-10-30 23:00:00,0.0,0.20000000298023224
-484,TĐ Huội Quảng,2025-10-31 00:00:00,0.0,0.0
-484,TĐ Huội Quảng,2025-10-31 01:00:00,0.0,0.0
-484,TĐ Huội Quảng,2025-10-31 02:00:00,0.0,0.0
-484,TĐ Huội Quảng,2025-10-31 03:00:00,0.0,0.0
-484,TĐ Huội Quảng,2025-10-31 04:00:00,0.0,0.0
-484,TĐ Huội Quảng,2025-10-31 05:00:00,0.0,0.0
-484,TĐ Huội Quảng,2025-10-31 06:00:00,0.0,0.0
-484,TĐ Huội Quảng,2025-10-31 07:00:00,0.0,0.0
-484,TĐ Huội Quảng,2025-10-31 08:00:00,0.0,0.0
-484,TĐ Huội Quảng,2025-10-31 09:00:00,0.0,0.0
-484,TĐ Huội Quảng,2025-10-31 10:00:00,0.0,0.0
-484,TĐ Huội Quảng,2025-10-31 11:00:00,0.0,0.0
-484,TĐ Huội Quảng,2025-10-31 12:00:00,0.0,0.0
-484,TĐ Huội Quảng,2025-10-31 13:00:00,0.0,0.0
-484,TĐ Huội Quảng,2025-10-31 14:00:00,0.0,0.0
-484,TĐ Huội Quảng,2025-10-31 15:00:00,0.0,0.0
-484,TĐ Huội Quảng,2025-10-31 16:00:00,0.0,0.0
-484,TĐ Huội Quảng,2025-10-31 17:00:00,0.0,0.0
-484,TĐ Huội Quảng,2025-10-31 18:00:00,0.0,0.0
-484,TĐ Huội Quảng,2025-10-31 19:00:00,0.0,0.0
-484,TĐ Huội Quảng,2025-10-31 20:00:00,0.0,0.0
-484,TĐ Huội Quảng,2025-10-31 21:00:00,0.0,0.0
-484,TĐ Huội Quảng,2025-10-31 22:00:00,0.0,0.0
-484,TĐ Huội Quảng,2025-10-31 23:00:00,0.0,0.0
-484,TĐ Huội Quảng,2025-11-01 00:00:00,0.0,0.0
-484,TĐ Huội Quảng,2025-11-01 01:00:00,0.0,0.0
-484,TĐ Huội Quảng,2025-11-01 02:00:00,0.0,0.0
-484,TĐ Huội Quảng,2025-11-01 03:00:00,0.0,0.0
-484,TĐ Huội Quảng,2025-11-01 04:00:00,0.0,0.0
-484,TĐ Huội Quảng,2025-11-01 05:00:00,0.0,0.0
-484,TĐ Huội Quảng,2025-11-01 06:00:00,0.0,0.0
-484,TĐ Huội Quảng,2025-11-01 07:00:00,0.0,0.0
-484,TĐ Huội Quảng,2025-11-01 08:00:00,0.0,0.0
-484,TĐ Huội Quảng,2025-11-01 09:00:00,0.0,0.0
-484,TĐ Huội Quảng,2025-11-01 10:00:00,0.0,0.0
-484,TĐ Huội Quảng,2025-11-01 11:00:00,0.0,0.0
-484,TĐ Huội Quảng,2025-11-01 12:00:00,0.0,0.0
-484,TĐ Huội Quảng,2025-11-01 13:00:00,0.0,0.0
-484,TĐ Huội Quảng,2025-11-01 14:00:00,0.0,0.0
-484,TĐ Huội Quảng,2025-11-01 15:00:00,0.0,0.0
-484,TĐ Huội Quảng,2025-11-01 16:00:00,0.0,0.0
-484,TĐ Huội Quảng,2025-11-01 17:00:00,0.0,0.0
-484,TĐ Huội Quảng,2025-11-01 18:00:00,0.0,0.0
-484,TĐ Huội Quảng,2025-11-01 19:00:00,0.0,0.0
-484,TĐ Huội Quảng,2025-11-01 20:00:00,0.0,0.0
-484,TĐ Huội Quảng,2025-11-01 21:00:00,0.0,0.0
-484,TĐ Huội Quảng,2025-11-01 22:00:00,0.0,0.0
-484,TĐ Huội Quảng,2025-11-01 23:00:00,0.0,0.0
-484,TĐ Huội Quảng,2025-11-02 00:00:00,0.0,0.0
-484,TĐ Huội Quảng,2025-11-02 01:00:00,0.0,0.0
-484,TĐ Huội Quảng,2025-11-02 02:00:00,0.0,0.0
-484,TĐ Huội Quảng,2025-11-02 03:00:00,0.0,0.0
-484,TĐ Huội Quảng,2025-11-02 04:00:00,0.0,0.0
-484,TĐ Huội Quảng,2025-11-02 05:00:00,0.0,0.0
-484,TĐ Huội Quảng,2025-11-02 06:00:00,0.0,0.0
-484,TĐ Huội Quảng,2025-11-02 07:00:00,0.0,0.0
-484,TĐ Huội Quảng,2025-11-02 08:00:00,0.0,0.0
-484,TĐ Huội Quảng,2025-11-02 09:00:00,0.0,0.0
-484,TĐ Huội Quảng,2025-11-02 10:00:00,0.0,0.0
-484,TĐ Huội Quảng,2025-11-02 11:00:00,0.0,0.0
-484,TĐ Huội Quảng,2025-11-02 12:00:00,0.0,0.0
-484,TĐ Huội Quảng,2025-11-02 13:00:00,0.0,0.0
-484,TĐ Huội Quảng,2025-11-02 14:00:00,0.0,0.0
-484,TĐ Huội Quảng,2025-11-02 15:00:00,0.0,0.0
-484,TĐ Huội Quảng,2025-11-02 16:00:00,0.0,0.0
-484,TĐ Huội Quảng,2025-11-02 17:00:00,0.0,0.0
-484,TĐ Huội Quảng,2025-11-02 18:00:00,0.0,0.0
-484,TĐ Huội Quảng,2025-11-02 19:00:00,0.0,0.0
-484,TĐ Huội Quảng,2025-11-02 20:00:00,0.0,0.0
-484,TĐ Huội Quảng,2025-11-02 21:00:00,0.0,0.0
-484,TĐ Huội Quảng,2025-11-02 22:00:00,0.0,0.0
-484,TĐ Huội Quảng,2025-11-02 23:00:00,0.0,0.0
-484,TĐ Huội Quảng,2025-11-03 00:00:00,0.0,0.0
-484,TĐ Huội Quảng,2025-11-03 01:00:00,0.0,0.0
-484,TĐ Huội Quảng,2025-11-03 02:00:00,0.0,0.0
-484,TĐ Huội Quảng,2025-11-03 03:00:00,0.0,0.0
-484,TĐ Huội Quảng,2025-11-03 04:00:00,0.0,0.0
-484,TĐ Huội Quảng,2025-11-03 05:00:00,0.0,0.0
-484,TĐ Huội Quảng,2025-11-03 06:00:00,0.0,0.0
-484,TĐ Huội Quảng,2025-11-03 07:00:00,0.0,0.0
-484,TĐ Huội Quảng,2025-11-03 08:00:00,0.0,0.0
-484,TĐ Huội Quảng,2025-11-03 09:00:00,0.0,0.0
-484,TĐ Huội Quảng,2025-11-03 10:00:00,0.0,0.0
-484,TĐ Huội Quảng,2025-11-03 11:00:00,0.0,0.0
-484,TĐ Huội Quảng,2025-11-03 12:00:00,0.0,0.0
-484,TĐ Huội Quảng,2025-11-03 13:00:00,0.0,0.0
-484,TĐ Huội Quảng,2025-11-03 14:00:00,0.0,0.0
-484,TĐ Huội Quảng,2025-11-03 15:00:00,0.0,0.0
-484,TĐ Huội Quảng,2025-11-03 16:00:00,0.0,0.0
-484,TĐ Huội Quảng,2025-11-03 17:00:00,0.0,0.0
-484,TĐ Huội Quảng,2025-11-03 18:00:00,0.0,0.0
-484,TĐ Huội Quảng,2025-11-03 19:00:00,0.0,0.0
-484,TĐ Huội Quảng,2025-11-03 20:00:00,0.0,0.0
-484,TĐ Huội Quảng,2025-11-03 21:00:00,0.0,0.0
-484,TĐ Huội Quảng,2025-11-03 22:00:00,0.0,0.0
-484,TĐ Huội Quảng,2025-11-03 23:00:00,0.0,0.0
-484,TĐ Huội Quảng,2025-11-04 00:00:00,0.0,0.0
-484,TĐ Huội Quảng,2025-11-04 01:00:00,0.0,0.0
-484,TĐ Huội Quảng,2025-11-04 02:00:00,0.0,0.0
-484,TĐ Huội Quảng,2025-11-04 03:00:00,0.0,0.0
-484,TĐ Huội Quảng,2025-11-04 04:00:00,0.0,0.0
-484,TĐ Huội Quảng,2025-11-04 05:00:00,0.0,0.0
-484,TĐ Huội Quảng,2025-11-04 06:00:00,0.0,0.0
-484,TĐ Huội Quảng,2025-11-04 07:00:00,0.0,0.0
-484,TĐ Huội Quảng,2025-11-04 08:00:00,0.0,0.0
-484,TĐ Huội Quảng,2025-11-04 09:00:00,0.0,0.0
-484,TĐ Huội Quảng,2025-11-04 10:00:00,0.0,0.0
-484,TĐ Huội Quảng,2025-11-04 11:00:00,0.0,0.0
-484,TĐ Huội Quảng,2025-11-04 12:00:00,0.0,0.0
-484,TĐ Huội Quảng,2025-11-04 13:00:00,0.0,0.0
-484,TĐ Huội Quảng,2025-11-04 14:00:00,0.0,0.0
-484,TĐ Huội Quảng,2025-11-04 15:00:00,0.0,0.0
-484,TĐ Huội Quảng,2025-11-04 16:00:00,0.0,0.0
-484,TĐ Huội Quảng,2025-11-04 17:00:00,0.0,0.0
-484,TĐ Huội Quảng,2025-11-04 18:00:00,0.0,0.0
-484,TĐ Huội Quảng,2025-11-04 19:00:00,0.0,0.0
-484,TĐ Huội Quảng,2025-11-04 20:00:00,0.0,0.0
-484,TĐ Huội Quảng,2025-11-04 21:00:00,0.0,0.0
-484,TĐ Huội Quảng,2025-11-04 22:00:00,0.0,0.0
-484,TĐ Huội Quảng,2025-11-04 23:00:00,0.0,0.0
-484,TĐ Huội Quảng,2025-11-05 00:00:00,0.0,0.0
-484,TĐ Huội Quảng,2025-11-05 01:00:00,0.0,0.0
-484,TĐ Huội Quảng,2025-11-05 02:00:00,0.0,0.0
-484,TĐ Huội Quảng,2025-11-05 03:00:00,0.0,0.0
-484,TĐ Huội Quảng,2025-11-05 04:00:00,0.0,0.0
-484,TĐ Huội Quảng,2025-11-05 05:00:00,0.0,0.0
-484,TĐ Huội Quảng,2025-11-05 06:00:00,0.0,0.0
-484,TĐ Huội Quảng,2025-11-05 07:00:00,0.0,0.0
-484,TĐ Huội Quảng,2025-11-05 08:00:00,0.0,0.0
-484,TĐ Huội Quảng,2025-11-05 09:00:00,0.0,0.0
-484,TĐ Huội Quảng,2025-11-05 10:00:00,0.0,0.0
-484,TĐ Huội Quảng,2025-11-05 11:00:00,0.0,0.0
-484,TĐ Huội Quảng,2025-11-05 12:00:00,0.0,0.0
-484,TĐ Huội Quảng,2025-11-05 13:00:00,0.0,0.0
-484,TĐ Huội Quảng,2025-11-05 14:00:00,0.0,0.0
-484,TĐ Huội Quảng,2025-11-05 15:00:00,0.0,0.0
-484,TĐ Huội Quảng,2025-11-05 16:00:00,0.0,0.0
-484,TĐ Huội Quảng,2025-11-05 17:00:00,0.0,0.0
-484,TĐ Huội Quảng,2025-11-05 18:00:00,0.0,0.0
-484,TĐ Huội Quảng,2025-11-05 19:00:00,0.0,0.0
-484,TĐ Huội Quảng,2025-11-05 20:00:00,0.0,0.0
-484,TĐ Huội Quảng,2025-11-05 21:00:00,0.0,0.0
-484,TĐ Huội Quảng,2025-11-05 22:00:00,0.0,0.0
-484,TĐ Huội Quảng,2025-11-05 23:00:00,0.0,0.0
-484,TĐ Huội Quảng,2025-11-06 00:00:00,0.0,0.0
-484,TĐ Huội Quảng,2025-11-06 01:00:00,0.0,0.0
-484,TĐ Huội Quảng,2025-11-06 02:00:00,0.0,0.0
-484,TĐ Huội Quảng,2025-11-06 03:00:00,0.0,0.0
-484,TĐ Huội Quảng,2025-11-06 04:00:00,0.0,0.0
-484,TĐ Huội Quảng,2025-11-06 05:00:00,0.0,0.0
-484,TĐ Huội Quảng,2025-11-06 06:00:00,0.0,0.0
-484,TĐ Huội Quảng,2025-11-06 07:00:00,0.0,0.0
-484,TĐ Huội Quảng,2025-11-06 08:00:00,0.0,0.0
-484,TĐ Huội Quảng,2025-11-06 09:00:00,0.0,0.0
-484,TĐ Huội Quảng,2025-11-06 10:00:00,0.0,0.0
-484,TĐ Huội Quảng,2025-11-06 11:00:00,0.0,0.0
-484,TĐ Huội Quảng,2025-11-06 12:00:00,0.0,0.0
-484,TĐ Huội Quảng,2025-11-06 13:00:00,0.0,0.0
-484,TĐ Huội Quảng,2025-11-06 14:00:00,0.0,0.0
-484,TĐ Huội Quảng,2025-11-06 15:00:00,0.0,0.0
-484,TĐ Huội Quảng,2025-11-06 16:00:00,0.0,0.0
-484,TĐ Huội Quảng,2025-11-06 17:00:00,0.0,0.0
-484,TĐ Huội Quảng,2025-11-06 18:00:00,0.0,0.0
-484,TĐ Huội Quảng,2025-11-06 19:00:00,0.0,0.0
-484,TĐ Huội Quảng,2025-11-06 20:00:00,0.0,0.0
-484,TĐ Huội Quảng,2025-11-06 21:00:00,0.0,0.0
-484,TĐ Huội Quảng,2025-11-06 22:00:00,0.0,0.0
-484,TĐ Huội Quảng,2025-11-06 23:00:00,0.0,0.0
-484,TĐ Huội Quảng,2025-11-07 00:00:00,0.0,0.0
-484,TĐ Huội Quảng,2025-11-07 01:00:00,0.0,0.0
-484,TĐ Huội Quảng,2025-11-07 02:00:00,0.0,0.0
-484,TĐ Huội Quảng,2025-11-07 03:00:00,0.0,0.0
-484,TĐ Huội Quảng,2025-11-07 04:00:00,0.0,0.0
-484,TĐ Huội Quảng,2025-11-07 05:00:00,0.0,0.0
-484,TĐ Huội Quảng,2025-11-07 06:00:00,0.0,0.0
-484,TĐ Huội Quảng,2025-11-07 07:00:00,0.0,0.0
-484,TĐ Huội Quảng,2025-11-07 08:00:00,0.0,0.0
-484,TĐ Huội Quảng,2025-11-07 09:00:00,0.0,0.0
-484,TĐ Huội Quảng,2025-11-07 10:00:00,0.0,0.0
-484,TĐ Huội Quảng,2025-11-07 11:00:00,0.0,0.0
-484,TĐ Huội Quảng,2025-11-07 12:00:00,0.0,0.0
-484,TĐ Huội Quảng,2025-11-07 13:00:00,0.0,0.0
-484,TĐ Huội Quảng,2025-11-07 14:00:00,0.0,0.0
-484,TĐ Huội Quảng,2025-11-07 15:00:00,0.0,0.0
-484,TĐ Huội Quảng,2025-11-07 16:00:00,0.0,0.0
-484,TĐ Huội Quảng,2025-11-07 17:00:00,0.0,0.0
-484,TĐ Huội Quảng,2025-11-07 18:00:00,0.0,0.0
-484,TĐ Huội Quảng,2025-11-07 19:00:00,0.0,0.0
-484,TĐ Huội Quảng,2025-11-07 20:00:00,0.0,0.0
-484,TĐ Huội Quảng,2025-11-07 21:00:00,0.0,0.0
-484,TĐ Huội Quảng,2025-11-07 22:00:00,0.0,0.0
-484,TĐ Huội Quảng,2025-11-07 23:00:00,0.0,0.0
-484,TĐ Huội Quảng,2025-11-08 00:00:00,0.0,0.0
-484,TĐ Huội Quảng,2025-11-08 01:00:00,0.0,0.0
-484,TĐ Huội Quảng,2025-11-08 02:00:00,0.0,0.0
-484,TĐ Huội Quảng,2025-11-08 03:00:00,0.0,0.0
-484,TĐ Huội Quảng,2025-11-08 04:00:00,0.0,0.0
-484,TĐ Huội Quảng,2025-11-08 05:00:00,0.0,0.0
-484,TĐ Huội Quảng,2025-11-08 06:00:00,0.0,0.0
-484,TĐ Huội Quảng,2025-11-08 07:00:00,0.0,0.0
-484,TĐ Huội Quảng,2025-11-08 08:00:00,0.0,0.0
-484,TĐ Huội Quảng,2025-11-08 09:00:00,0.0,0.0
-484,TĐ Huội Quảng,2025-11-08 10:00:00,0.0,0.0
-484,TĐ Huội Quảng,2025-11-08 11:00:00,0.0,0.0
-484,TĐ Huội Quảng,2025-11-08 12:00:00,0.0,0.0
-484,TĐ Huội Quảng,2025-11-08 13:00:00,0.0,0.0
-484,TĐ Huội Quảng,2025-11-08 14:00:00,0.4000000059604645,0.4000000059604645
-484,TĐ Huội Quảng,2025-11-08 15:00:00,0.20000000298023224,0.6000000089406967
-484,TĐ Huội Quảng,2025-11-08 16:00:00,0.20000000298023224,0.800000011920929
-484,TĐ Huội Quảng,2025-11-08 17:00:00,0.0,0.800000011920929
-484,TĐ Huội Quảng,2025-11-08 18:00:00,0.0,0.800000011920929
-484,TĐ Huội Quảng,2025-11-08 19:00:00,0.0,0.800000011920929
-484,TĐ Huội Quảng,2025-11-08 20:00:00,0.6000000238418579,1.4000000357627869
-484,TĐ Huội Quảng,2025-11-08 21:00:00,0.0,1.4000000357627869
-484,TĐ Huội Quảng,2025-11-08 22:00:00,0.20000000298023224,1.600000038743019
-484,TĐ Huội Quảng,2025-11-08 23:00:00,0.0,1.600000038743019
-484,TĐ Huội Quảng,2025-11-09 00:00:00,0.0,0.8000000268220901
-484,TĐ Huội Quảng,2025-11-09 01:00:00,0.0,0.8000000268220901
-484,TĐ Huội Quảng,2025-11-09 02:00:00,0.0,0.8000000268220901
-484,TĐ Huội Quảng,2025-11-09 03:00:00,0.0,0.8000000268220901
-484,TĐ Huội Quảng,2025-11-09 04:00:00,0.0,0.8000000268220901
-484,TĐ Huội Quảng,2025-11-09 05:00:00,0.0,0.8000000268220901
-484,TĐ Huội Quảng,2025-11-09 06:00:00,0.0,0.8000000268220901
-484,TĐ Huội Quảng,2025-11-09 07:00:00,0.0,0.8000000268220901
-484,TĐ Huội Quảng,2025-11-09 08:00:00,0.0,0.8000000268220901
-484,TĐ Huội Quảng,2025-11-09 09:00:00,0.0,0.8000000268220901
-484,TĐ Huội Quảng,2025-11-09 10:00:00,0.0,0.8000000268220901
-484,TĐ Huội Quảng,2025-11-09 11:00:00,0.0,0.8000000268220901
-484,TĐ Huội Quảng,2025-11-09 12:00:00,0.0,0.8000000268220901
-484,TĐ Huội Quảng,2025-11-09 13:00:00,0.0,0.8000000268220901
-484,TĐ Huội Quảng,2025-11-09 14:00:00,0.0,0.8000000268220901
-484,TĐ Huội Quảng,2025-11-09 15:00:00,0.0,0.8000000268220901
-484,TĐ Huội Quảng,2025-11-09 16:00:00,0.0,0.8000000268220901
-484,TĐ Huội Quảng,2025-11-09 17:00:00,0.0,0.8000000268220901
-484,TĐ Huội Quảng,2025-11-09 18:00:00,0.0,0.8000000268220901
-484,TĐ Huội Quảng,2025-11-09 19:00:00,0.0,0.8000000268220901
-484,TĐ Huội Quảng,2025-11-09 20:00:00,0.0,0.8000000268220901
-484,TĐ Huội Quảng,2025-11-09 21:00:00,0.0,0.8000000268220901
-484,TĐ Huội Quảng,2025-11-09 22:00:00,0.0,0.8000000268220901
-484,TĐ Huội Quảng,2025-11-09 23:00:00,0.0,0.8000000268220901
-484,TĐ Huội Quảng,2025-11-10 00:00:00,0.0,0.0
-484,TĐ Huội Quảng,2025-11-10 01:00:00,0.0,0.0
-484,TĐ Huội Quảng,2025-11-10 02:00:00,0.0,0.0
-484,TĐ Huội Quảng,2025-11-10 03:00:00,4.0,4.0
-484,TĐ Huội Quảng,2025-11-10 04:00:00,8.399999618530273,12.399999618530273
-484,TĐ Huội Quảng,2025-11-10 05:00:00,1.600000023841858,13.999999642372131
-484,TĐ Huội Quảng,2025-11-10 06:00:00,0.0,13.999999642372131
-484,TĐ Huội Quảng,2025-11-10 07:00:00,0.0,13.999999642372131
-484,TĐ Huội Quảng,2025-11-10 08:00:00,0.0,13.999999642372131
-484,TĐ Huội Quảng,2025-11-10 09:00:00,0.0,13.999999642372131
-484,TĐ Huội Quảng,2025-11-10 10:00:00,0.0,13.999999642372131
-484,TĐ Huội Quảng,2025-11-10 11:00:00,0.0,13.999999642372131
-484,TĐ Huội Quảng,2025-11-10 12:00:00,0.0,13.999999642372131
-484,TĐ Huội Quảng,2025-11-10 13:00:00,0.0,13.999999642372131
-484,TĐ Huội Quảng,2025-11-10 14:00:00,0.0,13.999999642372131
-484,TĐ Huội Quảng,2025-11-10 15:00:00,0.0,13.999999642372131
-484,TĐ Huội Quảng,2025-11-10 16:00:00,0.0,13.999999642372131
-484,TĐ Huội Quảng,2025-11-10 17:00:00,0.0,13.999999642372131
-484,TĐ Huội Quảng,2025-11-10 18:00:00,0.0,13.999999642372131
-484,TĐ Huội Quảng,2025-11-10 19:00:00,0.0,13.999999642372131
-484,TĐ Huội Quảng,2025-11-10 20:00:00,0.0,13.999999642372131
-484,TĐ Huội Quảng,2025-11-10 21:00:00,0.0,13.999999642372131
-484,TĐ Huội Quảng,2025-11-10 22:00:00,0.0,13.999999642372131
-484,TĐ Huội Quảng,2025-11-10 23:00:00,0.0,13.999999642372131
-484,TĐ Huội Quảng,2025-11-11 00:00:00,0.0,0.0
-484,TĐ Huội Quảng,2025-11-11 01:00:00,0.0,0.0
-484,TĐ Huội Quảng,2025-11-11 02:00:00,0.0,0.0
-484,TĐ Huội Quảng,2025-11-11 03:00:00,0.0,0.0
-484,TĐ Huội Quảng,2025-11-11 04:00:00,0.0,0.0
-484,TĐ Huội Quảng,2025-11-11 05:00:00,0.0,0.0
-484,TĐ Huội Quảng,2025-11-11 06:00:00,0.0,0.0
-484,TĐ Huội Quảng,2025-11-11 07:00:00,0.0,0.0
-484,TĐ Huội Quảng,2025-11-11 08:00:00,0.0,0.0
-484,TĐ Huội Quảng,2025-11-11 09:00:00,0.0,0.0
-484,TĐ Huội Quảng,2025-11-11 10:00:00,0.0,0.0
-484,TĐ Huội Quảng,2025-11-11 11:00:00,0.0,0.0
-484,TĐ Huội Quảng,2025-11-11 12:00:00,0.0,0.0
-484,TĐ Huội Quảng,2025-11-11 13:00:00,0.0,0.0
-484,TĐ Huội Quảng,2025-11-11 14:00:00,0.0,0.0
-484,TĐ Huội Quảng,2025-11-11 15:00:00,0.0,0.0
-484,TĐ Huội Quảng,2025-11-11 16:00:00,0.0,0.0
-484,TĐ Huội Quảng,2025-11-11 17:00:00,0.0,0.0
-484,TĐ Huội Quảng,2025-11-11 18:00:00,0.0,0.0
-484,TĐ Huội Quảng,2025-11-11 19:00:00,0.0,0.0
-484,TĐ Huội Quảng,2025-11-11 20:00:00,0.0,0.0
-484,TĐ Huội Quảng,2025-11-11 21:00:00,0.0,0.0
-484,TĐ Huội Quảng,2025-11-11 22:00:00,0.0,0.0
-484,TĐ Huội Quảng,2025-11-11 23:00:00,0.0,0.0
-484,TĐ Huội Quảng,2025-11-12 00:00:00,0.0,0.0
-484,TĐ Huội Quảng,2025-11-12 01:00:00,0.0,0.0
-484,TĐ Huội Quảng,2025-11-12 02:00:00,0.0,0.0
-484,TĐ Huội Quảng,2025-11-12 03:00:00,0.0,0.0
-484,TĐ Huội Quảng,2025-11-12 04:00:00,0.0,0.0
-484,TĐ Huội Quảng,2025-11-12 05:00:00,0.0,0.0
-484,TĐ Huội Quảng,2025-11-12 06:00:00,0.0,0.0
-484,TĐ Huội Quảng,2025-11-12 07:00:00,0.0,0.0
-484,TĐ Huội Quảng,2025-11-12 08:00:00,0.0,0.0
-484,TĐ Huội Quảng,2025-11-12 09:00:00,0.0,0.0
-484,TĐ Huội Quảng,2025-11-12 10:00:00,0.0,0.0
-484,TĐ Huội Quảng,2025-11-12 11:00:00,0.0,0.0
-484,TĐ Huội Quảng,2025-11-12 12:00:00,0.0,0.0
-484,TĐ Huội Quảng,2025-11-12 13:00:00,0.0,0.0
-484,TĐ Huội Quảng,2025-11-12 14:00:00,0.0,0.0
-484,TĐ Huội Quảng,2025-11-12 15:00:00,0.0,0.0
-484,TĐ Huội Quảng,2025-11-12 16:00:00,0.0,0.0
-484,TĐ Huội Quảng,2025-11-12 17:00:00,0.0,0.0
-484,TĐ Huội Quảng,2025-11-12 18:00:00,0.0,0.0
-484,TĐ Huội Quảng,2025-11-12 19:00:00,0.0,0.0
-484,TĐ Huội Quảng,2025-11-12 20:00:00,0.0,0.0
-484,TĐ Huội Quảng,2025-11-12 21:00:00,0.0,0.0
-484,TĐ Huội Quảng,2025-11-12 22:00:00,0.0,0.0
-484,TĐ Huội Quảng,2025-11-12 23:00:00,0.0,0.0
-484,TĐ Huội Quảng,2025-11-13 00:00:00,0.0,0.0
-484,TĐ Huội Quảng,2025-11-13 01:00:00,0.0,0.0
-484,TĐ Huội Quảng,2025-11-13 02:00:00,0.0,0.0
-484,TĐ Huội Quảng,2025-11-13 03:00:00,0.0,0.0
-484,TĐ Huội Quảng,2025-11-13 04:00:00,0.0,0.0
-484,TĐ Huội Quảng,2025-11-13 05:00:00,0.0,0.0
-484,TĐ Huội Quảng,2025-11-13 06:00:00,0.0,0.0
-484,TĐ Huội Quảng,2025-11-13 07:00:00,0.0,0.0
-484,TĐ Huội Quảng,2025-11-13 08:00:00,0.0,0.0
-484,TĐ Huội Quảng,2025-11-13 09:00:00,0.0,0.0
-484,TĐ Huội Quảng,2025-11-13 10:00:00,0.0,0.0
-484,TĐ Huội Quảng,2025-11-13 11:00:00,0.0,0.0
-484,TĐ Huội Quảng,2025-11-13 12:00:00,0.0,0.0
-484,TĐ Huội Quảng,2025-11-13 13:00:00,0.0,0.0
-484,TĐ Huội Quảng,2025-11-13 14:00:00,0.0,0.0
-484,TĐ Huội Quảng,2025-11-13 15:00:00,0.0,0.0
-484,TĐ Huội Quảng,2025-11-13 16:00:00,0.0,0.0
-484,TĐ Huội Quảng,2025-11-13 17:00:00,0.0,0.0
-484,TĐ Huội Quảng,2025-11-13 18:00:00,0.0,0.0
-484,TĐ Huội Quảng,2025-11-13 19:00:00,0.0,0.0
-484,TĐ Huội Quảng,2025-11-13 20:00:00,0.0,0.0
-484,TĐ Huội Quảng,2025-11-13 21:00:00,0.0,0.0
-484,TĐ Huội Quảng,2025-11-13 22:00:00,0.0,0.0
-484,TĐ Huội Quảng,2025-11-13 23:00:00,0.0,0.0
-484,TĐ Huội Quảng,2025-11-14 00:00:00,0.0,0.0
-484,TĐ Huội Quảng,2025-11-14 01:00:00,0.0,0.0
-484,TĐ Huội Quảng,2025-11-14 02:00:00,0.0,0.0
-484,TĐ Huội Quảng,2025-11-14 03:00:00,0.0,0.0
-484,TĐ Huội Quảng,2025-11-14 04:00:00,0.0,0.0
-484,TĐ Huội Quảng,2025-11-14 05:00:00,0.0,0.0
-484,TĐ Huội Quảng,2025-11-14 06:00:00,0.0,0.0
-484,TĐ Huội Quảng,2025-11-14 07:00:00,0.0,0.0
-484,TĐ Huội Quảng,2025-11-14 08:00:00,0.0,0.0
-484,TĐ Huội Quảng,2025-11-14 09:00:00,0.0,0.0
-484,TĐ Huội Quảng,2025-11-14 10:00:00,0.0,0.0
-484,TĐ Huội Quảng,2025-11-14 11:00:00,0.0,0.0
-484,TĐ Huội Quảng,2025-11-14 12:00:00,0.0,0.0
-484,TĐ Huội Quảng,2025-11-14 13:00:00,0.0,0.0
-484,TĐ Huội Quảng,2025-11-14 14:00:00,0.0,0.0
-484,TĐ Huội Quảng,2025-11-14 15:00:00,0.0,0.0
-484,TĐ Huội Quảng,2025-11-14 16:00:00,0.0,0.0
-484,TĐ Huội Quảng,2025-11-14 17:00:00,0.0,0.0
-484,TĐ Huội Quảng,2025-11-14 18:00:00,0.0,0.0
-484,TĐ Huội Quảng,2025-11-14 19:00:00,0.0,0.0
-484,TĐ Huội Quảng,2025-11-14 20:00:00,0.0,0.0
-484,TĐ Huội Quảng,2025-11-14 21:00:00,0.0,0.0
-484,TĐ Huội Quảng,2025-11-14 22:00:00,0.0,0.0
-484,TĐ Huội Quảng,2025-11-14 23:00:00,0.0,0.0
-484,TĐ Huội Quảng,2025-11-15 00:00:00,0.0,0.0
-484,TĐ Huội Quảng,2025-11-15 01:00:00,0.0,0.0
-484,TĐ Huội Quảng,2025-11-15 02:00:00,0.0,0.0
-484,TĐ Huội Quảng,2025-11-15 03:00:00,0.0,0.0
-484,TĐ Huội Quảng,2025-11-15 04:00:00,0.0,0.0
-484,TĐ Huội Quảng,2025-11-15 05:00:00,0.0,0.0
-484,TĐ Huội Quảng,2025-11-15 06:00:00,0.0,0.0
-484,TĐ Huội Quảng,2025-11-15 07:00:00,0.0,0.0
-484,TĐ Huội Quảng,2025-11-15 08:00:00,0.0,0.0
-484,TĐ Huội Quảng,2025-11-15 09:00:00,0.0,0.0
-484,TĐ Huội Quảng,2025-11-15 10:00:00,0.0,0.0
-484,TĐ Huội Quảng,2025-11-15 11:00:00,0.0,0.0
-484,TĐ Huội Quảng,2025-11-15 12:00:00,0.0,0.0
-484,TĐ Huội Quảng,2025-11-15 13:00:00,0.0,0.0
-484,TĐ Huội Quảng,2025-11-15 14:00:00,0.0,0.0
-484,TĐ Huội Quảng,2025-11-15 15:00:00,0.0,0.0
-484,TĐ Huội Quảng,2025-11-15 16:00:00,0.0,0.0
-484,TĐ Huội Quảng,2025-11-15 17:00:00,0.0,0.0
-484,TĐ Huội Quảng,2025-11-15 18:00:00,0.0,0.0
-484,TĐ Huội Quảng,2025-11-15 19:00:00,0.0,0.0
-484,TĐ Huội Quảng,2025-11-15 20:00:00,0.0,0.0
-484,TĐ Huội Quảng,2025-11-15 21:00:00,0.0,0.0
-484,TĐ Huội Quảng,2025-11-15 22:00:00,0.0,0.0
-484,TĐ Huội Quảng,2025-11-15 23:00:00,0.0,0.0
-484,TĐ Huội Quảng,2025-11-16 00:00:00,0.0,0.0
-484,TĐ Huội Quảng,2025-11-16 01:00:00,0.0,0.0
-484,TĐ Huội Quảng,2025-11-16 02:00:00,0.0,0.0
-484,TĐ Huội Quảng,2025-11-16 03:00:00,0.0,0.0
-484,TĐ Huội Quảng,2025-11-16 04:00:00,0.0,0.0
-484,TĐ Huội Quảng,2025-11-16 05:00:00,0.0,0.0
-484,TĐ Huội Quảng,2025-11-16 06:00:00,0.0,0.0
-484,TĐ Huội Quảng,2025-11-16 07:00:00,0.0,0.0
-484,TĐ Huội Quảng,2025-11-16 08:00:00,0.0,0.0
-484,TĐ Huội Quảng,2025-11-16 09:00:00,0.0,0.0
-484,TĐ Huội Quảng,2025-11-16 10:00:00,0.0,0.0
-484,TĐ Huội Quảng,2025-11-16 11:00:00,0.0,0.0
-484,TĐ Huội Quảng,2025-11-16 12:00:00,0.0,0.0
-484,TĐ Huội Quảng,2025-11-16 13:00:00,0.0,0.0
-484,TĐ Huội Quảng,2025-11-16 14:00:00,0.0,0.0
-484,TĐ Huội Quảng,2025-11-16 15:00:00,0.0,0.0
-484,TĐ Huội Quảng,2025-11-16 16:00:00,0.0,0.0
-484,TĐ Huội Quảng,2025-11-16 17:00:00,0.0,0.0
-484,TĐ Huội Quảng,2025-11-16 18:00:00,0.0,0.0
-484,TĐ Huội Quảng,2025-11-16 19:00:00,0.0,0.0
-484,TĐ Huội Quảng,2025-11-16 20:00:00,0.0,0.0
-484,TĐ Huội Quảng,2025-11-16 21:00:00,0.0,0.0
-484,TĐ Huội Quảng,2025-11-16 22:00:00,0.0,0.0
-484,TĐ Huội Quảng,2025-11-16 23:00:00,0.0,0.0
-484,TĐ Huội Quảng,2025-11-17 00:00:00,0.0,0.0
-484,TĐ Huội Quảng,2025-11-17 01:00:00,0.0,0.0
-484,TĐ Huội Quảng,2025-11-17 02:00:00,0.0,0.0
-484,TĐ Huội Quảng,2025-11-17 03:00:00,0.0,0.0
-484,TĐ Huội Quảng,2025-11-17 04:00:00,0.0,0.0
-484,TĐ Huội Quảng,2025-11-17 05:00:00,0.0,0.0
-484,TĐ Huội Quảng,2025-11-17 06:00:00,0.0,0.0
-484,TĐ Huội Quảng,2025-11-17 07:00:00,0.0,0.0
-484,TĐ Huội Quảng,2025-11-17 08:00:00,0.0,0.0
-484,TĐ Huội Quảng,2025-11-17 09:00:00,0.0,0.0
-484,TĐ Huội Quảng,2025-11-17 10:00:00,0.0,0.0
-484,TĐ Huội Quảng,2025-11-17 11:00:00,0.0,0.0
-484,TĐ Huội Quảng,2025-11-17 12:00:00,0.0,0.0
-484,TĐ Huội Quảng,2025-11-17 13:00:00,0.0,0.0
-484,TĐ Huội Quảng,2025-11-17 14:00:00,0.0,0.0
-484,TĐ Huội Quảng,2025-11-17 15:00:00,0.0,0.0
-484,TĐ Huội Quảng,2025-11-17 16:00:00,0.0,0.0
-484,TĐ Huội Quảng,2025-11-17 17:00:00,0.0,0.0
-484,TĐ Huội Quảng,2025-11-17 18:00:00,0.0,0.0
-484,TĐ Huội Quảng,2025-11-17 19:00:00,0.0,0.0
-484,TĐ Huội Quảng,2025-11-17 20:00:00,0.6000000238418579,0.6000000238418579
-484,TĐ Huội Quảng,2025-11-17 21:00:00,0.4000000059604645,1.0000000298023224
-484,TĐ Huội Quảng,2025-11-17 22:00:00,0.6000000238418579,1.6000000536441803
-484,TĐ Huội Quảng,2025-11-17 23:00:00,3.200000047683716,4.800000101327896
-484,TĐ Huội Quảng,2025-11-18 00:00:00,4.400000095367432,9.200000196695328
-484,TĐ Huội Quảng,2025-11-18 01:00:00,2.200000047683716,11.400000244379044
-484,TĐ Huội Quảng,2025-11-18 02:00:00,0.20000000298023224,11.600000247359276
-484,TĐ Huội Quảng,2025-11-18 03:00:00,0.0,11.600000247359276
-484,TĐ Huội Quảng,2025-11-18 04:00:00,0.0,11.600000247359276
-484,TĐ Huội Quảng,2025-11-18 05:00:00,0.4000000059604645,12.00000025331974
-484,TĐ Huội Quảng,2025-11-18 06:00:00,0.0,12.00000025331974
-484,TĐ Huội Quảng,2025-11-18 07:00:00,0.0,12.00000025331974
-484,TĐ Huội Quảng,2025-11-18 08:00:00,0.0,12.00000025331974
-484,TĐ Huội Quảng,2025-11-18 09:00:00,0.0,12.00000025331974
-484,TĐ Huội Quảng,2025-11-18 10:00:00,0.0,12.00000025331974
-484,TĐ Huội Quảng,2025-11-18 11:00:00,0.4000000059604645,12.400000259280205
-484,TĐ Huội Quảng,2025-11-18 12:00:00,1.2000000476837158,13.60000030696392
-484,TĐ Huội Quảng,2025-11-18 13:00:00,1.399999976158142,15.000000283122063
-484,TĐ Huội Quảng,2025-11-18 14:00:00,0.6000000238418579,15.60000030696392
-484,TĐ Huội Quảng,2025-11-18 15:00:00,0.4000000059604645,16.000000312924385
-484,TĐ Huội Quảng,2025-11-18 16:00:00,0.0,16.000000312924385
-484,TĐ Huội Quảng,2025-11-18 17:00:00,0.4000000059604645,16.40000031888485
-484,TĐ Huội Quảng,2025-11-18 18:00:00,0.4000000059604645,16.800000324845314
-484,TĐ Huội Quảng,2025-11-18 19:00:00,0.20000000298023224,17.000000327825546
-484,TĐ Huội Quảng,2025-11-18 20:00:00,0.20000000298023224,17.20000033080578
-484,TĐ Huội Quảng,2025-11-18 21:00:00,0.0,17.20000033080578
-484,TĐ Huội Quảng,2025-11-18 22:00:00,0.0,17.20000033080578
-484,TĐ Huội Quảng,2025-11-18 23:00:00,0.20000000298023224,17.40000033378601
-484,TĐ Huội Quảng,2025-11-19 00:00:00,0.20000000298023224,0.6000000089406967
-484,TĐ Huội Quảng,2025-11-19 01:00:00,0.6000000238418579,1.2000000327825546
-484,TĐ Huội Quảng,2025-11-19 02:00:00,0.6000000238418579,1.8000000566244125
-484,TĐ Huội Quảng,2025-11-19 03:00:00,1.0,2.8000000566244125
-484,TĐ Huội Quảng,2025-11-19 04:00:00,0.20000000298023224,3.0000000596046448
-484,TĐ Huội Quảng,2025-11-19 05:00:00,0.0,3.0000000596046448
-484,TĐ Huội Quảng,2025-11-19 06:00:00,0.0,3.0000000596046448
-484,TĐ Huội Quảng,2025-11-19 07:00:00,0.0,3.0000000596046448
-484,TĐ Huội Quảng,2025-11-19 08:00:00,0.0,3.0000000596046448
-484,TĐ Huội Quảng,2025-11-19 09:00:00,0.0,3.0000000596046448
-484,TĐ Huội Quảng,2025-11-19 10:00:00,0.0,3.0000000596046448
-484,TĐ Huội Quảng,2025-11-19 11:00:00,0.0,3.0000000596046448
-484,TĐ Huội Quảng,2025-11-19 12:00:00,0.0,3.0000000596046448
-484,TĐ Huội Quảng,2025-11-19 13:00:00,0.0,3.0000000596046448
-484,TĐ Huội Quảng,2025-11-19 14:00:00,0.0,3.0000000596046448
-484,TĐ Huội Quảng,2025-11-19 15:00:00,0.0,3.0000000596046448
-484,TĐ Huội Quảng,2025-11-19 16:00:00,0.0,3.0000000596046448
-484,TĐ Huội Quảng,2025-11-19 17:00:00,0.0,3.0000000596046448
-484,TĐ Huội Quảng,2025-11-19 18:00:00,0.0,3.0000000596046448
-484,TĐ Huội Quảng,2025-11-19 19:00:00,0.0,3.0000000596046448
-484,TĐ Huội Quảng,2025-11-19 20:00:00,0.0,3.0000000596046448
-484,TĐ Huội Quảng,2025-11-19 21:00:00,0.0,3.0000000596046448
-484,TĐ Huội Quảng,2025-11-19 22:00:00,0.0,3.0000000596046448
-484,TĐ Huội Quảng,2025-11-19 23:00:00,0.0,3.0000000596046448
-484,TĐ Huội Quảng,2025-11-20 00:00:00,0.0,0.0
-484,TĐ Huội Quảng,2025-11-20 01:00:00,0.0,0.0
-484,TĐ Huội Quảng,2025-11-20 02:00:00,0.0,0.0
-484,TĐ Huội Quảng,2025-11-20 03:00:00,0.0,0.0
-484,TĐ Huội Quảng,2025-11-20 04:00:00,0.0,0.0
-484,TĐ Huội Quảng,2025-11-20 05:00:00,0.0,0.0
-484,TĐ Huội Quảng,2025-11-20 06:00:00,0.0,0.0
-484,TĐ Huội Quảng,2025-11-20 07:00:00,0.0,0.0
-484,TĐ Huội Quảng,2025-11-20 08:00:00,0.0,0.0
-484,TĐ Huội Quảng,2025-11-20 09:00:00,0.0,0.0
-484,TĐ Huội Quảng,2025-11-20 10:00:00,0.0,0.0
-484,TĐ Huội Quảng,2025-11-20 11:00:00,0.0,0.0
-484,TĐ Huội Quảng,2025-11-20 12:00:00,0.0,0.0
-484,TĐ Huội Quảng,2025-11-20 13:00:00,0.0,0.0
-484,TĐ Huội Quảng,2025-11-20 14:00:00,0.0,0.0
-484,TĐ Huội Quảng,2025-11-20 15:00:00,0.0,0.0
-484,TĐ Huội Quảng,2025-11-20 16:00:00,0.0,0.0
-484,TĐ Huội Quảng,2025-11-20 17:00:00,0.0,0.0
-484,TĐ Huội Quảng,2025-11-20 18:00:00,0.0,0.0
-484,TĐ Huội Quảng,2025-11-20 19:00:00,0.0,0.0
-484,TĐ Huội Quảng,2025-11-20 20:00:00,0.0,0.0
-484,TĐ Huội Quảng,2025-11-20 21:00:00,0.0,0.0
-484,TĐ Huội Quảng,2025-11-20 22:00:00,0.0,0.0
-484,TĐ Huội Quảng,2025-11-20 23:00:00,0.0,0.0
-484,TĐ Huội Quảng,2025-11-21 00:00:00,0.0,0.0
-484,TĐ Huội Quảng,2025-11-21 01:00:00,0.0,0.0
-484,TĐ Huội Quảng,2025-11-21 02:00:00,0.0,0.0
-484,TĐ Huội Quảng,2025-11-21 03:00:00,0.0,0.0
-484,TĐ Huội Quảng,2025-11-21 04:00:00,0.0,0.0
-484,TĐ Huội Quảng,2025-11-21 05:00:00,0.0,0.0
-484,TĐ Huội Quảng,2025-11-21 06:00:00,0.0,0.0
-484,TĐ Huội Quảng,2025-11-21 07:00:00,0.0,0.0
-484,TĐ Huội Quảng,2025-11-21 08:00:00,0.0,0.0
-484,TĐ Huội Quảng,2025-11-21 09:00:00,0.0,0.0
-484,TĐ Huội Quảng,2025-11-21 10:00:00,0.0,0.0
-484,TĐ Huội Quảng,2025-11-21 11:00:00,0.0,0.0
-484,TĐ Huội Quảng,2025-11-21 12:00:00,0.0,0.0
-484,TĐ Huội Quảng,2025-11-21 13:00:00,0.0,0.0
-484,TĐ Huội Quảng,2025-11-21 14:00:00,0.0,0.0
-484,TĐ Huội Quảng,2025-11-21 15:00:00,0.0,0.0
-484,TĐ Huội Quảng,2025-11-21 16:00:00,0.0,0.0
-484,TĐ Huội Quảng,2025-11-21 17:00:00,0.0,0.0
-484,TĐ Huội Quảng,2025-11-21 18:00:00,0.0,0.0
-484,TĐ Huội Quảng,2025-11-21 19:00:00,0.0,0.0
-484,TĐ Huội Quảng,2025-11-21 20:00:00,0.0,0.0
-484,TĐ Huội Quảng,2025-11-21 21:00:00,0.0,0.0
-484,TĐ Huội Quảng,2025-11-21 22:00:00,0.0,0.0
-484,TĐ Huội Quảng,2025-11-21 23:00:00,0.0,0.0
-484,TĐ Huội Quảng,2025-11-22 00:00:00,0.0,0.0
-484,TĐ Huội Quảng,2025-11-22 01:00:00,0.0,0.0
-484,TĐ Huội Quảng,2025-11-22 02:00:00,0.0,0.0
-484,TĐ Huội Quảng,2025-11-22 03:00:00,0.0,0.0
-484,TĐ Huội Quảng,2025-11-22 04:00:00,0.0,0.0
-484,TĐ Huội Quảng,2025-11-22 05:00:00,0.0,0.0
-484,TĐ Huội Quảng,2025-11-22 06:00:00,0.0,0.0
-484,TĐ Huội Quảng,2025-11-22 07:00:00,0.0,0.0
-484,TĐ Huội Quảng,2025-11-22 08:00:00,0.0,0.0
-484,TĐ Huội Quảng,2025-11-22 09:00:00,0.0,0.0
-484,TĐ Huội Quảng,2025-11-22 10:00:00,0.0,0.0
-484,TĐ Huội Quảng,2025-11-22 11:00:00,0.0,0.0
-484,TĐ Huội Quảng,2025-11-22 12:00:00,0.0,0.0
-484,TĐ Huội Quảng,2025-11-22 13:00:00,0.20000000298023224,0.20000000298023224
-484,TĐ Huội Quảng,2025-11-22 14:00:00,0.0,0.20000000298023224
-484,TĐ Huội Quảng,2025-11-22 15:00:00,0.0,0.20000000298023224
-484,TĐ Huội Quảng,2025-11-22 16:00:00,0.0,0.20000000298023224
-484,TĐ Huội Quảng,2025-11-22 17:00:00,0.0,0.20000000298023224
-484,TĐ Huội Quảng,2025-11-22 18:00:00,0.0,0.20000000298023224
-484,TĐ Huội Quảng,2025-11-22 19:00:00,0.0,0.20000000298023224
-484,TĐ Huội Quảng,2025-11-22 20:00:00,0.0,0.20000000298023224
-484,TĐ Huội Quảng,2025-11-22 21:00:00,0.0,0.20000000298023224
-484,TĐ Huội Quảng,2025-11-22 22:00:00,0.0,0.20000000298023224
-484,TĐ Huội Quảng,2025-11-22 23:00:00,0.0,0.20000000298023224
-484,TĐ Huội Quảng,2025-11-23 00:00:00,0.0,0.0
-484,TĐ Huội Quảng,2025-11-23 01:00:00,0.0,0.0
-484,TĐ Huội Quảng,2025-11-23 02:00:00,0.0,0.0
-484,TĐ Huội Quảng,2025-11-23 03:00:00,0.0,0.0
-484,TĐ Huội Quảng,2025-11-23 04:00:00,0.0,0.0
-484,TĐ Huội Quảng,2025-11-23 05:00:00,0.0,0.0
-484,TĐ Huội Quảng,2025-11-23 06:00:00,0.0,0.0
-484,TĐ Huội Quảng,2025-11-23 07:00:00,0.0,0.0
-484,TĐ Huội Quảng,2025-11-23 08:00:00,0.0,0.0
-484,TĐ Huội Quảng,2025-11-23 09:00:00,0.0,0.0
-484,TĐ Huội Quảng,2025-11-23 10:00:00,0.0,0.0
-484,TĐ Huội Quảng,2025-11-23 11:00:00,0.0,0.0
-484,TĐ Huội Quảng,2025-11-23 12:00:00,0.0,0.0
-484,TĐ Huội Quảng,2025-11-23 13:00:00,0.0,0.0
-484,TĐ Huội Quảng,2025-11-23 14:00:00,0.0,0.0
-484,TĐ Huội Quảng,2025-11-23 15:00:00,0.0,0.0
-484,TĐ Huội Quảng,2025-11-23 16:00:00,0.0,0.0
-484,TĐ Huội Quảng,2025-11-23 17:00:00,0.0,0.0
-484,TĐ Huội Quảng,2025-11-23 18:00:00,0.0,0.0
-484,TĐ Huội Quảng,2025-11-23 19:00:00,0.0,0.0
-484,TĐ Huội Quảng,2025-11-23 20:00:00,0.0,0.0
-484,TĐ Huội Quảng,2025-11-23 21:00:00,0.0,0.0
-484,TĐ Huội Quảng,2025-11-23 22:00:00,0.0,0.0
-484,TĐ Huội Quảng,2025-11-23 23:00:00,0.0,0.0
-484,TĐ Huội Quảng,2025-11-24 00:00:00,0.0,0.0
-484,TĐ Huội Quảng,2025-11-24 01:00:00,0.0,0.0
-484,TĐ Huội Quảng,2025-11-24 02:00:00,0.0,0.0
-484,TĐ Huội Quảng,2025-11-24 03:00:00,0.0,0.0
-484,TĐ Huội Quảng,2025-11-24 04:00:00,0.0,0.0
-484,TĐ Huội Quảng,2025-11-24 05:00:00,0.0,0.0
-484,TĐ Huội Quảng,2025-11-24 06:00:00,0.0,0.0
-484,TĐ Huội Quảng,2025-11-24 07:00:00,0.0,0.0
-484,TĐ Huội Quảng,2025-11-24 08:00:00,0.0,0.0
-484,TĐ Huội Quảng,2025-11-24 09:00:00,0.0,0.0
-484,TĐ Huội Quảng,2025-11-24 10:00:00,0.0,0.0
-484,TĐ Huội Quảng,2025-11-24 11:00:00,0.0,0.0
-484,TĐ Huội Quảng,2025-11-24 12:00:00,0.0,0.0
-484,TĐ Huội Quảng,2025-11-24 13:00:00,0.0,0.0
-484,TĐ Huội Quảng,2025-11-24 14:00:00,0.0,0.0
-484,TĐ Huội Quảng,2025-11-24 15:00:00,0.0,0.0
-484,TĐ Huội Quảng,2025-11-24 16:00:00,0.0,0.0
-484,TĐ Huội Quảng,2025-11-24 17:00:00,0.0,0.0
-484,TĐ Huội Quảng,2025-11-24 18:00:00,0.0,0.0
-484,TĐ Huội Quảng,2025-11-24 19:00:00,0.0,0.0
-484,TĐ Huội Quảng,2025-11-24 20:00:00,0.0,0.0
-484,TĐ Huội Quảng,2025-11-24 21:00:00,0.0,0.0
-484,TĐ Huội Quảng,2025-11-24 22:00:00,0.0,0.0
-484,TĐ Huội Quảng,2025-11-24 23:00:00,0.0,0.0
-484,TĐ Huội Quảng,2025-11-25 00:00:00,0.0,0.0
-484,TĐ Huội Quảng,2025-11-25 01:00:00,0.0,0.0
-484,TĐ Huội Quảng,2025-11-25 02:00:00,0.0,0.0
-484,TĐ Huội Quảng,2025-11-25 03:00:00,0.0,0.0
-484,TĐ Huội Quảng,2025-11-25 04:00:00,0.0,0.0
-484,TĐ Huội Quảng,2025-11-25 05:00:00,0.0,0.0
-484,TĐ Huội Quảng,2025-11-25 06:00:00,0.0,0.0
-484,TĐ Huội Quảng,2025-11-25 07:00:00,0.0,0.0
-484,TĐ Huội Quảng,2025-11-25 08:00:00,0.0,0.0
-484,TĐ Huội Quảng,2025-11-25 09:00:00,0.0,0.0
-484,TĐ Huội Quảng,2025-11-25 10:00:00,0.0,0.0
-484,TĐ Huội Quảng,2025-11-25 11:00:00,0.0,0.0
-484,TĐ Huội Quảng,2025-11-25 12:00:00,0.0,0.0
-484,TĐ Huội Quảng,2025-11-25 13:00:00,0.0,0.0
-484,TĐ Huội Quảng,2025-11-25 14:00:00,0.0,0.0
-484,TĐ Huội Quảng,2025-11-25 15:00:00,0.0,0.0
-484,TĐ Huội Quảng,2025-11-25 16:00:00,0.0,0.0
-484,TĐ Huội Quảng,2025-11-25 17:00:00,0.0,0.0
-484,TĐ Huội Quảng,2025-11-25 18:00:00,0.0,0.0
-484,TĐ Huội Quảng,2025-11-25 19:00:00,0.0,0.0
-484,TĐ Huội Quảng,2025-11-25 20:00:00,0.0,0.0
-484,TĐ Huội Quảng,2025-11-25 21:00:00,0.0,0.0
-484,TĐ Huội Quảng,2025-11-25 22:00:00,0.0,0.0
-484,TĐ Huội Quảng,2025-11-25 23:00:00,0.0,0.0
-484,TĐ Huội Quảng,2025-11-26 00:00:00,0.0,0.0
-484,TĐ Huội Quảng,2025-11-26 01:00:00,0.0,0.0
-484,TĐ Huội Quảng,2025-11-26 02:00:00,0.0,0.0
-484,TĐ Huội Quảng,2025-11-26 03:00:00,0.0,0.0
-484,TĐ Huội Quảng,2025-11-26 04:00:00,0.0,0.0
-484,TĐ Huội Quảng,2025-11-26 05:00:00,0.0,0.0
-484,TĐ Huội Quảng,2025-11-26 06:00:00,0.0,0.0
-484,TĐ Huội Quảng,2025-11-26 07:00:00,0.0,0.0
-484,TĐ Huội Quảng,2025-11-26 08:00:00,0.0,0.0
-484,TĐ Huội Quảng,2025-11-26 09:00:00,0.0,0.0
-484,TĐ Huội Quảng,2025-11-26 10:00:00,0.0,0.0
-484,TĐ Huội Quảng,2025-11-26 11:00:00,0.20000000298023224,0.20000000298023224
-484,TĐ Huội Quảng,2025-11-26 12:00:00,0.0,0.20000000298023224
-484,TĐ Huội Quảng,2025-11-26 13:00:00,0.0,0.20000000298023224
-484,TĐ Huội Quảng,2025-11-26 14:00:00,0.0,0.20000000298023224
-484,TĐ Huội Quảng,2025-11-26 15:00:00,0.0,0.20000000298023224
-484,TĐ Huội Quảng,2025-11-26 16:00:00,0.0,0.20000000298023224
-484,TĐ Huội Quảng,2025-11-26 17:00:00,0.0,0.20000000298023224
-484,TĐ Huội Quảng,2025-11-26 18:00:00,0.0,0.20000000298023224
-484,TĐ Huội Quảng,2025-11-26 19:00:00,0.0,0.20000000298023224
-484,TĐ Huội Quảng,2025-11-26 20:00:00,0.0,0.20000000298023224
-484,TĐ Huội Quảng,2025-11-26 21:00:00,0.0,0.20000000298023224
-484,TĐ Huội Quảng,2025-11-26 22:00:00,0.0,0.20000000298023224
-484,TĐ Huội Quảng,2025-11-26 23:00:00,0.0,0.20000000298023224
-484,TĐ Huội Quảng,2025-11-27 00:00:00,0.0,0.0
-484,TĐ Huội Quảng,2025-11-27 01:00:00,0.0,0.0
-484,TĐ Huội Quảng,2025-11-27 02:00:00,0.0,0.0
-484,TĐ Huội Quảng,2025-11-27 03:00:00,0.0,0.0
-484,TĐ Huội Quảng,2025-11-27 04:00:00,0.0,0.0
-484,TĐ Huội Quảng,2025-11-27 05:00:00,0.0,0.0
-484,TĐ Huội Quảng,2025-11-27 06:00:00,0.0,0.0
-484,TĐ Huội Quảng,2025-11-27 07:00:00,0.0,0.0
-484,TĐ Huội Quảng,2025-11-27 08:00:00,0.0,0.0
-484,TĐ Huội Quảng,2025-11-27 09:00:00,0.0,0.0
-484,TĐ Huội Quảng,2025-11-27 10:00:00,0.0,0.0
-484,TĐ Huội Quảng,2025-11-27 11:00:00,0.0,0.0
-484,TĐ Huội Quảng,2025-11-27 12:00:00,0.0,0.0
-484,TĐ Huội Quảng,2025-11-27 13:00:00,0.0,0.0
-484,TĐ Huội Quảng,2025-11-27 14:00:00,0.0,0.0
-484,TĐ Huội Quảng,2025-11-27 15:00:00,0.0,0.0
-484,TĐ Huội Quảng,2025-11-27 16:00:00,0.0,0.0
-484,TĐ Huội Quảng,2025-11-27 17:00:00,0.0,0.0
-484,TĐ Huội Quảng,2025-11-27 18:00:00,0.0,0.0
-484,TĐ Huội Quảng,2025-11-27 19:00:00,0.0,0.0
-484,TĐ Huội Quảng,2025-11-27 20:00:00,0.0,0.0
-484,TĐ Huội Quảng,2025-11-27 21:00:00,0.0,0.0
-484,TĐ Huội Quảng,2025-11-27 22:00:00,0.0,0.0
-484,TĐ Huội Quảng,2025-11-27 23:00:00,0.0,0.0
-484,TĐ Huội Quảng,2025-11-28 00:00:00,0.0,0.0
-484,TĐ Huội Quảng,2025-11-28 01:00:00,0.0,0.0
-484,TĐ Huội Quảng,2025-11-28 02:00:00,0.0,0.0
-484,TĐ Huội Quảng,2025-11-28 03:00:00,0.0,0.0
-484,TĐ Huội Quảng,2025-11-28 04:00:00,0.0,0.0
-484,TĐ Huội Quảng,2025-11-28 05:00:00,0.0,0.0
-484,TĐ Huội Quảng,2025-11-28 06:00:00,0.0,0.0
-484,TĐ Huội Quảng,2025-11-28 07:00:00,0.0,0.0
-484,TĐ Huội Quảng,2025-11-28 08:00:00,0.0,0.0
-484,TĐ Huội Quảng,2025-11-28 09:00:00,0.0,0.0
-484,TĐ Huội Quảng,2025-11-28 10:00:00,0.0,0.0
-484,TĐ Huội Quảng,2025-11-28 11:00:00,0.0,0.0
-484,TĐ Huội Quảng,2025-11-28 12:00:00,0.0,0.0
-484,TĐ Huội Quảng,2025-11-28 13:00:00,0.0,0.0
-484,TĐ Huội Quảng,2025-11-28 14:00:00,0.0,0.0
-484,TĐ Huội Quảng,2025-11-28 15:00:00,0.0,0.0
-484,TĐ Huội Quảng,2025-11-28 16:00:00,0.0,0.0
-484,TĐ Huội Quảng,2025-11-28 17:00:00,0.0,0.0
-484,TĐ Huội Quảng,2025-11-28 18:00:00,0.0,0.0
-484,TĐ Huội Quảng,2025-11-28 19:00:00,0.0,0.0
-484,TĐ Huội Quảng,2025-11-28 20:00:00,0.0,0.0
-484,TĐ Huội Quảng,2025-11-28 21:00:00,0.0,0.0
-484,TĐ Huội Quảng,2025-11-28 22:00:00,0.0,0.0
-484,TĐ Huội Quảng,2025-11-28 23:00:00,0.0,0.0
-484,TĐ Huội Quảng,2025-11-29 00:00:00,0.0,0.0
-484,TĐ Huội Quảng,2025-11-29 01:00:00,0.0,0.0
-484,TĐ Huội Quảng,2025-11-29 02:00:00,0.0,0.0
-484,TĐ Huội Quảng,2025-11-29 03:00:00,0.0,0.0
-484,TĐ Huội Quảng,2025-11-29 04:00:00,0.0,0.0
-484,TĐ Huội Quảng,2025-11-29 05:00:00,0.0,0.0
-484,TĐ Huội Quảng,2025-11-29 06:00:00,0.0,0.0
-484,TĐ Huội Quảng,2025-11-29 07:00:00,0.0,0.0
-484,TĐ Huội Quảng,2025-11-29 08:00:00,0.0,0.0
-484,TĐ Huội Quảng,2025-11-29 09:00:00,0.0,0.0
-484,TĐ Huội Quảng,2025-11-29 10:00:00,0.0,0.0
-484,TĐ Huội Quảng,2025-11-29 11:00:00,0.0,0.0
-484,TĐ Huội Quảng,2025-11-29 12:00:00,0.20000000298023224,0.20000000298023224
-484,TĐ Huội Quảng,2025-11-29 13:00:00,0.0,0.20000000298023224
-484,TĐ Huội Quảng,2025-11-29 14:00:00,0.0,0.20000000298023224
-484,TĐ Huội Quảng,2025-11-29 15:00:00,0.0,0.20000000298023224
-484,TĐ Huội Quảng,2025-11-29 16:00:00,0.0,0.20000000298023224
-484,TĐ Huội Quảng,2025-11-29 17:00:00,0.0,0.20000000298023224
-484,TĐ Huội Quảng,2025-11-29 18:00:00,0.0,0.20000000298023224
-484,TĐ Huội Quảng,2025-11-29 19:00:00,0.0,0.20000000298023224
-484,TĐ Huội Quảng,2025-11-29 20:00:00,0.0,0.20000000298023224
-484,TĐ Huội Quảng,2025-11-29 21:00:00,0.0,0.20000000298023224
-484,TĐ Huội Quảng,2025-11-29 22:00:00,0.0,0.20000000298023224
-484,TĐ Huội Quảng,2025-11-29 23:00:00,0.0,0.20000000298023224
-484,TĐ Huội Quảng,2025-11-30 00:00:00,0.0,0.0
-484,TĐ Huội Quảng,2025-11-30 01:00:00,0.0,0.0
-484,TĐ Huội Quảng,2025-11-30 02:00:00,0.0,0.0
-484,TĐ Huội Quảng,2025-11-30 03:00:00,0.0,0.0
-484,TĐ Huội Quảng,2025-11-30 04:00:00,0.0,0.0
-484,TĐ Huội Quảng,2025-11-30 05:00:00,0.0,0.0
-484,TĐ Huội Quảng,2025-11-30 06:00:00,0.0,0.0
-484,TĐ Huội Quảng,2025-11-30 07:00:00,0.0,0.0
-484,TĐ Huội Quảng,2025-11-30 08:00:00,0.0,0.0
-484,TĐ Huội Quảng,2025-11-30 09:00:00,0.0,0.0
-484,TĐ Huội Quảng,2025-11-30 10:00:00,0.0,0.0
-484,TĐ Huội Quảng,2025-11-30 11:00:00,0.0,0.0
-484,TĐ Huội Quảng,2025-11-30 12:00:00,0.0,0.0
-484,TĐ Huội Quảng,2025-11-30 13:00:00,0.0,0.0
-484,TĐ Huội Quảng,2025-11-30 14:00:00,0.0,0.0
-484,TĐ Huội Quảng,2025-11-30 15:00:00,0.0,0.0
-484,TĐ Huội Quảng,2025-11-30 16:00:00,0.0,0.0
-484,TĐ Huội Quảng,2025-11-30 17:00:00,0.0,0.0
-484,TĐ Huội Quảng,2025-11-30 18:00:00,0.0,0.0
-484,TĐ Huội Quảng,2025-11-30 19:00:00,0.0,0.0
-484,TĐ Huội Quảng,2025-11-30 20:00:00,0.0,0.0
-484,TĐ Huội Quảng,2025-11-30 21:00:00,0.0,0.0
-484,TĐ Huội Quảng,2025-11-30 22:00:00,0.0,0.0
-484,TĐ Huội Quảng,2025-11-30 23:00:00,0.0,0.0
-484,TĐ Huội Quảng,2025-12-01 00:00:00,0.0,0.0
-484,TĐ Huội Quảng,2025-12-01 01:00:00,0.0,0.0
-484,TĐ Huội Quảng,2025-12-01 02:00:00,0.0,0.0
-484,TĐ Huội Quảng,2025-12-01 03:00:00,0.0,0.0
-484,TĐ Huội Quảng,2025-12-01 04:00:00,0.0,0.0
-484,TĐ Huội Quảng,2025-12-01 05:00:00,0.0,0.0
-484,TĐ Huội Quảng,2025-12-01 06:00:00,0.0,0.0
-484,TĐ Huội Quảng,2025-12-01 07:00:00,0.0,0.0
-484,TĐ Huội Quảng,2025-12-01 08:00:00,0.0,0.0
-484,TĐ Huội Quảng,2025-12-01 09:00:00,0.0,0.0
-484,TĐ Huội Quảng,2025-12-01 10:00:00,0.0,0.0
-484,TĐ Huội Quảng,2025-12-01 11:00:00,0.0,0.0
-484,TĐ Huội Quảng,2025-12-01 12:00:00,0.0,0.0
-484,TĐ Huội Quảng,2025-12-01 13:00:00,0.0,0.0
-484,TĐ Huội Quảng,2025-12-01 14:00:00,0.0,0.0
-484,TĐ Huội Quảng,2025-12-01 15:00:00,0.0,0.0
-484,TĐ Huội Quảng,2025-12-01 16:00:00,0.0,0.0
-484,TĐ Huội Quảng,2025-12-01 17:00:00,0.0,0.0
-484,TĐ Huội Quảng,2025-12-01 18:00:00,0.0,0.0
-484,TĐ Huội Quảng,2025-12-01 19:00:00,0.0,0.0
-484,TĐ Huội Quảng,2025-12-01 20:00:00,0.0,0.0
-484,TĐ Huội Quảng,2025-12-01 21:00:00,0.0,0.0
-484,TĐ Huội Quảng,2025-12-01 22:00:00,0.0,0.0
-484,TĐ Huội Quảng,2025-12-01 23:00:00,0.0,0.0
-484,TĐ Huội Quảng,2025-12-02 00:00:00,0.0,0.0
-484,TĐ Huội Quảng,2025-12-02 01:00:00,0.0,0.0
-484,TĐ Huội Quảng,2025-12-02 02:00:00,0.0,0.0
-484,TĐ Huội Quảng,2025-12-02 03:00:00,0.0,0.0
-484,TĐ Huội Quảng,2025-12-02 04:00:00,0.0,0.0
-484,TĐ Huội Quảng,2025-12-02 05:00:00,0.0,0.0
-484,TĐ Huội Quảng,2025-12-02 06:00:00,0.0,0.0
-484,TĐ Huội Quảng,2025-12-02 07:00:00,0.0,0.0
-484,TĐ Huội Quảng,2025-12-02 08:00:00,0.0,0.0
-484,TĐ Huội Quảng,2025-12-02 09:00:00,0.0,0.0
-484,TĐ Huội Quảng,2025-12-02 10:00:00,0.0,0.0
-484,TĐ Huội Quảng,2025-12-02 11:00:00,0.0,0.0
-484,TĐ Huội Quảng,2025-12-02 12:00:00,0.0,0.0
-484,TĐ Huội Quảng,2025-12-02 13:00:00,0.0,0.0
-484,TĐ Huội Quảng,2025-12-02 14:00:00,0.0,0.0
-484,TĐ Huội Quảng,2025-12-02 15:00:00,0.0,0.0
-484,TĐ Huội Quảng,2025-12-02 16:00:00,0.0,0.0
-484,TĐ Huội Quảng,2025-12-02 17:00:00,0.0,0.0
-484,TĐ Huội Quảng,2025-12-02 18:00:00,0.0,0.0
-484,TĐ Huội Quảng,2025-12-02 19:00:00,0.0,0.0
-484,TĐ Huội Quảng,2025-12-02 20:00:00,0.0,0.0
-484,TĐ Huội Quảng,2025-12-02 21:00:00,0.0,0.0
-484,TĐ Huội Quảng,2025-12-02 22:00:00,0.0,0.0
-484,TĐ Huội Quảng,2025-12-02 23:00:00,0.0,0.0
-484,TĐ Huội Quảng,2025-12-03 00:00:00,0.0,0.0
-484,TĐ Huội Quảng,2025-12-03 01:00:00,0.0,0.0
-484,TĐ Huội Quảng,2025-12-03 02:00:00,0.0,0.0
-484,TĐ Huội Quảng,2025-12-03 03:00:00,0.0,0.0
-484,TĐ Huội Quảng,2025-12-03 04:00:00,0.0,0.0
-484,TĐ Huội Quảng,2025-12-03 05:00:00,0.0,0.0
-484,TĐ Huội Quảng,2025-12-03 06:00:00,0.0,0.0
-484,TĐ Huội Quảng,2025-12-03 07:00:00,0.0,0.0
-484,TĐ Huội Quảng,2025-12-03 08:00:00,0.0,0.0
-484,TĐ Huội Quảng,2025-12-03 09:00:00,0.0,0.0
-484,TĐ Huội Quảng,2025-12-03 10:00:00,0.0,0.0
-484,TĐ Huội Quảng,2025-12-03 11:00:00,0.0,0.0
-484,TĐ Huội Quảng,2025-12-03 12:00:00,0.0,0.0
-484,TĐ Huội Quảng,2025-12-03 13:00:00,0.0,0.0
-484,TĐ Huội Quảng,2025-12-03 14:00:00,0.0,0.0
-484,TĐ Huội Quảng,2025-12-03 15:00:00,0.0,0.0
-484,TĐ Huội Quảng,2025-12-03 16:00:00,0.0,0.0
-484,TĐ Huội Quảng,2025-12-03 17:00:00,0.0,0.0
-484,TĐ Huội Quảng,2025-12-03 18:00:00,0.0,0.0
-484,TĐ Huội Quảng,2025-12-03 19:00:00,0.0,0.0
-484,TĐ Huội Quảng,2025-12-03 20:00:00,0.0,0.0
-484,TĐ Huội Quảng,2025-12-03 21:00:00,0.0,0.0
-484,TĐ Huội Quảng,2025-12-03 22:00:00,0.0,0.0
-484,TĐ Huội Quảng,2025-12-03 23:00:00,0.0,0.0
-484,TĐ Huội Quảng,2025-12-04 00:00:00,0.0,0.0
-484,TĐ Huội Quảng,2025-12-04 01:00:00,0.0,0.0
-484,TĐ Huội Quảng,2025-12-04 02:00:00,0.0,0.0
-484,TĐ Huội Quảng,2025-12-04 03:00:00,0.0,0.0
-484,TĐ Huội Quảng,2025-12-04 04:00:00,0.0,0.0
-484,TĐ Huội Quảng,2025-12-04 05:00:00,0.0,0.0
-484,TĐ Huội Quảng,2025-12-04 06:00:00,0.0,0.0
-484,TĐ Huội Quảng,2025-12-04 07:00:00,0.0,0.0
-484,TĐ Huội Quảng,2025-12-04 08:00:00,0.0,0.0
-484,TĐ Huội Quảng,2025-12-04 09:00:00,0.0,0.0
-484,TĐ Huội Quảng,2025-12-04 10:00:00,0.0,0.0
-484,TĐ Huội Quảng,2025-12-04 11:00:00,0.0,0.0
-484,TĐ Huội Quảng,2025-12-04 12:00:00,0.0,0.0
-484,TĐ Huội Quảng,2025-12-04 13:00:00,0.0,0.0
-484,TĐ Huội Quảng,2025-12-04 14:00:00,0.0,0.0
-484,TĐ Huội Quảng,2025-12-04 15:00:00,0.0,0.0
-484,TĐ Huội Quảng,2025-12-04 16:00:00,0.0,0.0
-484,TĐ Huội Quảng,2025-12-04 17:00:00,0.0,0.0
-484,TĐ Huội Quảng,2025-12-04 18:00:00,0.0,0.0
-484,TĐ Huội Quảng,2025-12-04 19:00:00,0.0,0.0
-484,TĐ Huội Quảng,2025-12-04 20:00:00,0.0,0.0
-484,TĐ Huội Quảng,2025-12-04 21:00:00,0.0,0.0
-484,TĐ Huội Quảng,2025-12-04 22:00:00,0.0,0.0
-484,TĐ Huội Quảng,2025-12-04 23:00:00,0.0,0.0
-484,TĐ Huội Quảng,2025-12-05 00:00:00,0.0,0.0
-484,TĐ Huội Quảng,2025-12-05 01:00:00,0.0,0.0
-484,TĐ Huội Quảng,2025-12-05 02:00:00,0.0,0.0
-484,TĐ Huội Quảng,2025-12-05 03:00:00,0.0,0.0
-484,TĐ Huội Quảng,2025-12-05 04:00:00,0.0,0.0
-484,TĐ Huội Quảng,2025-12-05 05:00:00,0.0,0.0
-484,TĐ Huội Quảng,2025-12-05 06:00:00,0.0,0.0
-484,TĐ Huội Quảng,2025-12-05 07:00:00,0.0,0.0
-484,TĐ Huội Quảng,2025-12-05 08:00:00,0.0,0.0
-484,TĐ Huội Quảng,2025-12-05 09:00:00,0.0,0.0
-484,TĐ Huội Quảng,2025-12-05 10:00:00,0.0,0.0
-484,TĐ Huội Quảng,2025-12-05 11:00:00,0.0,0.0
-484,TĐ Huội Quảng,2025-12-05 12:00:00,0.0,0.0
-484,TĐ Huội Quảng,2025-12-05 13:00:00,0.0,0.0
-484,TĐ Huội Quảng,2025-12-05 14:00:00,0.0,0.0
-484,TĐ Huội Quảng,2025-12-05 15:00:00,0.0,0.0
-484,TĐ Huội Quảng,2025-12-05 16:00:00,0.0,0.0
-484,TĐ Huội Quảng,2025-12-05 17:00:00,0.0,0.0
-484,TĐ Huội Quảng,2025-12-05 18:00:00,0.0,0.0
-484,TĐ Huội Quảng,2025-12-05 19:00:00,0.0,0.0
-484,TĐ Huội Quảng,2025-12-05 20:00:00,0.0,0.0
-484,TĐ Huội Quảng,2025-12-05 21:00:00,0.0,0.0
-484,TĐ Huội Quảng,2025-12-05 22:00:00,0.0,0.0
-484,TĐ Huội Quảng,2025-12-05 23:00:00,0.0,0.0
-484,TĐ Huội Quảng,2025-12-06 00:00:00,0.0,0.0
-484,TĐ Huội Quảng,2025-12-06 01:00:00,0.0,0.0
-484,TĐ Huội Quảng,2025-12-06 02:00:00,0.0,0.0
-484,TĐ Huội Quảng,2025-12-06 03:00:00,0.0,0.0
-484,TĐ Huội Quảng,2025-12-06 04:00:00,0.0,0.0
-484,TĐ Huội Quảng,2025-12-06 05:00:00,0.0,0.0
-484,TĐ Huội Quảng,2025-12-06 06:00:00,0.0,0.0
-484,TĐ Huội Quảng,2025-12-06 07:00:00,0.0,0.0
-484,TĐ Huội Quảng,2025-12-06 08:00:00,0.0,0.0
-484,TĐ Huội Quảng,2025-12-06 09:00:00,0.0,0.0
-484,TĐ Huội Quảng,2025-12-06 10:00:00,0.0,0.0
-484,TĐ Huội Quảng,2025-12-06 11:00:00,0.0,0.0
-484,TĐ Huội Quảng,2025-12-06 12:00:00,0.0,0.0
-484,TĐ Huội Quảng,2025-12-06 13:00:00,0.0,0.0
-484,TĐ Huội Quảng,2025-12-06 14:00:00,0.0,0.0
-484,TĐ Huội Quảng,2025-12-06 15:00:00,0.0,0.0
-484,TĐ Huội Quảng,2025-12-06 16:00:00,0.0,0.0
-484,TĐ Huội Quảng,2025-12-06 17:00:00,0.0,0.0
-484,TĐ Huội Quảng,2025-12-06 18:00:00,0.0,0.0
-484,TĐ Huội Quảng,2025-12-06 19:00:00,0.0,0.0
-484,TĐ Huội Quảng,2025-12-06 20:00:00,0.0,0.0
-484,TĐ Huội Quảng,2025-12-06 21:00:00,0.0,0.0
-484,TĐ Huội Quảng,2025-12-06 22:00:00,0.0,0.0
-484,TĐ Huội Quảng,2025-12-06 23:00:00,0.0,0.0
-484,TĐ Huội Quảng,2025-12-07 00:00:00,0.0,0.0
-484,TĐ Huội Quảng,2025-12-07 01:00:00,0.0,0.0
-484,TĐ Huội Quảng,2025-12-07 02:00:00,0.0,0.0
-484,TĐ Huội Quảng,2025-12-07 03:00:00,0.0,0.0
-484,TĐ Huội Quảng,2025-12-07 04:00:00,0.0,0.0
-484,TĐ Huội Quảng,2025-12-07 05:00:00,0.0,0.0
-484,TĐ Huội Quảng,2025-12-07 06:00:00,0.0,0.0
-484,TĐ Huội Quảng,2025-12-07 07:00:00,0.0,0.0
-484,TĐ Huội Quảng,2025-12-07 08:00:00,0.0,0.0
-484,TĐ Huội Quảng,2025-12-07 09:00:00,0.0,0.0
-484,TĐ Huội Quảng,2025-12-07 10:00:00,0.0,0.0
-484,TĐ Huội Quảng,2025-12-07 11:00:00,0.0,0.0
-484,TĐ Huội Quảng,2025-12-07 12:00:00,0.0,0.0
-484,TĐ Huội Quảng,2025-12-07 13:00:00,0.0,0.0
-484,TĐ Huội Quảng,2025-12-07 14:00:00,0.0,0.0
-484,TĐ Huội Quảng,2025-12-07 15:00:00,0.0,0.0
-484,TĐ Huội Quảng,2025-12-07 16:00:00,0.0,0.0
-484,TĐ Huội Quảng,2025-12-07 17:00:00,0.0,0.0
-484,TĐ Huội Quảng,2025-12-07 18:00:00,0.0,0.0
-484,TĐ Huội Quảng,2025-12-07 19:00:00,0.0,0.0
-484,TĐ Huội Quảng,2025-12-07 20:00:00,0.0,0.0
-484,TĐ Huội Quảng,2025-12-07 21:00:00,0.0,0.0
-484,TĐ Huội Quảng,2025-12-07 22:00:00,0.0,0.0
-484,TĐ Huội Quảng,2025-12-07 23:00:00,0.0,0.0
-484,TĐ Huội Quảng,2025-12-08 00:00:00,0.0,0.0
-484,TĐ Huội Quảng,2025-12-08 01:00:00,0.0,0.0
-484,TĐ Huội Quảng,2025-12-08 02:00:00,0.0,0.0
-484,TĐ Huội Quảng,2025-12-08 03:00:00,0.0,0.0
-484,TĐ Huội Quảng,2025-12-08 04:00:00,0.0,0.0
-484,TĐ Huội Quảng,2025-12-08 05:00:00,0.0,0.0
-484,TĐ Huội Quảng,2025-12-08 06:00:00,0.0,0.0
-484,TĐ Huội Quảng,2025-12-08 07:00:00,0.0,0.0
-484,TĐ Huội Quảng,2025-12-08 08:00:00,0.0,0.0
-484,TĐ Huội Quảng,2025-12-08 09:00:00,0.0,0.0
-484,TĐ Huội Quảng,2025-12-08 10:00:00,0.0,0.0
-484,TĐ Huội Quảng,2025-12-08 11:00:00,0.0,0.0
-484,TĐ Huội Quảng,2025-12-08 12:00:00,0.0,0.0
-484,TĐ Huội Quảng,2025-12-08 13:00:00,0.0,0.0
-484,TĐ Huội Quảng,2025-12-08 14:00:00,0.0,0.0
-484,TĐ Huội Quảng,2025-12-08 15:00:00,0.0,0.0
-484,TĐ Huội Quảng,2025-12-08 16:00:00,0.0,0.0
-484,TĐ Huội Quảng,2025-12-08 17:00:00,0.0,0.0
-484,TĐ Huội Quảng,2025-12-08 18:00:00,0.0,0.0
-484,TĐ Huội Quảng,2025-12-08 19:00:00,0.0,0.0
-484,TĐ Huội Quảng,2025-12-08 20:00:00,0.0,0.0
-484,TĐ Huội Quảng,2025-12-08 21:00:00,0.0,0.0
-484,TĐ Huội Quảng,2025-12-08 22:00:00,0.0,0.0
-484,TĐ Huội Quảng,2025-12-08 23:00:00,0.0,0.0
-484,TĐ Huội Quảng,2025-12-09 00:00:00,0.0,0.0
-484,TĐ Huội Quảng,2025-12-09 01:00:00,0.0,0.0
-484,TĐ Huội Quảng,2025-12-09 02:00:00,0.0,0.0
-484,TĐ Huội Quảng,2025-12-09 03:00:00,0.0,0.0
-484,TĐ Huội Quảng,2025-12-09 04:00:00,0.0,0.0
-484,TĐ Huội Quảng,2025-12-09 05:00:00,0.0,0.0
-484,TĐ Huội Quảng,2025-12-09 06:00:00,0.0,0.0
-484,TĐ Huội Quảng,2025-12-09 07:00:00,0.0,0.0
-484,TĐ Huội Quảng,2025-12-09 08:00:00,0.0,0.0
-484,TĐ Huội Quảng,2025-12-09 09:00:00,0.0,0.0
-484,TĐ Huội Quảng,2025-12-09 10:00:00,0.0,0.0
-484,TĐ Huội Quảng,2025-12-09 11:00:00,0.0,0.0
-484,TĐ Huội Quảng,2025-12-09 12:00:00,0.0,0.0
-484,TĐ Huội Quảng,2025-12-09 13:00:00,0.0,0.0
-484,TĐ Huội Quảng,2025-12-09 14:00:00,0.0,0.0
-484,TĐ Huội Quảng,2025-12-09 15:00:00,0.0,0.0
-484,TĐ Huội Quảng,2025-12-09 16:00:00,0.0,0.0
-484,TĐ Huội Quảng,2025-12-09 17:00:00,0.0,0.0
-484,TĐ Huội Quảng,2025-12-09 18:00:00,0.0,0.0
-484,TĐ Huội Quảng,2025-12-09 19:00:00,0.0,0.0
-484,TĐ Huội Quảng,2025-12-09 20:00:00,0.0,0.0
-484,TĐ Huội Quảng,2025-12-09 21:00:00,0.0,0.0
-484,TĐ Huội Quảng,2025-12-09 22:00:00,0.0,0.0
-484,TĐ Huội Quảng,2025-12-09 23:00:00,0.0,0.0
-484,TĐ Huội Quảng,2025-12-10 00:00:00,0.0,0.0
-484,TĐ Huội Quảng,2025-12-10 01:00:00,0.0,0.0
-484,TĐ Huội Quảng,2025-12-10 02:00:00,0.0,0.0
-484,TĐ Huội Quảng,2025-12-10 03:00:00,0.0,0.0
-484,TĐ Huội Quảng,2025-12-10 04:00:00,0.0,0.0
-484,TĐ Huội Quảng,2025-12-10 05:00:00,0.0,0.0
-484,TĐ Huội Quảng,2025-12-10 06:00:00,0.0,0.0
-484,TĐ Huội Quảng,2025-12-10 07:00:00,0.0,0.0
-484,TĐ Huội Quảng,2025-12-10 08:00:00,0.0,0.0
-484,TĐ Huội Quảng,2025-12-10 09:00:00,0.0,0.0
-484,TĐ Huội Quảng,2025-12-10 10:00:00,0.0,0.0
-484,TĐ Huội Quảng,2025-12-10 11:00:00,0.0,0.0
-484,TĐ Huội Quảng,2025-12-10 12:00:00,0.0,0.0
-484,TĐ Huội Quảng,2025-12-10 13:00:00,0.0,0.0
-484,TĐ Huội Quảng,2025-12-10 14:00:00,0.0,0.0
-484,TĐ Huội Quảng,2025-12-10 15:00:00,0.0,0.0
-484,TĐ Huội Quảng,2025-12-10 16:00:00,0.0,0.0
-484,TĐ Huội Quảng,2025-12-10 17:00:00,0.0,0.0
-484,TĐ Huội Quảng,2025-12-10 18:00:00,0.0,0.0
-484,TĐ Huội Quảng,2025-12-10 19:00:00,0.0,0.0
-484,TĐ Huội Quảng,2025-12-10 20:00:00,0.0,0.0
-484,TĐ Huội Quảng,2025-12-10 21:00:00,0.0,0.0
-484,TĐ Huội Quảng,2025-12-10 22:00:00,0.0,0.0
-484,TĐ Huội Quảng,2025-12-10 23:00:00,0.0,0.0
-484,TĐ Huội Quảng,2025-12-11 00:00:00,0.0,0.0
-484,TĐ Huội Quảng,2025-12-11 01:00:00,0.0,0.0
-484,TĐ Huội Quảng,2025-12-11 02:00:00,0.0,0.0
-484,TĐ Huội Quảng,2025-12-11 03:00:00,0.0,0.0
-484,TĐ Huội Quảng,2025-12-11 04:00:00,0.0,0.0
-484,TĐ Huội Quảng,2025-12-11 05:00:00,0.0,0.0
-484,TĐ Huội Quảng,2025-12-11 06:00:00,0.0,0.0
-484,TĐ Huội Quảng,2025-12-11 07:00:00,0.0,0.0
-484,TĐ Huội Quảng,2025-12-11 08:00:00,0.0,0.0
-484,TĐ Huội Quảng,2025-12-11 09:00:00,0.0,0.0
-484,TĐ Huội Quảng,2025-12-11 10:00:00,0.0,0.0
-484,TĐ Huội Quảng,2025-12-11 11:00:00,0.0,0.0
-484,TĐ Huội Quảng,2025-12-11 12:00:00,0.0,0.0
-484,TĐ Huội Quảng,2025-12-11 13:00:00,0.0,0.0
-484,TĐ Huội Quảng,2025-12-11 14:00:00,0.0,0.0
-484,TĐ Huội Quảng,2025-12-11 15:00:00,0.0,0.0
-484,TĐ Huội Quảng,2025-12-11 16:00:00,0.0,0.0
-484,TĐ Huội Quảng,2025-12-11 17:00:00,1.0,1.0
-484,TĐ Huội Quảng,2025-12-11 18:00:00,0.6000000238418579,1.600000023841858
-484,TĐ Huội Quảng,2025-12-11 19:00:00,2.0,3.600000023841858
-484,TĐ Huội Quảng,2025-12-11 20:00:00,1.399999976158142,5.0
-484,TĐ Huội Quảng,2025-12-11 21:00:00,2.0,7.0
-484,TĐ Huội Quảng,2025-12-11 22:00:00,2.200000047683716,9.200000047683716
-484,TĐ Huội Quảng,2025-12-11 23:00:00,1.600000023841858,10.800000071525574
-484,TĐ Huội Quảng,2025-12-12 00:00:00,0.20000000298023224,7.400000050663948
-484,TĐ Huội Quảng,2025-12-12 01:00:00,0.0,7.400000050663948
-484,TĐ Huội Quảng,2025-12-12 02:00:00,0.0,7.400000050663948
-484,TĐ Huội Quảng,2025-12-12 03:00:00,0.800000011920929,8.200000062584877
-484,TĐ Huội Quảng,2025-12-12 04:00:00,0.0,8.200000062584877
-484,TĐ Huội Quảng,2025-12-12 05:00:00,0.0,8.200000062584877
-484,TĐ Huội Quảng,2025-12-12 06:00:00,0.20000000298023224,8.40000006556511
-484,TĐ Huội Quảng,2025-12-12 07:00:00,2.200000047683716,10.600000113248825
-484,TĐ Huội Quảng,2025-12-12 08:00:00,2.0,12.600000113248825
-484,TĐ Huội Quảng,2025-12-12 09:00:00,0.20000000298023224,12.800000116229057
-484,TĐ Huội Quảng,2025-12-12 10:00:00,0.0,12.800000116229057
-484,TĐ Huội Quảng,2025-12-12 11:00:00,0.4000000059604645,13.200000122189522
-484,TĐ Huội Quảng,2025-12-12 12:00:00,1.399999976158142,14.600000098347664
-484,TĐ Huội Quảng,2025-12-12 13:00:00,0.0,14.600000098347664
-484,TĐ Huội Quảng,2025-12-12 14:00:00,0.6000000238418579,15.200000122189522
-484,TĐ Huội Quảng,2025-12-12 15:00:00,0.0,15.200000122189522
-484,TĐ Huội Quảng,2025-12-12 16:00:00,0.0,15.200000122189522
-484,TĐ Huội Quảng,2025-12-12 17:00:00,0.0,15.200000122189522
-484,TĐ Huội Quảng,2025-12-12 18:00:00,0.0,15.200000122189522
-484,TĐ Huội Quảng,2025-12-12 19:00:00,0.0,15.200000122189522
-484,TĐ Huội Quảng,2025-12-12 20:00:00,0.0,15.200000122189522
-484,TĐ Huội Quảng,2025-12-12 21:00:00,0.0,15.200000122189522
-484,TĐ Huội Quảng,2025-12-12 22:00:00,0.0,15.200000122189522
-484,TĐ Huội Quảng,2025-12-12 23:00:00,0.0,15.200000122189522
-484,TĐ Huội Quảng,2025-12-13 00:00:00,0.0,0.0
-484,TĐ Huội Quảng,2025-12-13 01:00:00,0.0,0.0
-484,TĐ Huội Quảng,2025-12-13 02:00:00,0.0,0.0
-484,TĐ Huội Quảng,2025-12-13 03:00:00,0.0,0.0
-484,TĐ Huội Quảng,2025-12-13 04:00:00,0.0,0.0
-484,TĐ Huội Quảng,2025-12-13 05:00:00,0.0,0.0
-484,TĐ Huội Quảng,2025-12-13 06:00:00,0.0,0.0
-484,TĐ Huội Quảng,2025-12-13 07:00:00,0.0,0.0
-484,TĐ Huội Quảng,2025-12-13 08:00:00,0.0,0.0
-484,TĐ Huội Quảng,2025-12-13 09:00:00,0.0,0.0
-484,TĐ Huội Quảng,2025-12-13 10:00:00,0.0,0.0
-484,TĐ Huội Quảng,2025-12-13 11:00:00,0.0,0.0
-484,TĐ Huội Quảng,2025-12-13 12:00:00,0.0,0.0
-484,TĐ Huội Quảng,2025-12-13 13:00:00,0.0,0.0
-484,TĐ Huội Quảng,2025-12-13 14:00:00,0.0,0.0
-484,TĐ Huội Quảng,2025-12-13 15:00:00,0.0,0.0
-484,TĐ Huội Quảng,2025-12-13 16:00:00,0.0,0.0
-484,TĐ Huội Quảng,2025-12-13 17:00:00,0.0,0.0
-484,TĐ Huội Quảng,2025-12-13 18:00:00,0.0,0.0
-484,TĐ Huội Quảng,2025-12-13 19:00:00,0.0,0.0
-484,TĐ Huội Quảng,2025-12-13 20:00:00,0.0,0.0
-484,TĐ Huội Quảng,2025-12-13 21:00:00,0.0,0.0
-484,TĐ Huội Quảng,2025-12-13 22:00:00,0.0,0.0
-484,TĐ Huội Quảng,2025-12-13 23:00:00,0.0,0.0
-484,TĐ Huội Quảng,2025-12-14 00:00:00,0.0,0.0
-484,TĐ Huội Quảng,2025-12-14 01:00:00,0.0,0.0
-484,TĐ Huội Quảng,2025-12-14 02:00:00,0.0,0.0
-484,TĐ Huội Quảng,2025-12-14 03:00:00,0.0,0.0
-484,TĐ Huội Quảng,2025-12-14 04:00:00,0.0,0.0
-484,TĐ Huội Quảng,2025-12-14 05:00:00,0.0,0.0
-484,TĐ Huội Quảng,2025-12-14 06:00:00,0.0,0.0
-484,TĐ Huội Quảng,2025-12-14 07:00:00,0.0,0.0
-484,TĐ Huội Quảng,2025-12-14 08:00:00,0.0,0.0
-484,TĐ Huội Quảng,2025-12-14 09:00:00,0.0,0.0
-484,TĐ Huội Quảng,2025-12-14 10:00:00,0.0,0.0
-484,TĐ Huội Quảng,2025-12-14 11:00:00,0.0,0.0
-484,TĐ Huội Quảng,2025-12-14 12:00:00,0.0,0.0
-484,TĐ Huội Quảng,2025-12-14 13:00:00,0.0,0.0
-484,TĐ Huội Quảng,2025-12-14 14:00:00,0.0,0.0
-484,TĐ Huội Quảng,2025-12-14 15:00:00,0.0,0.0
-484,TĐ Huội Quảng,2025-12-14 16:00:00,0.0,0.0
-484,TĐ Huội Quảng,2025-12-14 17:00:00,0.0,0.0
-484,TĐ Huội Quảng,2025-12-14 18:00:00,0.0,0.0
-484,TĐ Huội Quảng,2025-12-14 19:00:00,0.0,0.0
-484,TĐ Huội Quảng,2025-12-14 20:00:00,0.0,0.0
-484,TĐ Huội Quảng,2025-12-14 21:00:00,0.0,0.0
-484,TĐ Huội Quảng,2025-12-14 22:00:00,0.0,0.0
-484,TĐ Huội Quảng,2025-12-14 23:00:00,0.0,0.0
-484,TĐ Huội Quảng,2025-12-15 00:00:00,0.0,0.0
-484,TĐ Huội Quảng,2025-12-15 01:00:00,0.0,0.0
-484,TĐ Huội Quảng,2025-12-15 02:00:00,0.0,0.0
-484,TĐ Huội Quảng,2025-12-15 03:00:00,0.0,0.0
-484,TĐ Huội Quảng,2025-12-15 04:00:00,0.0,0.0
-484,TĐ Huội Quảng,2025-12-15 05:00:00,0.0,0.0
-484,TĐ Huội Quảng,2025-12-15 06:00:00,0.0,0.0
-484,TĐ Huội Quảng,2025-12-15 07:00:00,0.0,0.0
-484,TĐ Huội Quảng,2025-12-15 08:00:00,0.0,0.0
-484,TĐ Huội Quảng,2025-12-15 09:00:00,0.0,0.0
-484,TĐ Huội Quảng,2025-12-15 10:00:00,0.0,0.0
-484,TĐ Huội Quảng,2025-12-15 11:00:00,0.0,0.0
-484,TĐ Huội Quảng,2025-12-15 12:00:00,0.0,0.0
-484,TĐ Huội Quảng,2025-12-15 13:00:00,0.0,0.0
-484,TĐ Huội Quảng,2025-12-15 14:00:00,0.0,0.0
-484,TĐ Huội Quảng,2025-12-15 15:00:00,0.0,0.0
-484,TĐ Huội Quảng,2025-12-15 16:00:00,0.0,0.0
-484,TĐ Huội Quảng,2025-12-15 17:00:00,0.0,0.0
-484,TĐ Huội Quảng,2025-12-15 18:00:00,0.0,0.0
-484,TĐ Huội Quảng,2025-12-15 19:00:00,0.0,0.0
-484,TĐ Huội Quảng,2025-12-15 20:00:00,0.0,0.0
-484,TĐ Huội Quảng,2025-12-15 21:00:00,0.0,0.0
-484,TĐ Huội Quảng,2025-12-15 22:00:00,0.0,0.0
-484,TĐ Huội Quảng,2025-12-15 23:00:00,0.0,0.0
-484,TĐ Huội Quảng,2025-12-16 00:00:00,0.0,0.0
-484,TĐ Huội Quảng,2025-12-16 01:00:00,0.0,0.0
-484,TĐ Huội Quảng,2025-12-16 02:00:00,0.0,0.0
-484,TĐ Huội Quảng,2025-12-16 03:00:00,0.0,0.0
-484,TĐ Huội Quảng,2025-12-16 04:00:00,0.0,0.0
-484,TĐ Huội Quảng,2025-12-16 05:00:00,0.0,0.0
-484,TĐ Huội Quảng,2025-12-16 06:00:00,0.0,0.0
-484,TĐ Huội Quảng,2025-12-16 07:00:00,0.0,0.0
-484,TĐ Huội Quảng,2025-12-16 08:00:00,0.0,0.0
-484,TĐ Huội Quảng,2025-12-16 09:00:00,0.0,0.0
-484,TĐ Huội Quảng,2025-12-16 10:00:00,0.0,0.0
-484,TĐ Huội Quảng,2025-12-16 11:00:00,0.0,0.0
-484,TĐ Huội Quảng,2025-12-16 12:00:00,0.0,0.0
-484,TĐ Huội Quảng,2025-12-16 13:00:00,0.0,0.0
-484,TĐ Huội Quảng,2025-12-16 14:00:00,0.0,0.0
-484,TĐ Huội Quảng,2025-12-16 15:00:00,0.0,0.0
-484,TĐ Huội Quảng,2025-12-16 16:00:00,0.0,0.0
-484,TĐ Huội Quảng,2025-12-16 17:00:00,0.0,0.0
-484,TĐ Huội Quảng,2025-12-16 18:00:00,0.0,0.0
-484,TĐ Huội Quảng,2025-12-16 19:00:00,0.0,0.0
-484,TĐ Huội Quảng,2025-12-16 20:00:00,0.0,0.0
-484,TĐ Huội Quảng,2025-12-16 21:00:00,0.0,0.0
-484,TĐ Huội Quảng,2025-12-16 22:00:00,0.0,0.0
-484,TĐ Huội Quảng,2025-12-16 23:00:00,0.0,0.0
-484,TĐ Huội Quảng,2025-12-17 00:00:00,0.0,0.0
-484,TĐ Huội Quảng,2025-12-17 01:00:00,0.0,0.0
-484,TĐ Huội Quảng,2025-12-17 02:00:00,0.0,0.0
-484,TĐ Huội Quảng,2025-12-17 03:00:00,0.0,0.0
-484,TĐ Huội Quảng,2025-12-17 04:00:00,0.0,0.0
-484,TĐ Huội Quảng,2025-12-17 05:00:00,0.0,0.0
-484,TĐ Huội Quảng,2025-12-17 06:00:00,0.0,0.0
-484,TĐ Huội Quảng,2025-12-17 07:00:00,0.0,0.0
-484,TĐ Huội Quảng,2025-12-17 08:00:00,0.0,0.0
-484,TĐ Huội Quảng,2025-12-17 09:00:00,0.0,0.0
-484,TĐ Huội Quảng,2025-12-17 10:00:00,0.0,0.0
-484,TĐ Huội Quảng,2025-12-17 11:00:00,0.0,0.0
-484,TĐ Huội Quảng,2025-12-17 12:00:00,0.0,0.0
-484,TĐ Huội Quảng,2025-12-17 13:00:00,0.0,0.0
-484,TĐ Huội Quảng,2025-12-17 14:00:00,0.0,0.0
-484,TĐ Huội Quảng,2025-12-17 15:00:00,0.0,0.0
-484,TĐ Huội Quảng,2025-12-17 16:00:00,0.0,0.0
-484,TĐ Huội Quảng,2025-12-17 17:00:00,0.0,0.0
-484,TĐ Huội Quảng,2025-12-17 18:00:00,0.0,0.0
-484,TĐ Huội Quảng,2025-12-17 19:00:00,0.0,0.0
-484,TĐ Huội Quảng,2025-12-17 20:00:00,0.0,0.0
-484,TĐ Huội Quảng,2025-12-17 21:00:00,0.0,0.0
-484,TĐ Huội Quảng,2025-12-17 22:00:00,0.0,0.0
-484,TĐ Huội Quảng,2025-12-17 23:00:00,0.0,0.0
-484,TĐ Huội Quảng,2025-12-18 00:00:00,0.0,0.0
-484,TĐ Huội Quảng,2025-12-18 01:00:00,0.0,0.0
-484,TĐ Huội Quảng,2025-12-18 02:00:00,0.0,0.0
-484,TĐ Huội Quảng,2025-12-18 03:00:00,0.0,0.0
-484,TĐ Huội Quảng,2025-12-18 04:00:00,0.0,0.0
-484,TĐ Huội Quảng,2025-12-18 05:00:00,0.0,0.0
-484,TĐ Huội Quảng,2025-12-18 06:00:00,0.0,0.0
-484,TĐ Huội Quảng,2025-12-18 07:00:00,0.0,0.0
-484,TĐ Huội Quảng,2025-12-18 08:00:00,0.0,0.0
-484,TĐ Huội Quảng,2025-12-18 09:00:00,0.0,0.0
-484,TĐ Huội Quảng,2025-12-18 10:00:00,0.0,0.0
-484,TĐ Huội Quảng,2025-12-18 11:00:00,0.0,0.0
-484,TĐ Huội Quảng,2025-12-18 12:00:00,0.0,0.0
-484,TĐ Huội Quảng,2025-12-18 13:00:00,0.0,0.0
-484,TĐ Huội Quảng,2025-12-18 14:00:00,0.0,0.0
-484,TĐ Huội Quảng,2025-12-18 15:00:00,0.0,0.0
-484,TĐ Huội Quảng,2025-12-18 16:00:00,0.20000000298023224,0.20000000298023224
-484,TĐ Huội Quảng,2025-12-18 17:00:00,0.0,0.20000000298023224
-484,TĐ Huội Quảng,2025-12-18 18:00:00,0.0,0.20000000298023224
-484,TĐ Huội Quảng,2025-12-18 19:00:00,0.0,0.20000000298023224
-484,TĐ Huội Quảng,2025-12-18 20:00:00,0.0,0.20000000298023224
-484,TĐ Huội Quảng,2025-12-18 21:00:00,0.0,0.20000000298023224
-484,TĐ Huội Quảng,2025-12-18 22:00:00,0.0,0.20000000298023224
-484,TĐ Huội Quảng,2025-12-18 23:00:00,0.0,0.20000000298023224
-484,TĐ Huội Quảng,2025-12-19 00:00:00,0.0,0.0
-484,TĐ Huội Quảng,2025-12-19 01:00:00,0.0,0.0
-484,TĐ Huội Quảng,2025-12-19 02:00:00,0.0,0.0
-484,TĐ Huội Quảng,2025-12-19 03:00:00,0.0,0.0
-484,TĐ Huội Quảng,2025-12-19 04:00:00,0.0,0.0
-484,TĐ Huội Quảng,2025-12-19 05:00:00,0.0,0.0
-484,TĐ Huội Quảng,2025-12-19 06:00:00,0.0,0.0
-484,TĐ Huội Quảng,2025-12-19 07:00:00,0.0,0.0
-484,TĐ Huội Quảng,2025-12-19 08:00:00,0.0,0.0
-484,TĐ Huội Quảng,2025-12-19 09:00:00,0.0,0.0
-484,TĐ Huội Quảng,2025-12-19 10:00:00,0.0,0.0
-484,TĐ Huội Quảng,2025-12-19 11:00:00,0.0,0.0
-484,TĐ Huội Quảng,2025-12-19 12:00:00,0.0,0.0
-484,TĐ Huội Quảng,2025-12-19 13:00:00,0.0,0.0
-484,TĐ Huội Quảng,2025-12-19 14:00:00,0.0,0.0
-484,TĐ Huội Quảng,2025-12-19 15:00:00,0.0,0.0
-484,TĐ Huội Quảng,2025-12-19 16:00:00,0.0,0.0
-484,TĐ Huội Quảng,2025-12-19 17:00:00,0.0,0.0
-484,TĐ Huội Quảng,2025-12-19 18:00:00,0.0,0.0
-484,TĐ Huội Quảng,2025-12-19 19:00:00,0.0,0.0
-484,TĐ Huội Quảng,2025-12-19 20:00:00,0.0,0.0
-484,TĐ Huội Quảng,2025-12-19 21:00:00,0.0,0.0
-484,TĐ Huội Quảng,2025-12-19 22:00:00,0.0,0.0
-484,TĐ Huội Quảng,2025-12-19 23:00:00,0.0,0.0
-484,TĐ Huội Quảng,2025-12-20 00:00:00,0.0,0.0
-484,TĐ Huội Quảng,2025-12-20 01:00:00,0.0,0.0
-484,TĐ Huội Quảng,2025-12-20 02:00:00,0.0,0.0
-484,TĐ Huội Quảng,2025-12-20 03:00:00,0.0,0.0
-484,TĐ Huội Quảng,2025-12-20 04:00:00,0.0,0.0
-484,TĐ Huội Quảng,2025-12-20 05:00:00,0.0,0.0
-484,TĐ Huội Quảng,2025-12-20 06:00:00,0.0,0.0
-484,TĐ Huội Quảng,2025-12-20 07:00:00,0.0,0.0
-484,TĐ Huội Quảng,2025-12-20 08:00:00,0.0,0.0
-484,TĐ Huội Quảng,2025-12-20 09:00:00,0.0,0.0
-484,TĐ Huội Quảng,2025-12-20 10:00:00,0.0,0.0
-484,TĐ Huội Quảng,2025-12-20 11:00:00,0.0,0.0
-484,TĐ Huội Quảng,2025-12-20 12:00:00,0.0,0.0
-484,TĐ Huội Quảng,2025-12-20 13:00:00,0.0,0.0
-484,TĐ Huội Quảng,2025-12-20 14:00:00,0.0,0.0
-484,TĐ Huội Quảng,2025-12-20 15:00:00,0.0,0.0
-484,TĐ Huội Quảng,2025-12-20 16:00:00,0.0,0.0
-484,TĐ Huội Quảng,2025-12-20 17:00:00,0.0,0.0
-484,TĐ Huội Quảng,2025-12-20 18:00:00,0.0,0.0
-484,TĐ Huội Quảng,2025-12-20 19:00:00,0.0,0.0
-484,TĐ Huội Quảng,2025-12-20 20:00:00,0.0,0.0
-484,TĐ Huội Quảng,2025-12-20 21:00:00,0.0,0.0
-484,TĐ Huội Quảng,2025-12-20 22:00:00,0.0,0.0
-484,TĐ Huội Quảng,2025-12-20 23:00:00,0.0,0.0
-484,TĐ Huội Quảng,2025-12-21 00:00:00,0.0,0.0
-484,TĐ Huội Quảng,2025-12-21 01:00:00,0.0,0.0
-484,TĐ Huội Quảng,2025-12-21 02:00:00,0.0,0.0
-484,TĐ Huội Quảng,2025-12-21 03:00:00,0.0,0.0
-484,TĐ Huội Quảng,2025-12-21 04:00:00,0.0,0.0
-484,TĐ Huội Quảng,2025-12-21 05:00:00,0.0,0.0
-484,TĐ Huội Quảng,2025-12-21 06:00:00,0.0,0.0
-484,TĐ Huội Quảng,2025-12-21 07:00:00,0.0,0.0
-484,TĐ Huội Quảng,2025-12-21 08:00:00,0.0,0.0
-484,TĐ Huội Quảng,2025-12-21 09:00:00,0.0,0.0
-484,TĐ Huội Quảng,2025-12-21 10:00:00,0.0,0.0
-484,TĐ Huội Quảng,2025-12-21 11:00:00,0.0,0.0
-484,TĐ Huội Quảng,2025-12-21 12:00:00,0.0,0.0
-484,TĐ Huội Quảng,2025-12-21 13:00:00,0.0,0.0
-484,TĐ Huội Quảng,2025-12-21 14:00:00,0.0,0.0
-484,TĐ Huội Quảng,2025-12-21 15:00:00,0.0,0.0
-484,TĐ Huội Quảng,2025-12-21 16:00:00,0.0,0.0
-484,TĐ Huội Quảng,2025-12-21 17:00:00,0.0,0.0
-484,TĐ Huội Quảng,2025-12-21 18:00:00,0.0,0.0
-484,TĐ Huội Quảng,2025-12-21 19:00:00,0.0,0.0
-484,TĐ Huội Quảng,2025-12-21 20:00:00,0.0,0.0
-484,TĐ Huội Quảng,2025-12-21 21:00:00,0.0,0.0
-484,TĐ Huội Quảng,2025-12-21 22:00:00,0.0,0.0
-484,TĐ Huội Quảng,2025-12-21 23:00:00,0.0,0.0
-484,TĐ Huội Quảng,2025-12-22 00:00:00,0.0,0.0
-484,TĐ Huội Quảng,2025-12-22 01:00:00,0.0,0.0
-484,TĐ Huội Quảng,2025-12-22 02:00:00,0.0,0.0
-484,TĐ Huội Quảng,2025-12-22 03:00:00,0.0,0.0
-484,TĐ Huội Quảng,2025-12-22 04:00:00,0.0,0.0
-484,TĐ Huội Quảng,2025-12-22 05:00:00,0.0,0.0
-484,TĐ Huội Quảng,2025-12-22 06:00:00,0.0,0.0
-484,TĐ Huội Quảng,2025-12-22 07:00:00,0.0,0.0
-484,TĐ Huội Quảng,2025-12-22 08:00:00,0.0,0.0
-484,TĐ Huội Quảng,2025-12-22 09:00:00,0.0,0.0
-484,TĐ Huội Quảng,2025-12-22 10:00:00,0.0,0.0
-484,TĐ Huội Quảng,2025-12-22 11:00:00,0.0,0.0
-484,TĐ Huội Quảng,2025-12-22 12:00:00,0.0,0.0
-484,TĐ Huội Quảng,2025-12-22 13:00:00,0.0,0.0
-484,TĐ Huội Quảng,2025-12-22 14:00:00,0.0,0.0
-484,TĐ Huội Quảng,2025-12-22 15:00:00,0.0,0.0
-484,TĐ Huội Quảng,2025-12-22 16:00:00,0.0,0.0
-484,TĐ Huội Quảng,2025-12-22 17:00:00,0.0,0.0
-484,TĐ Huội Quảng,2025-12-22 18:00:00,0.0,0.0
-484,TĐ Huội Quảng,2025-12-22 19:00:00,0.0,0.0
-484,TĐ Huội Quảng,2025-12-22 20:00:00,0.0,0.0
-484,TĐ Huội Quảng,2025-12-22 21:00:00,0.0,0.0
-484,TĐ Huội Quảng,2025-12-22 22:00:00,0.0,0.0
-484,TĐ Huội Quảng,2025-12-22 23:00:00,0.0,0.0
-484,TĐ Huội Quảng,2025-12-23 00:00:00,0.0,0.0
-484,TĐ Huội Quảng,2025-12-23 01:00:00,0.0,0.0
-484,TĐ Huội Quảng,2025-12-23 02:00:00,0.0,0.0
-484,TĐ Huội Quảng,2025-12-23 03:00:00,0.0,0.0
-484,TĐ Huội Quảng,2025-12-23 04:00:00,0.0,0.0
-484,TĐ Huội Quảng,2025-12-23 05:00:00,0.0,0.0
-484,TĐ Huội Quảng,2025-12-23 06:00:00,0.0,0.0
-484,TĐ Huội Quảng,2025-12-23 07:00:00,0.0,0.0
-484,TĐ Huội Quảng,2025-12-23 08:00:00,0.0,0.0
-484,TĐ Huội Quảng,2025-12-23 09:00:00,0.0,0.0
-484,TĐ Huội Quảng,2025-12-23 10:00:00,0.0,0.0
-484,TĐ Huội Quảng,2025-12-23 11:00:00,0.0,0.0
-484,TĐ Huội Quảng,2025-12-23 12:00:00,0.0,0.0
-484,TĐ Huội Quảng,2025-12-23 13:00:00,0.0,0.0
-484,TĐ Huội Quảng,2025-12-23 14:00:00,0.0,0.0
-484,TĐ Huội Quảng,2025-12-23 15:00:00,0.0,0.0
-484,TĐ Huội Quảng,2025-12-23 16:00:00,0.0,0.0
-484,TĐ Huội Quảng,2025-12-23 17:00:00,0.0,0.0
-484,TĐ Huội Quảng,2025-12-23 18:00:00,0.0,0.0
-484,TĐ Huội Quảng,2025-12-23 19:00:00,0.0,0.0
-484,TĐ Huội Quảng,2025-12-23 20:00:00,0.0,0.0
-484,TĐ Huội Quảng,2025-12-23 21:00:00,0.0,0.0
-484,TĐ Huội Quảng,2025-12-23 22:00:00,0.0,0.0
-484,TĐ Huội Quảng,2025-12-23 23:00:00,0.0,0.0
-484,TĐ Huội Quảng,2025-12-24 00:00:00,0.0,0.0
-484,TĐ Huội Quảng,2025-12-24 01:00:00,0.0,0.0
-484,TĐ Huội Quảng,2025-12-24 02:00:00,0.0,0.0
-484,TĐ Huội Quảng,2025-12-24 03:00:00,0.0,0.0
-484,TĐ Huội Quảng,2025-12-24 04:00:00,0.0,0.0
-484,TĐ Huội Quảng,2025-12-24 05:00:00,0.0,0.0
-484,TĐ Huội Quảng,2025-12-24 06:00:00,0.0,0.0
-484,TĐ Huội Quảng,2025-12-24 07:00:00,0.0,0.0
-484,TĐ Huội Quảng,2025-12-24 08:00:00,0.20000000298023224,0.20000000298023224
-484,TĐ Huội Quảng,2025-12-24 09:00:00,0.0,0.20000000298023224
-484,TĐ Huội Quảng,2025-12-24 10:00:00,0.0,0.20000000298023224
-484,TĐ Huội Quảng,2025-12-24 11:00:00,0.0,0.20000000298023224
-484,TĐ Huội Quảng,2025-12-24 12:00:00,0.0,0.20000000298023224
-484,TĐ Huội Quảng,2025-12-24 13:00:00,0.0,0.20000000298023224
-484,TĐ Huội Quảng,2025-12-24 14:00:00,0.0,0.20000000298023224
-484,TĐ Huội Quảng,2025-12-24 15:00:00,0.0,0.20000000298023224
-484,TĐ Huội Quảng,2025-12-24 16:00:00,0.0,0.20000000298023224
-484,TĐ Huội Quảng,2025-12-24 17:00:00,0.0,0.20000000298023224
-484,TĐ Huội Quảng,2025-12-24 18:00:00,0.0,0.20000000298023224
-484,TĐ Huội Quảng,2025-12-24 19:00:00,0.0,0.20000000298023224
-484,TĐ Huội Quảng,2025-12-24 20:00:00,0.0,0.20000000298023224
-484,TĐ Huội Quảng,2025-12-24 21:00:00,0.0,0.20000000298023224
-484,TĐ Huội Quảng,2025-12-24 22:00:00,0.0,0.20000000298023224
-484,TĐ Huội Quảng,2025-12-24 23:00:00,0.0,0.20000000298023224
-484,TĐ Huội Quảng,2025-12-25 00:00:00,0.0,0.0
-484,TĐ Huội Quảng,2025-12-25 01:00:00,0.0,0.0
-484,TĐ Huội Quảng,2025-12-25 02:00:00,0.0,0.0
-484,TĐ Huội Quảng,2025-12-25 03:00:00,0.0,0.0
-484,TĐ Huội Quảng,2025-12-25 04:00:00,0.0,0.0
-484,TĐ Huội Quảng,2025-12-25 05:00:00,0.0,0.0
-484,TĐ Huội Quảng,2025-12-25 06:00:00,0.0,0.0
-484,TĐ Huội Quảng,2025-12-25 07:00:00,0.0,0.0
-484,TĐ Huội Quảng,2025-12-25 08:00:00,0.0,0.0
-484,TĐ Huội Quảng,2025-12-25 09:00:00,0.0,0.0
-484,TĐ Huội Quảng,2025-12-25 10:00:00,0.0,0.0
-484,TĐ Huội Quảng,2025-12-25 11:00:00,0.0,0.0
-484,TĐ Huội Quảng,2025-12-25 12:00:00,0.0,0.0
-484,TĐ Huội Quảng,2025-12-25 13:00:00,0.0,0.0
-484,TĐ Huội Quảng,2025-12-25 14:00:00,0.0,0.0
-484,TĐ Huội Quảng,2025-12-25 15:00:00,0.0,0.0
-484,TĐ Huội Quảng,2025-12-25 16:00:00,0.0,0.0
-484,TĐ Huội Quảng,2025-12-25 17:00:00,0.0,0.0
-484,TĐ Huội Quảng,2025-12-25 18:00:00,0.0,0.0
-484,TĐ Huội Quảng,2025-12-25 19:00:00,0.0,0.0
-484,TĐ Huội Quảng,2025-12-25 20:00:00,0.0,0.0
-484,TĐ Huội Quảng,2025-12-25 21:00:00,0.0,0.0
-484,TĐ Huội Quảng,2025-12-25 22:00:00,0.0,0.0
-484,TĐ Huội Quảng,2025-12-25 23:00:00,0.0,0.0
-484,TĐ Huội Quảng,2025-12-26 00:00:00,0.0,0.0
-484,TĐ Huội Quảng,2025-12-26 01:00:00,0.0,0.0
-484,TĐ Huội Quảng,2025-12-26 02:00:00,0.0,0.0
-484,TĐ Huội Quảng,2025-12-26 03:00:00,0.0,0.0
-484,TĐ Huội Quảng,2025-12-26 04:00:00,0.0,0.0
-484,TĐ Huội Quảng,2025-12-26 05:00:00,0.0,0.0
-484,TĐ Huội Quảng,2025-12-26 06:00:00,0.0,0.0
-484,TĐ Huội Quảng,2025-12-26 07:00:00,0.0,0.0
-484,TĐ Huội Quảng,2025-12-26 08:00:00,0.0,0.0
-484,TĐ Huội Quảng,2025-12-26 09:00:00,0.0,0.0
-484,TĐ Huội Quảng,2025-12-26 10:00:00,0.0,0.0
-484,TĐ Huội Quảng,2025-12-26 11:00:00,0.0,0.0
-484,TĐ Huội Quảng,2025-12-26 12:00:00,0.0,0.0
-484,TĐ Huội Quảng,2025-12-26 13:00:00,0.0,0.0
-484,TĐ Huội Quảng,2025-12-26 14:00:00,0.0,0.0
-484,TĐ Huội Quảng,2025-12-26 15:00:00,0.0,0.0
-484,TĐ Huội Quảng,2025-12-26 16:00:00,0.0,0.0
-484,TĐ Huội Quảng,2025-12-26 17:00:00,0.0,0.0
-484,TĐ Huội Quảng,2025-12-26 18:00:00,0.0,0.0
-484,TĐ Huội Quảng,2025-12-26 19:00:00,0.0,0.0
-484,TĐ Huội Quảng,2025-12-26 20:00:00,0.0,0.0
-484,TĐ Huội Quảng,2025-12-26 21:00:00,0.0,0.0
-484,TĐ Huội Quảng,2025-12-26 22:00:00,0.0,0.0
-484,TĐ Huội Quảng,2025-12-26 23:00:00,0.0,0.0
-484,TĐ Huội Quảng,2025-12-27 00:00:00,0.0,0.0
-484,TĐ Huội Quảng,2025-12-27 01:00:00,0.0,0.0
-484,TĐ Huội Quảng,2025-12-27 02:00:00,0.0,0.0
-484,TĐ Huội Quảng,2025-12-27 03:00:00,0.0,0.0
-484,TĐ Huội Quảng,2025-12-27 04:00:00,0.0,0.0
-484,TĐ Huội Quảng,2025-12-27 05:00:00,0.0,0.0
-484,TĐ Huội Quảng,2025-12-27 06:00:00,0.0,0.0
-484,TĐ Huội Quảng,2025-12-27 07:00:00,0.0,0.0
-484,TĐ Huội Quảng,2025-12-27 08:00:00,0.0,0.0
-484,TĐ Huội Quảng,2025-12-27 09:00:00,0.0,0.0
-484,TĐ Huội Quảng,2025-12-27 10:00:00,0.0,0.0
-484,TĐ Huội Quảng,2025-12-27 11:00:00,0.0,0.0
-484,TĐ Huội Quảng,2025-12-27 12:00:00,0.0,0.0
-484,TĐ Huội Quảng,2025-12-27 13:00:00,0.0,0.0
-484,TĐ Huội Quảng,2025-12-27 14:00:00,0.0,0.0
-484,TĐ Huội Quảng,2025-12-27 15:00:00,0.0,0.0
-484,TĐ Huội Quảng,2025-12-27 16:00:00,0.0,0.0
-484,TĐ Huội Quảng,2025-12-27 17:00:00,0.0,0.0
-484,TĐ Huội Quảng,2025-12-27 18:00:00,0.0,0.0
-484,TĐ Huội Quảng,2025-12-27 19:00:00,0.0,0.0
-484,TĐ Huội Quảng,2025-12-27 20:00:00,0.0,0.0
-484,TĐ Huội Quảng,2025-12-27 21:00:00,0.0,0.0
-484,TĐ Huội Quảng,2025-12-27 22:00:00,0.0,0.0
-484,TĐ Huội Quảng,2025-12-27 23:00:00,0.0,0.0
-484,TĐ Huội Quảng,2025-12-28 00:00:00,0.0,0.0
-484,TĐ Huội Quảng,2025-12-28 01:00:00,0.0,0.0
-484,TĐ Huội Quảng,2025-12-28 02:00:00,0.0,0.0
-484,TĐ Huội Quảng,2025-12-28 03:00:00,0.0,0.0
-484,TĐ Huội Quảng,2025-12-28 04:00:00,0.0,0.0
-484,TĐ Huội Quảng,2025-12-28 05:00:00,0.0,0.0
-484,TĐ Huội Quảng,2025-12-28 06:00:00,0.0,0.0
-484,TĐ Huội Quảng,2025-12-28 07:00:00,0.0,0.0
-484,TĐ Huội Quảng,2025-12-28 08:00:00,0.0,0.0
-484,TĐ Huội Quảng,2025-12-28 09:00:00,0.0,0.0
-484,TĐ Huội Quảng,2025-12-28 10:00:00,0.0,0.0
-484,TĐ Huội Quảng,2025-12-28 11:00:00,0.0,0.0
-484,TĐ Huội Quảng,2025-12-28 12:00:00,0.0,0.0
-484,TĐ Huội Quảng,2025-12-28 13:00:00,0.0,0.0
-484,TĐ Huội Quảng,2025-12-28 14:00:00,0.0,0.0
-484,TĐ Huội Quảng,2025-12-28 15:00:00,0.0,0.0
-484,TĐ Huội Quảng,2025-12-28 16:00:00,0.0,0.0
-484,TĐ Huội Quảng,2025-12-28 17:00:00,0.0,0.0
-484,TĐ Huội Quảng,2025-12-28 18:00:00,0.0,0.0
-484,TĐ Huội Quảng,2025-12-28 19:00:00,0.0,0.0
-484,TĐ Huội Quảng,2025-12-28 20:00:00,0.0,0.0
-484,TĐ Huội Quảng,2025-12-28 21:00:00,0.0,0.0
-484,TĐ Huội Quảng,2025-12-28 22:00:00,0.0,0.0
-484,TĐ Huội Quảng,2025-12-28 23:00:00,0.0,0.0
-484,TĐ Huội Quảng,2025-12-29 00:00:00,0.0,0.0
-484,TĐ Huội Quảng,2025-12-29 01:00:00,0.0,0.0
-484,TĐ Huội Quảng,2025-12-29 02:00:00,0.0,0.0
-484,TĐ Huội Quảng,2025-12-29 03:00:00,0.0,0.0
-484,TĐ Huội Quảng,2025-12-29 04:00:00,0.0,0.0
-484,TĐ Huội Quảng,2025-12-29 05:00:00,0.0,0.0
-484,TĐ Huội Quảng,2025-12-29 06:00:00,0.0,0.0
-484,TĐ Huội Quảng,2025-12-29 07:00:00,0.0,0.0
-484,TĐ Huội Quảng,2025-12-29 08:00:00,0.0,0.0
-484,TĐ Huội Quảng,2025-12-29 09:00:00,0.0,0.0
-484,TĐ Huội Quảng,2025-12-29 10:00:00,0.0,0.0
-484,TĐ Huội Quảng,2025-12-29 11:00:00,0.0,0.0
-484,TĐ Huội Quảng,2025-12-29 12:00:00,0.0,0.0
-484,TĐ Huội Quảng,2025-12-29 13:00:00,0.0,0.0
-484,TĐ Huội Quảng,2025-12-29 14:00:00,0.0,0.0
-484,TĐ Huội Quảng,2025-12-29 15:00:00,0.0,0.0
-484,TĐ Huội Quảng,2025-12-29 16:00:00,0.0,0.0
-484,TĐ Huội Quảng,2025-12-29 17:00:00,0.0,0.0
-484,TĐ Huội Quảng,2025-12-29 18:00:00,0.0,0.0
-484,TĐ Huội Quảng,2025-12-29 19:00:00,0.0,0.0
-484,TĐ Huội Quảng,2025-12-29 20:00:00,0.0,0.0
-484,TĐ Huội Quảng,2025-12-29 21:00:00,0.0,0.0
-484,TĐ Huội Quảng,2025-12-29 22:00:00,0.0,0.0
-484,TĐ Huội Quảng,2025-12-29 23:00:00,0.0,0.0
-484,TĐ Huội Quảng,2025-12-30 00:00:00,0.0,0.0
-484,TĐ Huội Quảng,2025-12-30 01:00:00,0.0,0.0
-484,TĐ Huội Quảng,2025-12-30 02:00:00,0.0,0.0
-484,TĐ Huội Quảng,2025-12-30 03:00:00,0.20000000298023224,0.20000000298023224
-484,TĐ Huội Quảng,2025-12-30 04:00:00,0.0,0.20000000298023224
-484,TĐ Huội Quảng,2025-12-30 05:00:00,0.0,0.20000000298023224
-484,TĐ Huội Quảng,2025-12-30 06:00:00,0.0,0.20000000298023224
-484,TĐ Huội Quảng,2025-12-30 07:00:00,0.0,0.20000000298023224
-484,TĐ Huội Quảng,2025-12-30 08:00:00,0.0,0.20000000298023224
-484,TĐ Huội Quảng,2025-12-30 09:00:00,0.0,0.20000000298023224
-484,TĐ Huội Quảng,2025-12-30 10:00:00,0.0,0.20000000298023224
-484,TĐ Huội Quảng,2025-12-30 11:00:00,0.0,0.20000000298023224
-484,TĐ Huội Quảng,2025-12-30 12:00:00,0.0,0.20000000298023224
-484,TĐ Huội Quảng,2025-12-30 13:00:00,0.0,0.20000000298023224
-484,TĐ Huội Quảng,2025-12-30 14:00:00,0.0,0.20000000298023224
-484,TĐ Huội Quảng,2025-12-30 15:00:00,0.0,0.20000000298023224
-484,TĐ Huội Quảng,2025-12-30 16:00:00,0.0,0.20000000298023224
-484,TĐ Huội Quảng,2025-12-30 17:00:00,0.0,0.20000000298023224
-484,TĐ Huội Quảng,2025-12-30 18:00:00,0.0,0.20000000298023224
-484,TĐ Huội Quảng,2025-12-30 19:00:00,0.0,0.20000000298023224
-484,TĐ Huội Quảng,2025-12-30 20:00:00,0.0,0.20000000298023224
-484,TĐ Huội Quảng,2025-12-30 21:00:00,0.0,0.20000000298023224
-484,TĐ Huội Quảng,2025-12-30 22:00:00,0.0,0.20000000298023224
-484,TĐ Huội Quảng,2025-12-30 23:00:00,0.0,0.20000000298023224
-484,TĐ Huội Quảng,2025-12-31 00:00:00,0.0,0.0
-484,TĐ Huội Quảng,2025-12-31 01:00:00,0.0,0.0
-484,TĐ Huội Quảng,2025-12-31 02:00:00,0.0,0.0
-484,TĐ Huội Quảng,2025-12-31 03:00:00,0.0,0.0
-484,TĐ Huội Quảng,2025-12-31 04:00:00,0.0,0.0
-484,TĐ Huội Quảng,2025-12-31 05:00:00,0.0,0.0
-484,TĐ Huội Quảng,2025-12-31 06:00:00,0.0,0.0
-484,TĐ Huội Quảng,2025-12-31 07:00:00,0.0,0.0
-484,TĐ Huội Quảng,2025-12-31 08:00:00,0.0,0.0
-484,TĐ Huội Quảng,2025-12-31 09:00:00,0.0,0.0
-484,TĐ Huội Quảng,2025-12-31 10:00:00,0.0,0.0
-484,TĐ Huội Quảng,2025-12-31 11:00:00,0.0,0.0
-484,TĐ Huội Quảng,2025-12-31 12:00:00,0.0,0.0
-484,TĐ Huội Quảng,2025-12-31 13:00:00,0.0,0.0
-484,TĐ Huội Quảng,2025-12-31 14:00:00,0.0,0.0
-484,TĐ Huội Quảng,2025-12-31 15:00:00,0.0,0.0
-484,TĐ Huội Quảng,2025-12-31 16:00:00,0.0,0.0
-484,TĐ Huội Quảng,2025-12-31 17:00:00,0.0,0.0
-484,TĐ Huội Quảng,2025-12-31 18:00:00,0.0,0.0
-484,TĐ Huội Quảng,2025-12-31 19:00:00,0.0,0.0
-484,TĐ Huội Quảng,2025-12-31 20:00:00,0.0,0.0
-484,TĐ Huội Quảng,2025-12-31 21:00:00,0.0,0.0
-484,TĐ Huội Quảng,2025-12-31 22:00:00,0.0,0.0
-484,TĐ Huội Quảng,2025-12-31 23:00:00,0.0,0.0
-484,TĐ Huội Quảng,2026-01-01 00:00:00,0.0,0.0
-484,TĐ Huội Quảng,2026-01-01 01:00:00,0.0,0.0
-484,TĐ Huội Quảng,2026-01-01 02:00:00,0.0,0.0
-484,TĐ Huội Quảng,2026-01-01 03:00:00,0.0,0.0
-484,TĐ Huội Quảng,2026-01-01 04:00:00,0.0,0.0
-484,TĐ Huội Quảng,2026-01-01 05:00:00,0.0,0.0
-484,TĐ Huội Quảng,2026-01-01 06:00:00,0.0,0.0
-484,TĐ Huội Quảng,2026-01-01 07:00:00,0.0,0.0
-484,TĐ Huội Quảng,2026-01-01 08:00:00,0.0,0.0
-484,TĐ Huội Quảng,2026-01-01 09:00:00,0.0,0.0
-484,TĐ Huội Quảng,2026-01-01 10:00:00,0.0,0.0
-484,TĐ Huội Quảng,2026-01-01 11:00:00,0.0,0.0
-484,TĐ Huội Quảng,2026-01-01 12:00:00,0.0,0.0
-484,TĐ Huội Quảng,2026-01-01 13:00:00,0.0,0.0
-484,TĐ Huội Quảng,2026-01-01 14:00:00,0.0,0.0
-484,TĐ Huội Quảng,2026-01-01 15:00:00,0.0,0.0
-484,TĐ Huội Quảng,2026-01-01 16:00:00,0.0,0.0
-484,TĐ Huội Quảng,2026-01-01 17:00:00,0.0,0.0
-484,TĐ Huội Quảng,2026-01-01 18:00:00,0.0,0.0
-484,TĐ Huội Quảng,2026-01-01 19:00:00,0.0,0.0
-484,TĐ Huội Quảng,2026-01-01 20:00:00,0.0,0.0
-484,TĐ Huội Quảng,2026-01-01 21:00:00,0.0,0.0
-484,TĐ Huội Quảng,2026-01-01 22:00:00,0.0,0.0
-484,TĐ Huội Quảng,2026-01-01 23:00:00,0.0,0.0
-484,TĐ Huội Quảng,2026-01-02 00:00:00,0.0,0.0
-484,TĐ Huội Quảng,2026-01-02 01:00:00,0.0,0.0
-484,TĐ Huội Quảng,2026-01-02 02:00:00,0.0,0.0
-484,TĐ Huội Quảng,2026-01-02 03:00:00,0.0,0.0
-484,TĐ Huội Quảng,2026-01-02 04:00:00,0.0,0.0
-484,TĐ Huội Quảng,2026-01-02 05:00:00,0.0,0.0
-484,TĐ Huội Quảng,2026-01-02 06:00:00,0.0,0.0
-484,TĐ Huội Quảng,2026-01-02 07:00:00,0.0,0.0
-484,TĐ Huội Quảng,2026-01-02 08:00:00,0.0,0.0
-484,TĐ Huội Quảng,2026-01-02 09:00:00,0.0,0.0
-484,TĐ Huội Quảng,2026-01-02 10:00:00,0.0,0.0
-484,TĐ Huội Quảng,2026-01-02 11:00:00,0.0,0.0
-484,TĐ Huội Quảng,2026-01-02 12:00:00,0.0,0.0
-484,TĐ Huội Quảng,2026-01-02 13:00:00,0.0,0.0
-484,TĐ Huội Quảng,2026-01-02 14:00:00,0.0,0.0
-484,TĐ Huội Quảng,2026-01-02 15:00:00,0.0,0.0
-484,TĐ Huội Quảng,2026-01-02 16:00:00,0.0,0.0
-484,TĐ Huội Quảng,2026-01-02 17:00:00,0.0,0.0
-484,TĐ Huội Quảng,2026-01-02 18:00:00,0.0,0.0
-484,TĐ Huội Quảng,2026-01-02 19:00:00,0.0,0.0
-484,TĐ Huội Quảng,2026-01-02 20:00:00,0.0,0.0
-484,TĐ Huội Quảng,2026-01-02 21:00:00,0.0,0.0
-484,TĐ Huội Quảng,2026-01-02 22:00:00,0.0,0.0
-484,TĐ Huội Quảng,2026-01-02 23:00:00,0.0,0.0
-484,TĐ Huội Quảng,2026-01-03 00:00:00,0.0,0.0
-484,TĐ Huội Quảng,2026-01-03 01:00:00,0.0,0.0
-484,TĐ Huội Quảng,2026-01-03 02:00:00,0.0,0.0
-484,TĐ Huội Quảng,2026-01-03 03:00:00,0.0,0.0
-484,TĐ Huội Quảng,2026-01-03 04:00:00,0.0,0.0
-484,TĐ Huội Quảng,2026-01-03 05:00:00,0.0,0.0
-484,TĐ Huội Quảng,2026-01-03 06:00:00,0.0,0.0
-484,TĐ Huội Quảng,2026-01-03 07:00:00,0.0,0.0
-484,TĐ Huội Quảng,2026-01-03 08:00:00,0.0,0.0
-484,TĐ Huội Quảng,2026-01-03 09:00:00,0.0,0.0
-484,TĐ Huội Quảng,2026-01-03 10:00:00,0.0,0.0
-484,TĐ Huội Quảng,2026-01-03 11:00:00,0.0,0.0
-484,TĐ Huội Quảng,2026-01-03 12:00:00,0.0,0.0
-484,TĐ Huội Quảng,2026-01-03 13:00:00,0.0,0.0
-484,TĐ Huội Quảng,2026-01-03 14:00:00,0.0,0.0
-484,TĐ Huội Quảng,2026-01-03 15:00:00,0.0,0.0
-484,TĐ Huội Quảng,2026-01-03 16:00:00,0.0,0.0
-484,TĐ Huội Quảng,2026-01-03 17:00:00,0.0,0.0
-484,TĐ Huội Quảng,2026-01-03 18:00:00,0.0,0.0
-484,TĐ Huội Quảng,2026-01-03 19:00:00,0.0,0.0
-484,TĐ Huội Quảng,2026-01-03 20:00:00,0.0,0.0
-484,TĐ Huội Quảng,2026-01-03 21:00:00,0.0,0.0
-484,TĐ Huội Quảng,2026-01-03 22:00:00,0.0,0.0
-484,TĐ Huội Quảng,2026-01-03 23:00:00,0.0,0.0
-484,TĐ Huội Quảng,2026-01-04 00:00:00,0.0,0.0
-484,TĐ Huội Quảng,2026-01-04 01:00:00,0.0,0.0
-484,TĐ Huội Quảng,2026-01-04 02:00:00,0.0,0.0
-484,TĐ Huội Quảng,2026-01-04 03:00:00,0.0,0.0
-484,TĐ Huội Quảng,2026-01-04 04:00:00,0.0,0.0
-484,TĐ Huội Quảng,2026-01-04 05:00:00,0.0,0.0
-484,TĐ Huội Quảng,2026-01-04 06:00:00,0.0,0.0
-484,TĐ Huội Quảng,2026-01-04 07:00:00,0.0,0.0
-484,TĐ Huội Quảng,2026-01-04 08:00:00,0.0,0.0
-484,TĐ Huội Quảng,2026-01-04 09:00:00,0.0,0.0
-484,TĐ Huội Quảng,2026-01-04 10:00:00,0.0,0.0
-484,TĐ Huội Quảng,2026-01-04 11:00:00,0.0,0.0
-484,TĐ Huội Quảng,2026-01-04 12:00:00,0.0,0.0
-484,TĐ Huội Quảng,2026-01-04 13:00:00,0.0,0.0
-484,TĐ Huội Quảng,2026-01-04 14:00:00,0.0,0.0
-484,TĐ Huội Quảng,2026-01-04 15:00:00,0.0,0.0
-484,TĐ Huội Quảng,2026-01-04 16:00:00,0.0,0.0
-484,TĐ Huội Quảng,2026-01-04 17:00:00,0.0,0.0
-484,TĐ Huội Quảng,2026-01-04 18:00:00,0.0,0.0
-484,TĐ Huội Quảng,2026-01-04 19:00:00,0.0,0.0
-484,TĐ Huội Quảng,2026-01-04 20:00:00,0.0,0.0
-484,TĐ Huội Quảng,2026-01-04 21:00:00,0.0,0.0
-484,TĐ Huội Quảng,2026-01-04 22:00:00,0.0,0.0
-484,TĐ Huội Quảng,2026-01-04 23:00:00,0.0,0.0
-484,TĐ Huội Quảng,2026-01-05 00:00:00,0.0,0.0
-484,TĐ Huội Quảng,2026-01-05 01:00:00,0.0,0.0
-484,TĐ Huội Quảng,2026-01-05 02:00:00,0.0,0.0
-484,TĐ Huội Quảng,2026-01-05 03:00:00,0.0,0.0
-484,TĐ Huội Quảng,2026-01-05 04:00:00,0.0,0.0
-484,TĐ Huội Quảng,2026-01-05 05:00:00,0.0,0.0
-484,TĐ Huội Quảng,2026-01-05 06:00:00,0.0,0.0
-484,TĐ Huội Quảng,2026-01-05 07:00:00,0.0,0.0
-484,TĐ Huội Quảng,2026-01-05 08:00:00,0.0,0.0
-484,TĐ Huội Quảng,2026-01-05 09:00:00,0.0,0.0
-484,TĐ Huội Quảng,2026-01-05 10:00:00,0.0,0.0
-484,TĐ Huội Quảng,2026-01-05 11:00:00,0.0,0.0
-484,TĐ Huội Quảng,2026-01-05 12:00:00,0.0,0.0
-484,TĐ Huội Quảng,2026-01-05 13:00:00,0.0,0.0
-484,TĐ Huội Quảng,2026-01-05 14:00:00,0.0,0.0
-484,TĐ Huội Quảng,2026-01-05 15:00:00,0.0,0.0
-484,TĐ Huội Quảng,2026-01-05 16:00:00,0.0,0.0
-484,TĐ Huội Quảng,2026-01-05 17:00:00,0.0,0.0
-484,TĐ Huội Quảng,2026-01-05 18:00:00,0.0,0.0
-484,TĐ Huội Quảng,2026-01-05 19:00:00,0.0,0.0
-484,TĐ Huội Quảng,2026-01-05 20:00:00,0.0,0.0
-484,TĐ Huội Quảng,2026-01-05 21:00:00,0.0,0.0
-484,TĐ Huội Quảng,2026-01-05 22:00:00,0.0,0.0
-484,TĐ Huội Quảng,2026-01-05 23:00:00,0.0,0.0
-484,TĐ Huội Quảng,2026-01-06 00:00:00,0.0,0.0
-484,TĐ Huội Quảng,2026-01-06 01:00:00,0.0,0.0
-484,TĐ Huội Quảng,2026-01-06 02:00:00,0.0,0.0
-484,TĐ Huội Quảng,2026-01-06 03:00:00,0.0,0.0
-484,TĐ Huội Quảng,2026-01-06 04:00:00,0.0,0.0
-484,TĐ Huội Quảng,2026-01-06 05:00:00,0.0,0.0
-484,TĐ Huội Quảng,2026-01-06 06:00:00,0.0,0.0
-484,TĐ Huội Quảng,2026-01-06 07:00:00,0.0,0.0
-484,TĐ Huội Quảng,2026-01-06 08:00:00,0.0,0.0
-484,TĐ Huội Quảng,2026-01-06 09:00:00,0.0,0.0
-484,TĐ Huội Quảng,2026-01-06 10:00:00,0.0,0.0
-484,TĐ Huội Quảng,2026-01-06 11:00:00,0.0,0.0
-484,TĐ Huội Quảng,2026-01-06 12:00:00,0.0,0.0
-484,TĐ Huội Quảng,2026-01-06 13:00:00,0.0,0.0
-484,TĐ Huội Quảng,2026-01-06 14:00:00,,0.0
-484,TĐ Huội Quảng,2026-01-06 15:00:00,0.0,0.0
-484,TĐ Huội Quảng,2026-01-06 16:00:00,0.0,0.0
-484,TĐ Huội Quảng,2026-01-06 17:00:00,0.0,0.0
-484,TĐ Huội Quảng,2026-01-06 18:00:00,0.0,0.0
-484,TĐ Huội Quảng,2026-01-06 19:00:00,0.0,0.0
-484,TĐ Huội Quảng,2026-01-06 20:00:00,0.0,0.0
-484,TĐ Huội Quảng,2026-01-06 21:00:00,0.0,0.0
-484,TĐ Huội Quảng,2026-01-06 22:00:00,0.0,0.0
-484,TĐ Huội Quảng,2026-01-06 23:00:00,0.0,0.0
-484,TĐ Huội Quảng,2026-01-07 00:00:00,0.0,0.0
-484,TĐ Huội Quảng,2026-01-07 01:00:00,0.0,0.0
-484,TĐ Huội Quảng,2026-01-07 02:00:00,0.0,0.0
-484,TĐ Huội Quảng,2026-01-07 03:00:00,0.0,0.0
-484,TĐ Huội Quảng,2026-01-07 04:00:00,0.0,0.0
-484,TĐ Huội Quảng,2026-01-07 05:00:00,0.0,0.0
-484,TĐ Huội Quảng,2026-01-07 06:00:00,0.0,0.0
-484,TĐ Huội Quảng,2026-01-07 07:00:00,0.0,0.0
-484,TĐ Huội Quảng,2026-01-07 08:00:00,0.0,0.0
-484,TĐ Huội Quảng,2026-01-07 09:00:00,0.0,0.0
-484,TĐ Huội Quảng,2026-01-07 10:00:00,0.0,0.0
-484,TĐ Huội Quảng,2026-01-07 11:00:00,0.0,0.0
-484,TĐ Huội Quảng,2026-01-07 12:00:00,0.0,0.0
-484,TĐ Huội Quảng,2026-01-07 13:00:00,0.0,0.0
-484,TĐ Huội Quảng,2026-01-07 14:00:00,0.0,0.0
-484,TĐ Huội Quảng,2026-01-07 15:00:00,0.0,0.0
-484,TĐ Huội Quảng,2026-01-07 16:00:00,0.20000000298023224,0.20000000298023224
-484,TĐ Huội Quảng,2026-01-07 17:00:00,0.0,0.20000000298023224
-484,TĐ Huội Quảng,2026-01-07 18:00:00,0.0,0.20000000298023224
-484,TĐ Huội Quảng,2026-01-07 19:00:00,0.0,0.20000000298023224
-484,TĐ Huội Quảng,2026-01-07 20:00:00,0.0,0.20000000298023224
-484,TĐ Huội Quảng,2026-01-07 21:00:00,0.0,0.20000000298023224
-484,TĐ Huội Quảng,2026-01-07 22:00:00,0.0,0.20000000298023224
-484,TĐ Huội Quảng,2026-01-07 23:00:00,0.0,0.20000000298023224
-484,TĐ Huội Quảng,2026-01-08 00:00:00,0.0,0.0
-484,TĐ Huội Quảng,2026-01-08 01:00:00,0.0,0.0
-484,TĐ Huội Quảng,2026-01-08 02:00:00,0.0,0.0
-484,TĐ Huội Quảng,2026-01-08 03:00:00,0.0,0.0
-484,TĐ Huội Quảng,2026-01-08 04:00:00,0.0,0.0
-484,TĐ Huội Quảng,2026-01-08 05:00:00,0.0,0.0
-484,TĐ Huội Quảng,2026-01-08 06:00:00,0.0,0.0
-484,TĐ Huội Quảng,2026-01-08 07:00:00,0.0,0.0
-484,TĐ Huội Quảng,2026-01-08 08:00:00,0.0,0.0
-484,TĐ Huội Quảng,2026-01-08 09:00:00,0.0,0.0
-484,TĐ Huội Quảng,2026-01-08 10:00:00,0.0,0.0
-484,TĐ Huội Quảng,2026-01-08 11:00:00,0.0,0.0
-484,TĐ Huội Quảng,2026-01-08 12:00:00,0.0,0.0
-484,TĐ Huội Quảng,2026-01-08 13:00:00,0.0,0.0
-484,TĐ Huội Quảng,2026-01-08 14:00:00,0.0,0.0
-484,TĐ Huội Quảng,2026-01-08 15:00:00,0.0,0.0
-484,TĐ Huội Quảng,2026-01-08 16:00:00,0.0,0.0
-484,TĐ Huội Quảng,2026-01-08 17:00:00,0.0,0.0
-484,TĐ Huội Quảng,2026-01-08 18:00:00,0.0,0.0
-484,TĐ Huội Quảng,2026-01-08 19:00:00,0.0,0.0
-484,TĐ Huội Quảng,2026-01-08 20:00:00,0.0,0.0
-484,TĐ Huội Quảng,2026-01-08 21:00:00,0.0,0.0
-484,TĐ Huội Quảng,2026-01-08 22:00:00,0.0,0.0
-484,TĐ Huội Quảng,2026-01-08 23:00:00,0.0,0.0
-484,TĐ Huội Quảng,2026-01-09 00:00:00,0.0,0.0
-484,TĐ Huội Quảng,2026-01-09 01:00:00,0.0,0.0
-484,TĐ Huội Quảng,2026-01-09 02:00:00,0.0,0.0
-484,TĐ Huội Quảng,2026-01-09 03:00:00,0.0,0.0
-484,TĐ Huội Quảng,2026-01-09 04:00:00,0.0,0.0
-484,TĐ Huội Quảng,2026-01-09 05:00:00,0.0,0.0
-484,TĐ Huội Quảng,2026-01-09 06:00:00,0.0,0.0
-484,TĐ Huội Quảng,2026-01-09 07:00:00,0.0,0.0
-484,TĐ Huội Quảng,2026-01-09 08:00:00,0.0,0.0
-484,TĐ Huội Quảng,2026-01-09 09:00:00,0.0,0.0
-484,TĐ Huội Quảng,2026-01-09 10:00:00,0.0,0.0
-484,TĐ Huội Quảng,2026-01-09 11:00:00,0.0,0.0
-484,TĐ Huội Quảng,2026-01-09 12:00:00,0.0,0.0
-484,TĐ Huội Quảng,2026-01-09 13:00:00,0.0,0.0
-484,TĐ Huội Quảng,2026-01-09 14:00:00,0.0,0.0
-484,TĐ Huội Quảng,2026-01-09 15:00:00,0.0,0.0
-484,TĐ Huội Quảng,2026-01-09 16:00:00,0.0,0.0
-484,TĐ Huội Quảng,2026-01-09 17:00:00,,0.0
-484,TĐ Huội Quảng,2026-01-09 18:00:00,0.0,0.0
-484,TĐ Huội Quảng,2026-01-09 19:00:00,0.0,0.0
-484,TĐ Huội Quảng,2026-01-09 20:00:00,0.0,0.0
-484,TĐ Huội Quảng,2026-01-09 21:00:00,0.0,0.0
-484,TĐ Huội Quảng,2026-01-09 22:00:00,0.0,0.0
-484,TĐ Huội Quảng,2026-01-09 23:00:00,0.0,0.0
-484,TĐ Huội Quảng,2026-01-10 00:00:00,0.0,0.0
-484,TĐ Huội Quảng,2026-01-10 01:00:00,0.0,0.0
-484,TĐ Huội Quảng,2026-01-10 02:00:00,0.0,0.0
-484,TĐ Huội Quảng,2026-01-10 03:00:00,0.0,0.0
-484,TĐ Huội Quảng,2026-01-10 04:00:00,0.0,0.0
-484,TĐ Huội Quảng,2026-01-10 05:00:00,0.0,0.0
-484,TĐ Huội Quảng,2026-01-10 06:00:00,0.0,0.0
-484,TĐ Huội Quảng,2026-01-10 07:00:00,0.0,0.0
-484,TĐ Huội Quảng,2026-01-10 08:00:00,0.0,0.0
-484,TĐ Huội Quảng,2026-01-10 09:00:00,0.0,0.0
-484,TĐ Huội Quảng,2026-01-10 10:00:00,0.0,0.0
-484,TĐ Huội Quảng,2026-01-10 11:00:00,0.0,0.0
-484,TĐ Huội Quảng,2026-01-10 12:00:00,0.0,0.0
-484,TĐ Huội Quảng,2026-01-10 13:00:00,0.0,0.0
-484,TĐ Huội Quảng,2026-01-10 14:00:00,0.0,0.0
-484,TĐ Huội Quảng,2026-01-10 15:00:00,0.0,0.0
-484,TĐ Huội Quảng,2026-01-10 16:00:00,0.0,0.0
-484,TĐ Huội Quảng,2026-01-10 17:00:00,0.0,0.0
-484,TĐ Huội Quảng,2026-01-10 18:00:00,0.0,0.0
-484,TĐ Huội Quảng,2026-01-10 19:00:00,0.0,0.0
-484,TĐ Huội Quảng,2026-01-10 20:00:00,0.0,0.0
-484,TĐ Huội Quảng,2026-01-10 21:00:00,0.0,0.0
-484,TĐ Huội Quảng,2026-01-10 22:00:00,0.0,0.0
-484,TĐ Huội Quảng,2026-01-10 23:00:00,0.0,0.0
-484,TĐ Huội Quảng,2026-01-11 00:00:00,0.0,0.0
-484,TĐ Huội Quảng,2026-01-11 01:00:00,0.0,0.0
-484,TĐ Huội Quảng,2026-01-11 02:00:00,0.0,0.0
-484,TĐ Huội Quảng,2026-01-11 03:00:00,0.0,0.0
-484,TĐ Huội Quảng,2026-01-11 04:00:00,0.0,0.0
-484,TĐ Huội Quảng,2026-01-11 05:00:00,0.0,0.0
-484,TĐ Huội Quảng,2026-01-11 06:00:00,0.0,0.0
-484,TĐ Huội Quảng,2026-01-11 07:00:00,0.0,0.0
-484,TĐ Huội Quảng,2026-01-11 08:00:00,0.0,0.0
-484,TĐ Huội Quảng,2026-01-11 09:00:00,0.0,0.0
-484,TĐ Huội Quảng,2026-01-11 10:00:00,0.0,0.0
-484,TĐ Huội Quảng,2026-01-11 11:00:00,0.0,0.0
-484,TĐ Huội Quảng,2026-01-11 12:00:00,0.0,0.0
-484,TĐ Huội Quảng,2026-01-11 13:00:00,0.0,0.0
-484,TĐ Huội Quảng,2026-01-11 14:00:00,0.0,0.0
-484,TĐ Huội Quảng,2026-01-11 15:00:00,0.0,0.0
-484,TĐ Huội Quảng,2026-01-11 16:00:00,0.0,0.0
-484,TĐ Huội Quảng,2026-01-11 17:00:00,0.0,0.0
-484,TĐ Huội Quảng,2026-01-11 18:00:00,0.0,0.0
-484,TĐ Huội Quảng,2026-01-11 19:00:00,0.0,0.0
-484,TĐ Huội Quảng,2026-01-11 20:00:00,0.0,0.0
-484,TĐ Huội Quảng,2026-01-11 21:00:00,0.0,0.0
-484,TĐ Huội Quảng,2026-01-11 22:00:00,0.0,0.0
-484,TĐ Huội Quảng,2026-01-11 23:00:00,0.0,0.0
-484,TĐ Huội Quảng,2026-01-12 00:00:00,0.0,0.0
-484,TĐ Huội Quảng,2026-01-12 01:00:00,0.0,0.0
-484,TĐ Huội Quảng,2026-01-12 02:00:00,0.0,0.0
-484,TĐ Huội Quảng,2026-01-12 03:00:00,0.0,0.0
-484,TĐ Huội Quảng,2026-01-12 04:00:00,0.0,0.0
-484,TĐ Huội Quảng,2026-01-12 05:00:00,0.0,0.0
-484,TĐ Huội Quảng,2026-01-12 06:00:00,0.0,0.0
-484,TĐ Huội Quảng,2026-01-12 07:00:00,0.0,0.0
-484,TĐ Huội Quảng,2026-01-12 08:00:00,0.0,0.0
-484,TĐ Huội Quảng,2026-01-12 09:00:00,0.0,0.0
-484,TĐ Huội Quảng,2026-01-12 10:00:00,0.0,0.0
-484,TĐ Huội Quảng,2026-01-12 11:00:00,0.0,0.0
-484,TĐ Huội Quảng,2026-01-12 12:00:00,0.0,0.0
-484,TĐ Huội Quảng,2026-01-12 13:00:00,0.0,0.0
-484,TĐ Huội Quảng,2026-01-12 14:00:00,0.0,0.0
-484,TĐ Huội Quảng,2026-01-12 15:00:00,0.0,0.0
-484,TĐ Huội Quảng,2026-01-12 16:00:00,0.0,0.0
-484,TĐ Huội Quảng,2026-01-12 17:00:00,0.0,0.0
-484,TĐ Huội Quảng,2026-01-12 18:00:00,0.0,0.0
-484,TĐ Huội Quảng,2026-01-12 19:00:00,0.0,0.0
-484,TĐ Huội Quảng,2026-01-12 20:00:00,0.0,0.0
-484,TĐ Huội Quảng,2026-01-12 21:00:00,0.0,0.0
-484,TĐ Huội Quảng,2026-01-12 22:00:00,0.0,0.0
-484,TĐ Huội Quảng,2026-01-12 23:00:00,0.0,0.0
-484,TĐ Huội Quảng,2026-01-13 00:00:00,0.0,0.0
-484,TĐ Huội Quảng,2026-01-13 01:00:00,0.0,0.0
-484,TĐ Huội Quảng,2026-01-13 02:00:00,0.0,0.0
-484,TĐ Huội Quảng,2026-01-13 03:00:00,0.0,0.0
-484,TĐ Huội Quảng,2026-01-13 04:00:00,0.0,0.0
-484,TĐ Huội Quảng,2026-01-13 05:00:00,0.0,0.0
-484,TĐ Huội Quảng,2026-01-13 06:00:00,0.0,0.0
-484,TĐ Huội Quảng,2026-01-13 07:00:00,0.0,0.0
-484,TĐ Huội Quảng,2026-01-13 08:00:00,0.0,0.0
-484,TĐ Huội Quảng,2026-01-13 09:00:00,0.0,0.0
-484,TĐ Huội Quảng,2026-01-13 10:00:00,0.0,0.0
-484,TĐ Huội Quảng,2026-01-13 11:00:00,0.0,0.0
-484,TĐ Huội Quảng,2026-01-13 12:00:00,0.0,0.0
-484,TĐ Huội Quảng,2026-01-13 13:00:00,0.0,0.0
-484,TĐ Huội Quảng,2026-01-13 14:00:00,0.0,0.0
-484,TĐ Huội Quảng,2026-01-13 15:00:00,0.0,0.0
-484,TĐ Huội Quảng,2026-01-13 16:00:00,0.0,0.0
-484,TĐ Huội Quảng,2026-01-13 17:00:00,0.0,0.0
-484,TĐ Huội Quảng,2026-01-13 18:00:00,0.0,0.0
-484,TĐ Huội Quảng,2026-01-13 19:00:00,0.0,0.0
-484,TĐ Huội Quảng,2026-01-13 20:00:00,0.0,0.0
-484,TĐ Huội Quảng,2026-01-13 21:00:00,0.0,0.0
-484,TĐ Huội Quảng,2026-01-13 22:00:00,0.0,0.0
-484,TĐ Huội Quảng,2026-01-13 23:00:00,0.0,0.0
-484,TĐ Huội Quảng,2026-01-14 00:00:00,0.0,0.0
-484,TĐ Huội Quảng,2026-01-14 01:00:00,0.0,0.0
-484,TĐ Huội Quảng,2026-01-14 02:00:00,0.0,0.0
-484,TĐ Huội Quảng,2026-01-14 03:00:00,0.0,0.0
-484,TĐ Huội Quảng,2026-01-14 04:00:00,0.0,0.0
-484,TĐ Huội Quảng,2026-01-14 05:00:00,0.0,0.0
-484,TĐ Huội Quảng,2026-01-14 06:00:00,0.0,0.0
-484,TĐ Huội Quảng,2026-01-14 07:00:00,0.0,0.0
-484,TĐ Huội Quảng,2026-01-14 08:00:00,0.0,0.0
-484,TĐ Huội Quảng,2026-01-14 09:00:00,0.0,0.0
-484,TĐ Huội Quảng,2026-01-14 10:00:00,0.0,0.0
-484,TĐ Huội Quảng,2026-01-14 11:00:00,0.0,0.0
-484,TĐ Huội Quảng,2026-01-14 12:00:00,0.0,0.0
-484,TĐ Huội Quảng,2026-01-14 13:00:00,0.0,0.0
-484,TĐ Huội Quảng,2026-01-14 14:00:00,0.0,0.0
-484,TĐ Huội Quảng,2026-01-14 15:00:00,0.0,0.0
-484,TĐ Huội Quảng,2026-01-14 16:00:00,0.0,0.0
-484,TĐ Huội Quảng,2026-01-14 17:00:00,0.0,0.0
-484,TĐ Huội Quảng,2026-01-14 18:00:00,0.0,0.0
-484,TĐ Huội Quảng,2026-01-14 19:00:00,0.0,0.0
-484,TĐ Huội Quảng,2026-01-14 20:00:00,0.0,0.0
-484,TĐ Huội Quảng,2026-01-14 21:00:00,0.0,0.0
-484,TĐ Huội Quảng,2026-01-14 22:00:00,0.0,0.0
-484,TĐ Huội Quảng,2026-01-14 23:00:00,0.0,0.0
-484,TĐ Huội Quảng,2026-01-15 00:00:00,0.0,0.0
-484,TĐ Huội Quảng,2026-01-15 01:00:00,0.0,0.0
-484,TĐ Huội Quảng,2026-01-15 02:00:00,0.0,0.0
-484,TĐ Huội Quảng,2026-01-15 03:00:00,0.0,0.0
-484,TĐ Huội Quảng,2026-01-15 04:00:00,0.0,0.0
-484,TĐ Huội Quảng,2026-01-15 05:00:00,0.0,0.0
-484,TĐ Huội Quảng,2026-01-15 06:00:00,0.0,0.0
-484,TĐ Huội Quảng,2026-01-15 07:00:00,0.0,0.0
-484,TĐ Huội Quảng,2026-01-15 08:00:00,0.0,0.0
-484,TĐ Huội Quảng,2026-01-15 09:00:00,0.0,0.0
-484,TĐ Huội Quảng,2026-01-15 10:00:00,0.0,0.0
-484,TĐ Huội Quảng,2026-01-15 11:00:00,0.0,0.0
-484,TĐ Huội Quảng,2026-01-15 12:00:00,0.0,0.0
-484,TĐ Huội Quảng,2026-01-15 13:00:00,0.0,0.0
-484,TĐ Huội Quảng,2026-01-15 14:00:00,0.0,0.0
-484,TĐ Huội Quảng,2026-01-15 15:00:00,0.0,0.0
-484,TĐ Huội Quảng,2026-01-15 16:00:00,0.0,0.0
-484,TĐ Huội Quảng,2026-01-15 17:00:00,0.0,0.0
-484,TĐ Huội Quảng,2026-01-15 18:00:00,0.0,0.0
-484,TĐ Huội Quảng,2026-01-15 19:00:00,0.0,0.0
-484,TĐ Huội Quảng,2026-01-15 20:00:00,0.0,0.0
-484,TĐ Huội Quảng,2026-01-15 21:00:00,0.0,0.0
-484,TĐ Huội Quảng,2026-01-15 22:00:00,0.0,0.0
-484,TĐ Huội Quảng,2026-01-15 23:00:00,0.0,0.0
-484,TĐ Huội Quảng,2026-01-16 00:00:00,0.0,0.0
-484,TĐ Huội Quảng,2026-01-16 01:00:00,0.0,0.0
-484,TĐ Huội Quảng,2026-01-16 02:00:00,0.0,0.0
-484,TĐ Huội Quảng,2026-01-16 03:00:00,0.0,0.0
-484,TĐ Huội Quảng,2026-01-16 04:00:00,0.0,0.0
-484,TĐ Huội Quảng,2026-01-16 05:00:00,0.0,0.0
-484,TĐ Huội Quảng,2026-01-16 06:00:00,0.0,0.0
-484,TĐ Huội Quảng,2026-01-16 07:00:00,0.0,0.0
-484,TĐ Huội Quảng,2026-01-16 08:00:00,0.0,0.0
-484,TĐ Huội Quảng,2026-01-16 09:00:00,0.0,0.0
-484,TĐ Huội Quảng,2026-01-16 10:00:00,0.0,0.0
-484,TĐ Huội Quảng,2026-01-16 11:00:00,0.0,0.0
-484,TĐ Huội Quảng,2026-01-16 12:00:00,0.0,0.0
-484,TĐ Huội Quảng,2026-01-16 13:00:00,0.0,0.0
-484,TĐ Huội Quảng,2026-01-16 14:00:00,0.0,0.0
-484,TĐ Huội Quảng,2026-01-16 15:00:00,0.0,0.0
-484,TĐ Huội Quảng,2026-01-16 16:00:00,0.0,0.0
-484,TĐ Huội Quảng,2026-01-16 17:00:00,0.0,0.0
-484,TĐ Huội Quảng,2026-01-16 18:00:00,0.0,0.0
-484,TĐ Huội Quảng,2026-01-16 19:00:00,0.0,0.0
-484,TĐ Huội Quảng,2026-01-16 20:00:00,0.4000000059604645,0.4000000059604645
-484,TĐ Huội Quảng,2026-01-16 21:00:00,0.6000000238418579,1.0000000298023224
-484,TĐ Huội Quảng,2026-01-16 22:00:00,0.20000000298023224,1.2000000327825546
-484,TĐ Huội Quảng,2026-01-16 23:00:00,0.0,1.2000000327825546
-484,TĐ Huội Quảng,2026-01-17 00:00:00,0.0,1.2000000327825546
-484,TĐ Huội Quảng,2026-01-17 01:00:00,0.0,1.2000000327825546
-484,TĐ Huội Quảng,2026-01-17 02:00:00,0.0,1.2000000327825546
-484,TĐ Huội Quảng,2026-01-17 03:00:00,0.0,1.2000000327825546
-484,TĐ Huội Quảng,2026-01-17 04:00:00,0.0,1.2000000327825546
-484,TĐ Huội Quảng,2026-01-17 05:00:00,0.0,1.2000000327825546
-484,TĐ Huội Quảng,2026-01-17 06:00:00,0.0,1.2000000327825546
-484,TĐ Huội Quảng,2026-01-17 07:00:00,0.0,1.2000000327825546
-484,TĐ Huội Quảng,2026-01-17 08:00:00,0.0,1.2000000327825546
-484,TĐ Huội Quảng,2026-01-17 09:00:00,0.0,1.2000000327825546
-484,TĐ Huội Quảng,2026-01-17 10:00:00,0.0,1.2000000327825546
-484,TĐ Huội Quảng,2026-01-17 11:00:00,0.0,1.2000000327825546
-484,TĐ Huội Quảng,2026-01-17 12:00:00,0.0,1.2000000327825546
-484,TĐ Huội Quảng,2026-01-17 13:00:00,0.0,1.2000000327825546
-484,TĐ Huội Quảng,2026-01-17 14:00:00,0.0,1.2000000327825546
-484,TĐ Huội Quảng,2026-01-17 15:00:00,0.0,1.2000000327825546
-484,TĐ Huội Quảng,2026-01-17 16:00:00,0.0,1.2000000327825546
-484,TĐ Huội Quảng,2026-01-17 17:00:00,0.0,1.2000000327825546
-484,TĐ Huội Quảng,2026-01-17 18:00:00,0.0,1.2000000327825546
-484,TĐ Huội Quảng,2026-01-17 19:00:00,0.0,1.2000000327825546
-484,TĐ Huội Quảng,2026-01-17 20:00:00,0.0,1.2000000327825546
-484,TĐ Huội Quảng,2026-01-17 21:00:00,0.0,1.2000000327825546
-484,TĐ Huội Quảng,2026-01-17 22:00:00,0.0,1.2000000327825546
-484,TĐ Huội Quảng,2026-01-17 23:00:00,0.0,1.2000000327825546
-484,TĐ Huội Quảng,2026-01-18 00:00:00,0.0,0.0
-484,TĐ Huội Quảng,2026-01-18 01:00:00,0.0,0.0
-484,TĐ Huội Quảng,2026-01-18 02:00:00,0.0,0.0
-484,TĐ Huội Quảng,2026-01-18 03:00:00,0.0,0.0
-484,TĐ Huội Quảng,2026-01-18 04:00:00,0.0,0.0
-484,TĐ Huội Quảng,2026-01-18 05:00:00,0.0,0.0
-484,TĐ Huội Quảng,2026-01-18 06:00:00,0.0,0.0
-484,TĐ Huội Quảng,2026-01-18 07:00:00,0.0,0.0
-484,TĐ Huội Quảng,2026-01-18 08:00:00,0.0,0.0
-484,TĐ Huội Quảng,2026-01-18 09:00:00,0.0,0.0
-484,TĐ Huội Quảng,2026-01-18 10:00:00,0.0,0.0
-484,TĐ Huội Quảng,2026-01-18 11:00:00,0.0,0.0
-484,TĐ Huội Quảng,2026-01-18 12:00:00,0.0,0.0
-484,TĐ Huội Quảng,2026-01-18 13:00:00,0.20000000298023224,0.20000000298023224
-484,TĐ Huội Quảng,2026-01-18 14:00:00,0.0,0.20000000298023224
-484,TĐ Huội Quảng,2026-01-18 15:00:00,0.0,0.20000000298023224
-484,TĐ Huội Quảng,2026-01-18 16:00:00,0.0,0.20000000298023224
-484,TĐ Huội Quảng,2026-01-18 17:00:00,0.0,0.20000000298023224
-484,TĐ Huội Quảng,2026-01-18 18:00:00,0.0,0.20000000298023224
-484,TĐ Huội Quảng,2026-01-18 19:00:00,0.0,0.20000000298023224
-484,TĐ Huội Quảng,2026-01-18 20:00:00,0.0,0.20000000298023224
-484,TĐ Huội Quảng,2026-01-18 21:00:00,0.0,0.20000000298023224
-484,TĐ Huội Quảng,2026-01-18 22:00:00,0.0,0.20000000298023224
-484,TĐ Huội Quảng,2026-01-18 23:00:00,0.0,0.20000000298023224
-484,TĐ Huội Quảng,2026-01-19 00:00:00,0.0,0.0
-484,TĐ Huội Quảng,2026-01-19 01:00:00,0.0,0.0
-484,TĐ Huội Quảng,2026-01-19 02:00:00,0.0,0.0
-484,TĐ Huội Quảng,2026-01-19 03:00:00,0.0,0.0
-484,TĐ Huội Quảng,2026-01-19 04:00:00,0.0,0.0
-484,TĐ Huội Quảng,2026-01-19 05:00:00,0.0,0.0
-484,TĐ Huội Quảng,2026-01-19 06:00:00,0.0,0.0
-484,TĐ Huội Quảng,2026-01-19 07:00:00,0.0,0.0
-484,TĐ Huội Quảng,2026-01-19 08:00:00,0.0,0.0
-484,TĐ Huội Quảng,2026-01-19 09:00:00,0.0,0.0
-484,TĐ Huội Quảng,2026-01-19 10:00:00,0.0,0.0
-484,TĐ Huội Quảng,2026-01-19 11:00:00,0.0,0.0
-484,TĐ Huội Quảng,2026-01-19 12:00:00,0.0,0.0
-484,TĐ Huội Quảng,2026-01-19 13:00:00,0.0,0.0
-484,TĐ Huội Quảng,2026-01-19 14:00:00,,0.0
-484,TĐ Huội Quảng,2026-01-19 15:00:00,,0.0
-484,TĐ Huội Quảng,2026-01-19 16:00:00,,0.0
-484,TĐ Huội Quảng,2026-01-19 17:00:00,,0.0
-484,TĐ Huội Quảng,2026-01-19 18:00:00,,0.0
-484,TĐ Huội Quảng,2026-01-19 19:00:00,,0.0
-484,TĐ Huội Quảng,2026-01-19 20:00:00,0.0,0.0
-484,TĐ Huội Quảng,2026-01-19 21:00:00,0.0,0.0
-484,TĐ Huội Quảng,2026-01-19 22:00:00,0.0,0.0
-484,TĐ Huội Quảng,2026-01-19 23:00:00,0.0,0.0
-484,TĐ Huội Quảng,2026-01-20 00:00:00,0.0,0.0
-484,TĐ Huội Quảng,2026-01-20 01:00:00,0.0,0.0
-484,TĐ Huội Quảng,2026-01-20 02:00:00,0.0,0.0
-484,TĐ Huội Quảng,2026-01-20 03:00:00,0.0,0.0
-484,TĐ Huội Quảng,2026-01-20 04:00:00,0.0,0.0
-484,TĐ Huội Quảng,2026-01-20 05:00:00,0.0,0.0
-484,TĐ Huội Quảng,2026-01-20 06:00:00,0.0,0.0
-484,TĐ Huội Quảng,2026-01-20 07:00:00,0.0,0.0
-484,TĐ Huội Quảng,2026-01-20 08:00:00,0.0,0.0
-484,TĐ Huội Quảng,2026-01-20 09:00:00,0.0,0.0
-484,TĐ Huội Quảng,2026-01-20 10:00:00,0.0,0.0
-484,TĐ Huội Quảng,2026-01-20 11:00:00,0.0,0.0
-484,TĐ Huội Quảng,2026-01-20 12:00:00,0.0,0.0
-484,TĐ Huội Quảng,2026-01-20 13:00:00,0.0,0.0
-484,TĐ Huội Quảng,2026-01-20 14:00:00,0.0,0.0
-484,TĐ Huội Quảng,2026-01-20 15:00:00,0.0,0.0
-484,TĐ Huội Quảng,2026-01-20 16:00:00,0.0,0.0
-484,TĐ Huội Quảng,2026-01-20 17:00:00,0.0,0.0
-484,TĐ Huội Quảng,2026-01-20 18:00:00,0.0,0.0
-484,TĐ Huội Quảng,2026-01-20 19:00:00,0.0,0.0
-484,TĐ Huội Quảng,2026-01-20 20:00:00,0.0,0.0
-484,TĐ Huội Quảng,2026-01-20 21:00:00,0.0,0.0
-484,TĐ Huội Quảng,2026-01-20 22:00:00,0.0,0.0
-484,TĐ Huội Quảng,2026-01-20 23:00:00,0.0,0.0
-484,TĐ Huội Quảng,2026-01-21 00:00:00,0.0,0.0
-484,TĐ Huội Quảng,2026-01-21 01:00:00,0.0,0.0
-484,TĐ Huội Quảng,2026-01-21 02:00:00,0.0,0.0
-484,TĐ Huội Quảng,2026-01-21 03:00:00,0.0,0.0
-484,TĐ Huội Quảng,2026-01-21 04:00:00,0.0,0.0
-484,TĐ Huội Quảng,2026-01-21 05:00:00,0.0,0.0
-484,TĐ Huội Quảng,2026-01-21 06:00:00,0.0,0.0
-484,TĐ Huội Quảng,2026-01-21 07:00:00,0.0,0.0
-484,TĐ Huội Quảng,2026-01-21 08:00:00,0.0,0.0
-484,TĐ Huội Quảng,2026-01-21 09:00:00,0.0,0.0
-484,TĐ Huội Quảng,2026-01-21 10:00:00,0.0,0.0
-484,TĐ Huội Quảng,2026-01-21 11:00:00,0.0,0.0
-484,TĐ Huội Quảng,2026-01-21 12:00:00,0.0,0.0
-484,TĐ Huội Quảng,2026-01-21 13:00:00,0.0,0.0
-484,TĐ Huội Quảng,2026-01-21 14:00:00,0.0,0.0
-484,TĐ Huội Quảng,2026-01-21 15:00:00,0.0,0.0
-484,TĐ Huội Quảng,2026-01-21 16:00:00,0.0,0.0
-484,TĐ Huội Quảng,2026-01-21 17:00:00,0.0,0.0
-484,TĐ Huội Quảng,2026-01-21 18:00:00,0.0,0.0
-484,TĐ Huội Quảng,2026-01-21 19:00:00,0.0,0.0
-484,TĐ Huội Quảng,2026-01-21 20:00:00,0.0,0.0
-484,TĐ Huội Quảng,2026-01-21 21:00:00,0.0,0.0
-484,TĐ Huội Quảng,2026-01-21 22:00:00,0.0,0.0
-484,TĐ Huội Quảng,2026-01-21 23:00:00,0.0,0.0
-484,TĐ Huội Quảng,2026-01-22 00:00:00,0.0,0.0
-484,TĐ Huội Quảng,2026-01-22 01:00:00,0.0,0.0
-484,TĐ Huội Quảng,2026-01-22 02:00:00,0.0,0.0
-484,TĐ Huội Quảng,2026-01-22 03:00:00,0.0,0.0
-484,TĐ Huội Quảng,2026-01-22 04:00:00,0.0,0.0
-484,TĐ Huội Quảng,2026-01-22 05:00:00,0.0,0.0
-484,TĐ Huội Quảng,2026-01-22 06:00:00,0.0,0.0
-484,TĐ Huội Quảng,2026-01-22 07:00:00,0.0,0.0
-484,TĐ Huội Quảng,2026-01-22 08:00:00,0.0,0.0
-484,TĐ Huội Quảng,2026-01-22 09:00:00,0.0,0.0
-484,TĐ Huội Quảng,2026-01-22 10:00:00,0.0,0.0
-484,TĐ Huội Quảng,2026-01-22 11:00:00,,0.0
-484,TĐ Huội Quảng,2026-01-22 12:00:00,,0.0
-484,TĐ Huội Quảng,2026-01-22 13:00:00,0.0,0.0
-484,TĐ Huội Quảng,2026-01-22 14:00:00,0.0,0.0
-484,TĐ Huội Quảng,2026-01-22 15:00:00,0.0,0.0
-484,TĐ Huội Quảng,2026-01-22 16:00:00,0.0,0.0
-484,TĐ Huội Quảng,2026-01-22 17:00:00,0.0,0.0
-484,TĐ Huội Quảng,2026-01-22 18:00:00,0.0,0.0
-484,TĐ Huội Quảng,2026-01-22 19:00:00,0.0,0.0
-484,TĐ Huội Quảng,2026-01-22 20:00:00,0.0,0.0
-484,TĐ Huội Quảng,2026-01-22 21:00:00,0.0,0.0
-484,TĐ Huội Quảng,2026-01-22 22:00:00,0.0,0.0
-484,TĐ Huội Quảng,2026-01-22 23:00:00,0.0,0.0
-484,TĐ Huội Quảng,2026-01-23 00:00:00,0.0,0.0
-484,TĐ Huội Quảng,2026-01-23 01:00:00,0.0,0.0
-484,TĐ Huội Quảng,2026-01-23 02:00:00,0.0,0.0
-484,TĐ Huội Quảng,2026-01-23 03:00:00,0.0,0.0
-484,TĐ Huội Quảng,2026-01-23 04:00:00,0.0,0.0
-484,TĐ Huội Quảng,2026-01-23 05:00:00,0.0,0.0
-484,TĐ Huội Quảng,2026-01-23 06:00:00,0.0,0.0
-484,TĐ Huội Quảng,2026-01-23 07:00:00,0.0,0.0
-484,TĐ Huội Quảng,2026-01-23 08:00:00,0.0,0.0
-484,TĐ Huội Quảng,2026-01-23 09:00:00,0.0,0.0
-484,TĐ Huội Quảng,2026-01-23 10:00:00,0.0,0.0
-484,TĐ Huội Quảng,2026-01-23 11:00:00,0.0,0.0
-484,TĐ Huội Quảng,2026-01-23 12:00:00,0.0,0.0
-484,TĐ Huội Quảng,2026-01-23 13:00:00,0.0,0.0
-484,TĐ Huội Quảng,2026-01-23 14:00:00,0.0,0.0
-484,TĐ Huội Quảng,2026-01-23 15:00:00,0.0,0.0
-484,TĐ Huội Quảng,2026-01-23 16:00:00,,0.0
-484,TĐ Huội Quảng,2026-01-23 17:00:00,0.0,0.0
-484,TĐ Huội Quảng,2026-01-23 18:00:00,0.0,0.0
-484,TĐ Huội Quảng,2026-01-23 19:00:00,0.0,0.0
-484,TĐ Huội Quảng,2026-01-23 20:00:00,0.0,0.0
-484,TĐ Huội Quảng,2026-01-23 21:00:00,0.0,0.0
-484,TĐ Huội Quảng,2026-01-23 22:00:00,0.0,0.0
-484,TĐ Huội Quảng,2026-01-23 23:00:00,0.0,0.0
-484,TĐ Huội Quảng,2026-01-24 00:00:00,0.0,0.0
-484,TĐ Huội Quảng,2026-01-24 01:00:00,0.0,0.0
-484,TĐ Huội Quảng,2026-01-24 02:00:00,0.0,0.0
-484,TĐ Huội Quảng,2026-01-24 03:00:00,0.0,0.0
-484,TĐ Huội Quảng,2026-01-24 04:00:00,0.0,0.0
-484,TĐ Huội Quảng,2026-01-24 05:00:00,0.0,0.0
-484,TĐ Huội Quảng,2026-01-24 06:00:00,0.0,0.0
-484,TĐ Huội Quảng,2026-01-24 07:00:00,0.0,0.0
-484,TĐ Huội Quảng,2026-01-24 08:00:00,0.0,0.0
-484,TĐ Huội Quảng,2026-01-24 09:00:00,0.0,0.0
-484,TĐ Huội Quảng,2026-01-24 10:00:00,0.0,0.0
-484,TĐ Huội Quảng,2026-01-24 11:00:00,0.0,0.0
-484,TĐ Huội Quảng,2026-01-24 12:00:00,0.0,0.0
-484,TĐ Huội Quảng,2026-01-24 13:00:00,0.0,0.0
-484,TĐ Huội Quảng,2026-01-24 14:00:00,0.0,0.0
-484,TĐ Huội Quảng,2026-01-24 15:00:00,0.0,0.0
-484,TĐ Huội Quảng,2026-01-24 16:00:00,0.0,0.0
-484,TĐ Huội Quảng,2026-01-24 17:00:00,0.0,0.0
-484,TĐ Huội Quảng,2026-01-24 18:00:00,0.0,0.0
-484,TĐ Huội Quảng,2026-01-24 19:00:00,0.0,0.0
-484,TĐ Huội Quảng,2026-01-24 20:00:00,0.0,0.0
-484,TĐ Huội Quảng,2026-01-24 21:00:00,,0.0
-484,TĐ Huội Quảng,2026-01-24 22:00:00,,0.0
-484,TĐ Huội Quảng,2026-01-24 23:00:00,0.0,0.0
-484,TĐ Huội Quảng,2026-01-25 00:00:00,0.0,0.0
-484,TĐ Huội Quảng,2026-01-25 01:00:00,0.0,0.0
-484,TĐ Huội Quảng,2026-01-25 02:00:00,0.0,0.0
-484,TĐ Huội Quảng,2026-01-25 03:00:00,0.0,0.0
-484,TĐ Huội Quảng,2026-01-25 04:00:00,0.0,0.0
-484,TĐ Huội Quảng,2026-01-25 05:00:00,0.0,0.0
-484,TĐ Huội Quảng,2026-01-25 06:00:00,0.0,0.0
-484,TĐ Huội Quảng,2026-01-25 07:00:00,0.0,0.0
-484,TĐ Huội Quảng,2026-01-25 08:00:00,0.0,0.0
-484,TĐ Huội Quảng,2026-01-25 09:00:00,0.0,0.0
-484,TĐ Huội Quảng,2026-01-25 10:00:00,0.0,0.0
-484,TĐ Huội Quảng,2026-01-25 11:00:00,0.0,0.0
-484,TĐ Huội Quảng,2026-01-25 12:00:00,0.0,0.0
-484,TĐ Huội Quảng,2026-01-25 13:00:00,0.0,0.0
-484,TĐ Huội Quảng,2026-01-25 14:00:00,0.0,0.0
-484,TĐ Huội Quảng,2026-01-25 15:00:00,0.0,0.0
-484,TĐ Huội Quảng,2026-01-25 16:00:00,0.0,0.0
-484,TĐ Huội Quảng,2026-01-25 17:00:00,0.0,0.0
-484,TĐ Huội Quảng,2026-01-25 18:00:00,0.0,0.0
-484,TĐ Huội Quảng,2026-01-25 19:00:00,0.0,0.0
-484,TĐ Huội Quảng,2026-01-25 20:00:00,0.0,0.0
-484,TĐ Huội Quảng,2026-01-25 21:00:00,0.0,0.0
-484,TĐ Huội Quảng,2026-01-25 22:00:00,0.0,0.0
-484,TĐ Huội Quảng,2026-01-25 23:00:00,0.0,0.0
-484,TĐ Huội Quảng,2026-01-26 00:00:00,0.0,0.0
-484,TĐ Huội Quảng,2026-01-26 01:00:00,0.0,0.0
-484,TĐ Huội Quảng,2026-01-26 02:00:00,0.0,0.0
-484,TĐ Huội Quảng,2026-01-26 03:00:00,0.0,0.0
-484,TĐ Huội Quảng,2026-01-26 04:00:00,0.0,0.0
-484,TĐ Huội Quảng,2026-01-26 05:00:00,0.0,0.0
-484,TĐ Huội Quảng,2026-01-26 06:00:00,0.0,0.0
-484,TĐ Huội Quảng,2026-01-26 07:00:00,0.0,0.0
-484,TĐ Huội Quảng,2026-01-26 08:00:00,0.0,0.0
-484,TĐ Huội Quảng,2026-01-26 09:00:00,0.0,0.0
-484,TĐ Huội Quảng,2026-01-26 10:00:00,0.0,0.0
-484,TĐ Huội Quảng,2026-01-26 11:00:00,0.0,0.0
-484,TĐ Huội Quảng,2026-01-26 12:00:00,,0.0
-484,TĐ Huội Quảng,2026-01-26 13:00:00,0.0,0.0
-484,TĐ Huội Quảng,2026-01-26 14:00:00,0.0,0.0
-484,TĐ Huội Quảng,2026-01-26 15:00:00,0.0,0.0
-484,TĐ Huội Quảng,2026-01-26 16:00:00,0.0,0.0
-484,TĐ Huội Quảng,2026-01-26 17:00:00,0.0,0.0
-484,TĐ Huội Quảng,2026-01-26 18:00:00,0.0,0.0
-484,TĐ Huội Quảng,2026-01-26 19:00:00,0.0,0.0
-484,TĐ Huội Quảng,2026-01-26 20:00:00,0.0,0.0
-484,TĐ Huội Quảng,2026-01-26 21:00:00,0.0,0.0
-484,TĐ Huội Quảng,2026-01-26 22:00:00,0.0,0.0
-484,TĐ Huội Quảng,2026-01-26 23:00:00,0.0,0.0
-484,TĐ Huội Quảng,2026-01-27 00:00:00,0.0,0.0
-484,TĐ Huội Quảng,2026-01-27 01:00:00,0.0,0.0
-484,TĐ Huội Quảng,2026-01-27 02:00:00,0.0,0.0
-484,TĐ Huội Quảng,2026-01-27 03:00:00,0.0,0.0
-484,TĐ Huội Quảng,2026-01-27 04:00:00,0.0,0.0
-484,TĐ Huội Quảng,2026-01-27 05:00:00,0.0,0.0
-484,TĐ Huội Quảng,2026-01-27 06:00:00,0.0,0.0
-484,TĐ Huội Quảng,2026-01-27 07:00:00,0.0,0.0
-484,TĐ Huội Quảng,2026-01-27 08:00:00,0.0,0.0
-484,TĐ Huội Quảng,2026-01-27 09:00:00,0.0,0.0
-484,TĐ Huội Quảng,2026-01-27 10:00:00,0.0,0.0
-484,TĐ Huội Quảng,2026-01-27 11:00:00,0.0,0.0
-484,TĐ Huội Quảng,2026-01-27 12:00:00,0.0,0.0
-484,TĐ Huội Quảng,2026-01-27 13:00:00,0.0,0.0
-484,TĐ Huội Quảng,2026-01-27 14:00:00,0.0,0.0
-484,TĐ Huội Quảng,2026-01-27 15:00:00,0.0,0.0
-484,TĐ Huội Quảng,2026-01-27 16:00:00,0.0,0.0
-484,TĐ Huội Quảng,2026-01-27 17:00:00,0.0,0.0
-484,TĐ Huội Quảng,2026-01-27 18:00:00,0.0,0.0
-484,TĐ Huội Quảng,2026-01-27 19:00:00,0.0,0.0
-484,TĐ Huội Quảng,2026-01-27 20:00:00,0.0,0.0
-484,TĐ Huội Quảng,2026-01-27 21:00:00,0.0,0.0
-484,TĐ Huội Quảng,2026-01-27 22:00:00,0.0,0.0
-484,TĐ Huội Quảng,2026-01-27 23:00:00,0.0,0.0
-484,TĐ Huội Quảng,2026-01-28 00:00:00,0.0,0.0
-484,TĐ Huội Quảng,2026-01-28 01:00:00,0.0,0.0
-484,TĐ Huội Quảng,2026-01-28 02:00:00,0.0,0.0
-484,TĐ Huội Quảng,2026-01-28 03:00:00,0.0,0.0
-484,TĐ Huội Quảng,2026-01-28 04:00:00,0.0,0.0
-484,TĐ Huội Quảng,2026-01-28 05:00:00,0.0,0.0
-484,TĐ Huội Quảng,2026-01-28 06:00:00,0.0,0.0
-484,TĐ Huội Quảng,2026-01-28 07:00:00,0.0,0.0
-484,TĐ Huội Quảng,2026-01-28 08:00:00,0.0,0.0
-484,TĐ Huội Quảng,2026-01-28 09:00:00,0.0,0.0
-484,TĐ Huội Quảng,2026-01-28 10:00:00,0.0,0.0
-484,TĐ Huội Quảng,2026-01-28 11:00:00,0.0,0.0
-484,TĐ Huội Quảng,2026-01-28 12:00:00,0.0,0.0
-484,TĐ Huội Quảng,2026-01-28 13:00:00,0.0,0.0
-484,TĐ Huội Quảng,2026-01-28 14:00:00,0.0,0.0
-484,TĐ Huội Quảng,2026-01-28 15:00:00,0.0,0.0
-484,TĐ Huội Quảng,2026-01-28 16:00:00,0.0,0.0
-484,TĐ Huội Quảng,2026-01-28 17:00:00,0.0,0.0
-484,TĐ Huội Quảng,2026-01-28 18:00:00,0.0,0.0
-484,TĐ Huội Quảng,2026-01-28 19:00:00,0.0,0.0
-484,TĐ Huội Quảng,2026-01-28 20:00:00,0.0,0.0
-484,TĐ Huội Quảng,2026-01-28 21:00:00,0.0,0.0
-484,TĐ Huội Quảng,2026-01-28 22:00:00,0.0,0.0
-484,TĐ Huội Quảng,2026-01-28 23:00:00,0.0,0.0
-484,TĐ Huội Quảng,2026-01-29 00:00:00,0.0,0.0
-484,TĐ Huội Quảng,2026-01-29 01:00:00,0.0,0.0
-484,TĐ Huội Quảng,2026-01-29 02:00:00,0.0,0.0
-484,TĐ Huội Quảng,2026-01-29 03:00:00,0.0,0.0
-484,TĐ Huội Quảng,2026-01-29 04:00:00,0.0,0.0
-484,TĐ Huội Quảng,2026-01-29 05:00:00,0.0,0.0
-484,TĐ Huội Quảng,2026-01-29 06:00:00,0.0,0.0
-484,TĐ Huội Quảng,2026-01-29 07:00:00,0.0,0.0
-484,TĐ Huội Quảng,2026-01-29 08:00:00,0.0,0.0
-484,TĐ Huội Quảng,2026-01-29 09:00:00,0.0,0.0
-484,TĐ Huội Quảng,2026-01-29 10:00:00,0.0,0.0
-484,TĐ Huội Quảng,2026-01-29 11:00:00,0.0,0.0
-484,TĐ Huội Quảng,2026-01-29 12:00:00,0.0,0.0
-484,TĐ Huội Quảng,2026-01-29 13:00:00,0.0,0.0
-484,TĐ Huội Quảng,2026-01-29 14:00:00,0.0,0.0
-484,TĐ Huội Quảng,2026-01-29 15:00:00,0.0,0.0
-484,TĐ Huội Quảng,2026-01-29 16:00:00,0.0,0.0
-484,TĐ Huội Quảng,2026-01-29 17:00:00,0.0,0.0
-484,TĐ Huội Quảng,2026-01-29 18:00:00,0.0,0.0
-484,TĐ Huội Quảng,2026-01-29 19:00:00,0.0,0.0
-484,TĐ Huội Quảng,2026-01-29 20:00:00,0.0,0.0
-484,TĐ Huội Quảng,2026-01-29 21:00:00,0.0,0.0
-484,TĐ Huội Quảng,2026-01-29 22:00:00,0.0,0.0
-484,TĐ Huội Quảng,2026-01-29 23:00:00,0.0,0.0
-484,TĐ Huội Quảng,2026-01-30 00:00:00,0.0,0.0
-484,TĐ Huội Quảng,2026-01-30 01:00:00,0.0,0.0
-484,TĐ Huội Quảng,2026-01-30 02:00:00,0.0,0.0
-484,TĐ Huội Quảng,2026-01-30 03:00:00,0.0,0.0
-484,TĐ Huội Quảng,2026-01-30 04:00:00,0.0,0.0
-484,TĐ Huội Quảng,2026-01-30 05:00:00,0.0,0.0
-484,TĐ Huội Quảng,2026-01-30 06:00:00,0.0,0.0
-484,TĐ Huội Quảng,2026-01-30 07:00:00,0.0,0.0
-484,TĐ Huội Quảng,2026-01-30 08:00:00,0.0,0.0
-484,TĐ Huội Quảng,2026-01-30 09:00:00,0.0,0.0
-484,TĐ Huội Quảng,2026-01-30 10:00:00,0.0,0.0
-484,TĐ Huội Quảng,2026-01-30 11:00:00,0.0,0.0
-484,TĐ Huội Quảng,2026-01-30 12:00:00,0.0,0.0
-484,TĐ Huội Quảng,2026-01-30 13:00:00,0.0,0.0
-484,TĐ Huội Quảng,2026-01-30 14:00:00,0.0,0.0
-484,TĐ Huội Quảng,2026-01-30 15:00:00,0.0,0.0
-484,TĐ Huội Quảng,2026-01-30 16:00:00,0.0,0.0
-484,TĐ Huội Quảng,2026-01-30 17:00:00,0.0,0.0
-484,TĐ Huội Quảng,2026-01-30 18:00:00,0.0,0.0
-484,TĐ Huội Quảng,2026-01-30 19:00:00,0.0,0.0
-484,TĐ Huội Quảng,2026-01-30 20:00:00,0.0,0.0
-484,TĐ Huội Quảng,2026-01-30 21:00:00,0.0,0.0
-484,TĐ Huội Quảng,2026-01-30 22:00:00,0.0,0.0
-484,TĐ Huội Quảng,2026-01-30 23:00:00,0.0,0.0
-484,TĐ Huội Quảng,2026-01-31 00:00:00,0.0,0.0
-484,TĐ Huội Quảng,2026-01-31 01:00:00,0.0,0.0
-484,TĐ Huội Quảng,2026-01-31 02:00:00,0.0,0.0
-484,TĐ Huội Quảng,2026-01-31 03:00:00,0.0,0.0
-484,TĐ Huội Quảng,2026-01-31 04:00:00,0.0,0.0
-484,TĐ Huội Quảng,2026-01-31 05:00:00,0.0,0.0
-484,TĐ Huội Quảng,2026-01-31 06:00:00,0.0,0.0
-484,TĐ Huội Quảng,2026-01-31 07:00:00,0.0,0.0
-484,TĐ Huội Quảng,2026-01-31 08:00:00,0.0,0.0
-484,TĐ Huội Quảng,2026-01-31 09:00:00,0.0,0.0
-484,TĐ Huội Quảng,2026-01-31 10:00:00,0.0,0.0
-484,TĐ Huội Quảng,2026-01-31 11:00:00,0.0,0.0
-484,TĐ Huội Quảng,2026-01-31 12:00:00,0.0,0.0
-484,TĐ Huội Quảng,2026-01-31 13:00:00,0.0,0.0
-484,TĐ Huội Quảng,2026-01-31 14:00:00,0.0,0.0
-484,TĐ Huội Quảng,2026-01-31 15:00:00,0.0,0.0
-484,TĐ Huội Quảng,2026-01-31 16:00:00,0.0,0.0
-484,TĐ Huội Quảng,2026-01-31 17:00:00,0.0,0.0
-484,TĐ Huội Quảng,2026-01-31 18:00:00,0.0,0.0
-484,TĐ Huội Quảng,2026-01-31 19:00:00,0.0,0.0
-484,TĐ Huội Quảng,2026-01-31 20:00:00,0.0,0.0
-484,TĐ Huội Quảng,2026-01-31 21:00:00,0.0,0.0
-484,TĐ Huội Quảng,2026-01-31 22:00:00,0.0,0.0
-484,TĐ Huội Quảng,2026-01-31 23:00:00,0.0,0.0
-484,TĐ Huội Quảng,2026-02-01 00:00:00,0.0,0.0
-484,TĐ Huội Quảng,2026-02-01 01:00:00,0.0,0.0
-484,TĐ Huội Quảng,2026-02-01 02:00:00,0.0,0.0
-484,TĐ Huội Quảng,2026-02-01 03:00:00,0.0,0.0
-484,TĐ Huội Quảng,2026-02-01 04:00:00,0.0,0.0
-484,TĐ Huội Quảng,2026-02-01 05:00:00,0.0,0.0
-484,TĐ Huội Quảng,2026-02-01 06:00:00,0.0,0.0
-484,TĐ Huội Quảng,2026-02-01 07:00:00,0.0,0.0
-484,TĐ Huội Quảng,2026-02-01 08:00:00,0.0,0.0
-484,TĐ Huội Quảng,2026-02-01 09:00:00,0.0,0.0
-484,TĐ Huội Quảng,2026-02-01 10:00:00,0.0,0.0
-484,TĐ Huội Quảng,2026-02-01 11:00:00,0.0,0.0
-484,TĐ Huội Quảng,2026-02-01 12:00:00,0.0,0.0
-484,TĐ Huội Quảng,2026-02-01 13:00:00,0.0,0.0
-484,TĐ Huội Quảng,2026-02-01 14:00:00,0.0,0.0
-484,TĐ Huội Quảng,2026-02-01 15:00:00,0.0,0.0
-484,TĐ Huội Quảng,2026-02-01 16:00:00,0.0,0.0
-484,TĐ Huội Quảng,2026-02-01 17:00:00,0.0,0.0
-484,TĐ Huội Quảng,2026-02-01 18:00:00,0.0,0.0
-484,TĐ Huội Quảng,2026-02-01 19:00:00,0.0,0.0
-484,TĐ Huội Quảng,2026-02-01 20:00:00,0.0,0.0
-484,TĐ Huội Quảng,2026-02-01 21:00:00,0.0,0.0
-484,TĐ Huội Quảng,2026-02-01 22:00:00,0.0,0.0
-484,TĐ Huội Quảng,2026-02-01 23:00:00,0.0,0.0
-484,TĐ Huội Quảng,2026-02-02 00:00:00,0.0,0.0
-484,TĐ Huội Quảng,2026-02-02 01:00:00,0.0,0.0
-484,TĐ Huội Quảng,2026-02-02 02:00:00,0.0,0.0
-484,TĐ Huội Quảng,2026-02-02 03:00:00,0.0,0.0
-484,TĐ Huội Quảng,2026-02-02 04:00:00,0.0,0.0
-484,TĐ Huội Quảng,2026-02-02 05:00:00,0.0,0.0
-484,TĐ Huội Quảng,2026-02-02 06:00:00,0.0,0.0
-484,TĐ Huội Quảng,2026-02-02 07:00:00,0.0,0.0
-484,TĐ Huội Quảng,2026-02-02 08:00:00,0.0,0.0
-484,TĐ Huội Quảng,2026-02-02 09:00:00,0.0,0.0
-484,TĐ Huội Quảng,2026-02-02 10:00:00,0.0,0.0
-484,TĐ Huội Quảng,2026-02-02 11:00:00,0.0,0.0
-484,TĐ Huội Quảng,2026-02-02 12:00:00,0.0,0.0
-484,TĐ Huội Quảng,2026-02-02 13:00:00,0.0,0.0
-484,TĐ Huội Quảng,2026-02-02 14:00:00,0.0,0.0
-484,TĐ Huội Quảng,2026-02-02 15:00:00,0.0,0.0
-484,TĐ Huội Quảng,2026-02-02 16:00:00,0.0,0.0
-484,TĐ Huội Quảng,2026-02-02 17:00:00,0.0,0.0
-484,TĐ Huội Quảng,2026-02-02 18:00:00,0.0,0.0
-484,TĐ Huội Quảng,2026-02-02 19:00:00,0.0,0.0
-484,TĐ Huội Quảng,2026-02-02 20:00:00,0.0,0.0
-484,TĐ Huội Quảng,2026-02-02 21:00:00,0.0,0.0
-484,TĐ Huội Quảng,2026-02-02 22:00:00,0.0,0.0
-484,TĐ Huội Quảng,2026-02-02 23:00:00,0.0,0.0
-484,TĐ Huội Quảng,2026-02-03 00:00:00,0.0,0.0
-484,TĐ Huội Quảng,2026-02-03 01:00:00,0.0,0.0
-484,TĐ Huội Quảng,2026-02-03 02:00:00,0.0,0.0
-484,TĐ Huội Quảng,2026-02-03 03:00:00,0.0,0.0
-484,TĐ Huội Quảng,2026-02-03 04:00:00,0.0,0.0
-484,TĐ Huội Quảng,2026-02-03 05:00:00,0.0,0.0
-484,TĐ Huội Quảng,2026-02-03 06:00:00,0.0,0.0
-484,TĐ Huội Quảng,2026-02-03 07:00:00,0.0,0.0
-484,TĐ Huội Quảng,2026-02-03 08:00:00,0.0,0.0
-484,TĐ Huội Quảng,2026-02-03 09:00:00,0.0,0.0
-484,TĐ Huội Quảng,2026-02-03 10:00:00,0.0,0.0
-484,TĐ Huội Quảng,2026-02-03 11:00:00,0.0,0.0
-484,TĐ Huội Quảng,2026-02-03 12:00:00,0.0,0.0
-484,TĐ Huội Quảng,2026-02-03 13:00:00,0.0,0.0
-484,TĐ Huội Quảng,2026-02-03 14:00:00,0.0,0.0
-484,TĐ Huội Quảng,2026-02-03 15:00:00,0.0,0.0
-484,TĐ Huội Quảng,2026-02-03 16:00:00,0.0,0.0
-484,TĐ Huội Quảng,2026-02-03 17:00:00,0.0,0.0
-484,TĐ Huội Quảng,2026-02-03 18:00:00,0.0,0.0
-484,TĐ Huội Quảng,2026-02-03 19:00:00,0.0,0.0
-484,TĐ Huội Quảng,2026-02-03 20:00:00,0.0,0.0
-484,TĐ Huội Quảng,2026-02-03 21:00:00,0.0,0.0
-484,TĐ Huội Quảng,2026-02-03 22:00:00,,0.0
-484,TĐ Huội Quảng,2026-02-03 23:00:00,0.0,0.0
-484,TĐ Huội Quảng,2026-02-04 00:00:00,0.0,0.0
-484,TĐ Huội Quảng,2026-02-04 01:00:00,0.0,0.0
-484,TĐ Huội Quảng,2026-02-04 02:00:00,0.0,0.0
-484,TĐ Huội Quảng,2026-02-04 03:00:00,0.0,0.0
-484,TĐ Huội Quảng,2026-02-04 04:00:00,0.0,0.0
-484,TĐ Huội Quảng,2026-02-04 05:00:00,0.0,0.0
-484,TĐ Huội Quảng,2026-02-04 06:00:00,0.0,0.0
-484,TĐ Huội Quảng,2026-02-04 07:00:00,0.0,0.0
-484,TĐ Huội Quảng,2026-02-04 08:00:00,0.0,0.0
-484,TĐ Huội Quảng,2026-02-04 09:00:00,0.0,0.0
-484,TĐ Huội Quảng,2026-02-04 10:00:00,0.0,0.0
-484,TĐ Huội Quảng,2026-02-04 11:00:00,0.0,0.0
-484,TĐ Huội Quảng,2026-02-04 12:00:00,0.0,0.0
-484,TĐ Huội Quảng,2026-02-04 13:00:00,0.0,0.0
-484,TĐ Huội Quảng,2026-02-04 14:00:00,0.0,0.0
-484,TĐ Huội Quảng,2026-02-04 15:00:00,0.0,0.0
-484,TĐ Huội Quảng,2026-02-04 16:00:00,0.0,0.0
-484,TĐ Huội Quảng,2026-02-04 17:00:00,0.0,0.0
-484,TĐ Huội Quảng,2026-02-04 18:00:00,0.0,0.0
-484,TĐ Huội Quảng,2026-02-04 19:00:00,0.0,0.0
-484,TĐ Huội Quảng,2026-02-04 20:00:00,0.0,0.0
-484,TĐ Huội Quảng,2026-02-04 21:00:00,0.0,0.0
-484,TĐ Huội Quảng,2026-02-04 22:00:00,0.0,0.0
-484,TĐ Huội Quảng,2026-02-04 23:00:00,0.0,0.0
-484,TĐ Huội Quảng,2026-02-05 00:00:00,0.0,0.0
-484,TĐ Huội Quảng,2026-02-05 01:00:00,0.0,0.0
-484,TĐ Huội Quảng,2026-02-05 02:00:00,0.0,0.0
-484,TĐ Huội Quảng,2026-02-05 03:00:00,0.0,0.0
-484,TĐ Huội Quảng,2026-02-05 04:00:00,0.0,0.0
-484,TĐ Huội Quảng,2026-02-05 05:00:00,0.0,0.0
-484,TĐ Huội Quảng,2026-02-05 06:00:00,0.0,0.0
-484,TĐ Huội Quảng,2026-02-05 07:00:00,0.0,0.0
-484,TĐ Huội Quảng,2026-02-05 08:00:00,0.0,0.0
-484,TĐ Huội Quảng,2026-02-05 09:00:00,0.0,0.0
-484,TĐ Huội Quảng,2026-02-05 10:00:00,0.0,0.0
-484,TĐ Huội Quảng,2026-02-05 11:00:00,0.0,0.0
-484,TĐ Huội Quảng,2026-02-05 12:00:00,0.0,0.0
-484,TĐ Huội Quảng,2026-02-05 13:00:00,0.0,0.0
-484,TĐ Huội Quảng,2026-02-05 14:00:00,0.0,0.0
-484,TĐ Huội Quảng,2026-02-05 15:00:00,0.0,0.0
-484,TĐ Huội Quảng,2026-02-05 16:00:00,0.0,0.0
-484,TĐ Huội Quảng,2026-02-05 17:00:00,0.0,0.0
-484,TĐ Huội Quảng,2026-02-05 18:00:00,0.0,0.0
-484,TĐ Huội Quảng,2026-02-05 19:00:00,0.0,0.0
-484,TĐ Huội Quảng,2026-02-05 20:00:00,0.0,0.0
-484,TĐ Huội Quảng,2026-02-05 21:00:00,0.0,0.0
-484,TĐ Huội Quảng,2026-02-05 22:00:00,0.0,0.0
-484,TĐ Huội Quảng,2026-02-05 23:00:00,0.0,0.0
-484,TĐ Huội Quảng,2026-02-06 00:00:00,0.0,0.0
-484,TĐ Huội Quảng,2026-02-06 01:00:00,0.0,0.0
-484,TĐ Huội Quảng,2026-02-06 02:00:00,0.0,0.0
-484,TĐ Huội Quảng,2026-02-06 03:00:00,0.0,0.0
-484,TĐ Huội Quảng,2026-02-06 04:00:00,0.0,0.0
-484,TĐ Huội Quảng,2026-02-06 05:00:00,0.0,0.0
-484,TĐ Huội Quảng,2026-02-06 06:00:00,0.0,0.0
-484,TĐ Huội Quảng,2026-02-06 07:00:00,0.0,0.0
-484,TĐ Huội Quảng,2026-02-06 08:00:00,0.0,0.0
-484,TĐ Huội Quảng,2026-02-06 09:00:00,0.0,0.0
-484,TĐ Huội Quảng,2026-02-06 10:00:00,0.0,0.0
-484,TĐ Huội Quảng,2026-02-06 11:00:00,0.0,0.0
-484,TĐ Huội Quảng,2026-02-06 12:00:00,0.0,0.0
-484,TĐ Huội Quảng,2026-02-06 13:00:00,0.0,0.0
-484,TĐ Huội Quảng,2026-02-06 14:00:00,0.0,0.0
-484,TĐ Huội Quảng,2026-02-06 15:00:00,0.0,0.0
-484,TĐ Huội Quảng,2026-02-06 16:00:00,0.0,0.0
-484,TĐ Huội Quảng,2026-02-06 17:00:00,0.0,0.0
-484,TĐ Huội Quảng,2026-02-06 18:00:00,0.0,0.0
-484,TĐ Huội Quảng,2026-02-06 19:00:00,0.0,0.0
-484,TĐ Huội Quảng,2026-02-06 20:00:00,,0.0
-484,TĐ Huội Quảng,2026-02-06 21:00:00,,0.0
-484,TĐ Huội Quảng,2026-02-06 22:00:00,,0.0
-484,TĐ Huội Quảng,2026-02-06 23:00:00,,0.0
-484,TĐ Huội Quảng,2026-02-07 00:00:00,,
-484,TĐ Huội Quảng,2026-02-07 01:00:00,,
-484,TĐ Huội Quảng,2026-02-07 02:00:00,,
-484,TĐ Huội Quảng,2026-02-07 03:00:00,,
-484,TĐ Huội Quảng,2026-02-07 04:00:00,,
-484,TĐ Huội Quảng,2026-02-07 05:00:00,,
-484,TĐ Huội Quảng,2026-02-07 06:00:00,,
-484,TĐ Huội Quảng,2026-02-07 07:00:00,0.0,0.0
-484,TĐ Huội Quảng,2026-02-07 08:00:00,0.0,0.0
-484,TĐ Huội Quảng,2026-02-07 09:00:00,0.0,0.0
-484,TĐ Huội Quảng,2026-02-07 10:00:00,0.0,0.0
-484,TĐ Huội Quảng,2026-02-07 11:00:00,0.0,0.0
-484,TĐ Huội Quảng,2026-02-07 12:00:00,0.0,0.0
-484,TĐ Huội Quảng,2026-02-07 13:00:00,0.0,0.0
-484,TĐ Huội Quảng,2026-02-07 14:00:00,0.0,0.0
-484,TĐ Huội Quảng,2026-02-07 15:00:00,0.0,0.0
-484,TĐ Huội Quảng,2026-02-07 16:00:00,0.0,0.0
-484,TĐ Huội Quảng,2026-02-07 17:00:00,0.0,0.0
-484,TĐ Huội Quảng,2026-02-07 18:00:00,0.0,0.0
-484,TĐ Huội Quảng,2026-02-07 19:00:00,0.0,0.0
-484,TĐ Huội Quảng,2026-02-07 20:00:00,0.0,0.0
-484,TĐ Huội Quảng,2026-02-07 21:00:00,0.0,0.0
-484,TĐ Huội Quảng,2026-02-07 22:00:00,0.0,0.0
-484,TĐ Huội Quảng,2026-02-07 23:00:00,0.0,0.0
-484,TĐ Huội Quảng,2026-02-08 00:00:00,0.0,0.0
-484,TĐ Huội Quảng,2026-02-08 01:00:00,0.0,0.0
-484,TĐ Huội Quảng,2026-02-08 02:00:00,0.0,0.0
-484,TĐ Huội Quảng,2026-02-08 03:00:00,0.0,0.0
-484,TĐ Huội Quảng,2026-02-08 04:00:00,0.0,0.0
-484,TĐ Huội Quảng,2026-02-08 05:00:00,0.0,0.0
-484,TĐ Huội Quảng,2026-02-08 06:00:00,0.0,0.0
-484,TĐ Huội Quảng,2026-02-08 07:00:00,0.0,0.0
-484,TĐ Huội Quảng,2026-02-08 08:00:00,0.0,0.0
-484,TĐ Huội Quảng,2026-02-08 09:00:00,0.0,0.0
-484,TĐ Huội Quảng,2026-02-08 10:00:00,0.0,0.0
-484,TĐ Huội Quảng,2026-02-08 11:00:00,0.0,0.0
-484,TĐ Huội Quảng,2026-02-08 12:00:00,0.0,0.0
-484,TĐ Huội Quảng,2026-02-08 13:00:00,0.0,0.0
-484,TĐ Huội Quảng,2026-02-08 14:00:00,0.4000000059604645,0.4000000059604645
-484,TĐ Huội Quảng,2026-02-08 15:00:00,0.20000000298023224,0.6000000089406967
-484,TĐ Huội Quảng,2026-02-08 16:00:00,0.6000000238418579,1.2000000327825546
-484,TĐ Huội Quảng,2026-02-08 17:00:00,0.800000011920929,2.0000000447034836
-484,TĐ Huội Quảng,2026-02-08 18:00:00,0.0,2.0000000447034836
-484,TĐ Huội Quảng,2026-02-08 19:00:00,0.0,2.0000000447034836
-484,TĐ Huội Quảng,2026-02-08 20:00:00,0.0,2.0000000447034836
-484,TĐ Huội Quảng,2026-02-08 21:00:00,0.0,2.0000000447034836
-484,TĐ Huội Quảng,2026-02-08 22:00:00,0.0,2.0000000447034836
-484,TĐ Huội Quảng,2026-02-08 23:00:00,0.0,2.0000000447034836
-484,TĐ Huội Quảng,2026-02-09 00:00:00,0.0,0.0
-484,TĐ Huội Quảng,2026-02-09 01:00:00,0.0,0.0
-484,TĐ Huội Quảng,2026-02-09 02:00:00,0.0,0.0
-484,TĐ Huội Quảng,2026-02-09 03:00:00,0.0,0.0
-484,TĐ Huội Quảng,2026-02-09 04:00:00,0.0,0.0
-484,TĐ Huội Quảng,2026-02-09 05:00:00,0.0,0.0
-484,TĐ Huội Quảng,2026-02-09 06:00:00,1.399999976158142,1.399999976158142
-484,TĐ Huội Quảng,2026-02-09 07:00:00,3.5999999046325684,4.9999998807907104
-484,TĐ Huội Quảng,2026-02-09 08:00:00,3.4000000953674316,8.399999976158142
-484,TĐ Huội Quảng,2026-02-09 09:00:00,0.800000011920929,9.199999988079071
-484,TĐ Huội Quảng,2026-02-09 10:00:00,0.0,9.199999988079071
-484,TĐ Huội Quảng,2026-02-09 11:00:00,0.0,9.199999988079071
-484,TĐ Huội Quảng,2026-02-09 12:00:00,0.0,9.199999988079071
-484,TĐ Huội Quảng,2026-02-09 13:00:00,0.0,9.199999988079071
-484,TĐ Huội Quảng,2026-02-09 14:00:00,0.0,9.199999988079071
-484,TĐ Huội Quảng,2026-02-09 15:00:00,0.0,9.199999988079071
-484,TĐ Huội Quảng,2026-02-09 16:00:00,0.0,9.199999988079071
-484,TĐ Huội Quảng,2026-02-09 17:00:00,0.0,9.199999988079071
-484,TĐ Huội Quảng,2026-02-09 18:00:00,0.0,9.199999988079071
-484,TĐ Huội Quảng,2026-02-09 19:00:00,0.0,9.199999988079071
-484,TĐ Huội Quảng,2026-02-09 20:00:00,0.0,9.199999988079071
-484,TĐ Huội Quảng,2026-02-09 21:00:00,0.0,9.199999988079071
-484,TĐ Huội Quảng,2026-02-09 22:00:00,0.0,9.199999988079071
-484,TĐ Huội Quảng,2026-02-09 23:00:00,0.0,9.199999988079071
-484,TĐ Huội Quảng,2026-02-10 00:00:00,0.0,0.0
-484,TĐ Huội Quảng,2026-02-10 01:00:00,0.0,0.0
-484,TĐ Huội Quảng,2026-02-10 02:00:00,0.0,0.0
-484,TĐ Huội Quảng,2026-02-10 03:00:00,0.0,0.0
-484,TĐ Huội Quảng,2026-02-10 04:00:00,0.0,0.0
-484,TĐ Huội Quảng,2026-02-10 05:00:00,0.0,0.0
-484,TĐ Huội Quảng,2026-02-10 06:00:00,0.0,0.0
-484,TĐ Huội Quảng,2026-02-10 07:00:00,,0.0
-484,TĐ Huội Quảng,2026-02-10 08:00:00,0.0,0.0
-484,TĐ Huội Quảng,2026-02-10 09:00:00,0.0,0.0
-484,TĐ Huội Quảng,2026-02-10 10:00:00,0.0,0.0
-484,TĐ Huội Quảng,2026-02-10 11:00:00,0.0,0.0
-484,TĐ Huội Quảng,2026-02-10 12:00:00,0.0,0.0
-484,TĐ Huội Quảng,2026-02-10 13:00:00,0.0,0.0
-484,TĐ Huội Quảng,2026-02-10 14:00:00,0.0,0.0
-484,TĐ Huội Quảng,2026-02-10 15:00:00,0.0,0.0
-484,TĐ Huội Quảng,2026-02-10 16:00:00,0.0,0.0
-484,TĐ Huội Quảng,2026-02-10 17:00:00,0.0,0.0
-484,TĐ Huội Quảng,2026-02-10 18:00:00,0.0,0.0
-484,TĐ Huội Quảng,2026-02-10 19:00:00,0.0,0.0
-484,TĐ Huội Quảng,2026-02-10 20:00:00,0.0,0.0
-484,TĐ Huội Quảng,2026-02-10 21:00:00,0.0,0.0
-484,TĐ Huội Quảng,2026-02-10 22:00:00,0.0,0.0
-484,TĐ Huội Quảng,2026-02-10 23:00:00,0.0,0.0
-484,TĐ Huội Quảng,2026-02-11 00:00:00,0.0,0.0
-484,TĐ Huội Quảng,2026-02-11 01:00:00,0.0,0.0
-484,TĐ Huội Quảng,2026-02-11 02:00:00,0.0,0.0
-484,TĐ Huội Quảng,2026-02-11 03:00:00,0.0,0.0
-484,TĐ Huội Quảng,2026-02-11 04:00:00,0.0,0.0
-484,TĐ Huội Quảng,2026-02-11 05:00:00,0.0,0.0
-484,TĐ Huội Quảng,2026-02-11 06:00:00,0.0,0.0
-484,TĐ Huội Quảng,2026-02-11 07:00:00,0.0,0.0
-484,TĐ Huội Quảng,2026-02-11 08:00:00,0.0,0.0
-484,TĐ Huội Quảng,2026-02-11 09:00:00,0.0,0.0
-484,TĐ Huội Quảng,2026-02-11 10:00:00,0.0,0.0
-484,TĐ Huội Quảng,2026-02-11 11:00:00,0.0,0.0
-484,TĐ Huội Quảng,2026-02-11 12:00:00,0.0,0.0
-484,TĐ Huội Quảng,2026-02-11 13:00:00,0.0,0.0
-484,TĐ Huội Quảng,2026-02-11 14:00:00,0.0,0.0
-484,TĐ Huội Quảng,2026-02-11 15:00:00,0.0,0.0
-484,TĐ Huội Quảng,2026-02-11 16:00:00,0.0,0.0
-484,TĐ Huội Quảng,2026-02-11 17:00:00,0.0,0.0
-484,TĐ Huội Quảng,2026-02-11 18:00:00,0.0,0.0
-484,TĐ Huội Quảng,2026-02-11 19:00:00,0.0,0.0
-484,TĐ Huội Quảng,2026-02-11 20:00:00,0.0,0.0
-484,TĐ Huội Quảng,2026-02-11 21:00:00,0.0,0.0
-484,TĐ Huội Quảng,2026-02-11 22:00:00,0.0,0.0
-484,TĐ Huội Quảng,2026-02-11 23:00:00,0.0,0.0
-484,TĐ Huội Quảng,2026-02-12 00:00:00,0.0,0.0
-484,TĐ Huội Quảng,2026-02-12 01:00:00,0.0,0.0
-484,TĐ Huội Quảng,2026-02-12 02:00:00,0.0,0.0
-484,TĐ Huội Quảng,2026-02-12 03:00:00,0.0,0.0
-484,TĐ Huội Quảng,2026-02-12 04:00:00,0.0,0.0
-484,TĐ Huội Quảng,2026-02-12 05:00:00,0.0,0.0
-484,TĐ Huội Quảng,2026-02-12 06:00:00,0.0,0.0
-484,TĐ Huội Quảng,2026-02-12 07:00:00,0.0,0.0
-484,TĐ Huội Quảng,2026-02-12 08:00:00,0.0,0.0
-484,TĐ Huội Quảng,2026-02-12 09:00:00,0.0,0.0
-484,TĐ Huội Quảng,2026-02-12 10:00:00,0.0,0.0
-484,TĐ Huội Quảng,2026-02-12 11:00:00,0.0,0.0
-484,TĐ Huội Quảng,2026-02-12 12:00:00,0.0,0.0
-484,TĐ Huội Quảng,2026-02-12 13:00:00,0.0,0.0
-484,TĐ Huội Quảng,2026-02-12 14:00:00,0.0,0.0
-484,TĐ Huội Quảng,2026-02-12 15:00:00,0.0,0.0
-484,TĐ Huội Quảng,2026-02-12 16:00:00,0.0,0.0
-484,TĐ Huội Quảng,2026-02-12 17:00:00,0.0,0.0
-484,TĐ Huội Quảng,2026-02-12 18:00:00,0.0,0.0
-484,TĐ Huội Quảng,2026-02-12 19:00:00,0.0,0.0
-484,TĐ Huội Quảng,2026-02-12 20:00:00,0.0,0.0
-484,TĐ Huội Quảng,2026-02-12 21:00:00,0.0,0.0
-484,TĐ Huội Quảng,2026-02-12 22:00:00,0.0,0.0
-484,TĐ Huội Quảng,2026-02-12 23:00:00,0.0,0.0
-484,TĐ Huội Quảng,2026-02-13 00:00:00,0.0,0.0
-484,TĐ Huội Quảng,2026-02-13 01:00:00,0.0,0.0
-484,TĐ Huội Quảng,2026-02-13 02:00:00,0.0,0.0
-484,TĐ Huội Quảng,2026-02-13 03:00:00,0.0,0.0
-484,TĐ Huội Quảng,2026-02-13 04:00:00,0.0,0.0
-484,TĐ Huội Quảng,2026-02-13 05:00:00,0.0,0.0
-484,TĐ Huội Quảng,2026-02-13 06:00:00,0.0,0.0
-484,TĐ Huội Quảng,2026-02-13 07:00:00,0.0,0.0
-484,TĐ Huội Quảng,2026-02-13 08:00:00,0.0,0.0
-484,TĐ Huội Quảng,2026-02-13 09:00:00,0.0,0.0
-484,TĐ Huội Quảng,2026-02-13 10:00:00,0.0,0.0
-484,TĐ Huội Quảng,2026-02-13 11:00:00,0.0,0.0
-484,TĐ Huội Quảng,2026-02-13 12:00:00,0.0,0.0
-484,TĐ Huội Quảng,2026-02-13 13:00:00,0.0,0.0
-484,TĐ Huội Quảng,2026-02-13 14:00:00,0.0,0.0
-484,TĐ Huội Quảng,2026-02-13 15:00:00,0.0,0.0
-484,TĐ Huội Quảng,2026-02-13 16:00:00,0.0,0.0
-484,TĐ Huội Quảng,2026-02-13 17:00:00,0.0,0.0
-484,TĐ Huội Quảng,2026-02-13 18:00:00,0.0,0.0
-484,TĐ Huội Quảng,2026-02-13 19:00:00,0.0,0.0
-484,TĐ Huội Quảng,2026-02-13 20:00:00,0.0,0.0
-484,TĐ Huội Quảng,2026-02-13 21:00:00,0.0,0.0
-484,TĐ Huội Quảng,2026-02-13 22:00:00,0.0,0.0
-484,TĐ Huội Quảng,2026-02-13 23:00:00,0.0,0.0
-484,TĐ Huội Quảng,2026-02-14 00:00:00,0.0,0.0
-484,TĐ Huội Quảng,2026-02-14 01:00:00,0.0,0.0
-484,TĐ Huội Quảng,2026-02-14 02:00:00,0.0,0.0
-484,TĐ Huội Quảng,2026-02-14 03:00:00,0.0,0.0
-484,TĐ Huội Quảng,2026-02-14 04:00:00,0.0,0.0
-484,TĐ Huội Quảng,2026-02-14 05:00:00,0.0,0.0
-484,TĐ Huội Quảng,2026-02-14 06:00:00,0.0,0.0
-484,TĐ Huội Quảng,2026-02-14 07:00:00,0.0,0.0
-484,TĐ Huội Quảng,2026-02-14 08:00:00,0.0,0.0
-484,TĐ Huội Quảng,2026-02-14 09:00:00,0.0,0.0
-484,TĐ Huội Quảng,2026-02-14 10:00:00,0.0,0.0
-484,TĐ Huội Quảng,2026-02-14 11:00:00,0.0,0.0
-484,TĐ Huội Quảng,2026-02-14 12:00:00,0.0,0.0
-484,TĐ Huội Quảng,2026-02-14 13:00:00,0.0,0.0
-484,TĐ Huội Quảng,2026-02-14 14:00:00,0.0,0.0
-484,TĐ Huội Quảng,2026-02-14 15:00:00,0.0,0.0
-484,TĐ Huội Quảng,2026-02-14 16:00:00,0.0,0.0
-484,TĐ Huội Quảng,2026-02-14 17:00:00,0.0,0.0
-484,TĐ Huội Quảng,2026-02-14 18:00:00,0.0,0.0
-484,TĐ Huội Quảng,2026-02-14 19:00:00,0.0,0.0
-484,TĐ Huội Quảng,2026-02-14 20:00:00,0.0,0.0
-484,TĐ Huội Quảng,2026-02-14 21:00:00,0.0,0.0
-484,TĐ Huội Quảng,2026-02-14 22:00:00,0.0,0.0
-484,TĐ Huội Quảng,2026-02-14 23:00:00,0.0,0.0
-484,TĐ Huội Quảng,2026-02-15 00:00:00,0.0,0.0
-484,TĐ Huội Quảng,2026-02-15 01:00:00,0.0,0.0
-484,TĐ Huội Quảng,2026-02-15 02:00:00,0.0,0.0
-484,TĐ Huội Quảng,2026-02-15 03:00:00,0.0,0.0
-484,TĐ Huội Quảng,2026-02-15 04:00:00,0.0,0.0
-484,TĐ Huội Quảng,2026-02-15 05:00:00,0.0,0.0
-484,TĐ Huội Quảng,2026-02-15 06:00:00,0.0,0.0
-484,TĐ Huội Quảng,2026-02-15 07:00:00,0.0,0.0
-484,TĐ Huội Quảng,2026-02-15 08:00:00,0.0,0.0
-484,TĐ Huội Quảng,2026-02-15 09:00:00,0.0,0.0
-484,TĐ Huội Quảng,2026-02-15 10:00:00,0.0,0.0
-484,TĐ Huội Quảng,2026-02-15 11:00:00,0.0,0.0
-484,TĐ Huội Quảng,2026-02-15 12:00:00,0.0,0.0
-484,TĐ Huội Quảng,2026-02-15 13:00:00,0.0,0.0
-484,TĐ Huội Quảng,2026-02-15 14:00:00,0.0,0.0
-484,TĐ Huội Quảng,2026-02-15 15:00:00,0.0,0.0
-484,TĐ Huội Quảng,2026-02-15 16:00:00,0.0,0.0
-484,TĐ Huội Quảng,2026-02-15 17:00:00,0.0,0.0
-484,TĐ Huội Quảng,2026-02-15 18:00:00,0.0,0.0
-484,TĐ Huội Quảng,2026-02-15 19:00:00,0.0,0.0
-484,TĐ Huội Quảng,2026-02-15 20:00:00,0.0,0.0
-484,TĐ Huội Quảng,2026-02-15 21:00:00,0.0,0.0
-484,TĐ Huội Quảng,2026-02-15 22:00:00,0.0,0.0
-484,TĐ Huội Quảng,2026-02-15 23:00:00,0.0,0.0
-484,TĐ Huội Quảng,2026-02-16 00:00:00,0.0,0.0
-484,TĐ Huội Quảng,2026-02-16 01:00:00,0.0,0.0
-484,TĐ Huội Quảng,2026-02-16 02:00:00,0.0,0.0
-484,TĐ Huội Quảng,2026-02-16 03:00:00,0.0,0.0
-484,TĐ Huội Quảng,2026-02-16 04:00:00,0.0,0.0
-484,TĐ Huội Quảng,2026-02-16 05:00:00,0.0,0.0
-484,TĐ Huội Quảng,2026-02-16 06:00:00,0.0,0.0
-484,TĐ Huội Quảng,2026-02-16 07:00:00,0.0,0.0
-484,TĐ Huội Quảng,2026-02-16 08:00:00,0.0,0.0
-484,TĐ Huội Quảng,2026-02-16 09:00:00,0.0,0.0
-484,TĐ Huội Quảng,2026-02-16 10:00:00,0.0,0.0
-484,TĐ Huội Quảng,2026-02-16 11:00:00,0.0,0.0
-484,TĐ Huội Quảng,2026-02-16 12:00:00,0.20000000298023224,0.20000000298023224
-484,TĐ Huội Quảng,2026-02-16 13:00:00,0.0,0.20000000298023224
-484,TĐ Huội Quảng,2026-02-16 14:00:00,0.0,0.20000000298023224
-484,TĐ Huội Quảng,2026-02-16 15:00:00,0.0,0.20000000298023224
-484,TĐ Huội Quảng,2026-02-16 16:00:00,0.0,0.20000000298023224
-484,TĐ Huội Quảng,2026-02-16 17:00:00,0.0,0.20000000298023224
-484,TĐ Huội Quảng,2026-02-16 18:00:00,0.0,0.20000000298023224
-484,TĐ Huội Quảng,2026-02-16 19:00:00,0.0,0.20000000298023224
-484,TĐ Huội Quảng,2026-02-16 20:00:00,0.0,0.20000000298023224
-484,TĐ Huội Quảng,2026-02-16 21:00:00,0.0,0.20000000298023224
-484,TĐ Huội Quảng,2026-02-16 22:00:00,0.0,0.20000000298023224
-484,TĐ Huội Quảng,2026-02-16 23:00:00,0.0,0.20000000298023224
-484,TĐ Huội Quảng,2026-02-17 00:00:00,0.0,0.0
-484,TĐ Huội Quảng,2026-02-17 01:00:00,0.0,0.0
-484,TĐ Huội Quảng,2026-02-17 02:00:00,0.0,0.0
-484,TĐ Huội Quảng,2026-02-17 03:00:00,0.0,0.0
-484,TĐ Huội Quảng,2026-02-17 04:00:00,0.0,0.0
-484,TĐ Huội Quảng,2026-02-17 05:00:00,0.0,0.0
-484,TĐ Huội Quảng,2026-02-17 06:00:00,0.0,0.0
-484,TĐ Huội Quảng,2026-02-17 07:00:00,0.0,0.0
-484,TĐ Huội Quảng,2026-02-17 08:00:00,0.0,0.0
-484,TĐ Huội Quảng,2026-02-17 09:00:00,0.0,0.0
-484,TĐ Huội Quảng,2026-02-17 10:00:00,0.0,0.0
-484,TĐ Huội Quảng,2026-02-17 11:00:00,0.0,0.0
-484,TĐ Huội Quảng,2026-02-17 12:00:00,0.0,0.0
-484,TĐ Huội Quảng,2026-02-17 13:00:00,0.0,0.0
-484,TĐ Huội Quảng,2026-02-17 14:00:00,0.0,0.0
-484,TĐ Huội Quảng,2026-02-17 15:00:00,0.0,0.0
-484,TĐ Huội Quảng,2026-02-17 16:00:00,0.0,0.0
-484,TĐ Huội Quảng,2026-02-17 17:00:00,0.0,0.0
-484,TĐ Huội Quảng,2026-02-17 18:00:00,0.0,0.0
-484,TĐ Huội Quảng,2026-02-17 19:00:00,0.0,0.0
-484,TĐ Huội Quảng,2026-02-17 20:00:00,0.0,0.0
-484,TĐ Huội Quảng,2026-02-17 21:00:00,0.0,0.0
-484,TĐ Huội Quảng,2026-02-17 22:00:00,0.0,0.0
-484,TĐ Huội Quảng,2026-02-17 23:00:00,0.0,0.0
-484,TĐ Huội Quảng,2026-02-18 00:00:00,0.0,0.0
-484,TĐ Huội Quảng,2026-02-18 01:00:00,0.0,0.0
-484,TĐ Huội Quảng,2026-02-18 02:00:00,0.0,0.0
-484,TĐ Huội Quảng,2026-02-18 03:00:00,0.0,0.0
-484,TĐ Huội Quảng,2026-02-18 04:00:00,0.0,0.0
-484,TĐ Huội Quảng,2026-02-18 05:00:00,0.0,0.0
-484,TĐ Huội Quảng,2026-02-18 06:00:00,0.0,0.0
-484,TĐ Huội Quảng,2026-02-18 07:00:00,0.0,0.0
-484,TĐ Huội Quảng,2026-02-18 08:00:00,0.0,0.0
-484,TĐ Huội Quảng,2026-02-18 09:00:00,0.0,0.0
-484,TĐ Huội Quảng,2026-02-18 10:00:00,0.0,0.0
-484,TĐ Huội Quảng,2026-02-18 11:00:00,0.0,0.0
-484,TĐ Huội Quảng,2026-02-18 12:00:00,0.0,0.0
-484,TĐ Huội Quảng,2026-02-18 13:00:00,0.20000000298023224,0.20000000298023224
-484,TĐ Huội Quảng,2026-02-18 14:00:00,0.0,0.20000000298023224
-484,TĐ Huội Quảng,2026-02-18 15:00:00,0.0,0.20000000298023224
-484,TĐ Huội Quảng,2026-02-18 16:00:00,0.0,0.20000000298023224
-484,TĐ Huội Quảng,2026-02-18 17:00:00,0.0,0.20000000298023224
-484,TĐ Huội Quảng,2026-02-18 18:00:00,0.0,0.20000000298023224
-484,TĐ Huội Quảng,2026-02-18 19:00:00,0.0,0.20000000298023224
-484,TĐ Huội Quảng,2026-02-18 20:00:00,0.0,0.20000000298023224
-484,TĐ Huội Quảng,2026-02-18 21:00:00,0.0,0.20000000298023224
-484,TĐ Huội Quảng,2026-02-18 22:00:00,0.0,0.20000000298023224
-484,TĐ Huội Quảng,2026-02-18 23:00:00,0.0,0.20000000298023224
-484,TĐ Huội Quảng,2026-02-19 00:00:00,0.0,0.0
-484,TĐ Huội Quảng,2026-02-19 01:00:00,0.0,0.0
-484,TĐ Huội Quảng,2026-02-19 02:00:00,0.0,0.0
-484,TĐ Huội Quảng,2026-02-19 03:00:00,0.0,0.0
-484,TĐ Huội Quảng,2026-02-19 04:00:00,0.0,0.0
-484,TĐ Huội Quảng,2026-02-19 05:00:00,0.0,0.0
-484,TĐ Huội Quảng,2026-02-19 06:00:00,0.0,0.0
-484,TĐ Huội Quảng,2026-02-19 07:00:00,0.0,0.0
-484,TĐ Huội Quảng,2026-02-19 08:00:00,0.0,0.0
-484,TĐ Huội Quảng,2026-02-19 09:00:00,0.0,0.0
-484,TĐ Huội Quảng,2026-02-19 10:00:00,0.0,0.0
-484,TĐ Huội Quảng,2026-02-19 11:00:00,0.0,0.0
-484,TĐ Huội Quảng,2026-02-19 12:00:00,0.0,0.0
-484,TĐ Huội Quảng,2026-02-19 13:00:00,0.0,0.0
-484,TĐ Huội Quảng,2026-02-19 14:00:00,0.0,0.0
-484,TĐ Huội Quảng,2026-02-19 15:00:00,0.0,0.0
-484,TĐ Huội Quảng,2026-02-19 16:00:00,0.0,0.0
-484,TĐ Huội Quảng,2026-02-19 17:00:00,0.0,0.0
-484,TĐ Huội Quảng,2026-02-19 18:00:00,,0.0
-484,TĐ Huội Quảng,2026-02-19 19:00:00,,0.0
-484,TĐ Huội Quảng,2026-02-19 20:00:00,,0.0
-484,TĐ Huội Quảng,2026-02-19 21:00:00,,0.0
-484,TĐ Huội Quảng,2026-02-19 22:00:00,,0.0
-484,TĐ Huội Quảng,2026-02-19 23:00:00,,0.0
-484,TĐ Huội Quảng,2026-02-20 00:00:00,,
-484,TĐ Huội Quảng,2026-02-20 01:00:00,,
-484,TĐ Huội Quảng,2026-02-20 02:00:00,,
-484,TĐ Huội Quảng,2026-02-20 03:00:00,,
-484,TĐ Huội Quảng,2026-02-20 04:00:00,,
-484,TĐ Huội Quảng,2026-02-20 05:00:00,,
-484,TĐ Huội Quảng,2026-02-20 06:00:00,,
-484,TĐ Huội Quảng,2026-02-20 07:00:00,,
-484,TĐ Huội Quảng,2026-02-20 08:00:00,,
-484,TĐ Huội Quảng,2026-02-20 09:00:00,,
-484,TĐ Huội Quảng,2026-02-20 10:00:00,,
-484,TĐ Huội Quảng,2026-02-20 11:00:00,,
-484,TĐ Huội Quảng,2026-02-20 12:00:00,,
-484,TĐ Huội Quảng,2026-02-20 13:00:00,,
-484,TĐ Huội Quảng,2026-02-20 14:00:00,,
-484,TĐ Huội Quảng,2026-02-20 15:00:00,,
-484,TĐ Huội Quảng,2026-02-20 16:00:00,,
-484,TĐ Huội Quảng,2026-02-20 17:00:00,,
-484,TĐ Huội Quảng,2026-02-20 18:00:00,,
-484,TĐ Huội Quảng,2026-02-20 19:00:00,,
-484,TĐ Huội Quảng,2026-02-20 20:00:00,,
-484,TĐ Huội Quảng,2026-02-20 21:00:00,,
-484,TĐ Huội Quảng,2026-02-20 22:00:00,,
-484,TĐ Huội Quảng,2026-02-20 23:00:00,,
-484,TĐ Huội Quảng,2026-02-21 00:00:00,,
-484,TĐ Huội Quảng,2026-02-21 01:00:00,,
-484,TĐ Huội Quảng,2026-02-21 02:00:00,,
-484,TĐ Huội Quảng,2026-02-21 03:00:00,,
-484,TĐ Huội Quảng,2026-02-21 04:00:00,,
-484,TĐ Huội Quảng,2026-02-21 05:00:00,,
-484,TĐ Huội Quảng,2026-02-21 06:00:00,,
-484,TĐ Huội Quảng,2026-02-21 07:00:00,,
-484,TĐ Huội Quảng,2026-02-21 08:00:00,,
-484,TĐ Huội Quảng,2026-02-21 09:00:00,,
-484,TĐ Huội Quảng,2026-02-21 10:00:00,,
-484,TĐ Huội Quảng,2026-02-21 11:00:00,,
-484,TĐ Huội Quảng,2026-02-21 12:00:00,0.0,0.0
-484,TĐ Huội Quảng,2026-02-21 13:00:00,,0.0
-484,TĐ Huội Quảng,2026-02-21 14:00:00,,0.0
-484,TĐ Huội Quảng,2026-02-21 15:00:00,0.0,0.0
-484,TĐ Huội Quảng,2026-02-21 16:00:00,0.0,0.0
-484,TĐ Huội Quảng,2026-02-21 17:00:00,,0.0
-484,TĐ Huội Quảng,2026-02-21 18:00:00,0.0,0.0
-484,TĐ Huội Quảng,2026-02-21 19:00:00,0.0,0.0
-484,TĐ Huội Quảng,2026-02-21 20:00:00,0.0,0.0
-484,TĐ Huội Quảng,2026-02-21 21:00:00,0.0,0.0
-484,TĐ Huội Quảng,2026-02-21 22:00:00,0.0,0.0
-484,TĐ Huội Quảng,2026-02-21 23:00:00,0.0,0.0
-484,TĐ Huội Quảng,2026-02-22 00:00:00,0.0,0.0
-484,TĐ Huội Quảng,2026-02-22 01:00:00,0.0,0.0
-484,TĐ Huội Quảng,2026-02-22 02:00:00,0.0,0.0
-484,TĐ Huội Quảng,2026-02-22 03:00:00,0.0,0.0
-484,TĐ Huội Quảng,2026-02-22 04:00:00,0.0,0.0
-484,TĐ Huội Quảng,2026-02-22 05:00:00,0.0,0.0
-484,TĐ Huội Quảng,2026-02-22 06:00:00,0.0,0.0
-484,TĐ Huội Quảng,2026-02-22 07:00:00,0.0,0.0
-484,TĐ Huội Quảng,2026-02-22 08:00:00,0.0,0.0
-484,TĐ Huội Quảng,2026-02-22 09:00:00,0.0,0.0
-484,TĐ Huội Quảng,2026-02-22 10:00:00,0.0,0.0
-484,TĐ Huội Quảng,2026-02-22 11:00:00,0.0,0.0
-484,TĐ Huội Quảng,2026-02-22 12:00:00,0.20000000298023224,0.20000000298023224
-484,TĐ Huội Quảng,2026-02-22 13:00:00,0.0,0.20000000298023224
-484,TĐ Huội Quảng,2026-02-22 14:00:00,0.20000000298023224,0.4000000059604645
-484,TĐ Huội Quảng,2026-02-22 15:00:00,0.0,0.4000000059604645
-484,TĐ Huội Quảng,2026-02-22 16:00:00,0.0,0.4000000059604645
-484,TĐ Huội Quảng,2026-02-22 17:00:00,0.0,0.4000000059604645
-484,TĐ Huội Quảng,2026-02-22 18:00:00,0.0,0.4000000059604645
-484,TĐ Huội Quảng,2026-02-22 19:00:00,0.0,0.4000000059604645
-484,TĐ Huội Quảng,2026-02-22 20:00:00,0.0,0.4000000059604645
-484,TĐ Huội Quảng,2026-02-22 21:00:00,0.0,0.4000000059604645
-484,TĐ Huội Quảng,2026-02-22 22:00:00,0.0,0.4000000059604645
-484,TĐ Huội Quảng,2026-02-22 23:00:00,0.0,0.4000000059604645
-484,TĐ Huội Quảng,2026-02-23 00:00:00,3.0,3.0
-484,TĐ Huội Quảng,2026-02-23 01:00:00,1.399999976158142,4.399999976158142
-484,TĐ Huội Quảng,2026-02-23 02:00:00,0.0,4.399999976158142
-484,TĐ Huội Quảng,2026-02-23 03:00:00,0.0,4.399999976158142
-484,TĐ Huội Quảng,2026-02-23 04:00:00,0.0,4.399999976158142
-484,TĐ Huội Quảng,2026-02-23 05:00:00,0.0,4.399999976158142
-484,TĐ Huội Quảng,2026-02-23 06:00:00,0.0,4.399999976158142
-484,TĐ Huội Quảng,2026-02-23 07:00:00,0.0,4.399999976158142
-484,TĐ Huội Quảng,2026-02-23 08:00:00,0.0,4.399999976158142
-484,TĐ Huội Quảng,2026-02-23 09:00:00,20.399999618530273,24.799999594688416
-484,TĐ Huội Quảng,2026-02-23 10:00:00,3.799999952316284,28.5999995470047
-484,TĐ Huội Quảng,2026-02-23 11:00:00,1.600000023841858,30.199999570846558
-484,TĐ Huội Quảng,2026-02-23 12:00:00,0.0,30.199999570846558
-484,TĐ Huội Quảng,2026-02-23 13:00:00,0.4000000059604645,30.599999576807022
-484,TĐ Huội Quảng,2026-02-23 14:00:00,1.399999976158142,31.999999552965164
-484,TĐ Huội Quảng,2026-02-23 15:00:00,1.7999999523162842,33.79999950528145
-484,TĐ Huội Quảng,2026-02-23 16:00:00,1.2000000476837158,34.999999552965164
-484,TĐ Huội Quảng,2026-02-23 17:00:00,0.0,34.999999552965164
-484,TĐ Huội Quảng,2026-02-23 18:00:00,0.0,34.999999552965164
-484,TĐ Huội Quảng,2026-02-23 19:00:00,0.0,34.999999552965164
-484,TĐ Huội Quảng,2026-02-23 20:00:00,0.0,34.999999552965164
-484,TĐ Huội Quảng,2026-02-23 21:00:00,0.0,34.999999552965164
-484,TĐ Huội Quảng,2026-02-23 22:00:00,0.0,34.999999552965164
-484,TĐ Huội Quảng,2026-02-23 23:00:00,0.0,34.999999552965164
-484,TĐ Huội Quảng,2026-02-24 00:00:00,0.0,0.0
-484,TĐ Huội Quảng,2026-02-24 01:00:00,0.0,0.0
-484,TĐ Huội Quảng,2026-02-24 02:00:00,0.0,0.0
-484,TĐ Huội Quảng,2026-02-24 03:00:00,0.0,0.0
-484,TĐ Huội Quảng,2026-02-24 04:00:00,0.0,0.0
-484,TĐ Huội Quảng,2026-02-24 05:00:00,0.0,0.0
-484,TĐ Huội Quảng,2026-02-24 06:00:00,0.0,0.0
-484,TĐ Huội Quảng,2026-02-24 07:00:00,,0.0
-484,TĐ Huội Quảng,2026-02-24 08:00:00,0.0,0.0
-484,TĐ Huội Quảng,2026-02-24 09:00:00,0.0,0.0
-484,TĐ Huội Quảng,2026-02-24 10:00:00,0.0,0.0
-484,TĐ Huội Quảng,2026-02-24 11:00:00,0.0,0.0
-484,TĐ Huội Quảng,2026-02-24 12:00:00,0.0,0.0
-484,TĐ Huội Quảng,2026-02-24 13:00:00,0.0,0.0
-484,TĐ Huội Quảng,2026-02-24 14:00:00,0.0,0.0
-484,TĐ Huội Quảng,2026-02-24 15:00:00,0.0,0.0
-484,TĐ Huội Quảng,2026-02-24 16:00:00,0.0,0.0
-484,TĐ Huội Quảng,2026-02-24 17:00:00,0.0,0.0
-484,TĐ Huội Quảng,2026-02-24 18:00:00,0.0,0.0
-484,TĐ Huội Quảng,2026-02-24 19:00:00,0.0,0.0
-484,TĐ Huội Quảng,2026-02-24 20:00:00,0.0,0.0
-484,TĐ Huội Quảng,2026-02-24 21:00:00,0.0,0.0
-484,TĐ Huội Quảng,2026-02-24 22:00:00,0.0,0.0
-484,TĐ Huội Quảng,2026-02-24 23:00:00,0.0,0.0
-484,TĐ Huội Quảng,2026-02-25 00:00:00,0.0,0.0
-484,TĐ Huội Quảng,2026-02-25 01:00:00,0.0,0.0
-484,TĐ Huội Quảng,2026-02-25 02:00:00,0.0,0.0
-484,TĐ Huội Quảng,2026-02-25 03:00:00,0.0,0.0
-484,TĐ Huội Quảng,2026-02-25 04:00:00,0.0,0.0
-484,TĐ Huội Quảng,2026-02-25 05:00:00,0.0,0.0
-484,TĐ Huội Quảng,2026-02-25 06:00:00,0.0,0.0
-484,TĐ Huội Quảng,2026-02-25 07:00:00,0.0,0.0
-484,TĐ Huội Quảng,2026-02-25 08:00:00,0.0,0.0
-484,TĐ Huội Quảng,2026-02-25 09:00:00,0.0,0.0
-484,TĐ Huội Quảng,2026-02-25 10:00:00,0.0,0.0
-484,TĐ Huội Quảng,2026-02-25 11:00:00,0.0,0.0
-484,TĐ Huội Quảng,2026-02-25 12:00:00,0.0,0.0
-484,TĐ Huội Quảng,2026-02-25 13:00:00,0.0,0.0
-484,TĐ Huội Quảng,2026-02-25 14:00:00,0.0,0.0
-484,TĐ Huội Quảng,2026-02-25 15:00:00,0.0,0.0
-484,TĐ Huội Quảng,2026-02-25 16:00:00,0.0,0.0
-484,TĐ Huội Quảng,2026-02-25 17:00:00,0.0,0.0
-484,TĐ Huội Quảng,2026-02-25 18:00:00,1.0,1.0
-484,TĐ Huội Quảng,2026-02-25 19:00:00,0.6000000238418579,1.600000023841858
-484,TĐ Huội Quảng,2026-02-25 20:00:00,0.800000011920929,2.400000035762787
-484,TĐ Huội Quảng,2026-02-25 21:00:00,0.20000000298023224,2.600000038743019
-484,TĐ Huội Quảng,2026-02-25 22:00:00,0.0,2.600000038743019
-484,TĐ Huội Quảng,2026-02-25 23:00:00,0.0,2.600000038743019
-484,TĐ Huội Quảng,2026-02-26 00:00:00,0.0,1.0000000149011612
-484,TĐ Huội Quảng,2026-02-26 01:00:00,0.0,1.0000000149011612
-484,TĐ Huội Quảng,2026-02-26 02:00:00,0.0,1.0000000149011612
-484,TĐ Huội Quảng,2026-02-26 03:00:00,0.4000000059604645,1.4000000208616257
-484,TĐ Huội Quảng,2026-02-26 04:00:00,0.0,1.4000000208616257
-484,TĐ Huội Quảng,2026-02-26 05:00:00,0.6000000238418579,2.0000000447034836
-484,TĐ Huội Quảng,2026-02-26 06:00:00,0.0,2.0000000447034836
-484,TĐ Huội Quảng,2026-02-26 07:00:00,0.20000000298023224,2.200000047683716
-484,TĐ Huội Quảng,2026-02-26 08:00:00,0.0,2.200000047683716
-484,TĐ Huội Quảng,2026-02-26 09:00:00,0.0,2.200000047683716
-484,TĐ Huội Quảng,2026-02-26 10:00:00,0.0,2.200000047683716
-484,TĐ Huội Quảng,2026-02-26 11:00:00,0.0,2.200000047683716
-484,TĐ Huội Quảng,2026-02-26 12:00:00,0.0,2.200000047683716
-484,TĐ Huội Quảng,2026-02-26 13:00:00,0.0,2.200000047683716
-484,TĐ Huội Quảng,2026-02-26 14:00:00,0.0,2.200000047683716
-484,TĐ Huội Quảng,2026-02-26 15:00:00,0.0,2.200000047683716
-484,TĐ Huội Quảng,2026-02-26 16:00:00,0.0,2.200000047683716
-484,TĐ Huội Quảng,2026-02-26 17:00:00,0.0,2.200000047683716
-484,TĐ Huội Quảng,2026-02-26 18:00:00,0.0,2.200000047683716
-484,TĐ Huội Quảng,2026-02-26 19:00:00,0.0,2.200000047683716
-484,TĐ Huội Quảng,2026-02-26 20:00:00,0.0,2.200000047683716
-484,TĐ Huội Quảng,2026-02-26 21:00:00,0.0,2.200000047683716
-484,TĐ Huội Quảng,2026-02-26 22:00:00,0.0,2.200000047683716
-484,TĐ Huội Quảng,2026-02-26 23:00:00,0.0,2.200000047683716
-484,TĐ Huội Quảng,2026-02-27 00:00:00,0.0,0.0
-484,TĐ Huội Quảng,2026-02-27 01:00:00,0.0,0.0
-484,TĐ Huội Quảng,2026-02-27 02:00:00,0.0,0.0
-484,TĐ Huội Quảng,2026-02-27 03:00:00,0.0,0.0
-484,TĐ Huội Quảng,2026-02-27 04:00:00,0.0,0.0
-484,TĐ Huội Quảng,2026-02-27 05:00:00,0.0,0.0
-484,TĐ Huội Quảng,2026-02-27 06:00:00,0.0,0.0
-484,TĐ Huội Quảng,2026-02-27 07:00:00,0.0,0.0
-484,TĐ Huội Quảng,2026-02-27 08:00:00,0.0,0.0
-484,TĐ Huội Quảng,2026-02-27 09:00:00,0.0,0.0
-484,TĐ Huội Quảng,2026-02-27 10:00:00,0.0,0.0
-484,TĐ Huội Quảng,2026-02-27 11:00:00,0.0,0.0
-484,TĐ Huội Quảng,2026-02-27 12:00:00,0.0,0.0
-484,TĐ Huội Quảng,2026-02-27 13:00:00,0.0,0.0
-484,TĐ Huội Quảng,2026-02-27 14:00:00,0.0,0.0
-484,TĐ Huội Quảng,2026-02-27 15:00:00,0.0,0.0
-484,TĐ Huội Quảng,2026-02-27 16:00:00,0.0,0.0
-484,TĐ Huội Quảng,2026-02-27 17:00:00,0.0,0.0
-484,TĐ Huội Quảng,2026-02-27 18:00:00,0.0,0.0
-484,TĐ Huội Quảng,2026-02-27 19:00:00,0.0,0.0
-484,TĐ Huội Quảng,2026-02-27 20:00:00,0.0,0.0
-484,TĐ Huội Quảng,2026-02-27 21:00:00,0.0,0.0
-484,TĐ Huội Quảng,2026-02-27 22:00:00,0.0,0.0
-484,TĐ Huội Quảng,2026-02-27 23:00:00,0.0,0.0
-484,TĐ Huội Quảng,2026-02-28 00:00:00,0.0,0.0
-484,TĐ Huội Quảng,2026-02-28 01:00:00,0.0,0.0
-484,TĐ Huội Quảng,2026-02-28 02:00:00,0.0,0.0
-484,TĐ Huội Quảng,2026-02-28 03:00:00,0.0,0.0
-484,TĐ Huội Quảng,2026-02-28 04:00:00,0.0,0.0
-484,TĐ Huội Quảng,2026-02-28 05:00:00,0.0,0.0
-484,TĐ Huội Quảng,2026-02-28 06:00:00,0.0,0.0
-484,TĐ Huội Quảng,2026-02-28 07:00:00,0.4000000059604645,0.4000000059604645
-484,TĐ Huội Quảng,2026-02-28 08:00:00,0.0,0.4000000059604645
-484,TĐ Huội Quảng,2026-02-28 09:00:00,0.0,0.4000000059604645
-484,TĐ Huội Quảng,2026-02-28 10:00:00,0.0,0.4000000059604645
-484,TĐ Huội Quảng,2026-02-28 11:00:00,0.0,0.4000000059604645
-484,TĐ Huội Quảng,2026-02-28 12:00:00,0.0,0.4000000059604645
-484,TĐ Huội Quảng,2026-02-28 13:00:00,0.0,0.4000000059604645
-484,TĐ Huội Quảng,2026-02-28 14:00:00,0.0,0.4000000059604645
-484,TĐ Huội Quảng,2026-02-28 15:00:00,0.0,0.4000000059604645
-484,TĐ Huội Quảng,2026-02-28 16:00:00,0.20000000298023224,0.6000000089406967
-484,TĐ Huội Quảng,2026-02-28 17:00:00,0.0,0.6000000089406967
-484,TĐ Huội Quảng,2026-02-28 18:00:00,0.0,0.6000000089406967
-484,TĐ Huội Quảng,2026-02-28 19:00:00,0.0,0.6000000089406967
-484,TĐ Huội Quảng,2026-02-28 20:00:00,0.0,0.6000000089406967
-484,TĐ Huội Quảng,2026-02-28 21:00:00,0.0,0.6000000089406967
-484,TĐ Huội Quảng,2026-02-28 22:00:00,0.0,0.6000000089406967
-484,TĐ Huội Quảng,2026-02-28 23:00:00,0.0,0.6000000089406967
-484,TĐ Huội Quảng,2026-03-01 00:00:00,0.0,0.0
-484,TĐ Huội Quảng,2026-03-01 01:00:00,0.0,0.0
-484,TĐ Huội Quảng,2026-03-01 02:00:00,0.0,0.0
-484,TĐ Huội Quảng,2026-03-01 03:00:00,0.0,0.0
-484,TĐ Huội Quảng,2026-03-01 04:00:00,0.0,0.0
-484,TĐ Huội Quảng,2026-03-01 05:00:00,0.0,0.0
-484,TĐ Huội Quảng,2026-03-01 06:00:00,0.0,0.0
-484,TĐ Huội Quảng,2026-03-01 07:00:00,0.0,0.0
-484,TĐ Huội Quảng,2026-03-01 08:00:00,0.0,0.0
-484,TĐ Huội Quảng,2026-03-01 09:00:00,0.0,0.0
-484,TĐ Huội Quảng,2026-03-01 10:00:00,0.0,0.0
-484,TĐ Huội Quảng,2026-03-01 11:00:00,0.0,0.0
-484,TĐ Huội Quảng,2026-03-01 12:00:00,0.0,0.0
-484,TĐ Huội Quảng,2026-03-01 13:00:00,0.0,0.0
-484,TĐ Huội Quảng,2026-03-01 14:00:00,0.0,0.0
-484,TĐ Huội Quảng,2026-03-01 15:00:00,0.0,0.0
-484,TĐ Huội Quảng,2026-03-01 16:00:00,0.0,0.0
-484,TĐ Huội Quảng,2026-03-01 17:00:00,0.0,0.0
-484,TĐ Huội Quảng,2026-03-01 18:00:00,0.0,0.0
-484,TĐ Huội Quảng,2026-03-01 19:00:00,0.0,0.0
-484,TĐ Huội Quảng,2026-03-01 20:00:00,0.0,0.0
-484,TĐ Huội Quảng,2026-03-01 21:00:00,0.0,0.0
-484,TĐ Huội Quảng,2026-03-01 22:00:00,0.0,0.0
-484,TĐ Huội Quảng,2026-03-01 23:00:00,0.0,0.0
-484,TĐ Huội Quảng,2026-03-02 00:00:00,0.0,0.0
-484,TĐ Huội Quảng,2026-03-02 01:00:00,0.0,0.0
-484,TĐ Huội Quảng,2026-03-02 02:00:00,0.0,0.0
-484,TĐ Huội Quảng,2026-03-02 03:00:00,0.0,0.0
-484,TĐ Huội Quảng,2026-03-02 04:00:00,0.0,0.0
-484,TĐ Huội Quảng,2026-03-02 05:00:00,0.0,0.0
-484,TĐ Huội Quảng,2026-03-02 06:00:00,0.0,0.0
-484,TĐ Huội Quảng,2026-03-02 07:00:00,0.0,0.0
-484,TĐ Huội Quảng,2026-03-02 08:00:00,,0.0
-484,TĐ Huội Quảng,2026-03-02 09:00:00,0.0,0.0
-484,TĐ Huội Quảng,2026-03-02 10:00:00,0.0,0.0
-484,TĐ Huội Quảng,2026-03-02 11:00:00,0.0,0.0
-484,TĐ Huội Quảng,2026-03-02 12:00:00,0.0,0.0
-484,TĐ Huội Quảng,2026-03-02 13:00:00,0.0,0.0
-484,TĐ Huội Quảng,2026-03-02 14:00:00,0.0,0.0
-484,TĐ Huội Quảng,2026-03-02 15:00:00,0.0,0.0
-484,TĐ Huội Quảng,2026-03-02 16:00:00,0.0,0.0
-484,TĐ Huội Quảng,2026-03-02 17:00:00,0.0,0.0
-484,TĐ Huội Quảng,2026-03-02 18:00:00,0.0,0.0
-484,TĐ Huội Quảng,2026-03-02 19:00:00,0.0,0.0
-484,TĐ Huội Quảng,2026-03-02 20:00:00,0.0,0.0
-484,TĐ Huội Quảng,2026-03-02 21:00:00,0.0,0.0
-484,TĐ Huội Quảng,2026-03-02 22:00:00,0.0,0.0
-484,TĐ Huội Quảng,2026-03-02 23:00:00,0.0,0.0
-484,TĐ Huội Quảng,2026-03-03 00:00:00,0.20000000298023224,0.20000000298023224
-484,TĐ Huội Quảng,2026-03-03 01:00:00,0.0,0.20000000298023224
-484,TĐ Huội Quảng,2026-03-03 02:00:00,0.0,0.20000000298023224
-484,TĐ Huội Quảng,2026-03-03 03:00:00,0.0,0.20000000298023224
-484,TĐ Huội Quảng,2026-03-03 04:00:00,0.0,0.20000000298023224
-484,TĐ Huội Quảng,2026-03-03 05:00:00,0.0,0.20000000298023224
-484,TĐ Huội Quảng,2026-03-03 06:00:00,0.0,0.20000000298023224
-484,TĐ Huội Quảng,2026-03-03 07:00:00,0.20000000298023224,0.4000000059604645
-484,TĐ Huội Quảng,2026-03-03 08:00:00,0.0,0.4000000059604645
-484,TĐ Huội Quảng,2026-03-03 09:00:00,0.0,0.4000000059604645
-484,TĐ Huội Quảng,2026-03-03 10:00:00,0.0,0.4000000059604645
-484,TĐ Huội Quảng,2026-03-03 11:00:00,0.0,0.4000000059604645
-484,TĐ Huội Quảng,2026-03-03 12:00:00,0.0,0.4000000059604645
-484,TĐ Huội Quảng,2026-03-03 13:00:00,0.0,0.4000000059604645
-484,TĐ Huội Quảng,2026-03-03 14:00:00,0.0,0.4000000059604645
-484,TĐ Huội Quảng,2026-03-03 15:00:00,0.0,0.4000000059604645
-484,TĐ Huội Quảng,2026-03-03 16:00:00,0.0,0.4000000059604645
-484,TĐ Huội Quảng,2026-03-03 17:00:00,0.0,0.4000000059604645
-484,TĐ Huội Quảng,2026-03-03 18:00:00,0.0,0.4000000059604645
-484,TĐ Huội Quảng,2026-03-03 19:00:00,0.0,0.4000000059604645
-484,TĐ Huội Quảng,2026-03-03 20:00:00,0.0,0.4000000059604645
-484,TĐ Huội Quảng,2026-03-03 21:00:00,0.0,0.4000000059604645
-484,TĐ Huội Quảng,2026-03-03 22:00:00,0.0,0.4000000059604645
-484,TĐ Huội Quảng,2026-03-03 23:00:00,0.0,0.4000000059604645
-484,TĐ Huội Quảng,2026-03-04 00:00:00,0.0,0.0
-484,TĐ Huội Quảng,2026-03-04 01:00:00,0.0,0.0
-484,TĐ Huội Quảng,2026-03-04 02:00:00,0.0,0.0
-484,TĐ Huội Quảng,2026-03-04 03:00:00,0.0,0.0
-484,TĐ Huội Quảng,2026-03-04 04:00:00,0.0,0.0
-484,TĐ Huội Quảng,2026-03-04 05:00:00,0.0,0.0
-484,TĐ Huội Quảng,2026-03-04 06:00:00,0.0,0.0
-484,TĐ Huội Quảng,2026-03-04 07:00:00,0.0,0.0
-484,TĐ Huội Quảng,2026-03-04 08:00:00,0.0,0.0
-484,TĐ Huội Quảng,2026-03-04 09:00:00,0.0,0.0
-484,TĐ Huội Quảng,2026-03-04 10:00:00,0.0,0.0
-484,TĐ Huội Quảng,2026-03-04 11:00:00,0.0,0.0
-484,TĐ Huội Quảng,2026-03-04 12:00:00,0.0,0.0
-484,TĐ Huội Quảng,2026-03-04 13:00:00,0.0,0.0
-484,TĐ Huội Quảng,2026-03-04 14:00:00,0.0,0.0
-484,TĐ Huội Quảng,2026-03-04 15:00:00,0.0,0.0
-484,TĐ Huội Quảng,2026-03-04 16:00:00,0.0,0.0
-484,TĐ Huội Quảng,2026-03-04 17:00:00,0.0,0.0
-484,TĐ Huội Quảng,2026-03-04 18:00:00,0.0,0.0
-484,TĐ Huội Quảng,2026-03-04 19:00:00,0.0,0.0
-484,TĐ Huội Quảng,2026-03-04 20:00:00,0.0,0.0
-484,TĐ Huội Quảng,2026-03-04 21:00:00,0.0,0.0
-484,TĐ Huội Quảng,2026-03-04 22:00:00,0.0,0.0
-484,TĐ Huội Quảng,2026-03-04 23:00:00,0.0,0.0
-484,TĐ Huội Quảng,2026-03-05 00:00:00,0.0,0.0
-484,TĐ Huội Quảng,2026-03-05 01:00:00,0.0,0.0
-484,TĐ Huội Quảng,2026-03-05 02:00:00,0.0,0.0
-484,TĐ Huội Quảng,2026-03-05 03:00:00,0.0,0.0
-484,TĐ Huội Quảng,2026-03-05 04:00:00,0.0,0.0
-484,TĐ Huội Quảng,2026-03-05 05:00:00,0.0,0.0
-484,TĐ Huội Quảng,2026-03-05 06:00:00,0.0,0.0
-484,TĐ Huội Quảng,2026-03-05 07:00:00,0.0,0.0
-484,TĐ Huội Quảng,2026-03-05 08:00:00,0.0,0.0
-484,TĐ Huội Quảng,2026-03-05 09:00:00,0.0,0.0
-484,TĐ Huội Quảng,2026-03-05 10:00:00,0.0,0.0
-484,TĐ Huội Quảng,2026-03-05 11:00:00,0.0,0.0
-484,TĐ Huội Quảng,2026-03-05 12:00:00,0.0,0.0
-484,TĐ Huội Quảng,2026-03-05 13:00:00,0.0,0.0
-484,TĐ Huội Quảng,2026-03-05 14:00:00,0.0,0.0
-484,TĐ Huội Quảng,2026-03-05 15:00:00,0.0,0.0
-484,TĐ Huội Quảng,2026-03-05 16:00:00,0.0,0.0
-484,TĐ Huội Quảng,2026-03-05 17:00:00,0.0,0.0
-484,TĐ Huội Quảng,2026-03-05 18:00:00,0.0,0.0
-484,TĐ Huội Quảng,2026-03-05 19:00:00,0.0,0.0
-484,TĐ Huội Quảng,2026-03-05 20:00:00,0.0,0.0
-484,TĐ Huội Quảng,2026-03-05 21:00:00,0.0,0.0
-484,TĐ Huội Quảng,2026-03-05 22:00:00,0.0,0.0
-484,TĐ Huội Quảng,2026-03-05 23:00:00,0.0,0.0
-484,TĐ Huội Quảng,2026-03-06 00:00:00,0.0,0.0
-484,TĐ Huội Quảng,2026-03-06 01:00:00,0.0,0.0
-484,TĐ Huội Quảng,2026-03-06 02:00:00,0.0,0.0
-484,TĐ Huội Quảng,2026-03-06 03:00:00,0.0,0.0
-484,TĐ Huội Quảng,2026-03-06 04:00:00,0.0,0.0
-484,TĐ Huội Quảng,2026-03-06 05:00:00,0.0,0.0
-484,TĐ Huội Quảng,2026-03-06 06:00:00,0.0,0.0
-484,TĐ Huội Quảng,2026-03-06 07:00:00,0.0,0.0
-484,TĐ Huội Quảng,2026-03-06 08:00:00,0.0,0.0
-484,TĐ Huội Quảng,2026-03-06 09:00:00,0.0,0.0
-484,TĐ Huội Quảng,2026-03-06 10:00:00,0.0,0.0
-484,TĐ Huội Quảng,2026-03-06 11:00:00,0.0,0.0
-484,TĐ Huội Quảng,2026-03-06 12:00:00,0.0,0.0
-484,TĐ Huội Quảng,2026-03-06 13:00:00,0.0,0.0
-484,TĐ Huội Quảng,2026-03-06 14:00:00,0.0,0.0
-484,TĐ Huội Quảng,2026-03-06 15:00:00,0.0,0.0
-484,TĐ Huội Quảng,2026-03-06 16:00:00,0.0,0.0
-484,TĐ Huội Quảng,2026-03-06 17:00:00,0.0,0.0
-484,TĐ Huội Quảng,2026-03-06 18:00:00,0.0,0.0
-484,TĐ Huội Quảng,2026-03-06 19:00:00,0.0,0.0
-484,TĐ Huội Quảng,2026-03-06 20:00:00,0.0,0.0
-484,TĐ Huội Quảng,2026-03-06 21:00:00,0.0,0.0
-484,TĐ Huội Quảng,2026-03-06 22:00:00,0.0,0.0
-484,TĐ Huội Quảng,2026-03-06 23:00:00,0.0,0.0
-484,TĐ Huội Quảng,2026-03-07 00:00:00,0.0,0.0
-484,TĐ Huội Quảng,2026-03-07 01:00:00,0.0,0.0
-484,TĐ Huội Quảng,2026-03-07 02:00:00,0.0,0.0
-484,TĐ Huội Quảng,2026-03-07 03:00:00,0.0,0.0
-484,TĐ Huội Quảng,2026-03-07 04:00:00,0.0,0.0
-484,TĐ Huội Quảng,2026-03-07 05:00:00,0.0,0.0
-484,TĐ Huội Quảng,2026-03-07 06:00:00,0.0,0.0
-484,TĐ Huội Quảng,2026-03-07 07:00:00,0.0,0.0
-484,TĐ Huội Quảng,2026-03-07 08:00:00,0.0,0.0
-484,TĐ Huội Quảng,2026-03-07 09:00:00,0.0,0.0
-484,TĐ Huội Quảng,2026-03-07 10:00:00,0.0,0.0
-484,TĐ Huội Quảng,2026-03-07 11:00:00,0.0,0.0
-484,TĐ Huội Quảng,2026-03-07 12:00:00,0.0,0.0
-484,TĐ Huội Quảng,2026-03-07 13:00:00,0.0,0.0
-484,TĐ Huội Quảng,2026-03-07 14:00:00,0.0,0.0
-484,TĐ Huội Quảng,2026-03-07 15:00:00,0.0,0.0
-484,TĐ Huội Quảng,2026-03-07 16:00:00,0.0,0.0
-484,TĐ Huội Quảng,2026-03-07 17:00:00,0.0,0.0
-484,TĐ Huội Quảng,2026-03-07 18:00:00,0.0,0.0
-484,TĐ Huội Quảng,2026-03-07 19:00:00,0.0,0.0
-484,TĐ Huội Quảng,2026-03-07 20:00:00,0.0,0.0
-484,TĐ Huội Quảng,2026-03-07 21:00:00,0.0,0.0
-484,TĐ Huội Quảng,2026-03-07 22:00:00,0.0,0.0
-484,TĐ Huội Quảng,2026-03-07 23:00:00,0.0,0.0
-484,TĐ Huội Quảng,2026-03-08 00:00:00,0.0,0.0
-484,TĐ Huội Quảng,2026-03-08 01:00:00,0.0,0.0
-484,TĐ Huội Quảng,2026-03-08 02:00:00,0.0,0.0
-484,TĐ Huội Quảng,2026-03-08 03:00:00,0.0,0.0
-484,TĐ Huội Quảng,2026-03-08 04:00:00,0.0,0.0
-484,TĐ Huội Quảng,2026-03-08 05:00:00,0.20000000298023224,0.20000000298023224
-484,TĐ Huội Quảng,2026-03-08 06:00:00,0.0,0.20000000298023224
-484,TĐ Huội Quảng,2026-03-08 07:00:00,0.0,0.20000000298023224
-484,TĐ Huội Quảng,2026-03-08 08:00:00,0.0,0.20000000298023224
-484,TĐ Huội Quảng,2026-03-08 09:00:00,0.4000000059604645,0.6000000089406967
-484,TĐ Huội Quảng,2026-03-08 10:00:00,1.2000000476837158,1.8000000566244125
-484,TĐ Huội Quảng,2026-03-08 11:00:00,0.0,1.8000000566244125
-484,TĐ Huội Quảng,2026-03-08 12:00:00,0.0,1.8000000566244125
-484,TĐ Huội Quảng,2026-03-08 13:00:00,0.0,1.8000000566244125
-484,TĐ Huội Quảng,2026-03-08 14:00:00,0.0,1.8000000566244125
-484,TĐ Huội Quảng,2026-03-08 15:00:00,0.0,1.8000000566244125
-484,TĐ Huội Quảng,2026-03-08 16:00:00,0.0,1.8000000566244125
-484,TĐ Huội Quảng,2026-03-08 17:00:00,0.0,1.8000000566244125
-484,TĐ Huội Quảng,2026-03-08 18:00:00,0.0,1.8000000566244125
-484,TĐ Huội Quảng,2026-03-08 19:00:00,0.0,1.8000000566244125
-484,TĐ Huội Quảng,2026-03-08 20:00:00,0.0,1.8000000566244125
-484,TĐ Huội Quảng,2026-03-08 21:00:00,0.0,1.8000000566244125
-484,TĐ Huội Quảng,2026-03-08 22:00:00,0.0,1.8000000566244125
-484,TĐ Huội Quảng,2026-03-08 23:00:00,0.0,1.8000000566244125
-484,TĐ Huội Quảng,2026-03-09 00:00:00,0.0,0.0
-484,TĐ Huội Quảng,2026-03-09 01:00:00,0.0,0.0
-484,TĐ Huội Quảng,2026-03-09 02:00:00,0.0,0.0
-484,TĐ Huội Quảng,2026-03-09 03:00:00,0.0,0.0
-484,TĐ Huội Quảng,2026-03-09 04:00:00,0.0,0.0
-484,TĐ Huội Quảng,2026-03-09 05:00:00,1.7999999523162842,1.7999999523162842
-484,TĐ Huội Quảng,2026-03-09 06:00:00,0.6000000238418579,2.399999976158142
-484,TĐ Huội Quảng,2026-03-09 07:00:00,0.0,2.399999976158142
-484,TĐ Huội Quảng,2026-03-09 08:00:00,0.0,2.399999976158142
-484,TĐ Huội Quảng,2026-03-09 09:00:00,0.0,2.399999976158142
-484,TĐ Huội Quảng,2026-03-09 10:00:00,0.0,2.399999976158142
-484,TĐ Huội Quảng,2026-03-09 11:00:00,0.0,2.399999976158142
-484,TĐ Huội Quảng,2026-03-09 12:00:00,0.0,2.399999976158142
-484,TĐ Huội Quảng,2026-03-09 13:00:00,0.0,2.399999976158142
-484,TĐ Huội Quảng,2026-03-09 14:00:00,0.0,2.399999976158142
-484,TĐ Huội Quảng,2026-03-09 15:00:00,0.0,2.399999976158142
-484,TĐ Huội Quảng,2026-03-09 16:00:00,0.0,2.399999976158142
-484,TĐ Huội Quảng,2026-03-09 17:00:00,0.0,2.399999976158142
-484,TĐ Huội Quảng,2026-03-09 18:00:00,0.0,2.399999976158142
-484,TĐ Huội Quảng,2026-03-09 19:00:00,0.0,2.399999976158142
-484,TĐ Huội Quảng,2026-03-09 20:00:00,0.0,2.399999976158142
-484,TĐ Huội Quảng,2026-03-09 21:00:00,0.0,2.399999976158142
-484,TĐ Huội Quảng,2026-03-09 22:00:00,0.0,2.399999976158142
-484,TĐ Huội Quảng,2026-03-09 23:00:00,0.0,2.399999976158142
-484,TĐ Huội Quảng,2026-03-10 00:00:00,0.0,0.0
-484,TĐ Huội Quảng,2026-03-10 01:00:00,0.0,0.0
-484,TĐ Huội Quảng,2026-03-10 02:00:00,0.0,0.0
-484,TĐ Huội Quảng,2026-03-10 03:00:00,0.0,0.0
-484,TĐ Huội Quảng,2026-03-10 04:00:00,0.0,0.0
-484,TĐ Huội Quảng,2026-03-10 05:00:00,0.0,0.0
-484,TĐ Huội Quảng,2026-03-10 06:00:00,0.0,0.0
-484,TĐ Huội Quảng,2026-03-10 07:00:00,0.0,0.0
-484,TĐ Huội Quảng,2026-03-10 08:00:00,0.0,0.0
-484,TĐ Huội Quảng,2026-03-10 09:00:00,0.0,0.0
-484,TĐ Huội Quảng,2026-03-10 10:00:00,0.0,0.0
-484,TĐ Huội Quảng,2026-03-10 11:00:00,0.0,0.0
-484,TĐ Huội Quảng,2026-03-10 12:00:00,0.0,0.0
-484,TĐ Huội Quảng,2026-03-10 13:00:00,0.0,0.0
-484,TĐ Huội Quảng,2026-03-10 14:00:00,0.0,0.0
-484,TĐ Huội Quảng,2026-03-10 15:00:00,0.0,0.0
-484,TĐ Huội Quảng,2026-03-10 16:00:00,0.0,0.0
-484,TĐ Huội Quảng,2026-03-10 17:00:00,0.0,0.0
-484,TĐ Huội Quảng,2026-03-10 18:00:00,0.0,0.0
-484,TĐ Huội Quảng,2026-03-10 19:00:00,0.0,0.0
-484,TĐ Huội Quảng,2026-03-10 20:00:00,0.0,0.0
-484,TĐ Huội Quảng,2026-03-10 21:00:00,0.0,0.0
-484,TĐ Huội Quảng,2026-03-10 22:00:00,0.0,0.0
-484,TĐ Huội Quảng,2026-03-10 23:00:00,0.0,0.0
-484,TĐ Huội Quảng,2026-03-11 00:00:00,0.0,0.0
-484,TĐ Huội Quảng,2026-03-11 01:00:00,0.0,0.0
-484,TĐ Huội Quảng,2026-03-11 02:00:00,0.0,0.0
-484,TĐ Huội Quảng,2026-03-11 03:00:00,0.0,0.0
-484,TĐ Huội Quảng,2026-03-11 04:00:00,0.0,0.0
-484,TĐ Huội Quảng,2026-03-11 05:00:00,0.0,0.0
-484,TĐ Huội Quảng,2026-03-11 06:00:00,0.0,0.0
-484,TĐ Huội Quảng,2026-03-11 07:00:00,0.0,0.0
-484,TĐ Huội Quảng,2026-03-11 08:00:00,0.0,0.0
-484,TĐ Huội Quảng,2026-03-11 09:00:00,0.0,0.0
-484,TĐ Huội Quảng,2026-03-11 10:00:00,0.0,0.0
-484,TĐ Huội Quảng,2026-03-11 11:00:00,0.0,0.0
-484,TĐ Huội Quảng,2026-03-11 12:00:00,0.20000000298023224,0.20000000298023224
-484,TĐ Huội Quảng,2026-03-11 13:00:00,0.0,0.20000000298023224
-484,TĐ Huội Quảng,2026-03-11 14:00:00,0.0,0.20000000298023224
-484,TĐ Huội Quảng,2026-03-11 15:00:00,0.0,0.20000000298023224
-484,TĐ Huội Quảng,2026-03-11 16:00:00,0.0,0.20000000298023224
-484,TĐ Huội Quảng,2026-03-11 17:00:00,0.0,0.20000000298023224
-484,TĐ Huội Quảng,2026-03-11 18:00:00,0.0,0.20000000298023224
-484,TĐ Huội Quảng,2026-03-11 19:00:00,0.0,0.20000000298023224
-484,TĐ Huội Quảng,2026-03-11 20:00:00,0.0,0.20000000298023224
-484,TĐ Huội Quảng,2026-03-11 21:00:00,0.0,0.20000000298023224
-484,TĐ Huội Quảng,2026-03-11 22:00:00,0.0,0.20000000298023224
-484,TĐ Huội Quảng,2026-03-11 23:00:00,0.0,0.20000000298023224
-484,TĐ Huội Quảng,2026-03-12 00:00:00,0.0,0.0
-484,TĐ Huội Quảng,2026-03-12 01:00:00,0.0,0.0
-484,TĐ Huội Quảng,2026-03-12 02:00:00,0.0,0.0
-484,TĐ Huội Quảng,2026-03-12 03:00:00,0.0,0.0
-484,TĐ Huội Quảng,2026-03-12 04:00:00,0.0,0.0
-484,TĐ Huội Quảng,2026-03-12 05:00:00,0.0,0.0
-484,TĐ Huội Quảng,2026-03-12 06:00:00,0.0,0.0
-484,TĐ Huội Quảng,2026-03-12 07:00:00,0.0,0.0
-484,TĐ Huội Quảng,2026-03-12 08:00:00,0.20000000298023224,0.20000000298023224
-484,TĐ Huội Quảng,2026-03-12 09:00:00,1.2000000476837158,1.400000050663948
-484,TĐ Huội Quảng,2026-03-12 10:00:00,0.6000000238418579,2.000000074505806
-484,TĐ Huội Quảng,2026-03-12 11:00:00,0.0,2.000000074505806
-484,TĐ Huội Quảng,2026-03-12 12:00:00,0.0,2.000000074505806
-484,TĐ Huội Quảng,2026-03-12 13:00:00,0.6000000238418579,2.600000098347664
-484,TĐ Huội Quảng,2026-03-12 14:00:00,0.0,2.600000098347664
-484,TĐ Huội Quảng,2026-03-12 15:00:00,0.0,2.600000098347664
-484,TĐ Huội Quảng,2026-03-12 16:00:00,0.6000000238418579,3.200000122189522
-484,TĐ Huội Quảng,2026-03-12 17:00:00,0.20000000298023224,3.400000125169754
-484,TĐ Huội Quảng,2026-03-12 18:00:00,0.0,3.400000125169754
-484,TĐ Huội Quảng,2026-03-12 19:00:00,0.0,3.400000125169754
-484,TĐ Huội Quảng,2026-03-12 20:00:00,0.0,3.400000125169754
-484,TĐ Huội Quảng,2026-03-12 21:00:00,0.0,3.400000125169754
-484,TĐ Huội Quảng,2026-03-12 22:00:00,0.0,3.400000125169754
-484,TĐ Huội Quảng,2026-03-12 23:00:00,0.0,3.400000125169754
-484,TĐ Huội Quảng,2026-03-13 00:00:00,0.0,0.0
-484,TĐ Huội Quảng,2026-03-13 01:00:00,0.0,0.0
-484,TĐ Huội Quảng,2026-03-13 02:00:00,0.0,0.0
-484,TĐ Huội Quảng,2026-03-13 03:00:00,0.0,0.0
-484,TĐ Huội Quảng,2026-03-13 04:00:00,0.0,0.0
-484,TĐ Huội Quảng,2026-03-13 05:00:00,0.0,0.0
-484,TĐ Huội Quảng,2026-03-13 06:00:00,0.0,0.0
-484,TĐ Huội Quảng,2026-03-13 07:00:00,0.0,0.0
-484,TĐ Huội Quảng,2026-03-13 08:00:00,0.0,0.0
-484,TĐ Huội Quảng,2026-03-13 09:00:00,0.0,0.0
-484,TĐ Huội Quảng,2026-03-13 10:00:00,0.0,0.0
-484,TĐ Huội Quảng,2026-03-13 11:00:00,0.0,0.0
-484,TĐ Huội Quảng,2026-03-13 12:00:00,0.0,0.0
-484,TĐ Huội Quảng,2026-03-13 13:00:00,0.0,0.0
-484,TĐ Huội Quảng,2026-03-13 14:00:00,0.0,0.0
-484,TĐ Huội Quảng,2026-03-13 15:00:00,0.0,0.0
-484,TĐ Huội Quảng,2026-03-13 16:00:00,0.0,0.0
-484,TĐ Huội Quảng,2026-03-13 17:00:00,0.0,0.0
-484,TĐ Huội Quảng,2026-03-13 18:00:00,0.0,0.0
-484,TĐ Huội Quảng,2026-03-13 19:00:00,0.0,0.0
-484,TĐ Huội Quảng,2026-03-13 20:00:00,0.0,0.0
-484,TĐ Huội Quảng,2026-03-13 21:00:00,0.0,0.0
-484,TĐ Huội Quảng,2026-03-13 22:00:00,0.0,0.0
-484,TĐ Huội Quảng,2026-03-13 23:00:00,0.0,0.0
-484,TĐ Huội Quảng,2026-03-14 00:00:00,0.0,0.0
-484,TĐ Huội Quảng,2026-03-14 01:00:00,0.0,0.0
-484,TĐ Huội Quảng,2026-03-14 02:00:00,0.0,0.0
-484,TĐ Huội Quảng,2026-03-14 03:00:00,0.0,0.0
-484,TĐ Huội Quảng,2026-03-14 04:00:00,0.0,0.0
-484,TĐ Huội Quảng,2026-03-14 05:00:00,0.0,0.0
-484,TĐ Huội Quảng,2026-03-14 06:00:00,0.0,0.0
-484,TĐ Huội Quảng,2026-03-14 07:00:00,0.0,0.0
-484,TĐ Huội Quảng,2026-03-14 08:00:00,0.0,0.0
-484,TĐ Huội Quảng,2026-03-14 09:00:00,0.0,0.0
-484,TĐ Huội Quảng,2026-03-14 10:00:00,0.0,0.0
-484,TĐ Huội Quảng,2026-03-14 11:00:00,0.0,0.0
-484,TĐ Huội Quảng,2026-03-14 12:00:00,0.0,0.0
-484,TĐ Huội Quảng,2026-03-14 13:00:00,0.0,0.0
-484,TĐ Huội Quảng,2026-03-14 14:00:00,0.0,0.0
-484,TĐ Huội Quảng,2026-03-14 15:00:00,0.0,0.0
-484,TĐ Huội Quảng,2026-03-14 16:00:00,0.0,0.0
-484,TĐ Huội Quảng,2026-03-14 17:00:00,0.0,0.0
-484,TĐ Huội Quảng,2026-03-14 18:00:00,0.0,0.0
-484,TĐ Huội Quảng,2026-03-14 19:00:00,0.0,0.0
-484,TĐ Huội Quảng,2026-03-14 20:00:00,0.0,0.0
-484,TĐ Huội Quảng,2026-03-14 21:00:00,0.0,0.0
-484,TĐ Huội Quảng,2026-03-14 22:00:00,0.0,0.0
-484,TĐ Huội Quảng,2026-03-14 23:00:00,0.0,0.0
-484,TĐ Huội Quảng,2026-03-15 00:00:00,0.0,0.0
-484,TĐ Huội Quảng,2026-03-15 01:00:00,0.0,0.0
-484,TĐ Huội Quảng,2026-03-15 02:00:00,0.0,0.0
-484,TĐ Huội Quảng,2026-03-15 03:00:00,0.0,0.0
-484,TĐ Huội Quảng,2026-03-15 04:00:00,0.0,0.0
-484,TĐ Huội Quảng,2026-03-15 05:00:00,0.0,0.0
-484,TĐ Huội Quảng,2026-03-15 06:00:00,0.0,0.0
-484,TĐ Huội Quảng,2026-03-15 07:00:00,0.0,0.0
-484,TĐ Huội Quảng,2026-03-15 08:00:00,0.0,0.0
-484,TĐ Huội Quảng,2026-03-15 09:00:00,0.0,0.0
-484,TĐ Huội Quảng,2026-03-15 10:00:00,0.0,0.0
-484,TĐ Huội Quảng,2026-03-15 11:00:00,0.0,0.0
-484,TĐ Huội Quảng,2026-03-15 12:00:00,0.0,0.0
-484,TĐ Huội Quảng,2026-03-15 13:00:00,0.0,0.0
-484,TĐ Huội Quảng,2026-03-15 14:00:00,0.0,0.0
-484,TĐ Huội Quảng,2026-03-15 15:00:00,0.0,0.0
-484,TĐ Huội Quảng,2026-03-15 16:00:00,0.0,0.0
-484,TĐ Huội Quảng,2026-03-15 17:00:00,0.0,0.0
-484,TĐ Huội Quảng,2026-03-15 18:00:00,0.0,0.0
-484,TĐ Huội Quảng,2026-03-15 19:00:00,0.0,0.0
-484,TĐ Huội Quảng,2026-03-15 20:00:00,0.0,0.0
-484,TĐ Huội Quảng,2026-03-15 21:00:00,0.0,0.0
-484,TĐ Huội Quảng,2026-03-15 22:00:00,0.0,0.0
-484,TĐ Huội Quảng,2026-03-15 23:00:00,7.0,7.0
-484,TĐ Huội Quảng,2026-03-16 00:00:00,2.0,9.0
-484,TĐ Huội Quảng,2026-03-16 01:00:00,0.4000000059604645,9.400000005960464
-484,TĐ Huội Quảng,2026-03-16 02:00:00,0.0,9.400000005960464
-484,TĐ Huội Quảng,2026-03-16 03:00:00,0.0,9.400000005960464
-484,TĐ Huội Quảng,2026-03-16 04:00:00,0.4000000059604645,9.800000011920929
-484,TĐ Huội Quảng,2026-03-16 05:00:00,1.399999976158142,11.199999988079071
-484,TĐ Huội Quảng,2026-03-16 06:00:00,0.4000000059604645,11.599999994039536
-484,TĐ Huội Quảng,2026-03-16 07:00:00,0.0,11.599999994039536
-484,TĐ Huội Quảng,2026-03-16 08:00:00,0.0,11.599999994039536
-484,TĐ Huội Quảng,2026-03-16 09:00:00,0.0,11.599999994039536
-484,TĐ Huội Quảng,2026-03-16 10:00:00,0.0,11.599999994039536
-484,TĐ Huội Quảng,2026-03-16 11:00:00,0.0,11.599999994039536
-484,TĐ Huội Quảng,2026-03-16 12:00:00,0.0,11.599999994039536
-484,TĐ Huội Quảng,2026-03-16 13:00:00,0.0,11.599999994039536
-484,TĐ Huội Quảng,2026-03-16 14:00:00,0.0,11.599999994039536
-484,TĐ Huội Quảng,2026-03-16 15:00:00,0.0,11.599999994039536
-484,TĐ Huội Quảng,2026-03-16 16:00:00,0.0,11.599999994039536
-484,TĐ Huội Quảng,2026-03-16 17:00:00,0.0,11.599999994039536
-484,TĐ Huội Quảng,2026-03-16 18:00:00,0.0,11.599999994039536
-484,TĐ Huội Quảng,2026-03-16 19:00:00,0.0,11.599999994039536
-484,TĐ Huội Quảng,2026-03-16 20:00:00,0.0,11.599999994039536
-484,TĐ Huội Quảng,2026-03-16 21:00:00,0.0,11.599999994039536
-484,TĐ Huội Quảng,2026-03-16 22:00:00,0.0,11.599999994039536
-484,TĐ Huội Quảng,2026-03-16 23:00:00,0.0,11.599999994039536
-484,TĐ Huội Quảng,2026-03-17 00:00:00,0.0,0.0
-484,TĐ Huội Quảng,2026-03-17 01:00:00,0.0,0.0
-484,TĐ Huội Quảng,2026-03-17 02:00:00,0.0,0.0
-484,TĐ Huội Quảng,2026-03-17 03:00:00,0.0,0.0
-484,TĐ Huội Quảng,2026-03-17 04:00:00,0.0,0.0
-484,TĐ Huội Quảng,2026-03-17 05:00:00,0.0,0.0
-484,TĐ Huội Quảng,2026-03-17 06:00:00,0.0,0.0
-484,TĐ Huội Quảng,2026-03-17 07:00:00,0.0,0.0
-484,TĐ Huội Quảng,2026-03-17 08:00:00,0.0,0.0
-484,TĐ Huội Quảng,2026-03-17 09:00:00,0.0,0.0
-484,TĐ Huội Quảng,2026-03-17 10:00:00,0.0,0.0
-484,TĐ Huội Quảng,2026-03-17 11:00:00,0.0,0.0
-484,TĐ Huội Quảng,2026-03-17 12:00:00,0.0,0.0
-484,TĐ Huội Quảng,2026-03-17 13:00:00,0.0,0.0
-484,TĐ Huội Quảng,2026-03-17 14:00:00,0.0,0.0
-484,TĐ Huội Quảng,2026-03-17 15:00:00,0.0,0.0
-484,TĐ Huội Quảng,2026-03-17 16:00:00,0.0,0.0
-484,TĐ Huội Quảng,2026-03-17 17:00:00,0.0,0.0
-484,TĐ Huội Quảng,2026-03-17 18:00:00,0.0,0.0
-484,TĐ Huội Quảng,2026-03-17 19:00:00,0.0,0.0
-484,TĐ Huội Quảng,2026-03-17 20:00:00,0.0,0.0
-484,TĐ Huội Quảng,2026-03-17 21:00:00,0.0,0.0
-484,TĐ Huội Quảng,2026-03-17 22:00:00,0.0,0.0
-484,TĐ Huội Quảng,2026-03-17 23:00:00,0.0,0.0
-484,TĐ Huội Quảng,2026-03-18 00:00:00,0.0,0.0
-484,TĐ Huội Quảng,2026-03-18 01:00:00,0.0,0.0
-484,TĐ Huội Quảng,2026-03-18 02:00:00,0.0,0.0
-484,TĐ Huội Quảng,2026-03-18 03:00:00,0.0,0.0
-484,TĐ Huội Quảng,2026-03-18 04:00:00,0.0,0.0
-484,TĐ Huội Quảng,2026-03-18 05:00:00,0.0,0.0
-484,TĐ Huội Quảng,2026-03-18 06:00:00,0.0,0.0
-484,TĐ Huội Quảng,2026-03-18 07:00:00,0.0,0.0
-484,TĐ Huội Quảng,2026-03-18 08:00:00,0.0,0.0
-484,TĐ Huội Quảng,2026-03-18 09:00:00,0.0,0.0
-484,TĐ Huội Quảng,2026-03-18 10:00:00,0.0,0.0
-484,TĐ Huội Quảng,2026-03-18 11:00:00,0.0,0.0
-484,TĐ Huội Quảng,2026-03-18 12:00:00,0.0,0.0
-484,TĐ Huội Quảng,2026-03-18 13:00:00,0.0,0.0
-484,TĐ Huội Quảng,2026-03-18 14:00:00,0.0,0.0
-484,TĐ Huội Quảng,2026-03-18 15:00:00,0.0,0.0
-484,TĐ Huội Quảng,2026-03-18 16:00:00,0.0,0.0
-484,TĐ Huội Quảng,2026-03-18 17:00:00,0.0,0.0
-484,TĐ Huội Quảng,2026-03-18 18:00:00,0.0,0.0
-484,TĐ Huội Quảng,2026-03-18 19:00:00,0.0,0.0
-484,TĐ Huội Quảng,2026-03-18 20:00:00,0.0,0.0
-484,TĐ Huội Quảng,2026-03-18 21:00:00,0.0,0.0
-484,TĐ Huội Quảng,2026-03-18 22:00:00,0.0,0.0
-484,TĐ Huội Quảng,2026-03-18 23:00:00,0.0,0.0
-484,TĐ Huội Quảng,2026-03-19 00:00:00,0.0,0.0
-484,TĐ Huội Quảng,2026-03-19 01:00:00,0.0,0.0
-484,TĐ Huội Quảng,2026-03-19 02:00:00,0.0,0.0
-484,TĐ Huội Quảng,2026-03-19 03:00:00,0.0,0.0
-484,TĐ Huội Quảng,2026-03-19 04:00:00,0.0,0.0
-484,TĐ Huội Quảng,2026-03-19 05:00:00,0.0,0.0
-484,TĐ Huội Quảng,2026-03-19 06:00:00,0.0,0.0
-484,TĐ Huội Quảng,2026-03-19 07:00:00,0.0,0.0
-484,TĐ Huội Quảng,2026-03-19 08:00:00,0.0,0.0
-484,TĐ Huội Quảng,2026-03-19 09:00:00,0.0,0.0
-484,TĐ Huội Quảng,2026-03-19 10:00:00,0.0,0.0
-484,TĐ Huội Quảng,2026-03-19 11:00:00,0.0,0.0
-484,TĐ Huội Quảng,2026-03-19 12:00:00,0.0,0.0
-484,TĐ Huội Quảng,2026-03-19 13:00:00,0.0,0.0
-484,TĐ Huội Quảng,2026-03-19 14:00:00,0.0,0.0
-484,TĐ Huội Quảng,2026-03-19 15:00:00,0.0,0.0
-484,TĐ Huội Quảng,2026-03-19 16:00:00,0.0,0.0
-484,TĐ Huội Quảng,2026-03-19 17:00:00,0.0,0.0
-484,TĐ Huội Quảng,2026-03-19 18:00:00,0.0,0.0
-484,TĐ Huội Quảng,2026-03-19 19:00:00,0.0,0.0
-484,TĐ Huội Quảng,2026-03-19 20:00:00,0.0,0.0
-484,TĐ Huội Quảng,2026-03-19 21:00:00,0.0,0.0
-484,TĐ Huội Quảng,2026-03-19 22:00:00,0.0,0.0
-484,TĐ Huội Quảng,2026-03-19 23:00:00,0.0,0.0
-484,TĐ Huội Quảng,2026-03-20 00:00:00,0.0,0.0
-484,TĐ Huội Quảng,2026-03-20 01:00:00,0.0,0.0
-484,TĐ Huội Quảng,2026-03-20 02:00:00,0.0,0.0
-484,TĐ Huội Quảng,2026-03-20 03:00:00,0.0,0.0
-484,TĐ Huội Quảng,2026-03-20 04:00:00,0.0,0.0
-484,TĐ Huội Quảng,2026-03-20 05:00:00,0.0,0.0
-484,TĐ Huội Quảng,2026-03-20 06:00:00,0.0,0.0
-484,TĐ Huội Quảng,2026-03-20 07:00:00,0.0,0.0
-484,TĐ Huội Quảng,2026-03-20 08:00:00,0.0,0.0
-484,TĐ Huội Quảng,2026-03-20 09:00:00,0.0,0.0
-484,TĐ Huội Quảng,2026-03-20 10:00:00,0.0,0.0
-484,TĐ Huội Quảng,2026-03-20 11:00:00,0.0,0.0
-484,TĐ Huội Quảng,2026-03-20 12:00:00,0.0,0.0
-484,TĐ Huội Quảng,2026-03-20 13:00:00,0.0,0.0
-484,TĐ Huội Quảng,2026-03-20 14:00:00,0.0,0.0
-484,TĐ Huội Quảng,2026-03-20 15:00:00,0.0,0.0
-484,TĐ Huội Quảng,2026-03-20 16:00:00,0.0,0.0
-484,TĐ Huội Quảng,2026-03-20 17:00:00,0.0,0.0
-484,TĐ Huội Quảng,2026-03-20 18:00:00,0.0,0.0
-484,TĐ Huội Quảng,2026-03-20 19:00:00,0.0,0.0
-484,TĐ Huội Quảng,2026-03-20 20:00:00,0.0,0.0
-484,TĐ Huội Quảng,2026-03-20 21:00:00,0.0,0.0
-484,TĐ Huội Quảng,2026-03-20 22:00:00,0.0,0.0
-484,TĐ Huội Quảng,2026-03-20 23:00:00,0.0,0.0
-484,TĐ Huội Quảng,2026-03-21 00:00:00,0.0,0.0
-484,TĐ Huội Quảng,2026-03-21 01:00:00,0.0,0.0
-484,TĐ Huội Quảng,2026-03-21 02:00:00,0.0,0.0
-484,TĐ Huội Quảng,2026-03-21 03:00:00,0.0,0.0
-484,TĐ Huội Quảng,2026-03-21 04:00:00,0.0,0.0
-484,TĐ Huội Quảng,2026-03-21 05:00:00,0.0,0.0
-484,TĐ Huội Quảng,2026-03-21 06:00:00,0.0,0.0
-484,TĐ Huội Quảng,2026-03-21 07:00:00,0.0,0.0
-484,TĐ Huội Quảng,2026-03-21 08:00:00,0.0,0.0
-484,TĐ Huội Quảng,2026-03-21 09:00:00,0.0,0.0
-484,TĐ Huội Quảng,2026-03-21 10:00:00,0.0,0.0
-484,TĐ Huội Quảng,2026-03-21 11:00:00,0.0,0.0
-484,TĐ Huội Quảng,2026-03-21 12:00:00,0.0,0.0
-484,TĐ Huội Quảng,2026-03-21 13:00:00,0.0,0.0
-484,TĐ Huội Quảng,2026-03-21 14:00:00,0.0,0.0
-484,TĐ Huội Quảng,2026-03-21 15:00:00,0.0,0.0
-484,TĐ Huội Quảng,2026-03-21 16:00:00,0.0,0.0
-484,TĐ Huội Quảng,2026-03-21 17:00:00,0.0,0.0
-484,TĐ Huội Quảng,2026-03-21 18:00:00,0.0,0.0
-484,TĐ Huội Quảng,2026-03-21 19:00:00,0.0,0.0
-484,TĐ Huội Quảng,2026-03-21 20:00:00,0.0,0.0
-484,TĐ Huội Quảng,2026-03-21 21:00:00,0.0,0.0
-484,TĐ Huội Quảng,2026-03-21 22:00:00,0.0,0.0
-484,TĐ Huội Quảng,2026-03-21 23:00:00,0.0,0.0
-484,TĐ Huội Quảng,2026-03-22 00:00:00,0.0,0.0
-484,TĐ Huội Quảng,2026-03-22 01:00:00,0.0,0.0
-484,TĐ Huội Quảng,2026-03-22 02:00:00,0.0,0.0
-484,TĐ Huội Quảng,2026-03-22 03:00:00,0.0,0.0
-484,TĐ Huội Quảng,2026-03-22 04:00:00,0.0,0.0
-484,TĐ Huội Quảng,2026-03-22 05:00:00,0.0,0.0
-484,TĐ Huội Quảng,2026-03-22 06:00:00,0.0,0.0
-484,TĐ Huội Quảng,2026-03-22 07:00:00,0.0,0.0
-484,TĐ Huội Quảng,2026-03-22 08:00:00,0.0,0.0
-484,TĐ Huội Quảng,2026-03-22 09:00:00,0.0,0.0
-484,TĐ Huội Quảng,2026-03-22 10:00:00,0.0,0.0
-484,TĐ Huội Quảng,2026-03-22 11:00:00,0.0,0.0
-484,TĐ Huội Quảng,2026-03-22 12:00:00,0.0,0.0
-484,TĐ Huội Quảng,2026-03-22 13:00:00,1.600000023841858,1.600000023841858
-484,TĐ Huội Quảng,2026-03-22 14:00:00,0.20000000298023224,1.8000000268220901
-484,TĐ Huội Quảng,2026-03-22 15:00:00,0.0,1.8000000268220901
-484,TĐ Huội Quảng,2026-03-22 16:00:00,0.0,1.8000000268220901
-484,TĐ Huội Quảng,2026-03-22 17:00:00,0.0,1.8000000268220901
-484,TĐ Huội Quảng,2026-03-22 18:00:00,1.0,2.80000002682209
-484,TĐ Huội Quảng,2026-03-22 19:00:00,0.0,2.80000002682209
-484,TĐ Huội Quảng,2026-03-22 20:00:00,0.0,2.80000002682209
-484,TĐ Huội Quảng,2026-03-22 21:00:00,0.20000000298023224,3.0000000298023224
-484,TĐ Huội Quảng,2026-03-22 22:00:00,0.0,3.0000000298023224
-484,TĐ Huội Quảng,2026-03-22 23:00:00,0.0,3.0000000298023224
-484,TĐ Huội Quảng,2026-03-23 00:00:00,0.0,0.20000000298023224
-484,TĐ Huội Quảng,2026-03-23 01:00:00,0.0,0.20000000298023224
-484,TĐ Huội Quảng,2026-03-23 02:00:00,0.0,0.20000000298023224
-484,TĐ Huội Quảng,2026-03-23 03:00:00,0.0,0.20000000298023224
-484,TĐ Huội Quảng,2026-03-23 04:00:00,0.0,0.20000000298023224
-484,TĐ Huội Quảng,2026-03-23 05:00:00,0.0,0.20000000298023224
-484,TĐ Huội Quảng,2026-03-23 06:00:00,0.0,0.20000000298023224
-484,TĐ Huội Quảng,2026-03-23 07:00:00,0.0,0.20000000298023224
-484,TĐ Huội Quảng,2026-03-23 08:00:00,0.0,0.20000000298023224
-484,TĐ Huội Quảng,2026-03-23 09:00:00,0.0,0.20000000298023224
-484,TĐ Huội Quảng,2026-03-23 10:00:00,0.0,0.20000000298023224
-484,TĐ Huội Quảng,2026-03-23 11:00:00,0.0,0.20000000298023224
-484,TĐ Huội Quảng,2026-03-23 12:00:00,0.0,0.20000000298023224
-484,TĐ Huội Quảng,2026-03-23 13:00:00,0.0,0.20000000298023224
-484,TĐ Huội Quảng,2026-03-23 14:00:00,0.0,0.20000000298023224
-484,TĐ Huội Quảng,2026-03-23 15:00:00,0.0,0.20000000298023224
-484,TĐ Huội Quảng,2026-03-23 16:00:00,0.0,0.20000000298023224
-484,TĐ Huội Quảng,2026-03-23 17:00:00,0.0,0.20000000298023224
-484,TĐ Huội Quảng,2026-03-23 18:00:00,0.0,0.20000000298023224
-484,TĐ Huội Quảng,2026-03-23 19:00:00,0.0,0.20000000298023224
-484,TĐ Huội Quảng,2026-03-23 20:00:00,0.0,0.20000000298023224
-484,TĐ Huội Quảng,2026-03-23 21:00:00,0.0,0.20000000298023224
-484,TĐ Huội Quảng,2026-03-23 22:00:00,0.0,0.20000000298023224
-484,TĐ Huội Quảng,2026-03-23 23:00:00,0.0,0.20000000298023224
-484,TĐ Huội Quảng,2026-03-24 00:00:00,0.0,0.0
-484,TĐ Huội Quảng,2026-03-24 01:00:00,0.0,0.0
-484,TĐ Huội Quảng,2026-03-24 02:00:00,0.0,0.0
-484,TĐ Huội Quảng,2026-03-24 03:00:00,0.0,0.0
-484,TĐ Huội Quảng,2026-03-24 04:00:00,0.0,0.0
-484,TĐ Huội Quảng,2026-03-24 05:00:00,0.0,0.0
-484,TĐ Huội Quảng,2026-03-24 06:00:00,0.0,0.0
-484,TĐ Huội Quảng,2026-03-24 07:00:00,0.0,0.0
-484,TĐ Huội Quảng,2026-03-24 08:00:00,0.0,0.0
-484,TĐ Huội Quảng,2026-03-24 09:00:00,0.0,0.0
-484,TĐ Huội Quảng,2026-03-24 10:00:00,0.0,0.0
-484,TĐ Huội Quảng,2026-03-24 11:00:00,0.0,0.0
-484,TĐ Huội Quảng,2026-03-24 12:00:00,0.0,0.0
-484,TĐ Huội Quảng,2026-03-24 13:00:00,0.0,0.0
-484,TĐ Huội Quảng,2026-03-24 14:00:00,0.0,0.0
-484,TĐ Huội Quảng,2026-03-24 15:00:00,0.0,0.0
-484,TĐ Huội Quảng,2026-03-24 16:00:00,0.0,0.0
-484,TĐ Huội Quảng,2026-03-24 17:00:00,0.0,0.0
-484,TĐ Huội Quảng,2026-03-24 18:00:00,0.0,0.0
-484,TĐ Huội Quảng,2026-03-24 19:00:00,0.0,0.0
-484,TĐ Huội Quảng,2026-03-24 20:00:00,0.0,0.0
-484,TĐ Huội Quảng,2026-03-24 21:00:00,0.0,0.0
-484,TĐ Huội Quảng,2026-03-24 22:00:00,0.0,0.0
-484,TĐ Huội Quảng,2026-03-24 23:00:00,0.0,0.0
-484,TĐ Huội Quảng,2026-03-25 00:00:00,0.0,0.0
-484,TĐ Huội Quảng,2026-03-25 01:00:00,0.0,0.0
-484,TĐ Huội Quảng,2026-03-25 02:00:00,0.0,0.0
-484,TĐ Huội Quảng,2026-03-25 03:00:00,0.0,0.0
-484,TĐ Huội Quảng,2026-03-25 04:00:00,0.0,0.0
-484,TĐ Huội Quảng,2026-03-25 05:00:00,0.0,0.0
-484,TĐ Huội Quảng,2026-03-25 06:00:00,0.0,0.0
-484,TĐ Huội Quảng,2026-03-25 07:00:00,0.0,0.0
-484,TĐ Huội Quảng,2026-03-25 08:00:00,0.0,0.0
-484,TĐ Huội Quảng,2026-03-25 09:00:00,0.0,0.0
-484,TĐ Huội Quảng,2026-03-25 10:00:00,0.0,0.0
-484,TĐ Huội Quảng,2026-03-25 11:00:00,0.0,0.0
-484,TĐ Huội Quảng,2026-03-25 12:00:00,0.0,0.0
-484,TĐ Huội Quảng,2026-03-25 13:00:00,0.0,0.0
-484,TĐ Huội Quảng,2026-03-25 14:00:00,0.0,0.0
-484,TĐ Huội Quảng,2026-03-25 15:00:00,0.0,0.0
-484,TĐ Huội Quảng,2026-03-25 16:00:00,0.0,0.0
-484,TĐ Huội Quảng,2026-03-25 17:00:00,0.0,0.0
-484,TĐ Huội Quảng,2026-03-25 18:00:00,0.0,0.0
-484,TĐ Huội Quảng,2026-03-25 19:00:00,0.0,0.0
-484,TĐ Huội Quảng,2026-03-25 20:00:00,0.0,0.0
-484,TĐ Huội Quảng,2026-03-25 21:00:00,0.0,0.0
-484,TĐ Huội Quảng,2026-03-25 22:00:00,0.0,0.0
-484,TĐ Huội Quảng,2026-03-25 23:00:00,0.0,0.0
-484,TĐ Huội Quảng,2026-03-26 00:00:00,0.0,0.0
-484,TĐ Huội Quảng,2026-03-26 01:00:00,0.0,0.0
-484,TĐ Huội Quảng,2026-03-26 02:00:00,0.0,0.0
-484,TĐ Huội Quảng,2026-03-26 03:00:00,0.0,0.0
-484,TĐ Huội Quảng,2026-03-26 04:00:00,0.0,0.0
-484,TĐ Huội Quảng,2026-03-26 05:00:00,0.0,0.0
-484,TĐ Huội Quảng,2026-03-26 06:00:00,0.0,0.0
-484,TĐ Huội Quảng,2026-03-26 07:00:00,0.0,0.0
-484,TĐ Huội Quảng,2026-03-26 08:00:00,0.0,0.0
-484,TĐ Huội Quảng,2026-03-26 09:00:00,0.0,0.0
-484,TĐ Huội Quảng,2026-03-26 10:00:00,0.0,0.0
-484,TĐ Huội Quảng,2026-03-26 11:00:00,0.0,0.0
-484,TĐ Huội Quảng,2026-03-26 12:00:00,0.0,0.0
-484,TĐ Huội Quảng,2026-03-26 13:00:00,0.0,0.0
-484,TĐ Huội Quảng,2026-03-26 14:00:00,0.0,0.0
-484,TĐ Huội Quảng,2026-03-26 15:00:00,0.0,0.0
-484,TĐ Huội Quảng,2026-03-26 16:00:00,,0.0
-484,TĐ Huội Quảng,2026-03-26 17:00:00,0.0,0.0
-484,TĐ Huội Quảng,2026-03-26 18:00:00,0.0,0.0
-484,TĐ Huội Quảng,2026-03-26 19:00:00,0.0,0.0
-484,TĐ Huội Quảng,2026-03-26 20:00:00,0.0,0.0
-484,TĐ Huội Quảng,2026-03-26 21:00:00,0.0,0.0
-484,TĐ Huội Quảng,2026-03-26 22:00:00,0.0,0.0
-484,TĐ Huội Quảng,2026-03-26 23:00:00,0.0,0.0
-484,TĐ Huội Quảng,2026-03-27 00:00:00,0.0,0.0
-484,TĐ Huội Quảng,2026-03-27 01:00:00,0.0,0.0
-484,TĐ Huội Quảng,2026-03-27 02:00:00,0.0,0.0
-484,TĐ Huội Quảng,2026-03-27 03:00:00,0.0,0.0
-484,TĐ Huội Quảng,2026-03-27 04:00:00,0.0,0.0
-484,TĐ Huội Quảng,2026-03-27 05:00:00,0.0,0.0
-484,TĐ Huội Quảng,2026-03-27 06:00:00,0.0,0.0
-484,TĐ Huội Quảng,2026-03-27 07:00:00,0.0,0.0
-484,TĐ Huội Quảng,2026-03-27 08:00:00,0.0,0.0
-484,TĐ Huội Quảng,2026-03-27 09:00:00,0.0,0.0
-484,TĐ Huội Quảng,2026-03-27 10:00:00,0.0,0.0
-484,TĐ Huội Quảng,2026-03-27 11:00:00,0.0,0.0
-484,TĐ Huội Quảng,2026-03-27 12:00:00,0.0,0.0
-484,TĐ Huội Quảng,2026-03-27 13:00:00,0.0,0.0
-484,TĐ Huội Quảng,2026-03-27 14:00:00,0.0,0.0
-484,TĐ Huội Quảng,2026-03-27 15:00:00,0.0,0.0
-484,TĐ Huội Quảng,2026-03-27 16:00:00,0.0,0.0
-484,TĐ Huội Quảng,2026-03-27 17:00:00,0.0,0.0
-484,TĐ Huội Quảng,2026-03-27 18:00:00,0.0,0.0
-484,TĐ Huội Quảng,2026-03-27 19:00:00,0.0,0.0
-484,TĐ Huội Quảng,2026-03-27 20:00:00,0.0,0.0
-484,TĐ Huội Quảng,2026-03-27 21:00:00,0.0,0.0
-484,TĐ Huội Quảng,2026-03-27 22:00:00,0.0,0.0
-484,TĐ Huội Quảng,2026-03-27 23:00:00,0.0,0.0
-484,TĐ Huội Quảng,2026-03-28 00:00:00,0.0,0.0
-484,TĐ Huội Quảng,2026-03-28 01:00:00,0.0,0.0
-484,TĐ Huội Quảng,2026-03-28 02:00:00,0.0,0.0
-484,TĐ Huội Quảng,2026-03-28 03:00:00,0.0,0.0
-484,TĐ Huội Quảng,2026-03-28 04:00:00,0.0,0.0
-484,TĐ Huội Quảng,2026-03-28 05:00:00,0.0,0.0
-484,TĐ Huội Quảng,2026-03-28 06:00:00,0.0,0.0
-484,TĐ Huội Quảng,2026-03-28 07:00:00,0.0,0.0
-484,TĐ Huội Quảng,2026-03-28 08:00:00,0.0,0.0
-484,TĐ Huội Quảng,2026-03-28 09:00:00,0.0,0.0
-484,TĐ Huội Quảng,2026-03-28 10:00:00,0.0,0.0
-484,TĐ Huội Quảng,2026-03-28 11:00:00,0.0,0.0
-484,TĐ Huội Quảng,2026-03-28 12:00:00,0.0,0.0
-484,TĐ Huội Quảng,2026-03-28 13:00:00,0.0,0.0
-484,TĐ Huội Quảng,2026-03-28 14:00:00,0.0,0.0
-484,TĐ Huội Quảng,2026-03-28 15:00:00,0.0,0.0
-484,TĐ Huội Quảng,2026-03-28 16:00:00,0.0,0.0
-484,TĐ Huội Quảng,2026-03-28 17:00:00,0.0,0.0
-484,TĐ Huội Quảng,2026-03-28 18:00:00,0.0,0.0
-484,TĐ Huội Quảng,2026-03-28 19:00:00,0.0,0.0
-484,TĐ Huội Quảng,2026-03-28 20:00:00,0.0,0.0
-484,TĐ Huội Quảng,2026-03-28 21:00:00,0.0,0.0
-484,TĐ Huội Quảng,2026-03-28 22:00:00,0.0,0.0
-484,TĐ Huội Quảng,2026-03-28 23:00:00,0.0,0.0
-484,TĐ Huội Quảng,2026-03-29 00:00:00,0.0,0.0
-484,TĐ Huội Quảng,2026-03-29 01:00:00,0.0,0.0
-484,TĐ Huội Quảng,2026-03-29 02:00:00,0.0,0.0
-484,TĐ Huội Quảng,2026-03-29 03:00:00,0.0,0.0
-484,TĐ Huội Quảng,2026-03-29 04:00:00,0.0,0.0
-484,TĐ Huội Quảng,2026-03-29 05:00:00,0.0,0.0
-484,TĐ Huội Quảng,2026-03-29 06:00:00,0.0,0.0
-484,TĐ Huội Quảng,2026-03-29 07:00:00,0.0,0.0
-484,TĐ Huội Quảng,2026-03-29 08:00:00,0.0,0.0
-484,TĐ Huội Quảng,2026-03-29 09:00:00,0.0,0.0
-484,TĐ Huội Quảng,2026-03-29 10:00:00,0.0,0.0
-484,TĐ Huội Quảng,2026-03-29 11:00:00,0.0,0.0
-484,TĐ Huội Quảng,2026-03-29 12:00:00,0.0,0.0
-484,TĐ Huội Quảng,2026-03-29 13:00:00,0.0,0.0
-484,TĐ Huội Quảng,2026-03-29 14:00:00,0.0,0.0
-484,TĐ Huội Quảng,2026-03-29 15:00:00,0.0,0.0
-484,TĐ Huội Quảng,2026-03-29 16:00:00,0.0,0.0
-484,TĐ Huội Quảng,2026-03-29 17:00:00,0.0,0.0
-484,TĐ Huội Quảng,2026-03-29 18:00:00,0.0,0.0
-484,TĐ Huội Quảng,2026-03-29 19:00:00,0.0,0.0
-484,TĐ Huội Quảng,2026-03-29 20:00:00,0.0,0.0
-484,TĐ Huội Quảng,2026-03-29 21:00:00,0.0,0.0
-484,TĐ Huội Quảng,2026-03-29 22:00:00,0.0,0.0
-484,TĐ Huội Quảng,2026-03-29 23:00:00,0.0,0.0
-484,TĐ Huội Quảng,2026-03-30 00:00:00,0.0,0.0
-484,TĐ Huội Quảng,2026-03-30 01:00:00,0.0,0.0
-484,TĐ Huội Quảng,2026-03-30 02:00:00,0.0,0.0
-484,TĐ Huội Quảng,2026-03-30 03:00:00,0.0,0.0
-484,TĐ Huội Quảng,2026-03-30 04:00:00,0.0,0.0
-484,TĐ Huội Quảng,2026-03-30 05:00:00,0.0,0.0
-484,TĐ Huội Quảng,2026-03-30 06:00:00,0.0,0.0
-484,TĐ Huội Quảng,2026-03-30 07:00:00,0.0,0.0
-484,TĐ Huội Quảng,2026-03-30 08:00:00,0.0,0.0
-484,TĐ Huội Quảng,2026-03-30 09:00:00,0.0,0.0
-484,TĐ Huội Quảng,2026-03-30 10:00:00,0.0,0.0
-484,TĐ Huội Quảng,2026-03-30 11:00:00,0.0,0.0
-484,TĐ Huội Quảng,2026-03-30 12:00:00,0.0,0.0
-484,TĐ Huội Quảng,2026-03-30 13:00:00,0.0,0.0
-484,TĐ Huội Quảng,2026-03-30 14:00:00,0.0,0.0
-484,TĐ Huội Quảng,2026-03-30 15:00:00,0.0,0.0
-484,TĐ Huội Quảng,2026-03-30 16:00:00,0.0,0.0
-484,TĐ Huội Quảng,2026-03-30 17:00:00,0.0,0.0
-484,TĐ Huội Quảng,2026-03-30 18:00:00,0.0,0.0
-484,TĐ Huội Quảng,2026-03-30 19:00:00,0.0,0.0
-484,TĐ Huội Quảng,2026-03-30 20:00:00,0.0,0.0
-484,TĐ Huội Quảng,2026-03-30 21:00:00,0.0,0.0
-484,TĐ Huội Quảng,2026-03-30 22:00:00,0.0,0.0
-484,TĐ Huội Quảng,2026-03-30 23:00:00,0.0,0.0
-484,TĐ Huội Quảng,2026-03-31 00:00:00,0.0,0.0
-484,TĐ Huội Quảng,2026-03-31 01:00:00,0.0,0.0
-484,TĐ Huội Quảng,2026-03-31 02:00:00,0.0,0.0
-484,TĐ Huội Quảng,2026-03-31 03:00:00,0.0,0.0
-484,TĐ Huội Quảng,2026-03-31 04:00:00,0.0,0.0
-484,TĐ Huội Quảng,2026-03-31 05:00:00,0.0,0.0
-484,TĐ Huội Quảng,2026-03-31 06:00:00,0.0,0.0
-484,TĐ Huội Quảng,2026-03-31 07:00:00,0.0,0.0
-484,TĐ Huội Quảng,2026-03-31 08:00:00,0.0,0.0
-484,TĐ Huội Quảng,2026-03-31 09:00:00,0.0,0.0
-484,TĐ Huội Quảng,2026-03-31 10:00:00,0.0,0.0
-484,TĐ Huội Quảng,2026-03-31 11:00:00,0.0,0.0
-484,TĐ Huội Quảng,2026-03-31 12:00:00,0.0,0.0
-484,TĐ Huội Quảng,2026-03-31 13:00:00,0.0,0.0
-484,TĐ Huội Quảng,2026-03-31 14:00:00,0.0,0.0
-484,TĐ Huội Quảng,2026-03-31 15:00:00,0.0,0.0
-484,TĐ Huội Quảng,2026-03-31 16:00:00,0.0,0.0
-484,TĐ Huội Quảng,2026-03-31 17:00:00,0.0,0.0
-484,TĐ Huội Quảng,2026-03-31 18:00:00,0.0,0.0
-484,TĐ Huội Quảng,2026-03-31 19:00:00,0.0,0.0
-484,TĐ Huội Quảng,2026-03-31 20:00:00,0.0,0.0
-484,TĐ Huội Quảng,2026-03-31 21:00:00,0.0,0.0
-484,TĐ Huội Quảng,2026-03-31 22:00:00,0.0,0.0
-484,TĐ Huội Quảng,2026-03-31 23:00:00,0.0,0.0
-484,TĐ Huội Quảng,2026-04-01 00:00:00,0.0,0.0
-484,TĐ Huội Quảng,2026-04-01 01:00:00,0.0,0.0
-484,TĐ Huội Quảng,2026-04-01 02:00:00,0.0,0.0
-484,TĐ Huội Quảng,2026-04-01 03:00:00,0.0,0.0
-484,TĐ Huội Quảng,2026-04-01 04:00:00,0.0,0.0
-484,TĐ Huội Quảng,2026-04-01 05:00:00,0.0,0.0
-484,TĐ Huội Quảng,2026-04-01 06:00:00,0.0,0.0
-484,TĐ Huội Quảng,2026-04-01 07:00:00,0.0,0.0
-484,TĐ Huội Quảng,2026-04-01 08:00:00,0.0,0.0
-484,TĐ Huội Quảng,2026-04-01 09:00:00,0.0,0.0
-484,TĐ Huội Quảng,2026-04-01 10:00:00,0.0,0.0
-484,TĐ Huội Quảng,2026-04-01 11:00:00,0.0,0.0
-484,TĐ Huội Quảng,2026-04-01 12:00:00,0.0,0.0
-484,TĐ Huội Quảng,2026-04-01 13:00:00,0.0,0.0
-484,TĐ Huội Quảng,2026-04-01 14:00:00,0.0,0.0
-484,TĐ Huội Quảng,2026-04-01 15:00:00,0.0,0.0
-484,TĐ Huội Quảng,2026-04-01 16:00:00,0.0,0.0
-484,TĐ Huội Quảng,2026-04-01 17:00:00,0.0,0.0
-484,TĐ Huội Quảng,2026-04-01 18:00:00,0.0,0.0
-484,TĐ Huội Quảng,2026-04-01 19:00:00,0.0,0.0
-484,TĐ Huội Quảng,2026-04-01 20:00:00,0.0,0.0
-484,TĐ Huội Quảng,2026-04-01 21:00:00,0.0,0.0
-484,TĐ Huội Quảng,2026-04-01 22:00:00,0.0,0.0
-484,TĐ Huội Quảng,2026-04-01 23:00:00,0.0,0.0
-484,TĐ Huội Quảng,2026-04-02 00:00:00,0.0,0.0
-484,TĐ Huội Quảng,2026-04-02 01:00:00,0.0,0.0
-484,TĐ Huội Quảng,2026-04-02 02:00:00,0.0,0.0
-484,TĐ Huội Quảng,2026-04-02 03:00:00,0.0,0.0
-484,TĐ Huội Quảng,2026-04-02 04:00:00,0.0,0.0
-484,TĐ Huội Quảng,2026-04-02 05:00:00,0.0,0.0
-484,TĐ Huội Quảng,2026-04-02 06:00:00,0.0,0.0
-484,TĐ Huội Quảng,2026-04-02 07:00:00,0.20000000298023224,0.20000000298023224
-484,TĐ Huội Quảng,2026-04-02 08:00:00,0.0,0.20000000298023224
-484,TĐ Huội Quảng,2026-04-02 09:00:00,1.0,1.2000000029802322
-484,TĐ Huội Quảng,2026-04-02 10:00:00,0.20000000298023224,1.4000000059604645
-484,TĐ Huội Quảng,2026-04-02 11:00:00,0.0,1.4000000059604645
-484,TĐ Huội Quảng,2026-04-02 12:00:00,0.0,1.4000000059604645
-484,TĐ Huội Quảng,2026-04-02 13:00:00,0.0,1.4000000059604645
-484,TĐ Huội Quảng,2026-04-02 14:00:00,0.0,1.4000000059604645
-484,TĐ Huội Quảng,2026-04-02 15:00:00,0.0,1.4000000059604645
-484,TĐ Huội Quảng,2026-04-02 16:00:00,0.0,1.4000000059604645
-484,TĐ Huội Quảng,2026-04-02 17:00:00,0.0,1.4000000059604645
-484,TĐ Huội Quảng,2026-04-02 18:00:00,0.0,1.4000000059604645
-484,TĐ Huội Quảng,2026-04-02 19:00:00,0.0,1.4000000059604645
-484,TĐ Huội Quảng,2026-04-02 20:00:00,0.0,1.4000000059604645
-484,TĐ Huội Quảng,2026-04-02 21:00:00,0.0,1.4000000059604645
-484,TĐ Huội Quảng,2026-04-02 22:00:00,0.0,1.4000000059604645
-484,TĐ Huội Quảng,2026-04-02 23:00:00,0.0,1.4000000059604645
-484,TĐ Huội Quảng,2026-04-03 00:00:00,0.0,0.0
-484,TĐ Huội Quảng,2026-04-03 01:00:00,0.0,0.0
-484,TĐ Huội Quảng,2026-04-03 02:00:00,0.0,0.0
-484,TĐ Huội Quảng,2026-04-03 03:00:00,0.0,0.0
-484,TĐ Huội Quảng,2026-04-03 04:00:00,0.0,0.0
-484,TĐ Huội Quảng,2026-04-03 05:00:00,0.0,0.0
-484,TĐ Huội Quảng,2026-04-03 06:00:00,0.0,0.0
-484,TĐ Huội Quảng,2026-04-03 07:00:00,0.0,0.0
-484,TĐ Huội Quảng,2026-04-03 08:00:00,0.0,0.0
-484,TĐ Huội Quảng,2026-04-03 09:00:00,0.0,0.0
-484,TĐ Huội Quảng,2026-04-03 10:00:00,0.0,0.0
-484,TĐ Huội Quảng,2026-04-03 11:00:00,0.0,0.0
-484,TĐ Huội Quảng,2026-04-03 12:00:00,0.0,0.0
-484,TĐ Huội Quảng,2026-04-03 13:00:00,0.0,0.0
-484,TĐ Huội Quảng,2026-04-03 14:00:00,0.0,0.0
-484,TĐ Huội Quảng,2026-04-03 15:00:00,0.0,0.0
-484,TĐ Huội Quảng,2026-04-03 16:00:00,0.0,0.0
-484,TĐ Huội Quảng,2026-04-03 17:00:00,0.0,0.0
-484,TĐ Huội Quảng,2026-04-03 18:00:00,0.0,0.0
-484,TĐ Huội Quảng,2026-04-03 19:00:00,0.0,0.0
-484,TĐ Huội Quảng,2026-04-03 20:00:00,0.0,0.0
-484,TĐ Huội Quảng,2026-04-03 21:00:00,0.0,0.0
-484,TĐ Huội Quảng,2026-04-03 22:00:00,0.0,0.0
-484,TĐ Huội Quảng,2026-04-03 23:00:00,0.0,0.0
-484,TĐ Huội Quảng,2026-04-04 00:00:00,0.0,0.0
-484,TĐ Huội Quảng,2026-04-04 01:00:00,0.0,0.0
-484,TĐ Huội Quảng,2026-04-04 02:00:00,0.0,0.0
-484,TĐ Huội Quảng,2026-04-04 03:00:00,0.0,0.0
-484,TĐ Huội Quảng,2026-04-04 04:00:00,0.0,0.0
-484,TĐ Huội Quảng,2026-04-04 05:00:00,0.0,0.0
-484,TĐ Huội Quảng,2026-04-04 06:00:00,0.0,0.0
-484,TĐ Huội Quảng,2026-04-04 07:00:00,0.0,0.0
-484,TĐ Huội Quảng,2026-04-04 08:00:00,0.0,0.0
-484,TĐ Huội Quảng,2026-04-04 09:00:00,0.0,0.0
-484,TĐ Huội Quảng,2026-04-04 10:00:00,0.0,0.0
-484,TĐ Huội Quảng,2026-04-04 11:00:00,0.0,0.0
-484,TĐ Huội Quảng,2026-04-04 12:00:00,,0.0
-484,TĐ Huội Quảng,2026-04-04 13:00:00,,0.0
-484,TĐ Huội Quảng,2026-04-04 14:00:00,,0.0
-484,TĐ Huội Quảng,2026-04-04 15:00:00,0.0,0.0
-484,TĐ Huội Quảng,2026-04-04 16:00:00,0.0,0.0
-484,TĐ Huội Quảng,2026-04-04 17:00:00,0.0,0.0
-484,TĐ Huội Quảng,2026-04-04 18:00:00,0.0,0.0
-484,TĐ Huội Quảng,2026-04-04 19:00:00,0.0,0.0
-484,TĐ Huội Quảng,2026-04-04 20:00:00,0.0,0.0
-484,TĐ Huội Quảng,2026-04-04 21:00:00,0.0,0.0
-484,TĐ Huội Quảng,2026-04-04 22:00:00,0.0,0.0
-484,TĐ Huội Quảng,2026-04-04 23:00:00,0.0,0.0
-484,TĐ Huội Quảng,2026-04-05 00:00:00,0.0,0.0
-484,TĐ Huội Quảng,2026-04-05 01:00:00,0.0,0.0
-484,TĐ Huội Quảng,2026-04-05 02:00:00,0.0,0.0
-484,TĐ Huội Quảng,2026-04-05 03:00:00,0.0,0.0
-484,TĐ Huội Quảng,2026-04-05 04:00:00,0.0,0.0
-484,TĐ Huội Quảng,2026-04-05 05:00:00,0.0,0.0
-484,TĐ Huội Quảng,2026-04-05 06:00:00,0.0,0.0
-484,TĐ Huội Quảng,2026-04-05 07:00:00,0.0,0.0
-484,TĐ Huội Quảng,2026-04-05 08:00:00,0.0,0.0
-484,TĐ Huội Quảng,2026-04-05 09:00:00,0.0,0.0
-484,TĐ Huội Quảng,2026-04-05 10:00:00,0.0,0.0
-484,TĐ Huội Quảng,2026-04-05 11:00:00,0.0,0.0
-484,TĐ Huội Quảng,2026-04-05 12:00:00,0.0,0.0
-484,TĐ Huội Quảng,2026-04-05 13:00:00,0.0,0.0
-484,TĐ Huội Quảng,2026-04-05 14:00:00,0.0,0.0
-484,TĐ Huội Quảng,2026-04-05 15:00:00,0.0,0.0
-484,TĐ Huội Quảng,2026-04-05 16:00:00,0.0,0.0
-484,TĐ Huội Quảng,2026-04-05 17:00:00,0.0,0.0
-484,TĐ Huội Quảng,2026-04-05 18:00:00,0.0,0.0
-484,TĐ Huội Quảng,2026-04-05 19:00:00,0.0,0.0
-484,TĐ Huội Quảng,2026-04-05 20:00:00,0.0,0.0
-484,TĐ Huội Quảng,2026-04-05 21:00:00,0.0,0.0
-484,TĐ Huội Quảng,2026-04-05 22:00:00,0.0,0.0
-484,TĐ Huội Quảng,2026-04-05 23:00:00,0.0,0.0
-484,TĐ Huội Quảng,2026-04-06 00:00:00,0.0,0.0
-484,TĐ Huội Quảng,2026-04-06 01:00:00,0.0,0.0
-484,TĐ Huội Quảng,2026-04-06 02:00:00,0.0,0.0
-484,TĐ Huội Quảng,2026-04-06 03:00:00,0.0,0.0
-484,TĐ Huội Quảng,2026-04-06 04:00:00,0.0,0.0
-484,TĐ Huội Quảng,2026-04-06 05:00:00,0.0,0.0
-484,TĐ Huội Quảng,2026-04-06 06:00:00,0.0,0.0
-484,TĐ Huội Quảng,2026-04-06 07:00:00,0.0,0.0
-484,TĐ Huội Quảng,2026-04-06 08:00:00,0.0,0.0
-484,TĐ Huội Quảng,2026-04-06 09:00:00,0.0,0.0
-484,TĐ Huội Quảng,2026-04-06 10:00:00,0.0,0.0
-484,TĐ Huội Quảng,2026-04-06 11:00:00,0.0,0.0
-484,TĐ Huội Quảng,2026-04-06 12:00:00,0.0,0.0
-484,TĐ Huội Quảng,2026-04-06 13:00:00,0.0,0.0
-484,TĐ Huội Quảng,2026-04-06 14:00:00,0.0,0.0
-484,TĐ Huội Quảng,2026-04-06 15:00:00,0.0,0.0
-484,TĐ Huội Quảng,2026-04-06 16:00:00,0.0,0.0
-484,TĐ Huội Quảng,2026-04-06 17:00:00,0.0,0.0
-484,TĐ Huội Quảng,2026-04-06 18:00:00,0.0,0.0
-484,TĐ Huội Quảng,2026-04-06 19:00:00,0.0,0.0
-484,TĐ Huội Quảng,2026-04-06 20:00:00,0.0,0.0
-484,TĐ Huội Quảng,2026-04-06 21:00:00,0.0,0.0
-484,TĐ Huội Quảng,2026-04-06 22:00:00,0.0,0.0
-484,TĐ Huội Quảng,2026-04-06 23:00:00,0.0,0.0
-484,TĐ Huội Quảng,2026-04-07 00:00:00,0.0,0.0
-484,TĐ Huội Quảng,2026-04-07 01:00:00,0.0,0.0
-484,TĐ Huội Quảng,2026-04-07 02:00:00,0.0,0.0
-484,TĐ Huội Quảng,2026-04-07 03:00:00,0.0,0.0
-484,TĐ Huội Quảng,2026-04-07 04:00:00,0.0,0.0
-484,TĐ Huội Quảng,2026-04-07 05:00:00,0.0,0.0
-484,TĐ Huội Quảng,2026-04-07 06:00:00,0.0,0.0
-484,TĐ Huội Quảng,2026-04-07 07:00:00,0.0,0.0
-484,TĐ Huội Quảng,2026-04-07 08:00:00,0.0,0.0
-484,TĐ Huội Quảng,2026-04-07 09:00:00,0.0,0.0
-484,TĐ Huội Quảng,2026-04-07 10:00:00,0.0,0.0
-484,TĐ Huội Quảng,2026-04-07 11:00:00,0.0,0.0
-484,TĐ Huội Quảng,2026-04-07 12:00:00,0.0,0.0
-484,TĐ Huội Quảng,2026-04-07 13:00:00,0.0,0.0
-484,TĐ Huội Quảng,2026-04-07 14:00:00,0.0,0.0
-484,TĐ Huội Quảng,2026-04-07 15:00:00,0.0,0.0
-484,TĐ Huội Quảng,2026-04-07 16:00:00,0.0,0.0
-484,TĐ Huội Quảng,2026-04-07 17:00:00,0.0,0.0
-484,TĐ Huội Quảng,2026-04-07 18:00:00,0.0,0.0
-484,TĐ Huội Quảng,2026-04-07 19:00:00,0.0,0.0
-484,TĐ Huội Quảng,2026-04-07 20:00:00,0.0,0.0
-484,TĐ Huội Quảng,2026-04-07 21:00:00,0.0,0.0
-484,TĐ Huội Quảng,2026-04-07 22:00:00,0.0,0.0
-484,TĐ Huội Quảng,2026-04-07 23:00:00,0.0,0.0
-484,TĐ Huội Quảng,2026-04-08 00:00:00,0.0,0.0
-484,TĐ Huội Quảng,2026-04-08 01:00:00,0.0,0.0
-484,TĐ Huội Quảng,2026-04-08 02:00:00,0.0,0.0
-484,TĐ Huội Quảng,2026-04-08 03:00:00,0.0,0.0
-484,TĐ Huội Quảng,2026-04-08 04:00:00,0.0,0.0
-484,TĐ Huội Quảng,2026-04-08 05:00:00,0.0,0.0
-484,TĐ Huội Quảng,2026-04-08 06:00:00,0.0,0.0
-484,TĐ Huội Quảng,2026-04-08 07:00:00,0.4000000059604645,0.4000000059604645
-484,TĐ Huội Quảng,2026-04-08 08:00:00,0.0,0.4000000059604645
-484,TĐ Huội Quảng,2026-04-08 09:00:00,0.0,0.4000000059604645
-484,TĐ Huội Quảng,2026-04-08 10:00:00,0.0,0.4000000059604645
-484,TĐ Huội Quảng,2026-04-08 11:00:00,0.0,0.4000000059604645
-484,TĐ Huội Quảng,2026-04-08 12:00:00,0.0,0.4000000059604645
-484,TĐ Huội Quảng,2026-04-08 13:00:00,0.0,0.4000000059604645
-484,TĐ Huội Quảng,2026-04-08 14:00:00,0.0,0.4000000059604645
-484,TĐ Huội Quảng,2026-04-08 15:00:00,0.0,0.4000000059604645
-484,TĐ Huội Quảng,2026-04-08 16:00:00,0.0,0.4000000059604645
-484,TĐ Huội Quảng,2026-04-08 17:00:00,0.0,0.4000000059604645
-484,TĐ Huội Quảng,2026-04-08 18:00:00,0.0,0.4000000059604645
-484,TĐ Huội Quảng,2026-04-08 19:00:00,0.0,0.4000000059604645
-484,TĐ Huội Quảng,2026-04-08 20:00:00,0.0,0.4000000059604645
-484,TĐ Huội Quảng,2026-04-08 21:00:00,0.0,0.4000000059604645
-484,TĐ Huội Quảng,2026-04-08 22:00:00,0.0,0.4000000059604645
-484,TĐ Huội Quảng,2026-04-08 23:00:00,0.0,0.4000000059604645
-484,TĐ Huội Quảng,2026-04-09 00:00:00,0.0,0.0
-484,TĐ Huội Quảng,2026-04-09 01:00:00,0.0,0.0
-484,TĐ Huội Quảng,2026-04-09 02:00:00,0.0,0.0
-484,TĐ Huội Quảng,2026-04-09 03:00:00,0.0,0.0
-484,TĐ Huội Quảng,2026-04-09 04:00:00,0.0,0.0
-484,TĐ Huội Quảng,2026-04-09 05:00:00,0.0,0.0
-484,TĐ Huội Quảng,2026-04-09 06:00:00,0.0,0.0
-484,TĐ Huội Quảng,2026-04-09 07:00:00,0.0,0.0
-484,TĐ Huội Quảng,2026-04-09 08:00:00,0.0,0.0
-484,TĐ Huội Quảng,2026-04-09 09:00:00,0.0,0.0
-484,TĐ Huội Quảng,2026-04-09 10:00:00,0.0,0.0
-484,TĐ Huội Quảng,2026-04-09 11:00:00,0.0,0.0
-484,TĐ Huội Quảng,2026-04-09 12:00:00,0.0,0.0
-484,TĐ Huội Quảng,2026-04-09 13:00:00,0.0,0.0
-484,TĐ Huội Quảng,2026-04-09 14:00:00,0.0,0.0
-484,TĐ Huội Quảng,2026-04-09 15:00:00,0.0,0.0
-484,TĐ Huội Quảng,2026-04-09 16:00:00,0.0,0.0
-484,TĐ Huội Quảng,2026-04-09 17:00:00,0.0,0.0
-484,TĐ Huội Quảng,2026-04-09 18:00:00,0.0,0.0
-484,TĐ Huội Quảng,2026-04-09 19:00:00,0.0,0.0
-484,TĐ Huội Quảng,2026-04-09 20:00:00,0.0,0.0
-484,TĐ Huội Quảng,2026-04-09 21:00:00,0.0,0.0
-484,TĐ Huội Quảng,2026-04-09 22:00:00,0.0,0.0
-484,TĐ Huội Quảng,2026-04-09 23:00:00,0.0,0.0
-484,TĐ Huội Quảng,2026-04-10 00:00:00,0.0,0.0
-484,TĐ Huội Quảng,2026-04-10 01:00:00,0.0,0.0
-484,TĐ Huội Quảng,2026-04-10 02:00:00,0.0,0.0
-484,TĐ Huội Quảng,2026-04-10 03:00:00,0.0,0.0
-484,TĐ Huội Quảng,2026-04-10 04:00:00,0.0,0.0
-484,TĐ Huội Quảng,2026-04-10 05:00:00,0.0,0.0
-484,TĐ Huội Quảng,2026-04-10 06:00:00,0.0,0.0
-484,TĐ Huội Quảng,2026-04-10 07:00:00,0.0,0.0
-484,TĐ Huội Quảng,2026-04-10 08:00:00,0.0,0.0
-484,TĐ Huội Quảng,2026-04-10 09:00:00,0.0,0.0
-484,TĐ Huội Quảng,2026-04-10 10:00:00,0.0,0.0
-484,TĐ Huội Quảng,2026-04-10 11:00:00,0.0,0.0
-484,TĐ Huội Quảng,2026-04-10 12:00:00,0.0,0.0
-484,TĐ Huội Quảng,2026-04-10 13:00:00,0.0,0.0
-484,TĐ Huội Quảng,2026-04-10 14:00:00,0.0,0.0
-484,TĐ Huội Quảng,2026-04-10 15:00:00,0.0,0.0
-484,TĐ Huội Quảng,2026-04-10 16:00:00,0.0,0.0
-484,TĐ Huội Quảng,2026-04-10 17:00:00,0.0,0.0
-484,TĐ Huội Quảng,2026-04-10 18:00:00,0.0,0.0
-484,TĐ Huội Quảng,2026-04-10 19:00:00,0.0,0.0
-484,TĐ Huội Quảng,2026-04-10 20:00:00,0.0,0.0
-484,TĐ Huội Quảng,2026-04-10 21:00:00,0.0,0.0
-484,TĐ Huội Quảng,2026-04-10 22:00:00,0.0,0.0
-484,TĐ Huội Quảng,2026-04-10 23:00:00,0.0,0.0
-484,TĐ Huội Quảng,2026-04-11 00:00:00,0.0,0.0
-484,TĐ Huội Quảng,2026-04-11 01:00:00,0.0,0.0
-484,TĐ Huội Quảng,2026-04-11 02:00:00,0.0,0.0
-484,TĐ Huội Quảng,2026-04-11 03:00:00,0.0,0.0
-484,TĐ Huội Quảng,2026-04-11 04:00:00,0.0,0.0
-484,TĐ Huội Quảng,2026-04-11 05:00:00,0.0,0.0
-484,TĐ Huội Quảng,2026-04-11 06:00:00,0.0,0.0
-484,TĐ Huội Quảng,2026-04-11 07:00:00,0.0,0.0
-484,TĐ Huội Quảng,2026-04-11 08:00:00,0.0,0.0
-484,TĐ Huội Quảng,2026-04-11 09:00:00,0.0,0.0
-484,TĐ Huội Quảng,2026-04-11 10:00:00,0.0,0.0
-484,TĐ Huội Quảng,2026-04-11 11:00:00,0.0,0.0
-484,TĐ Huội Quảng,2026-04-11 12:00:00,0.0,0.0
-484,TĐ Huội Quảng,2026-04-11 13:00:00,0.0,0.0
-484,TĐ Huội Quảng,2026-04-11 14:00:00,0.0,0.0
-484,TĐ Huội Quảng,2026-04-11 15:00:00,0.0,0.0
-484,TĐ Huội Quảng,2026-04-11 16:00:00,0.0,0.0
-484,TĐ Huội Quảng,2026-04-11 17:00:00,0.0,0.0
-484,TĐ Huội Quảng,2026-04-11 18:00:00,0.0,0.0
-484,TĐ Huội Quảng,2026-04-11 19:00:00,0.0,0.0
-484,TĐ Huội Quảng,2026-04-11 20:00:00,0.0,0.0
-484,TĐ Huội Quảng,2026-04-11 21:00:00,0.0,0.0
-484,TĐ Huội Quảng,2026-04-11 22:00:00,0.0,0.0
-484,TĐ Huội Quảng,2026-04-11 23:00:00,0.0,0.0
-484,TĐ Huội Quảng,2026-04-12 00:00:00,0.0,0.0
-484,TĐ Huội Quảng,2026-04-12 01:00:00,0.0,0.0
-484,TĐ Huội Quảng,2026-04-12 02:00:00,0.0,0.0
-484,TĐ Huội Quảng,2026-04-12 03:00:00,0.0,0.0
-484,TĐ Huội Quảng,2026-04-12 04:00:00,0.0,0.0
-484,TĐ Huội Quảng,2026-04-12 05:00:00,0.0,0.0
-484,TĐ Huội Quảng,2026-04-12 06:00:00,0.0,0.0
-484,TĐ Huội Quảng,2026-04-12 07:00:00,0.0,0.0
-484,TĐ Huội Quảng,2026-04-12 08:00:00,0.0,0.0
-484,TĐ Huội Quảng,2026-04-12 09:00:00,0.0,0.0
-484,TĐ Huội Quảng,2026-04-12 10:00:00,0.0,0.0
-484,TĐ Huội Quảng,2026-04-12 11:00:00,0.0,0.0
-484,TĐ Huội Quảng,2026-04-12 12:00:00,0.0,0.0
-484,TĐ Huội Quảng,2026-04-12 13:00:00,0.0,0.0
-484,TĐ Huội Quảng,2026-04-12 14:00:00,0.0,0.0
-484,TĐ Huội Quảng,2026-04-12 15:00:00,0.0,0.0
-484,TĐ Huội Quảng,2026-04-12 16:00:00,0.0,0.0
-484,TĐ Huội Quảng,2026-04-12 17:00:00,0.0,0.0
-484,TĐ Huội Quảng,2026-04-12 18:00:00,0.0,0.0
-484,TĐ Huội Quảng,2026-04-12 19:00:00,0.0,0.0
-484,TĐ Huội Quảng,2026-04-12 20:00:00,0.0,0.0
-484,TĐ Huội Quảng,2026-04-12 21:00:00,0.0,0.0
-484,TĐ Huội Quảng,2026-04-12 22:00:00,0.0,0.0
-484,TĐ Huội Quảng,2026-04-12 23:00:00,0.0,0.0
-484,TĐ Huội Quảng,2026-04-13 00:00:00,0.0,0.0
-484,TĐ Huội Quảng,2026-04-13 01:00:00,0.0,0.0
-484,TĐ Huội Quảng,2026-04-13 02:00:00,0.0,0.0
-484,TĐ Huội Quảng,2026-04-13 03:00:00,0.0,0.0
-484,TĐ Huội Quảng,2026-04-13 04:00:00,0.0,0.0
-484,TĐ Huội Quảng,2026-04-13 05:00:00,0.0,0.0
-484,TĐ Huội Quảng,2026-04-13 06:00:00,0.0,0.0
-484,TĐ Huội Quảng,2026-04-13 07:00:00,0.0,0.0
-484,TĐ Huội Quảng,2026-04-13 08:00:00,0.0,0.0
-484,TĐ Huội Quảng,2026-04-13 09:00:00,0.0,0.0
-484,TĐ Huội Quảng,2026-04-13 10:00:00,0.0,0.0
-484,TĐ Huội Quảng,2026-04-13 11:00:00,0.0,0.0
-484,TĐ Huội Quảng,2026-04-13 12:00:00,0.0,0.0
-484,TĐ Huội Quảng,2026-04-13 13:00:00,0.0,0.0
-484,TĐ Huội Quảng,2026-04-13 14:00:00,0.0,0.0
-484,TĐ Huội Quảng,2026-04-13 15:00:00,0.0,0.0
-484,TĐ Huội Quảng,2026-04-13 16:00:00,0.0,0.0
-484,TĐ Huội Quảng,2026-04-13 17:00:00,0.0,0.0
-484,TĐ Huội Quảng,2026-04-13 18:00:00,0.0,0.0
-484,TĐ Huội Quảng,2026-04-13 19:00:00,0.0,0.0
-484,TĐ Huội Quảng,2026-04-13 20:00:00,0.0,0.0
-484,TĐ Huội Quảng,2026-04-13 21:00:00,0.0,0.0
-484,TĐ Huội Quảng,2026-04-13 22:00:00,0.0,0.0
-484,TĐ Huội Quảng,2026-04-13 23:00:00,0.0,0.0
-484,TĐ Huội Quảng,2026-04-14 00:00:00,0.0,0.0
-484,TĐ Huội Quảng,2026-04-14 01:00:00,0.0,0.0
-484,TĐ Huội Quảng,2026-04-14 02:00:00,0.0,0.0
-484,TĐ Huội Quảng,2026-04-14 03:00:00,0.0,0.0
-484,TĐ Huội Quảng,2026-04-14 04:00:00,0.0,0.0
-484,TĐ Huội Quảng,2026-04-14 05:00:00,0.0,0.0
-484,TĐ Huội Quảng,2026-04-14 06:00:00,0.0,0.0
-484,TĐ Huội Quảng,2026-04-14 07:00:00,0.0,0.0
-484,TĐ Huội Quảng,2026-04-14 08:00:00,0.0,0.0
-484,TĐ Huội Quảng,2026-04-14 09:00:00,0.0,0.0
-484,TĐ Huội Quảng,2026-04-14 10:00:00,0.0,0.0
-484,TĐ Huội Quảng,2026-04-14 11:00:00,0.0,0.0
-484,TĐ Huội Quảng,2026-04-14 12:00:00,0.0,0.0
-484,TĐ Huội Quảng,2026-04-14 13:00:00,0.0,0.0
-484,TĐ Huội Quảng,2026-04-14 14:00:00,0.0,0.0
-484,TĐ Huội Quảng,2026-04-14 15:00:00,0.0,0.0
-484,TĐ Huội Quảng,2026-04-14 16:00:00,0.0,0.0
-484,TĐ Huội Quảng,2026-04-14 17:00:00,0.0,0.0
-484,TĐ Huội Quảng,2026-04-14 18:00:00,0.0,0.0
-484,TĐ Huội Quảng,2026-04-14 19:00:00,0.0,0.0
-484,TĐ Huội Quảng,2026-04-14 20:00:00,0.0,0.0
-484,TĐ Huội Quảng,2026-04-14 21:00:00,0.0,0.0
-484,TĐ Huội Quảng,2026-04-14 22:00:00,0.0,0.0
-484,TĐ Huội Quảng,2026-04-14 23:00:00,0.0,0.0
-484,TĐ Huội Quảng,2026-04-15 00:00:00,0.0,0.0
-484,TĐ Huội Quảng,2026-04-15 01:00:00,0.0,0.0
-484,TĐ Huội Quảng,2026-04-15 02:00:00,0.0,0.0
-484,TĐ Huội Quảng,2026-04-15 03:00:00,0.0,0.0
-484,TĐ Huội Quảng,2026-04-15 04:00:00,0.0,0.0
-484,TĐ Huội Quảng,2026-04-15 05:00:00,0.0,0.0
-484,TĐ Huội Quảng,2026-04-15 06:00:00,0.0,0.0
-484,TĐ Huội Quảng,2026-04-15 07:00:00,0.0,0.0
-484,TĐ Huội Quảng,2026-04-15 08:00:00,0.0,0.0
-484,TĐ Huội Quảng,2026-04-15 09:00:00,0.0,0.0
-484,TĐ Huội Quảng,2026-04-15 10:00:00,0.0,0.0
-484,TĐ Huội Quảng,2026-04-15 11:00:00,0.0,0.0
-484,TĐ Huội Quảng,2026-04-15 12:00:00,0.0,0.0
-484,TĐ Huội Quảng,2026-04-15 13:00:00,0.0,0.0
-484,TĐ Huội Quảng,2026-04-15 14:00:00,0.0,0.0
-484,TĐ Huội Quảng,2026-04-15 15:00:00,0.0,0.0
-484,TĐ Huội Quảng,2026-04-15 16:00:00,0.0,0.0
-484,TĐ Huội Quảng,2026-04-15 17:00:00,0.0,0.0
-484,TĐ Huội Quảng,2026-04-15 18:00:00,0.0,0.0
-484,TĐ Huội Quảng,2026-04-15 19:00:00,0.0,0.0
-484,TĐ Huội Quảng,2026-04-15 20:00:00,0.0,0.0
-484,TĐ Huội Quảng,2026-04-15 21:00:00,0.0,0.0
-484,TĐ Huội Quảng,2026-04-15 22:00:00,0.0,0.0
-484,TĐ Huội Quảng,2026-04-15 23:00:00,0.0,0.0
-484,TĐ Huội Quảng,2026-04-16 00:00:00,0.0,0.0
-484,TĐ Huội Quảng,2026-04-16 01:00:00,0.0,0.0
-484,TĐ Huội Quảng,2026-04-16 02:00:00,0.0,0.0
-484,TĐ Huội Quảng,2026-04-16 03:00:00,0.0,0.0
-484,TĐ Huội Quảng,2026-04-16 04:00:00,0.0,0.0
-484,TĐ Huội Quảng,2026-04-16 05:00:00,0.0,0.0
-484,TĐ Huội Quảng,2026-04-16 06:00:00,0.0,0.0
-484,TĐ Huội Quảng,2026-04-16 07:00:00,0.0,0.0
-484,TĐ Huội Quảng,2026-04-16 08:00:00,0.0,0.0
-484,TĐ Huội Quảng,2026-04-16 09:00:00,0.0,0.0
-484,TĐ Huội Quảng,2026-04-16 10:00:00,0.0,0.0
-484,TĐ Huội Quảng,2026-04-16 11:00:00,0.0,0.0
-484,TĐ Huội Quảng,2026-04-16 12:00:00,0.0,0.0
-484,TĐ Huội Quảng,2026-04-16 13:00:00,0.0,0.0
-484,TĐ Huội Quảng,2026-04-16 14:00:00,0.0,0.0
-484,TĐ Huội Quảng,2026-04-16 15:00:00,0.0,0.0
-484,TĐ Huội Quảng,2026-04-16 16:00:00,0.0,0.0
-484,TĐ Huội Quảng,2026-04-16 17:00:00,0.0,0.0
-484,TĐ Huội Quảng,2026-04-16 18:00:00,0.0,0.0
-484,TĐ Huội Quảng,2026-04-16 19:00:00,0.0,0.0
-484,TĐ Huội Quảng,2026-04-16 20:00:00,0.0,0.0
-484,TĐ Huội Quảng,2026-04-16 21:00:00,0.0,0.0
-484,TĐ Huội Quảng,2026-04-16 22:00:00,0.0,0.0
-484,TĐ Huội Quảng,2026-04-16 23:00:00,0.0,0.0
-484,TĐ Huội Quảng,2026-04-17 00:00:00,0.0,0.0
-484,TĐ Huội Quảng,2026-04-17 01:00:00,0.0,0.0
-484,TĐ Huội Quảng,2026-04-17 02:00:00,0.0,0.0
-484,TĐ Huội Quảng,2026-04-17 03:00:00,0.0,0.0
-484,TĐ Huội Quảng,2026-04-17 04:00:00,0.0,0.0
-484,TĐ Huội Quảng,2026-04-17 05:00:00,0.0,0.0
-484,TĐ Huội Quảng,2026-04-17 06:00:00,0.0,0.0
-484,TĐ Huội Quảng,2026-04-17 07:00:00,0.0,0.0
-484,TĐ Huội Quảng,2026-04-17 08:00:00,0.0,0.0
-484,TĐ Huội Quảng,2026-04-17 09:00:00,0.0,0.0
-484,TĐ Huội Quảng,2026-04-17 10:00:00,0.0,0.0
-484,TĐ Huội Quảng,2026-04-17 11:00:00,0.0,0.0
-484,TĐ Huội Quảng,2026-04-17 12:00:00,0.0,0.0
-484,TĐ Huội Quảng,2026-04-17 13:00:00,0.0,0.0
-484,TĐ Huội Quảng,2026-04-17 14:00:00,0.0,0.0
-484,TĐ Huội Quảng,2026-04-17 15:00:00,0.0,0.0
-484,TĐ Huội Quảng,2026-04-17 16:00:00,0.0,0.0
-484,TĐ Huội Quảng,2026-04-17 17:00:00,0.0,0.0
-484,TĐ Huội Quảng,2026-04-17 18:00:00,0.0,0.0
-484,TĐ Huội Quảng,2026-04-17 19:00:00,0.0,0.0
-484,TĐ Huội Quảng,2026-04-17 20:00:00,0.0,0.0
-484,TĐ Huội Quảng,2026-04-17 21:00:00,0.0,0.0
-484,TĐ Huội Quảng,2026-04-17 22:00:00,0.0,0.0
-484,TĐ Huội Quảng,2026-04-17 23:00:00,0.0,0.0
-484,TĐ Huội Quảng,2026-04-18 00:00:00,0.0,0.0
-484,TĐ Huội Quảng,2026-04-18 01:00:00,0.0,0.0
-484,TĐ Huội Quảng,2026-04-18 02:00:00,0.0,0.0
-484,TĐ Huội Quảng,2026-04-18 03:00:00,0.0,0.0
-484,TĐ Huội Quảng,2026-04-18 04:00:00,0.0,0.0
-484,TĐ Huội Quảng,2026-04-18 05:00:00,0.0,0.0
-484,TĐ Huội Quảng,2026-04-18 06:00:00,0.0,0.0
-484,TĐ Huội Quảng,2026-04-18 07:00:00,0.0,0.0
-484,TĐ Huội Quảng,2026-04-18 08:00:00,0.0,0.0
-484,TĐ Huội Quảng,2026-04-18 09:00:00,0.0,0.0
-484,TĐ Huội Quảng,2026-04-18 10:00:00,0.0,0.0
-484,TĐ Huội Quảng,2026-04-18 11:00:00,0.0,0.0
-484,TĐ Huội Quảng,2026-04-18 12:00:00,0.0,0.0
-484,TĐ Huội Quảng,2026-04-18 13:00:00,0.0,0.0
-484,TĐ Huội Quảng,2026-04-18 14:00:00,0.0,0.0
-484,TĐ Huội Quảng,2026-04-18 15:00:00,0.0,0.0
-484,TĐ Huội Quảng,2026-04-18 16:00:00,0.0,0.0
-484,TĐ Huội Quảng,2026-04-18 17:00:00,0.0,0.0
-484,TĐ Huội Quảng,2026-04-18 18:00:00,0.0,0.0
-484,TĐ Huội Quảng,2026-04-18 19:00:00,0.0,0.0
-484,TĐ Huội Quảng,2026-04-18 20:00:00,0.0,0.0
-484,TĐ Huội Quảng,2026-04-18 21:00:00,0.0,0.0
-484,TĐ Huội Quảng,2026-04-18 22:00:00,0.0,0.0
-484,TĐ Huội Quảng,2026-04-18 23:00:00,0.0,0.0
-484,TĐ Huội Quảng,2026-04-19 00:00:00,0.0,0.0
-484,TĐ Huội Quảng,2026-04-19 01:00:00,0.0,0.0
-484,TĐ Huội Quảng,2026-04-19 02:00:00,0.0,0.0
-484,TĐ Huội Quảng,2026-04-19 03:00:00,0.0,0.0
-484,TĐ Huội Quảng,2026-04-19 04:00:00,0.0,0.0
-484,TĐ Huội Quảng,2026-04-19 05:00:00,0.0,0.0
-484,TĐ Huội Quảng,2026-04-19 06:00:00,0.0,0.0
-484,TĐ Huội Quảng,2026-04-19 07:00:00,0.0,0.0
-484,TĐ Huội Quảng,2026-04-19 08:00:00,0.6000000238418579,0.6000000238418579
-484,TĐ Huội Quảng,2026-04-19 09:00:00,0.0,0.6000000238418579
-484,TĐ Huội Quảng,2026-04-19 10:00:00,0.0,0.6000000238418579
-484,TĐ Huội Quảng,2026-04-19 11:00:00,0.0,0.6000000238418579
-484,TĐ Huội Quảng,2026-04-19 12:00:00,0.20000000298023224,0.8000000268220901
-484,TĐ Huội Quảng,2026-04-19 13:00:00,0.0,0.8000000268220901
-484,TĐ Huội Quảng,2026-04-19 14:00:00,0.0,0.8000000268220901
-484,TĐ Huội Quảng,2026-04-19 15:00:00,0.0,0.8000000268220901
-484,TĐ Huội Quảng,2026-04-19 16:00:00,0.0,0.8000000268220901
-484,TĐ Huội Quảng,2026-04-19 17:00:00,0.0,0.8000000268220901
-484,TĐ Huội Quảng,2026-04-19 18:00:00,0.0,0.8000000268220901
-484,TĐ Huội Quảng,2026-04-19 19:00:00,0.0,0.8000000268220901
-484,TĐ Huội Quảng,2026-04-19 20:00:00,0.0,0.8000000268220901
-484,TĐ Huội Quảng,2026-04-19 21:00:00,0.0,0.8000000268220901
-484,TĐ Huội Quảng,2026-04-19 22:00:00,0.0,0.8000000268220901
-484,TĐ Huội Quảng,2026-04-19 23:00:00,1.600000023841858,2.400000050663948
-484,TĐ Huội Quảng,2026-04-20 00:00:00,1.2000000476837158,2.8000000715255737
-484,TĐ Huội Quảng,2026-04-20 01:00:00,0.0,2.8000000715255737
-484,TĐ Huội Quảng,2026-04-20 02:00:00,11.800000190734863,14.600000262260437
-484,TĐ Huội Quảng,2026-04-20 03:00:00,6.0,20.600000262260437
-484,TĐ Huội Quảng,2026-04-20 04:00:00,0.20000000298023224,20.80000026524067
-484,TĐ Huội Quảng,2026-04-20 05:00:00,0.800000011920929,21.600000277161598
-484,TĐ Huội Quảng,2026-04-20 06:00:00,0.20000000298023224,21.80000028014183
-484,TĐ Huội Quảng,2026-04-20 07:00:00,0.0,21.80000028014183
-484,TĐ Huội Quảng,2026-04-20 08:00:00,0.0,21.80000028014183
-484,TĐ Huội Quảng,2026-04-20 09:00:00,0.0,21.80000028014183
-484,TĐ Huội Quảng,2026-04-20 10:00:00,0.0,21.80000028014183
-484,TĐ Huội Quảng,2026-04-20 11:00:00,0.20000000298023224,22.000000283122063
-484,TĐ Huội Quảng,2026-04-20 12:00:00,0.0,22.000000283122063
-484,TĐ Huội Quảng,2026-04-20 13:00:00,0.0,22.000000283122063
-484,TĐ Huội Quảng,2026-04-20 14:00:00,0.0,22.000000283122063
-484,TĐ Huội Quảng,2026-04-20 15:00:00,0.0,22.000000283122063
-484,TĐ Huội Quảng,2026-04-20 16:00:00,0.0,22.000000283122063
-484,TĐ Huội Quảng,2026-04-20 17:00:00,0.0,22.000000283122063
-484,TĐ Huội Quảng,2026-04-20 18:00:00,0.0,22.000000283122063
-484,TĐ Huội Quảng,2026-04-20 19:00:00,0.0,22.000000283122063
-484,TĐ Huội Quảng,2026-04-20 20:00:00,0.0,22.000000283122063
-484,TĐ Huội Quảng,2026-04-20 21:00:00,0.0,22.000000283122063
-484,TĐ Huội Quảng,2026-04-20 22:00:00,0.0,22.000000283122063
-484,TĐ Huội Quảng,2026-04-20 23:00:00,0.0,22.000000283122063
-484,TĐ Huội Quảng,2026-04-21 00:00:00,0.0,0.0
-484,TĐ Huội Quảng,2026-04-21 01:00:00,0.0,0.0
-484,TĐ Huội Quảng,2026-04-21 02:00:00,0.0,0.0
-484,TĐ Huội Quảng,2026-04-21 03:00:00,0.0,0.0
-484,TĐ Huội Quảng,2026-04-21 04:00:00,0.0,0.0
-484,TĐ Huội Quảng,2026-04-21 05:00:00,0.0,0.0
-484,TĐ Huội Quảng,2026-04-21 06:00:00,0.0,0.0
-484,TĐ Huội Quảng,2026-04-21 07:00:00,0.0,0.0
-484,TĐ Huội Quảng,2026-04-21 08:00:00,0.0,0.0
-484,TĐ Huội Quảng,2026-04-21 09:00:00,0.0,0.0
-484,TĐ Huội Quảng,2026-04-21 10:00:00,0.0,0.0
-484,TĐ Huội Quảng,2026-04-21 11:00:00,0.0,0.0
-484,TĐ Huội Quảng,2026-04-21 12:00:00,0.0,0.0
-484,TĐ Huội Quảng,2026-04-21 13:00:00,0.0,0.0
-484,TĐ Huội Quảng,2026-04-21 14:00:00,0.0,0.0
-484,TĐ Huội Quảng,2026-04-21 15:00:00,0.0,0.0
-484,TĐ Huội Quảng,2026-04-21 16:00:00,0.0,0.0
-484,TĐ Huội Quảng,2026-04-21 17:00:00,0.0,0.0
-484,TĐ Huội Quảng,2026-04-21 18:00:00,0.0,0.0
-484,TĐ Huội Quảng,2026-04-21 19:00:00,0.0,0.0
-484,TĐ Huội Quảng,2026-04-21 20:00:00,0.0,0.0
-484,TĐ Huội Quảng,2026-04-21 21:00:00,0.0,0.0
-484,TĐ Huội Quảng,2026-04-21 22:00:00,0.0,0.0
-484,TĐ Huội Quảng,2026-04-21 23:00:00,0.0,0.0
-484,TĐ Huội Quảng,2026-04-22 00:00:00,0.0,0.0
-484,TĐ Huội Quảng,2026-04-22 01:00:00,0.0,0.0
-484,TĐ Huội Quảng,2026-04-22 02:00:00,0.0,0.0
-484,TĐ Huội Quảng,2026-04-22 03:00:00,0.0,0.0
-484,TĐ Huội Quảng,2026-04-22 04:00:00,0.0,0.0
-484,TĐ Huội Quảng,2026-04-22 05:00:00,0.0,0.0
-484,TĐ Huội Quảng,2026-04-22 06:00:00,0.0,0.0
-484,TĐ Huội Quảng,2026-04-22 07:00:00,0.0,0.0
-484,TĐ Huội Quảng,2026-04-22 08:00:00,0.0,0.0
-484,TĐ Huội Quảng,2026-04-22 09:00:00,0.0,0.0
-484,TĐ Huội Quảng,2026-04-22 10:00:00,0.0,0.0
-484,TĐ Huội Quảng,2026-04-22 11:00:00,0.0,0.0
-484,TĐ Huội Quảng,2026-04-22 12:00:00,0.0,0.0
-484,TĐ Huội Quảng,2026-04-22 13:00:00,0.0,0.0
-484,TĐ Huội Quảng,2026-04-22 14:00:00,0.0,0.0
-484,TĐ Huội Quảng,2026-04-22 15:00:00,0.0,0.0
-484,TĐ Huội Quảng,2026-04-22 16:00:00,0.0,0.0
-484,TĐ Huội Quảng,2026-04-22 17:00:00,0.0,0.0
-484,TĐ Huội Quảng,2026-04-22 18:00:00,0.0,0.0
-484,TĐ Huội Quảng,2026-04-22 19:00:00,0.0,0.0
-484,TĐ Huội Quảng,2026-04-22 20:00:00,0.0,0.0
-484,TĐ Huội Quảng,2026-04-22 21:00:00,0.0,0.0
-484,TĐ Huội Quảng,2026-04-22 22:00:00,16.600000381469727,16.600000381469727
-484,TĐ Huội Quảng,2026-04-22 23:00:00,1.399999976158142,18.00000035762787
-484,TĐ Huội Quảng,2026-04-23 00:00:00,6.0,24.00000035762787
-484,TĐ Huội Quảng,2026-04-23 01:00:00,0.0,24.00000035762787
-484,TĐ Huội Quảng,2026-04-23 02:00:00,0.0,24.00000035762787
-484,TĐ Huội Quảng,2026-04-23 03:00:00,0.0,24.00000035762787
-484,TĐ Huội Quảng,2026-04-23 04:00:00,0.0,24.00000035762787
-484,TĐ Huội Quảng,2026-04-23 05:00:00,0.20000000298023224,24.2000003606081
-484,TĐ Huội Quảng,2026-04-23 06:00:00,0.0,24.2000003606081
-484,TĐ Huội Quảng,2026-04-23 07:00:00,0.0,24.2000003606081
-484,TĐ Huội Quảng,2026-04-23 08:00:00,0.0,24.2000003606081
-484,TĐ Huội Quảng,2026-04-23 09:00:00,0.0,24.2000003606081
-484,TĐ Huội Quảng,2026-04-23 10:00:00,0.0,24.2000003606081
-484,TĐ Huội Quảng,2026-04-23 11:00:00,0.0,24.2000003606081
-484,TĐ Huội Quảng,2026-04-23 12:00:00,0.0,24.2000003606081
-484,TĐ Huội Quảng,2026-04-23 13:00:00,0.0,24.2000003606081
-484,TĐ Huội Quảng,2026-04-23 14:00:00,0.0,24.2000003606081
-484,TĐ Huội Quảng,2026-04-23 15:00:00,0.0,24.2000003606081
-484,TĐ Huội Quảng,2026-04-23 16:00:00,0.0,24.2000003606081
-484,TĐ Huội Quảng,2026-04-23 17:00:00,0.4000000059604645,24.600000366568565
-484,TĐ Huội Quảng,2026-04-23 18:00:00,5.800000190734863,30.40000055730343
-484,TĐ Huội Quảng,2026-04-23 19:00:00,0.0,30.40000055730343
-484,TĐ Huội Quảng,2026-04-23 20:00:00,0.0,30.40000055730343
-484,TĐ Huội Quảng,2026-04-23 21:00:00,0.0,30.40000055730343
-484,TĐ Huội Quảng,2026-04-23 22:00:00,0.0,30.40000055730343
-484,TĐ Huội Quảng,2026-04-23 23:00:00,0.0,30.40000055730343
-484,TĐ Huội Quảng,2026-04-24 00:00:00,0.0,0.0
-484,TĐ Huội Quảng,2026-04-24 01:00:00,0.0,0.0
-484,TĐ Huội Quảng,2026-04-24 02:00:00,0.0,0.0
-484,TĐ Huội Quảng,2026-04-24 03:00:00,0.0,0.0
-484,TĐ Huội Quảng,2026-04-24 04:00:00,0.0,0.0
-484,TĐ Huội Quảng,2026-04-24 05:00:00,0.0,0.0
-484,TĐ Huội Quảng,2026-04-24 06:00:00,0.0,0.0
-484,TĐ Huội Quảng,2026-04-24 07:00:00,0.0,0.0
-484,TĐ Huội Quảng,2026-04-24 08:00:00,0.0,0.0
-484,TĐ Huội Quảng,2026-04-24 09:00:00,0.0,0.0
-484,TĐ Huội Quảng,2026-04-24 10:00:00,0.0,0.0
-484,TĐ Huội Quảng,2026-04-24 11:00:00,0.0,0.0
-484,TĐ Huội Quảng,2026-04-24 12:00:00,0.0,0.0
-484,TĐ Huội Quảng,2026-04-24 13:00:00,0.0,0.0
-484,TĐ Huội Quảng,2026-04-24 14:00:00,0.0,0.0
-484,TĐ Huội Quảng,2026-04-24 15:00:00,0.0,0.0
-484,TĐ Huội Quảng,2026-04-24 16:00:00,0.0,0.0
-484,TĐ Huội Quảng,2026-04-24 17:00:00,0.0,0.0
-484,TĐ Huội Quảng,2026-04-24 18:00:00,0.0,0.0
-484,TĐ Huội Quảng,2026-04-24 19:00:00,0.0,0.0
-484,TĐ Huội Quảng,2026-04-24 20:00:00,0.0,0.0
-484,TĐ Huội Quảng,2026-04-24 21:00:00,0.0,0.0
-484,TĐ Huội Quảng,2026-04-24 22:00:00,0.0,0.0
-484,TĐ Huội Quảng,2026-04-24 23:00:00,0.0,0.0
-484,TĐ Huội Quảng,2026-04-25 00:00:00,0.0,0.0
-484,TĐ Huội Quảng,2026-04-25 01:00:00,0.0,0.0
-484,TĐ Huội Quảng,2026-04-25 02:00:00,0.0,0.0
-484,TĐ Huội Quảng,2026-04-25 03:00:00,0.0,0.0
-484,TĐ Huội Quảng,2026-04-25 04:00:00,0.0,0.0
-484,TĐ Huội Quảng,2026-04-25 05:00:00,0.0,0.0
-484,TĐ Huội Quảng,2026-04-25 06:00:00,0.0,0.0
-484,TĐ Huội Quảng,2026-04-25 07:00:00,0.0,0.0
-484,TĐ Huội Quảng,2026-04-25 08:00:00,0.0,0.0
-484,TĐ Huội Quảng,2026-04-25 09:00:00,0.0,0.0
-484,TĐ Huội Quảng,2026-04-25 10:00:00,0.0,0.0
-484,TĐ Huội Quảng,2026-04-25 11:00:00,0.0,0.0
-484,TĐ Huội Quảng,2026-04-25 12:00:00,0.0,0.0
-484,TĐ Huội Quảng,2026-04-25 13:00:00,0.0,0.0
-484,TĐ Huội Quảng,2026-04-25 14:00:00,0.0,0.0
-484,TĐ Huội Quảng,2026-04-25 15:00:00,0.0,0.0
-484,TĐ Huội Quảng,2026-04-25 16:00:00,0.0,0.0
-484,TĐ Huội Quảng,2026-04-25 17:00:00,0.0,0.0
-484,TĐ Huội Quảng,2026-04-25 18:00:00,0.0,0.0
-484,TĐ Huội Quảng,2026-04-25 19:00:00,0.0,0.0
-484,TĐ Huội Quảng,2026-04-25 20:00:00,0.0,0.0
-484,TĐ Huội Quảng,2026-04-25 21:00:00,0.0,0.0
-484,TĐ Huội Quảng,2026-04-25 22:00:00,0.0,0.0
-484,TĐ Huội Quảng,2026-04-25 23:00:00,0.0,0.0
-484,TĐ Huội Quảng,2026-04-26 00:00:00,0.0,0.0
-484,TĐ Huội Quảng,2026-04-26 01:00:00,0.0,0.0
-484,TĐ Huội Quảng,2026-04-26 02:00:00,0.0,0.0
-484,TĐ Huội Quảng,2026-04-26 03:00:00,0.0,0.0
-484,TĐ Huội Quảng,2026-04-26 04:00:00,0.0,0.0
-484,TĐ Huội Quảng,2026-04-26 05:00:00,0.0,0.0
-484,TĐ Huội Quảng,2026-04-26 06:00:00,0.0,0.0
-484,TĐ Huội Quảng,2026-04-26 07:00:00,0.0,0.0
-484,TĐ Huội Quảng,2026-04-26 08:00:00,0.0,0.0
-484,TĐ Huội Quảng,2026-04-26 09:00:00,0.0,0.0
-484,TĐ Huội Quảng,2026-04-26 10:00:00,0.6000000238418579,0.6000000238418579
-484,TĐ Huội Quảng,2026-04-26 11:00:00,22.799999237060547,23.399999260902405
-484,TĐ Huội Quảng,2026-04-26 12:00:00,3.200000047683716,26.59999930858612
-484,TĐ Huội Quảng,2026-04-26 13:00:00,0.0,26.59999930858612
-484,TĐ Huội Quảng,2026-04-26 14:00:00,0.0,26.59999930858612
-484,TĐ Huội Quảng,2026-04-26 15:00:00,0.0,26.59999930858612
-484,TĐ Huội Quảng,2026-04-26 16:00:00,0.800000011920929,27.39999932050705
-484,TĐ Huội Quảng,2026-04-26 17:00:00,0.0,27.39999932050705
-484,TĐ Huội Quảng,2026-04-26 18:00:00,0.20000000298023224,27.599999323487282
-484,TĐ Huội Quảng,2026-04-26 19:00:00,2.5999999046325684,30.19999922811985
-484,TĐ Huội Quảng,2026-04-26 20:00:00,0.0,30.19999922811985
-484,TĐ Huội Quảng,2026-04-26 21:00:00,0.0,30.19999922811985
-484,TĐ Huội Quảng,2026-04-26 22:00:00,0.0,30.19999922811985
-484,TĐ Huội Quảng,2026-04-26 23:00:00,0.0,30.19999922811985
-484,TĐ Huội Quảng,2026-04-27 00:00:00,0.0,0.0
-484,TĐ Huội Quảng,2026-04-27 01:00:00,0.0,0.0
-484,TĐ Huội Quảng,2026-04-27 02:00:00,0.0,0.0
-484,TĐ Huội Quảng,2026-04-27 03:00:00,0.0,0.0
-484,TĐ Huội Quảng,2026-04-27 04:00:00,0.0,0.0
-484,TĐ Huội Quảng,2026-04-27 05:00:00,0.0,0.0
-484,TĐ Huội Quảng,2026-04-27 06:00:00,0.0,0.0
-484,TĐ Huội Quảng,2026-04-27 07:00:00,0.0,0.0
-484,TĐ Huội Quảng,2026-04-27 08:00:00,0.0,0.0
-484,TĐ Huội Quảng,2026-04-27 09:00:00,0.0,0.0
-484,TĐ Huội Quảng,2026-04-27 10:00:00,0.0,0.0
-484,TĐ Huội Quảng,2026-04-27 11:00:00,0.0,0.0
-484,TĐ Huội Quảng,2026-04-27 12:00:00,0.0,0.0
-484,TĐ Huội Quảng,2026-04-27 13:00:00,0.0,0.0
-484,TĐ Huội Quảng,2026-04-27 14:00:00,0.0,0.0
-484,TĐ Huội Quảng,2026-04-27 15:00:00,0.0,0.0
-484,TĐ Huội Quảng,2026-04-27 16:00:00,4.199999809265137,4.199999809265137
-484,TĐ Huội Quảng,2026-04-27 17:00:00,0.0,4.199999809265137
-484,TĐ Huội Quảng,2026-04-27 18:00:00,0.0,4.199999809265137
-484,TĐ Huội Quảng,2026-04-27 19:00:00,0.0,4.199999809265137
-484,TĐ Huội Quảng,2026-04-27 20:00:00,0.0,4.199999809265137
-484,TĐ Huội Quảng,2026-04-27 21:00:00,0.0,4.199999809265137
-484,TĐ Huội Quảng,2026-04-27 22:00:00,0.0,4.199999809265137
-484,TĐ Huội Quảng,2026-04-27 23:00:00,0.0,4.199999809265137
-484,TĐ Huội Quảng,2026-04-28 00:00:00,0.0,0.0
-484,TĐ Huội Quảng,2026-04-28 01:00:00,0.0,0.0
-484,TĐ Huội Quảng,2026-04-28 02:00:00,0.0,0.0
-484,TĐ Huội Quảng,2026-04-28 03:00:00,0.20000000298023224,0.20000000298023224
-484,TĐ Huội Quảng,2026-04-28 04:00:00,0.0,0.20000000298023224
-484,TĐ Huội Quảng,2026-04-28 05:00:00,0.0,0.20000000298023224
-484,TĐ Huội Quảng,2026-04-28 06:00:00,0.0,0.20000000298023224
-484,TĐ Huội Quảng,2026-04-28 07:00:00,0.0,0.20000000298023224
-484,TĐ Huội Quảng,2026-04-28 08:00:00,0.0,0.20000000298023224
-484,TĐ Huội Quảng,2026-04-28 09:00:00,0.0,0.20000000298023224
-484,TĐ Huội Quảng,2026-04-28 10:00:00,0.0,0.20000000298023224
-484,TĐ Huội Quảng,2026-04-28 11:00:00,0.0,0.20000000298023224
-484,TĐ Huội Quảng,2026-04-28 12:00:00,,0.20000000298023224
-484,TĐ Huội Quảng,2026-04-28 13:00:00,0.0,0.20000000298023224
-484,TĐ Huội Quảng,2026-04-28 14:00:00,0.0,0.20000000298023224
-484,TĐ Huội Quảng,2026-04-28 15:00:00,0.0,0.20000000298023224
-484,TĐ Huội Quảng,2026-04-28 16:00:00,0.0,0.20000000298023224
-484,TĐ Huội Quảng,2026-04-28 17:00:00,0.0,0.20000000298023224
-484,TĐ Huội Quảng,2026-04-28 18:00:00,0.0,0.20000000298023224
-484,TĐ Huội Quảng,2026-04-28 19:00:00,0.0,0.20000000298023224
-484,TĐ Huội Quảng,2026-04-28 20:00:00,0.0,0.20000000298023224
-484,TĐ Huội Quảng,2026-04-28 21:00:00,0.0,0.20000000298023224
-484,TĐ Huội Quảng,2026-04-28 22:00:00,0.0,0.20000000298023224
-484,TĐ Huội Quảng,2026-04-28 23:00:00,0.0,0.20000000298023224
-484,TĐ Huội Quảng,2026-04-29 00:00:00,0.0,0.0
-484,TĐ Huội Quảng,2026-04-29 01:00:00,0.0,0.0
-484,TĐ Huội Quảng,2026-04-29 02:00:00,0.0,0.0
-484,TĐ Huội Quảng,2026-04-29 03:00:00,0.0,0.0
-484,TĐ Huội Quảng,2026-04-29 04:00:00,0.0,0.0
-484,TĐ Huội Quảng,2026-04-29 05:00:00,0.0,0.0
-484,TĐ Huội Quảng,2026-04-29 06:00:00,0.0,0.0
-484,TĐ Huội Quảng,2026-04-29 07:00:00,0.0,0.0
-484,TĐ Huội Quảng,2026-04-29 08:00:00,0.0,0.0
-484,TĐ Huội Quảng,2026-04-29 09:00:00,0.0,0.0
-484,TĐ Huội Quảng,2026-04-29 10:00:00,0.0,0.0
-484,TĐ Huội Quảng,2026-04-29 11:00:00,0.0,0.0
-484,TĐ Huội Quảng,2026-04-29 12:00:00,1.399999976158142,1.399999976158142
-484,TĐ Huội Quảng,2026-04-29 13:00:00,0.0,1.399999976158142
-484,TĐ Huội Quảng,2026-04-29 14:00:00,0.20000000298023224,1.5999999791383743
-484,TĐ Huội Quảng,2026-04-29 15:00:00,0.0,1.5999999791383743
-484,TĐ Huội Quảng,2026-04-29 16:00:00,0.0,1.5999999791383743
-484,TĐ Huội Quảng,2026-04-29 17:00:00,0.0,1.5999999791383743
-484,TĐ Huội Quảng,2026-04-29 18:00:00,0.0,1.5999999791383743
-484,TĐ Huội Quảng,2026-04-29 19:00:00,0.0,1.5999999791383743
-484,TĐ Huội Quảng,2026-04-29 20:00:00,0.0,1.5999999791383743
-484,TĐ Huội Quảng,2026-04-29 21:00:00,0.0,1.5999999791383743
-484,TĐ Huội Quảng,2026-04-29 22:00:00,0.0,1.5999999791383743
-484,TĐ Huội Quảng,2026-04-29 23:00:00,0.0,1.5999999791383743
-484,TĐ Huội Quảng,2026-04-30 00:00:00,0.0,0.0
-484,TĐ Huội Quảng,2026-04-30 01:00:00,0.0,0.0
-484,TĐ Huội Quảng,2026-04-30 02:00:00,0.0,0.0
-484,TĐ Huội Quảng,2026-04-30 03:00:00,0.0,0.0
-484,TĐ Huội Quảng,2026-04-30 04:00:00,0.0,0.0
-484,TĐ Huội Quảng,2026-04-30 05:00:00,0.0,0.0
-484,TĐ Huội Quảng,2026-04-30 06:00:00,0.4000000059604645,0.4000000059604645
-484,TĐ Huội Quảng,2026-04-30 07:00:00,0.0,0.4000000059604645
-484,TĐ Huội Quảng,2026-04-30 08:00:00,0.0,0.4000000059604645
-484,TĐ Huội Quảng,2026-04-30 09:00:00,0.0,0.4000000059604645
-484,TĐ Huội Quảng,2026-04-30 10:00:00,0.0,0.4000000059604645
-484,TĐ Huội Quảng,2026-04-30 11:00:00,0.0,0.4000000059604645
-484,TĐ Huội Quảng,2026-04-30 12:00:00,0.0,0.4000000059604645
-484,TĐ Huội Quảng,2026-04-30 13:00:00,0.0,0.4000000059604645
-484,TĐ Huội Quảng,2026-04-30 14:00:00,1.2000000476837158,1.6000000536441803
-484,TĐ Huội Quảng,2026-04-30 15:00:00,6.599999904632568,8.199999958276749
-484,TĐ Huội Quảng,2026-04-30 16:00:00,0.800000011920929,8.999999970197678
-484,TĐ Huội Quảng,2026-04-30 17:00:00,0.0,8.999999970197678
-484,TĐ Huội Quảng,2026-04-30 18:00:00,0.0,8.999999970197678
-484,TĐ Huội Quảng,2026-04-30 19:00:00,0.0,8.999999970197678
-484,TĐ Huội Quảng,2026-04-30 20:00:00,0.0,8.999999970197678
-484,TĐ Huội Quảng,2026-04-30 21:00:00,0.0,8.999999970197678
-484,TĐ Huội Quảng,2026-04-30 22:00:00,0.0,8.999999970197678
-484,TĐ Huội Quảng,2026-04-30 23:00:00,0.0,8.999999970197678
-484,TĐ Huội Quảng,2026-05-01 00:00:00,0.0,0.0
-484,TĐ Huội Quảng,2026-05-01 01:00:00,0.0,0.0
-484,TĐ Huội Quảng,2026-05-01 02:00:00,0.0,0.0
-484,TĐ Huội Quảng,2026-05-01 03:00:00,0.0,0.0
-484,TĐ Huội Quảng,2026-05-01 04:00:00,0.0,0.0
-484,TĐ Huội Quảng,2026-05-01 05:00:00,0.0,0.0
-484,TĐ Huội Quảng,2026-05-01 06:00:00,0.0,0.0
-484,TĐ Huội Quảng,2026-05-01 07:00:00,0.0,0.0
-484,TĐ Huội Quảng,2026-05-01 08:00:00,0.0,0.0
-484,TĐ Huội Quảng,2026-05-01 09:00:00,0.0,0.0
-484,TĐ Huội Quảng,2026-05-01 10:00:00,0.0,0.0
-484,TĐ Huội Quảng,2026-05-01 11:00:00,0.20000000298023224,0.20000000298023224
-484,TĐ Huội Quảng,2026-05-01 12:00:00,0.0,0.20000000298023224
-484,TĐ Huội Quảng,2026-05-01 13:00:00,0.0,0.20000000298023224
-484,TĐ Huội Quảng,2026-05-01 14:00:00,0.0,0.20000000298023224
-484,TĐ Huội Quảng,2026-05-01 15:00:00,0.0,0.20000000298023224
-484,TĐ Huội Quảng,2026-05-01 16:00:00,0.0,0.20000000298023224
-484,TĐ Huội Quảng,2026-05-01 17:00:00,0.0,0.20000000298023224
-484,TĐ Huội Quảng,2026-05-01 18:00:00,0.0,0.20000000298023224
-484,TĐ Huội Quảng,2026-05-01 19:00:00,0.0,0.20000000298023224
-484,TĐ Huội Quảng,2026-05-01 20:00:00,0.0,0.20000000298023224
-484,TĐ Huội Quảng,2026-05-01 21:00:00,0.0,0.20000000298023224
-484,TĐ Huội Quảng,2026-05-01 22:00:00,0.0,0.20000000298023224
-484,TĐ Huội Quảng,2026-05-01 23:00:00,0.0,0.20000000298023224
-484,TĐ Huội Quảng,2026-05-02 00:00:00,0.0,0.0
-484,TĐ Huội Quảng,2026-05-02 01:00:00,0.0,0.0
-484,TĐ Huội Quảng,2026-05-02 02:00:00,0.0,0.0
-484,TĐ Huội Quảng,2026-05-02 03:00:00,0.0,0.0
-484,TĐ Huội Quảng,2026-05-02 04:00:00,0.0,0.0
-484,TĐ Huội Quảng,2026-05-02 05:00:00,0.0,0.0
-484,TĐ Huội Quảng,2026-05-02 06:00:00,13.199999809265137,13.199999809265137
-484,TĐ Huội Quảng,2026-05-02 07:00:00,14.199999809265137,27.399999618530273
-484,TĐ Huội Quảng,2026-05-02 08:00:00,0.4000000059604645,27.799999624490738
-484,TĐ Huội Quảng,2026-05-02 09:00:00,6.800000190734863,34.5999998152256
-484,TĐ Huội Quảng,2026-05-02 10:00:00,0.0,34.5999998152256
-484,TĐ Huội Quảng,2026-05-02 11:00:00,0.0,34.5999998152256
-484,TĐ Huội Quảng,2026-05-02 12:00:00,0.0,34.5999998152256
-484,TĐ Huội Quảng,2026-05-02 13:00:00,0.0,34.5999998152256
-484,TĐ Huội Quảng,2026-05-02 14:00:00,0.0,34.5999998152256
-484,TĐ Huội Quảng,2026-05-02 15:00:00,0.0,34.5999998152256
-484,TĐ Huội Quảng,2026-05-02 16:00:00,0.0,34.5999998152256
-484,TĐ Huội Quảng,2026-05-02 17:00:00,0.0,34.5999998152256
-484,TĐ Huội Quảng,2026-05-02 18:00:00,21.399999618530273,55.999999433755875
-484,TĐ Huội Quảng,2026-05-02 19:00:00,0.0,55.999999433755875
-484,TĐ Huội Quảng,2026-05-02 20:00:00,0.0,55.999999433755875
-484,TĐ Huội Quảng,2026-05-02 21:00:00,0.0,55.999999433755875
-484,TĐ Huội Quảng,2026-05-02 22:00:00,0.0,55.999999433755875
-484,TĐ Huội Quảng,2026-05-02 23:00:00,0.0,55.999999433755875
-484,TĐ Huội Quảng,2026-05-03 00:00:00,0.4000000059604645,0.4000000059604645
-484,TĐ Huội Quảng,2026-05-03 01:00:00,0.0,0.4000000059604645
-484,TĐ Huội Quảng,2026-05-03 02:00:00,0.0,0.4000000059604645
-484,TĐ Huội Quảng,2026-05-03 03:00:00,0.4000000059604645,0.800000011920929
-484,TĐ Huội Quảng,2026-05-03 04:00:00,0.0,0.800000011920929
-484,TĐ Huội Quảng,2026-05-03 05:00:00,3.0,3.800000011920929
-484,TĐ Huội Quảng,2026-05-03 06:00:00,3.200000047683716,7.000000059604645
-484,TĐ Huội Quảng,2026-05-03 07:00:00,4.400000095367432,11.400000154972076
-484,TĐ Huội Quảng,2026-05-03 08:00:00,3.5999999046325684,15.000000059604645
-484,TĐ Huội Quảng,2026-05-03 09:00:00,1.7999999523162842,16.80000001192093
-484,TĐ Huội Quảng,2026-05-03 10:00:00,6.400000095367432,23.20000010728836
-484,TĐ Huội Quảng,2026-05-03 11:00:00,1.0,24.20000010728836
-484,TĐ Huội Quảng,2026-05-03 12:00:00,0.0,24.20000010728836
-484,TĐ Huội Quảng,2026-05-03 13:00:00,0.20000000298023224,24.400000110268593
-484,TĐ Huội Quảng,2026-05-03 14:00:00,0.0,24.400000110268593
-484,TĐ Huội Quảng,2026-05-03 15:00:00,0.0,24.400000110268593
-484,TĐ Huội Quảng,2026-05-03 16:00:00,0.0,24.400000110268593
-484,TĐ Huội Quảng,2026-05-03 17:00:00,0.0,24.400000110268593
-484,TĐ Huội Quảng,2026-05-03 18:00:00,0.0,24.400000110268593
-484,TĐ Huội Quảng,2026-05-03 19:00:00,0.0,24.400000110268593
-484,TĐ Huội Quảng,2026-05-03 20:00:00,0.0,24.400000110268593
-484,TĐ Huội Quảng,2026-05-03 21:00:00,0.0,24.400000110268593
-484,TĐ Huội Quảng,2026-05-03 22:00:00,0.0,24.400000110268593
-484,TĐ Huội Quảng,2026-05-03 23:00:00,0.0,24.400000110268593
-484,TĐ Huội Quảng,2026-05-04 00:00:00,0.0,0.0
-484,TĐ Huội Quảng,2026-05-04 01:00:00,0.0,0.0
-484,TĐ Huội Quảng,2026-05-04 02:00:00,9.600000381469727,9.600000381469727
-484,TĐ Huội Quảng,2026-05-04 03:00:00,0.0,9.600000381469727
-484,TĐ Huội Quảng,2026-05-04 04:00:00,0.0,9.600000381469727
-484,TĐ Huội Quảng,2026-05-04 05:00:00,0.20000000298023224,9.800000384449959
-484,TĐ Huội Quảng,2026-05-04 06:00:00,0.0,9.800000384449959
-484,TĐ Huội Quảng,2026-05-04 07:00:00,0.0,9.800000384449959
-484,TĐ Huội Quảng,2026-05-04 08:00:00,0.0,9.800000384449959
-484,TĐ Huội Quảng,2026-05-04 09:00:00,0.0,9.800000384449959
-484,TĐ Huội Quảng,2026-05-04 10:00:00,0.0,9.800000384449959
-484,TĐ Huội Quảng,2026-05-04 11:00:00,0.0,9.800000384449959
-484,TĐ Huội Quảng,2026-05-04 12:00:00,0.0,9.800000384449959
-484,TĐ Huội Quảng,2026-05-04 13:00:00,0.0,9.800000384449959
-484,TĐ Huội Quảng,2026-05-04 14:00:00,0.0,9.800000384449959
-484,TĐ Huội Quảng,2026-05-04 15:00:00,0.0,9.800000384449959
-484,TĐ Huội Quảng,2026-05-04 16:00:00,0.0,9.800000384449959
-484,TĐ Huội Quảng,2026-05-04 17:00:00,0.0,9.800000384449959
-484,TĐ Huội Quảng,2026-05-04 18:00:00,0.0,9.800000384449959
-484,TĐ Huội Quảng,2026-05-04 19:00:00,0.0,9.800000384449959
-484,TĐ Huội Quảng,2026-05-04 20:00:00,0.0,9.800000384449959
-484,TĐ Huội Quảng,2026-05-04 21:00:00,0.0,9.800000384449959
-484,TĐ Huội Quảng,2026-05-04 22:00:00,0.0,9.800000384449959
-484,TĐ Huội Quảng,2026-05-04 23:00:00,0.0,9.800000384449959
-484,TĐ Huội Quảng,2026-05-05 00:00:00,0.0,0.0
-484,TĐ Huội Quảng,2026-05-05 01:00:00,0.0,0.0
-484,TĐ Huội Quảng,2026-05-05 02:00:00,0.0,0.0
-484,TĐ Huội Quảng,2026-05-05 03:00:00,0.0,0.0
-484,TĐ Huội Quảng,2026-05-05 04:00:00,0.0,0.0
-484,TĐ Huội Quảng,2026-05-05 05:00:00,0.0,0.0
-484,TĐ Huội Quảng,2026-05-05 06:00:00,0.0,0.0
-484,TĐ Huội Quảng,2026-05-05 07:00:00,0.0,0.0
-484,TĐ Huội Quảng,2026-05-05 08:00:00,0.0,0.0
-484,TĐ Huội Quảng,2026-05-05 09:00:00,0.0,0.0
-484,TĐ Huội Quảng,2026-05-05 10:00:00,0.0,0.0
-484,TĐ Huội Quảng,2026-05-05 11:00:00,0.0,0.0
-484,TĐ Huội Quảng,2026-05-05 12:00:00,0.0,0.0
-484,TĐ Huội Quảng,2026-05-05 13:00:00,0.0,0.0
-484,TĐ Huội Quảng,2026-05-05 14:00:00,0.0,0.0
-484,TĐ Huội Quảng,2026-05-05 15:00:00,0.0,0.0
-484,TĐ Huội Quảng,2026-05-05 16:00:00,0.0,0.0
-484,TĐ Huội Quảng,2026-05-05 17:00:00,0.0,0.0
-484,TĐ Huội Quảng,2026-05-05 18:00:00,0.0,0.0
-484,TĐ Huội Quảng,2026-05-05 19:00:00,0.0,0.0
-484,TĐ Huội Quảng,2026-05-05 20:00:00,0.0,0.0
-484,TĐ Huội Quảng,2026-05-05 21:00:00,0.0,0.0
-484,TĐ Huội Quảng,2026-05-05 22:00:00,0.0,0.0
-484,TĐ Huội Quảng,2026-05-05 23:00:00,0.0,0.0
-484,TĐ Huội Quảng,2026-05-06 00:00:00,0.0,0.0
-484,TĐ Huội Quảng,2026-05-06 01:00:00,0.0,0.0
-484,TĐ Huội Quảng,2026-05-06 02:00:00,0.0,0.0
-484,TĐ Huội Quảng,2026-05-06 03:00:00,0.0,0.0
-484,TĐ Huội Quảng,2026-05-06 04:00:00,0.0,0.0
-484,TĐ Huội Quảng,2026-05-06 05:00:00,0.0,0.0
-484,TĐ Huội Quảng,2026-05-06 06:00:00,0.0,0.0
-484,TĐ Huội Quảng,2026-05-06 07:00:00,0.0,0.0
-484,TĐ Huội Quảng,2026-05-06 08:00:00,0.0,0.0
-484,TĐ Huội Quảng,2026-05-06 09:00:00,0.0,0.0
-484,TĐ Huội Quảng,2026-05-06 10:00:00,0.0,0.0
-484,TĐ Huội Quảng,2026-05-06 11:00:00,0.0,0.0
-484,TĐ Huội Quảng,2026-05-06 12:00:00,0.0,0.0
-484,TĐ Huội Quảng,2026-05-06 13:00:00,0.0,0.0
-484,TĐ Huội Quảng,2026-05-06 14:00:00,0.0,0.0
-484,TĐ Huội Quảng,2026-05-06 15:00:00,0.0,0.0
-484,TĐ Huội Quảng,2026-05-06 16:00:00,0.0,0.0
-484,TĐ Huội Quảng,2026-05-06 17:00:00,0.0,0.0
-484,TĐ Huội Quảng,2026-05-06 18:00:00,0.0,0.0
-484,TĐ Huội Quảng,2026-05-06 19:00:00,0.0,0.0
-484,TĐ Huội Quảng,2026-05-06 20:00:00,0.0,0.0
-484,TĐ Huội Quảng,2026-05-06 21:00:00,0.0,0.0
-484,TĐ Huội Quảng,2026-05-06 22:00:00,0.0,0.0
-484,TĐ Huội Quảng,2026-05-06 23:00:00,0.0,0.0
-484,TĐ Huội Quảng,2026-05-07 00:00:00,0.0,0.0
-484,TĐ Huội Quảng,2026-05-07 01:00:00,0.0,0.0
-484,TĐ Huội Quảng,2026-05-07 02:00:00,0.0,0.0
-484,TĐ Huội Quảng,2026-05-07 03:00:00,0.0,0.0
-484,TĐ Huội Quảng,2026-05-07 04:00:00,0.0,0.0
-484,TĐ Huội Quảng,2026-05-07 05:00:00,0.0,0.0
-484,TĐ Huội Quảng,2026-05-07 06:00:00,0.0,0.0
-484,TĐ Huội Quảng,2026-05-07 07:00:00,0.0,0.0
-484,TĐ Huội Quảng,2026-05-07 08:00:00,0.0,0.0
-484,TĐ Huội Quảng,2026-05-07 09:00:00,0.0,0.0
-484,TĐ Huội Quảng,2026-05-07 10:00:00,0.0,0.0
-484,TĐ Huội Quảng,2026-05-07 11:00:00,0.0,0.0
-484,TĐ Huội Quảng,2026-05-07 12:00:00,0.0,0.0
-484,TĐ Huội Quảng,2026-05-07 13:00:00,0.0,0.0
-484,TĐ Huội Quảng,2026-05-07 14:00:00,0.0,0.0
-484,TĐ Huội Quảng,2026-05-07 15:00:00,0.0,0.0
-484,TĐ Huội Quảng,2026-05-07 16:00:00,0.0,0.0
-484,TĐ Huội Quảng,2026-05-07 17:00:00,0.0,0.0
-484,TĐ Huội Quảng,2026-05-07 18:00:00,0.0,0.0
-484,TĐ Huội Quảng,2026-05-07 19:00:00,0.0,0.0
-484,TĐ Huội Quảng,2026-05-07 20:00:00,0.0,0.0
-484,TĐ Huội Quảng,2026-05-07 21:00:00,0.0,0.0
-484,TĐ Huội Quảng,2026-05-07 22:00:00,0.0,0.0
-484,TĐ Huội Quảng,2026-05-07 23:00:00,0.0,0.0
-484,TĐ Huội Quảng,2026-05-08 00:00:00,5.199999809265137,5.199999809265137
-484,TĐ Huội Quảng,2026-05-08 01:00:00,0.0,5.199999809265137
-484,TĐ Huội Quảng,2026-05-08 02:00:00,0.0,5.199999809265137
-484,TĐ Huội Quảng,2026-05-08 03:00:00,25.399999618530273,30.59999942779541
-484,TĐ Huội Quảng,2026-05-08 04:00:00,16.799999237060547,47.39999866485596
-484,TĐ Huội Quảng,2026-05-08 05:00:00,3.200000047683716,50.59999871253967
-484,TĐ Huội Quảng,2026-05-08 06:00:00,2.0,52.59999871253967
-484,TĐ Huội Quảng,2026-05-08 07:00:00,0.0,52.59999871253967
-484,TĐ Huội Quảng,2026-05-08 08:00:00,0.0,52.59999871253967
-484,TĐ Huội Quảng,2026-05-08 09:00:00,0.0,52.59999871253967
-484,TĐ Huội Quảng,2026-05-08 10:00:00,0.0,52.59999871253967
-484,TĐ Huội Quảng,2026-05-08 11:00:00,0.0,52.59999871253967
-484,TĐ Huội Quảng,2026-05-08 12:00:00,0.0,52.59999871253967
-484,TĐ Huội Quảng,2026-05-08 13:00:00,0.0,52.59999871253967
-484,TĐ Huội Quảng,2026-05-08 14:00:00,0.0,52.59999871253967
-484,TĐ Huội Quảng,2026-05-08 15:00:00,0.0,52.59999871253967
-484,TĐ Huội Quảng,2026-05-08 16:00:00,0.0,52.59999871253967
-484,TĐ Huội Quảng,2026-05-08 17:00:00,0.0,52.59999871253967
-484,TĐ Huội Quảng,2026-05-08 18:00:00,0.0,52.59999871253967
-484,TĐ Huội Quảng,2026-05-08 19:00:00,0.0,52.59999871253967
-484,TĐ Huội Quảng,2026-05-08 20:00:00,0.0,52.59999871253967
-484,TĐ Huội Quảng,2026-05-08 21:00:00,0.0,52.59999871253967
-484,TĐ Huội Quảng,2026-05-08 22:00:00,0.0,52.59999871253967
-484,TĐ Huội Quảng,2026-05-08 23:00:00,0.0,52.59999871253967
-484,TĐ Huội Quảng,2026-05-09 00:00:00,0.0,0.0
-484,TĐ Huội Quảng,2026-05-09 01:00:00,0.0,0.0
-484,TĐ Huội Quảng,2026-05-09 02:00:00,0.0,0.0
-484,TĐ Huội Quảng,2026-05-09 03:00:00,0.0,0.0
-484,TĐ Huội Quảng,2026-05-09 04:00:00,0.0,0.0
-484,TĐ Huội Quảng,2026-05-09 05:00:00,0.0,0.0
-484,TĐ Huội Quảng,2026-05-09 06:00:00,0.0,0.0
-484,TĐ Huội Quảng,2026-05-09 07:00:00,0.0,0.0
-484,TĐ Huội Quảng,2026-05-09 08:00:00,0.0,0.0
-484,TĐ Huội Quảng,2026-05-09 09:00:00,0.0,0.0
-484,TĐ Huội Quảng,2026-05-09 10:00:00,0.0,0.0
-484,TĐ Huội Quảng,2026-05-09 11:00:00,0.0,0.0
-484,TĐ Huội Quảng,2026-05-09 12:00:00,0.0,0.0
-484,TĐ Huội Quảng,2026-05-09 13:00:00,0.0,0.0
-484,TĐ Huội Quảng,2026-05-09 14:00:00,0.0,0.0
-484,TĐ Huội Quảng,2026-05-09 15:00:00,0.0,0.0
-484,TĐ Huội Quảng,2026-05-09 16:00:00,0.0,0.0
-484,TĐ Huội Quảng,2026-05-09 17:00:00,0.0,0.0
-484,TĐ Huội Quảng,2026-05-09 18:00:00,0.0,0.0
-484,TĐ Huội Quảng,2026-05-09 19:00:00,0.0,0.0
-484,TĐ Huội Quảng,2026-05-09 20:00:00,0.4000000059604645,0.4000000059604645
-484,TĐ Huội Quảng,2026-05-09 21:00:00,0.4000000059604645,0.800000011920929
-484,TĐ Huội Quảng,2026-05-09 22:00:00,0.0,0.800000011920929
-484,TĐ Huội Quảng,2026-05-09 23:00:00,0.0,0.800000011920929
-484,TĐ Huội Quảng,2026-05-10 00:00:00,0.20000000298023224,1.0000000149011612
-484,TĐ Huội Quảng,2026-05-10 01:00:00,0.0,1.0000000149011612
-484,TĐ Huội Quảng,2026-05-10 02:00:00,0.0,1.0000000149011612
-484,TĐ Huội Quảng,2026-05-10 03:00:00,0.6000000238418579,1.600000038743019
-484,TĐ Huội Quảng,2026-05-10 04:00:00,11.600000381469727,13.200000420212746
-484,TĐ Huội Quảng,2026-05-10 05:00:00,2.4000000953674316,15.600000515580177
-484,TĐ Huội Quảng,2026-05-10 06:00:00,0.6000000238418579,16.200000539422035
-484,TĐ Huội Quảng,2026-05-10 07:00:00,0.800000011920929,17.000000551342964
-484,TĐ Huội Quảng,2026-05-10 08:00:00,0.4000000059604645,17.40000055730343
-484,TĐ Huội Quảng,2026-05-10 09:00:00,1.2000000476837158,18.600000604987144
-484,TĐ Huội Quảng,2026-05-10 10:00:00,0.0,18.600000604987144
-484,TĐ Huội Quảng,2026-05-10 11:00:00,0.20000000298023224,18.800000607967377
-484,TĐ Huội Quảng,2026-05-10 12:00:00,0.0,18.800000607967377
-484,TĐ Huội Quảng,2026-05-10 13:00:00,0.0,18.800000607967377
-484,TĐ Huội Quảng,2026-05-10 14:00:00,0.0,18.800000607967377
-484,TĐ Huội Quảng,2026-05-10 15:00:00,0.20000000298023224,19.00000061094761
-484,TĐ Huội Quảng,2026-05-10 16:00:00,0.0,19.00000061094761
-484,TĐ Huội Quảng,2026-05-10 17:00:00,0.0,19.00000061094761
-484,TĐ Huội Quảng,2026-05-10 18:00:00,0.20000000298023224,19.20000061392784
-484,TĐ Huội Quảng,2026-05-10 19:00:00,0.0,19.20000061392784
-484,TĐ Huội Quảng,2026-05-10 20:00:00,0.0,19.20000061392784
-484,TĐ Huội Quảng,2026-05-10 21:00:00,0.0,19.20000061392784
-484,TĐ Huội Quảng,2026-05-10 22:00:00,0.0,19.20000061392784
-484,TĐ Huội Quảng,2026-05-10 23:00:00,0.0,19.20000061392784
-484,TĐ Huội Quảng,2026-05-11 00:00:00,0.0,0.0
-484,TĐ Huội Quảng,2026-05-11 01:00:00,0.0,0.0
-484,TĐ Huội Quảng,2026-05-11 02:00:00,0.0,0.0
-484,TĐ Huội Quảng,2026-05-11 03:00:00,0.0,0.0
-484,TĐ Huội Quảng,2026-05-11 04:00:00,0.4000000059604645,0.4000000059604645
-484,TĐ Huội Quảng,2026-05-11 05:00:00,11.600000381469727,12.000000387430191
-484,TĐ Huội Quảng,2026-05-11 06:00:00,0.0,12.000000387430191
-484,TĐ Huội Quảng,2026-05-11 07:00:00,0.0,12.000000387430191
-484,TĐ Huội Quảng,2026-05-11 08:00:00,0.20000000298023224,12.200000390410423
-484,TĐ Huội Quảng,2026-05-11 09:00:00,0.0,12.200000390410423
-484,TĐ Huội Quảng,2026-05-11 10:00:00,0.0,12.200000390410423
-484,TĐ Huội Quảng,2026-05-11 11:00:00,0.0,12.200000390410423
-484,TĐ Huội Quảng,2026-05-11 12:00:00,0.0,12.200000390410423
-484,TĐ Huội Quảng,2026-05-11 13:00:00,0.0,12.200000390410423
-484,TĐ Huội Quảng,2026-05-11 14:00:00,0.0,12.200000390410423
-484,TĐ Huội Quảng,2026-05-11 15:00:00,0.0,12.200000390410423
-484,TĐ Huội Quảng,2026-05-11 16:00:00,,12.200000390410423
-484,TĐ Huội Quảng,2026-05-11 17:00:00,0.0,12.200000390410423
-484,TĐ Huội Quảng,2026-05-11 18:00:00,,12.200000390410423
-484,TĐ Huội Quảng,2026-05-11 19:00:00,,12.200000390410423
-484,TĐ Huội Quảng,2026-05-11 20:00:00,0.0,12.200000390410423
-484,TĐ Huội Quảng,2026-05-11 21:00:00,0.0,12.200000390410423
-484,TĐ Huội Quảng,2026-05-11 22:00:00,0.0,12.200000390410423
-484,TĐ Huội Quảng,2026-05-11 23:00:00,0.0,12.200000390410423
-484,TĐ Huội Quảng,2026-05-12 00:00:00,0.0,0.0
-484,TĐ Huội Quảng,2026-05-12 01:00:00,0.0,0.0
-484,TĐ Huội Quảng,2026-05-12 02:00:00,0.20000000298023224,0.20000000298023224
-484,TĐ Huội Quảng,2026-05-12 03:00:00,0.0,0.20000000298023224
-484,TĐ Huội Quảng,2026-05-12 04:00:00,0.20000000298023224,0.4000000059604645
-484,TĐ Huội Quảng,2026-05-12 05:00:00,0.0,0.4000000059604645
-484,TĐ Huội Quảng,2026-05-12 06:00:00,3.4000000953674316,3.800000101327896
-484,TĐ Huội Quảng,2026-05-12 07:00:00,1.2000000476837158,5.000000149011612
-484,TĐ Huội Quảng,2026-05-12 08:00:00,1.399999976158142,6.400000125169754
-484,TĐ Huội Quảng,2026-05-12 09:00:00,0.800000011920929,7.200000137090683
-484,TĐ Huội Quảng,2026-05-12 10:00:00,0.0,7.200000137090683
-484,TĐ Huội Quảng,2026-05-12 11:00:00,0.0,7.200000137090683
-484,TĐ Huội Quảng,2026-05-12 12:00:00,0.0,7.200000137090683
-484,TĐ Huội Quảng,2026-05-12 13:00:00,0.0,7.200000137090683
-484,TĐ Huội Quảng,2026-05-12 14:00:00,0.0,7.200000137090683
-484,TĐ Huội Quảng,2026-05-12 15:00:00,0.6000000238418579,7.800000160932541
-484,TĐ Huội Quảng,2026-05-12 16:00:00,0.0,7.800000160932541
-484,TĐ Huội Quảng,2026-05-12 17:00:00,0.0,7.800000160932541
-484,TĐ Huội Quảng,2026-05-12 18:00:00,0.0,7.800000160932541
-484,TĐ Huội Quảng,2026-05-12 19:00:00,0.0,7.800000160932541
-484,TĐ Huội Quảng,2026-05-12 20:00:00,0.0,7.800000160932541
-484,TĐ Huội Quảng,2026-05-12 21:00:00,0.0,7.800000160932541
-484,TĐ Huội Quảng,2026-05-12 22:00:00,0.0,7.800000160932541
-484,TĐ Huội Quảng,2026-05-12 23:00:00,0.0,7.800000160932541
-484,TĐ Huội Quảng,2026-05-13 00:00:00,0.0,0.0
-484,TĐ Huội Quảng,2026-05-13 01:00:00,0.0,0.0
-484,TĐ Huội Quảng,2026-05-13 02:00:00,0.0,0.0
-484,TĐ Huội Quảng,2026-05-13 03:00:00,0.0,0.0
-484,TĐ Huội Quảng,2026-05-13 04:00:00,0.0,0.0
-484,TĐ Huội Quảng,2026-05-13 05:00:00,0.0,0.0
-484,TĐ Huội Quảng,2026-05-13 06:00:00,0.0,0.0
-484,TĐ Huội Quảng,2026-05-13 07:00:00,0.0,0.0
-484,TĐ Huội Quảng,2026-05-13 08:00:00,0.0,0.0
-484,TĐ Huội Quảng,2026-05-13 09:00:00,0.20000000298023224,0.20000000298023224
-484,TĐ Huội Quảng,2026-05-13 10:00:00,0.0,0.20000000298023224
-484,TĐ Huội Quảng,2026-05-13 11:00:00,0.0,0.20000000298023224
-484,TĐ Huội Quảng,2026-05-13 12:00:00,0.0,0.20000000298023224
-484,TĐ Huội Quảng,2026-05-13 13:00:00,0.0,0.20000000298023224
-484,TĐ Huội Quảng,2026-05-13 14:00:00,0.0,0.20000000298023224
-484,TĐ Huội Quảng,2026-05-13 15:00:00,0.0,0.20000000298023224
-484,TĐ Huội Quảng,2026-05-13 16:00:00,0.0,0.20000000298023224
-484,TĐ Huội Quảng,2026-05-13 17:00:00,0.0,0.20000000298023224
-484,TĐ Huội Quảng,2026-05-13 18:00:00,0.0,0.20000000298023224
-484,TĐ Huội Quảng,2026-05-13 19:00:00,0.0,0.20000000298023224
-484,TĐ Huội Quảng,2026-05-13 20:00:00,0.0,0.20000000298023224
-484,TĐ Huội Quảng,2026-05-13 21:00:00,0.0,0.20000000298023224
-484,TĐ Huội Quảng,2026-05-13 22:00:00,0.0,0.20000000298023224
-484,TĐ Huội Quảng,2026-05-13 23:00:00,0.0,0.20000000298023224
-484,TĐ Huội Quảng,2026-05-14 00:00:00,0.0,0.0
-484,TĐ Huội Quảng,2026-05-14 01:00:00,0.0,0.0
-484,TĐ Huội Quảng,2026-05-14 02:00:00,0.0,0.0
-484,TĐ Huội Quảng,2026-05-14 03:00:00,0.0,0.0
-484,TĐ Huội Quảng,2026-05-14 04:00:00,0.0,0.0
-484,TĐ Huội Quảng,2026-05-14 05:00:00,0.0,0.0
-484,TĐ Huội Quảng,2026-05-14 06:00:00,0.0,0.0
-484,TĐ Huội Quảng,2026-05-14 07:00:00,0.0,0.0
-484,TĐ Huội Quảng,2026-05-14 08:00:00,0.0,0.0
-484,TĐ Huội Quảng,2026-05-14 09:00:00,0.0,0.0
-484,TĐ Huội Quảng,2026-05-14 10:00:00,0.0,0.0
-484,TĐ Huội Quảng,2026-05-14 11:00:00,0.0,0.0
-484,TĐ Huội Quảng,2026-05-14 12:00:00,0.0,0.0
-484,TĐ Huội Quảng,2026-05-14 13:00:00,0.0,0.0
-484,TĐ Huội Quảng,2026-05-14 14:00:00,0.0,0.0
-484,TĐ Huội Quảng,2026-05-14 15:00:00,0.0,0.0
-484,TĐ Huội Quảng,2026-05-14 16:00:00,0.0,0.0
-484,TĐ Huội Quảng,2026-05-14 17:00:00,0.0,0.0
-484,TĐ Huội Quảng,2026-05-14 18:00:00,0.0,0.0
-484,TĐ Huội Quảng,2026-05-14 19:00:00,0.0,0.0
-484,TĐ Huội Quảng,2026-05-14 20:00:00,0.0,0.0
-484,TĐ Huội Quảng,2026-05-14 21:00:00,0.0,0.0
-484,TĐ Huội Quảng,2026-05-14 22:00:00,0.0,0.0
-484,TĐ Huội Quảng,2026-05-14 23:00:00,0.0,0.0
-484,TĐ Huội Quảng,2026-05-15 00:00:00,0.0,0.0
-484,TĐ Huội Quảng,2026-05-15 01:00:00,0.0,0.0
-484,TĐ Huội Quảng,2026-05-15 02:00:00,0.0,0.0
-484,TĐ Huội Quảng,2026-05-15 03:00:00,0.0,0.0
-484,TĐ Huội Quảng,2026-05-15 04:00:00,0.0,0.0
-484,TĐ Huội Quảng,2026-05-15 05:00:00,0.0,0.0
-484,TĐ Huội Quảng,2026-05-15 06:00:00,0.0,0.0
-484,TĐ Huội Quảng,2026-05-15 07:00:00,0.0,0.0
-484,TĐ Huội Quảng,2026-05-15 08:00:00,0.0,0.0
-484,TĐ Huội Quảng,2026-05-15 09:00:00,0.0,0.0
-484,TĐ Huội Quảng,2026-05-15 10:00:00,0.0,0.0
-484,TĐ Huội Quảng,2026-05-15 11:00:00,0.0,0.0
-484,TĐ Huội Quảng,2026-05-15 12:00:00,0.0,0.0
-484,TĐ Huội Quảng,2026-05-15 13:00:00,0.0,0.0
-484,TĐ Huội Quảng,2026-05-15 14:00:00,0.0,0.0
-484,TĐ Huội Quảng,2026-05-15 15:00:00,0.0,0.0
-484,TĐ Huội Quảng,2026-05-15 16:00:00,0.0,0.0
-484,TĐ Huội Quảng,2026-05-15 17:00:00,0.0,0.0
-484,TĐ Huội Quảng,2026-05-15 18:00:00,0.0,0.0
-484,TĐ Huội Quảng,2026-05-15 19:00:00,0.0,0.0
-484,TĐ Huội Quảng,2026-05-15 20:00:00,0.0,0.0
-484,TĐ Huội Quảng,2026-05-15 21:00:00,0.0,0.0
-484,TĐ Huội Quảng,2026-05-15 22:00:00,0.0,0.0
-484,TĐ Huội Quảng,2026-05-15 23:00:00,0.0,0.0
-484,TĐ Huội Quảng,2026-05-17 00:00:00,0.0,0.0
-484,TĐ Huội Quảng,2026-05-17 01:00:00,0.0,0.0
-484,TĐ Huội Quảng,2026-05-17 02:00:00,0.0,0.0
-484,TĐ Huội Quảng,2026-05-17 03:00:00,0.0,0.0
-484,TĐ Huội Quảng,2026-05-17 04:00:00,0.0,0.0
-484,TĐ Huội Quảng,2026-05-17 05:00:00,0.0,0.0
-484,TĐ Huội Quảng,2026-05-17 06:00:00,0.0,0.0
-484,TĐ Huội Quảng,2026-05-17 07:00:00,0.0,0.0
-484,TĐ Huội Quảng,2026-05-17 08:00:00,0.0,0.0
-484,TĐ Huội Quảng,2026-05-17 09:00:00,0.0,0.0
-484,TĐ Huội Quảng,2026-05-17 10:00:00,0.0,0.0
-484,TĐ Huội Quảng,2026-05-17 11:00:00,0.0,0.0
-484,TĐ Huội Quảng,2026-05-17 12:00:00,0.0,0.0
-484,TĐ Huội Quảng,2026-05-17 13:00:00,0.0,0.0
-484,TĐ Huội Quảng,2026-05-17 14:00:00,0.0,0.0
-484,TĐ Huội Quảng,2026-05-17 15:00:00,0.0,0.0
-484,TĐ Huội Quảng,2026-05-17 16:00:00,0.0,0.0
-484,TĐ Huội Quảng,2026-05-17 17:00:00,0.0,0.0
-484,TĐ Huội Quảng,2026-05-17 18:00:00,0.0,0.0
-484,TĐ Huội Quảng,2026-05-17 19:00:00,0.0,0.0
-484,TĐ Huội Quảng,2026-05-17 20:00:00,0.0,0.0
-484,TĐ Huội Quảng,2026-05-17 21:00:00,0.0,0.0
-484,TĐ Huội Quảng,2026-05-17 22:00:00,0.0,0.0
-484,TĐ Huội Quảng,2026-05-17 23:00:00,0.0,0.0
-484,TĐ Huội Quảng,2026-05-18 00:00:00,0.0,0.0
-484,TĐ Huội Quảng,2026-05-18 01:00:00,0.0,0.0
-484,TĐ Huội Quảng,2026-05-18 02:00:00,0.0,0.0
-484,TĐ Huội Quảng,2026-05-18 03:00:00,0.0,0.0
-484,TĐ Huội Quảng,2026-05-18 04:00:00,0.0,0.0
-484,TĐ Huội Quảng,2026-05-18 05:00:00,0.0,0.0
-484,TĐ Huội Quảng,2026-05-18 06:00:00,0.0,0.0
-484,TĐ Huội Quảng,2026-05-18 07:00:00,0.0,0.0
-484,TĐ Huội Quảng,2026-05-18 08:00:00,0.0,0.0
-484,TĐ Huội Quảng,2026-05-18 09:00:00,0.6000000238418579,0.6000000238418579
-484,TĐ Huội Quảng,2026-05-18 10:00:00,0.0,0.6000000238418579
-484,TĐ Huội Quảng,2026-05-18 11:00:00,0.0,0.6000000238418579
-484,TĐ Huội Quảng,2026-05-18 12:00:00,,0.6000000238418579
-484,TĐ Huội Quảng,2026-05-18 13:00:00,,0.6000000238418579
-484,TĐ Huội Quảng,2026-05-18 14:00:00,,0.6000000238418579
-484,TĐ Huội Quảng,2026-05-18 15:00:00,,0.6000000238418579
-484,TĐ Huội Quảng,2026-05-18 16:00:00,,0.6000000238418579
-484,TĐ Huội Quảng,2026-05-18 17:00:00,,0.6000000238418579
-484,TĐ Huội Quảng,2026-05-18 18:00:00,,0.6000000238418579
-484,TĐ Huội Quảng,2026-05-18 19:00:00,,0.6000000238418579
-484,TĐ Huội Quảng,2026-05-18 20:00:00,,0.6000000238418579
-484,TĐ Huội Quảng,2026-05-18 21:00:00,,0.6000000238418579
-484,TĐ Huội Quảng,2026-05-18 22:00:00,,0.6000000238418579
-484,TĐ Huội Quảng,2026-05-18 23:00:00,,0.6000000238418579
-484,TĐ Huội Quảng,2026-05-19 00:00:00,,0.0
-484,TĐ Huội Quảng,2026-05-19 01:00:00,,0.0
-484,TĐ Huội Quảng,2026-05-19 02:00:00,,0.0
-484,TĐ Huội Quảng,2026-05-19 03:00:00,,0.0
-484,TĐ Huội Quảng,2026-05-19 04:00:00,,0.0
-484,TĐ Huội Quảng,2026-05-19 05:00:00,,0.0
-484,TĐ Huội Quảng,2026-05-19 06:00:00,,0.0
-484,TĐ Huội Quảng,2026-05-19 07:00:00,,0.0
-484,TĐ Huội Quảng,2026-05-19 08:00:00,,0.0
-484,TĐ Huội Quảng,2026-05-19 09:00:00,,0.0
-484,TĐ Huội Quảng,2026-05-19 10:00:00,,0.0
-484,TĐ Huội Quảng,2026-05-19 11:00:00,,0.0
-484,TĐ Huội Quảng,2026-05-19 12:00:00,,0.0
-484,TĐ Huội Quảng,2026-05-19 13:00:00,,0.0
-484,TĐ Huội Quảng,2026-05-19 14:00:00,,0.0
-484,TĐ Huội Quảng,2026-05-19 15:00:00,0.0,0.0
-484,TĐ Huội Quảng,2026-05-19 16:00:00,,0.0
-484,TĐ Huội Quảng,2026-05-19 17:00:00,0.0,0.0
-484,TĐ Huội Quảng,2026-05-19 18:00:00,,0.0
-484,TĐ Huội Quảng,2026-05-19 19:00:00,,0.0
-484,TĐ Huội Quảng,2026-05-19 20:00:00,,0.6000000238418579
-484,TĐ Huội Quảng,2026-05-19 21:00:00,,18.199999630451202
-484,TĐ Huội Quảng,2026-05-19 22:00:00,,20.60000044107437
-484,TĐ Huội Quảng,2026-05-19 23:00:00,,24.20000034570694
-484,TĐ Huội Quảng,2026-05-20 00:00:00,,26.200000286102295
-484,TĐ Huội Quảng,2026-05-20 01:00:00,,26.200000286102295
-484,TĐ Huội Quảng,2026-05-20 02:00:00,,26.400000289082527
-484,TĐ Huội Quảng,2026-05-20 03:00:00,,26.400000289082527
-484,TĐ Huội Quảng,2026-05-20 04:00:00,,28.80000038444996
-484,TĐ Huội Quảng,2026-05-20 05:00:00,,28.80000038444996
-484,TĐ Huội Quảng,2026-05-20 06:00:00,,28.80000038444996
-484,TĐ Huội Quảng,2026-05-20 07:00:00,,28.80000038444996
-484,TĐ Huội Quảng,2026-05-20 08:00:00,,28.80000038444996
-484,TĐ Huội Quảng,2026-05-20 09:00:00,,28.80000038444996
-484,TĐ Huội Quảng,2026-05-20 10:00:00,,28.80000038444996
-484,TĐ Huội Quảng,2026-05-20 11:00:00,,28.80000038444996
-484,TĐ Huội Quảng,2026-05-20 12:00:00,,28.80000038444996
-484,TĐ Huội Quảng,2026-05-20 13:00:00,,28.80000038444996
-484,TĐ Huội Quảng,2026-05-20 14:00:00,,28.80000038444996
-484,TĐ Huội Quảng,2026-05-20 15:00:00,,28.80000038444996
-484,TĐ Huội Quảng,2026-05-20 16:00:00,,28.80000038444996
-484,TĐ Huội Quảng,2026-05-20 17:00:00,,28.80000038444996
-484,TĐ Huội Quảng,2026-05-20 18:00:00,,28.80000038444996
-484,TĐ Huội Quảng,2026-05-20 19:00:00,,28.80000038444996
-484,TĐ Huội Quảng,2026-05-20 20:00:00,,28.80000038444996
-484,TĐ Huội Quảng,2026-05-20 21:00:00,,28.80000038444996
-484,TĐ Huội Quảng,2026-05-20 22:00:00,,28.80000038444996
-484,TĐ Huội Quảng,2026-05-20 23:00:00,,28.80000038444996
-484,TĐ Huội Quảng,2026-05-21 00:00:00,,0.0
-484,TĐ Huội Quảng,2026-05-21 01:00:00,,0.0
-484,TĐ Huội Quảng,2026-05-21 02:00:00,,0.0
-484,TĐ Huội Quảng,2026-05-21 03:00:00,,0.0
-484,TĐ Huội Quảng,2026-05-21 04:00:00,,0.0
-484,TĐ Huội Quảng,2026-05-21 05:00:00,,0.0
-484,TĐ Huội Quảng,2026-05-21 06:00:00,,0.0
-484,TĐ Huội Quảng,2026-05-21 07:00:00,,0.0
-484,TĐ Huội Quảng,2026-05-21 08:00:00,,0.20000000298023224
-484,TĐ Huội Quảng,2026-05-21 09:00:00,,0.20000000298023224
-484,TĐ Huội Quảng,2026-05-21 10:00:00,,0.4000000059604645
-484,TĐ Huội Quảng,2026-05-21 11:00:00,,0.4000000059604645
-484,TĐ Huội Quảng,2026-05-21 12:00:00,,0.4000000059604645
-484,TĐ Huội Quảng,2026-05-21 13:00:00,,1.6000000536441803
-484,TĐ Huội Quảng,2026-05-21 14:00:00,,4.799999862909317
-484,TĐ Huội Quảng,2026-05-21 15:00:00,,6.4000000059604645
-484,TĐ Huội Quảng,2026-05-21 16:00:00,,6.4000000059604645
-484,TĐ Huội Quảng,2026-05-21 17:00:00,,6.4000000059604645
-484,TĐ Huội Quảng,2026-05-21 18:00:00,,6.600000008940697
-484,TĐ Huội Quảng,2026-05-21 19:00:00,,6.600000008940697
-484,TĐ Huội Quảng,2026-05-21 20:00:00,,6.600000008940697
-484,TĐ Huội Quảng,2026-05-21 21:00:00,,6.600000008940697
-484,TĐ Huội Quảng,2026-05-21 22:00:00,,6.600000008940697
-484,TĐ Huội Quảng,2026-05-21 23:00:00,,6.600000008940697
-484,TĐ Huội Quảng,2026-05-22 00:00:00,,0.0
-484,TĐ Huội Quảng,2026-05-22 01:00:00,,0.0
-484,TĐ Huội Quảng,2026-05-22 02:00:00,,0.0
-484,TĐ Huội Quảng,2026-05-22 03:00:00,,0.0
-484,TĐ Huội Quảng,2026-05-22 04:00:00,,0.0
-484,TĐ Huội Quảng,2026-05-22 05:00:00,,0.0
-484,TĐ Huội Quảng,2026-05-22 06:00:00,,0.0
-484,TĐ Huội Quảng,2026-05-22 07:00:00,,0.0
-484,TĐ Huội Quảng,2026-05-22 08:00:00,,0.0
-484,TĐ Huội Quảng,2026-05-22 09:00:00,,0.0
-484,TĐ Huội Quảng,2026-05-22 10:00:00,,0.0
-484,TĐ Huội Quảng,2026-05-22 11:00:00,,0.0
-484,TĐ Huội Quảng,2026-05-22 12:00:00,,0.0
-484,TĐ Huội Quảng,2026-05-22 13:00:00,,0.0
-484,TĐ Huội Quảng,2026-05-22 14:00:00,,0.0
-484,TĐ Huội Quảng,2026-05-22 15:00:00,,0.0
-484,TĐ Huội Quảng,2026-05-22 16:00:00,,0.0
-484,TĐ Huội Quảng,2026-05-22 17:00:00,,0.0
-484,TĐ Huội Quảng,2026-05-22 18:00:00,,0.0
-484,TĐ Huội Quảng,2026-05-22 19:00:00,,0.0
-484,TĐ Huội Quảng,2026-05-22 20:00:00,,0.0
-484,TĐ Huội Quảng,2026-05-22 21:00:00,,0.0
-484,TĐ Huội Quảng,2026-05-22 22:00:00,,0.0
-484,TĐ Huội Quảng,2026-05-22 23:00:00,,0.0
-484,TĐ Huội Quảng,2026-05-23 00:00:00,,0.0
-484,TĐ Huội Quảng,2026-05-23 01:00:00,,0.0
-484,TĐ Huội Quảng,2026-05-23 02:00:00,,0.0
-484,TĐ Huội Quảng,2026-05-23 03:00:00,,0.0
-484,TĐ Huội Quảng,2026-05-23 04:00:00,,0.0
-484,TĐ Huội Quảng,2026-05-23 05:00:00,,0.0
-484,TĐ Huội Quảng,2026-05-23 06:00:00,,0.0
-484,TĐ Huội Quảng,2026-05-23 07:00:00,,0.0
-484,TĐ Huội Quảng,2026-05-23 08:00:00,,0.0
-484,TĐ Huội Quảng,2026-05-23 09:00:00,,0.0
-484,TĐ Huội Quảng,2026-05-23 10:00:00,,0.0
-484,TĐ Huội Quảng,2026-05-23 11:00:00,,0.0
-484,TĐ Huội Quảng,2026-05-23 12:00:00,,0.0
-484,TĐ Huội Quảng,2026-05-23 13:00:00,,0.0
-484,TĐ Huội Quảng,2026-05-23 14:00:00,,0.0
-484,TĐ Huội Quảng,2026-05-23 15:00:00,,0.0
-484,TĐ Huội Quảng,2026-05-23 16:00:00,,0.0
-484,TĐ Huội Quảng,2026-05-23 17:00:00,,0.0
-484,TĐ Huội Quảng,2026-05-23 18:00:00,,0.0
-484,TĐ Huội Quảng,2026-05-23 19:00:00,,0.0
-484,TĐ Huội Quảng,2026-05-23 20:00:00,,0.20000000298023224
-484,TĐ Huội Quảng,2026-05-23 21:00:00,,0.20000000298023224
-484,TĐ Huội Quảng,2026-05-23 22:00:00,,
-484,TĐ Huội Quảng,2026-05-23 23:00:00,,
-484,TĐ Huội Quảng,2026-05-24 00:00:00,,0.0
-484,TĐ Huội Quảng,2026-05-24 01:00:00,,0.0
-484,TĐ Huội Quảng,2026-05-24 02:00:00,,0.0
-484,TĐ Huội Quảng,2026-05-24 03:00:00,,0.0
-484,TĐ Huội Quảng,2026-05-24 04:00:00,,0.0
-484,TĐ Huội Quảng,2026-05-24 05:00:00,,1.399999976158142
-484,TĐ Huội Quảng,2026-05-24 06:00:00,,1.399999976158142
-484,TĐ Huội Quảng,2026-05-24 07:00:00,,1.399999976158142
-484,TĐ Huội Quảng,2026-05-24 08:00:00,,1.399999976158142
-484,TĐ Huội Quảng,2026-05-24 09:00:00,,1.399999976158142
-484,TĐ Huội Quảng,2026-05-24 10:00:00,,1.399999976158142
-484,TĐ Huội Quảng,2026-05-24 11:00:00,,1.399999976158142
-484,TĐ Huội Quảng,2026-05-24 12:00:00,,1.399999976158142
-484,TĐ Huội Quảng,2026-05-24 13:00:00,,1.399999976158142
-484,TĐ Huội Quảng,2026-05-24 14:00:00,,1.399999976158142
-484,TĐ Huội Quảng,2026-05-24 15:00:00,,1.5999999791383743
-484,TĐ Huội Quảng,2026-05-24 16:00:00,,1.5999999791383743
-484,TĐ Huội Quảng,2026-05-24 17:00:00,,1.5999999791383743
-484,TĐ Huội Quảng,2026-05-24 18:00:00,,1.5999999791383743
-484,TĐ Huội Quảng,2026-05-24 19:00:00,,1.9999999850988388
-484,TĐ Huội Quảng,2026-05-24 20:00:00,,2.7999999970197678
-484,TĐ Huội Quảng,2026-05-24 21:00:00,,3.0
-484,TĐ Huội Quảng,2026-05-24 22:00:00,,3.0
-484,TĐ Huội Quảng,2026-05-24 23:00:00,,3.0
-484,TĐ Huội Quảng,2026-05-25 00:00:00,,0.20000000298023224
-484,TĐ Huội Quảng,2026-05-25 01:00:00,,0.20000000298023224
-484,TĐ Huội Quảng,2026-05-25 02:00:00,,0.20000000298023224
-484,TĐ Huội Quảng,2026-05-25 03:00:00,,0.20000000298023224
-484,TĐ Huội Quảng,2026-05-25 04:00:00,,0.20000000298023224
-484,TĐ Huội Quảng,2026-05-25 05:00:00,,0.20000000298023224
-484,TĐ Huội Quảng,2026-05-25 06:00:00,,1.2000000029802322
-484,TĐ Huội Quảng,2026-05-25 07:00:00,,1.2000000029802322
-484,TĐ Huội Quảng,2026-05-25 08:00:00,,1.2000000029802322
-484,TĐ Huội Quảng,2026-05-25 09:00:00,,1.2000000029802322
-484,TĐ Huội Quảng,2026-05-25 10:00:00,,1.2000000029802322
-484,TĐ Huội Quảng,2026-05-25 11:00:00,,1.2000000029802322
-484,TĐ Huội Quảng,2026-05-25 12:00:00,,1.2000000029802322
-484,TĐ Huội Quảng,2026-05-25 13:00:00,,1.2000000029802322
-484,TĐ Huội Quảng,2026-05-25 14:00:00,,1.4000000059604645
-484,TĐ Huội Quảng,2026-05-25 15:00:00,,1.4000000059604645
-484,TĐ Huội Quảng,2026-05-25 16:00:00,,1.4000000059604645
-484,TĐ Huội Quảng,2026-05-25 17:00:00,,1.4000000059604645
-484,TĐ Huội Quảng,2026-05-25 18:00:00,,1.4000000059604645
-484,TĐ Huội Quảng,2026-05-25 19:00:00,,1.4000000059604645
-484,TĐ Huội Quảng,2026-05-25 20:00:00,,1.4000000059604645
-484,TĐ Huội Quảng,2026-05-25 21:00:00,,1.4000000059604645
-484,TĐ Huội Quảng,2026-05-25 22:00:00,,1.4000000059604645
-484,TĐ Huội Quảng,2026-05-25 23:00:00,,1.4000000059604645
-484,TĐ Huội Quảng,2026-05-26 00:00:00,,0.0
-484,TĐ Huội Quảng,2026-05-26 01:00:00,,0.0
-484,TĐ Huội Quảng,2026-05-26 02:00:00,,0.0
-484,TĐ Huội Quảng,2026-05-26 03:00:00,,0.0
-484,TĐ Huội Quảng,2026-05-26 04:00:00,,0.0
-484,TĐ Huội Quảng,2026-05-26 05:00:00,,0.0
-484,TĐ Huội Quảng,2026-05-26 06:00:00,,0.0
-484,TĐ Huội Quảng,2026-05-26 07:00:00,,0.0
-484,TĐ Huội Quảng,2026-05-26 08:00:00,,0.0
-484,TĐ Huội Quảng,2026-05-26 09:00:00,,0.0
-484,TĐ Huội Quảng,2026-05-26 10:00:00,,0.0
-484,TĐ Huội Quảng,2026-05-26 11:00:00,,0.0
-484,TĐ Huội Quảng,2026-05-26 12:00:00,,0.0
-484,TĐ Huội Quảng,2026-05-26 13:00:00,,0.0
-484,TĐ Huội Quảng,2026-05-26 14:00:00,,0.0
-484,TĐ Huội Quảng,2026-05-26 15:00:00,,0.0
-484,TĐ Huội Quảng,2026-05-26 16:00:00,,0.0
-484,TĐ Huội Quảng,2026-05-26 17:00:00,,0.0
-484,TĐ Huội Quảng,2026-05-26 18:00:00,,0.0
-484,TĐ Huội Quảng,2026-05-26 19:00:00,,0.0
-484,TĐ Huội Quảng,2026-05-26 20:00:00,,0.0
-484,TĐ Huội Quảng,2026-05-26 21:00:00,,0.0
-484,TĐ Huội Quảng,2026-05-26 22:00:00,,0.0
-484,TĐ Huội Quảng,2026-05-26 23:00:00,,0.0
-484,TĐ Huội Quảng,2026-05-27 00:00:00,,0.0
-484,TĐ Huội Quảng,2026-05-27 01:00:00,,0.0
-484,TĐ Huội Quảng,2026-05-27 02:00:00,,0.0
-484,TĐ Huội Quảng,2026-05-27 03:00:00,,0.0
-484,TĐ Huội Quảng,2026-05-27 04:00:00,,0.0
-484,TĐ Huội Quảng,2026-05-27 05:00:00,,0.0
-484,TĐ Huội Quảng,2026-05-27 06:00:00,,0.0
-484,TĐ Huội Quảng,2026-05-27 07:00:00,,0.0
-484,TĐ Huội Quảng,2026-05-27 08:00:00,,0.0
-484,TĐ Huội Quảng,2026-05-27 09:00:00,,0.0
-484,TĐ Huội Quảng,2026-05-27 10:00:00,,0.0
-484,TĐ Huội Quảng,2026-05-27 11:00:00,,0.0
-484,TĐ Huội Quảng,2026-05-27 12:00:00,,0.0
-484,TĐ Huội Quảng,2026-05-27 13:00:00,,0.0
-484,TĐ Huội Quảng,2026-05-27 14:00:00,,0.0
-484,TĐ Huội Quảng,2026-05-27 15:00:00,,0.0
-484,TĐ Huội Quảng,2026-05-27 16:00:00,,0.0
-484,TĐ Huội Quảng,2026-05-27 17:00:00,,0.0
-484,TĐ Huội Quảng,2026-05-27 18:00:00,,0.0
-484,TĐ Huội Quảng,2026-05-27 19:00:00,,0.0
-484,TĐ Huội Quảng,2026-05-27 20:00:00,,0.0
-484,TĐ Huội Quảng,2026-05-27 21:00:00,,0.0
-484,TĐ Huội Quảng,2026-05-27 22:00:00,,0.0
-484,TĐ Huội Quảng,2026-05-27 23:00:00,,0.0
-484,TĐ Huội Quảng,2026-05-28 00:00:00,,0.0
-484,TĐ Huội Quảng,2026-05-28 01:00:00,,0.0
-484,TĐ Huội Quảng,2026-05-28 02:00:00,,0.0
-484,TĐ Huội Quảng,2026-05-28 03:00:00,,0.0
-484,TĐ Huội Quảng,2026-05-28 04:00:00,,0.0
-484,TĐ Huội Quảng,2026-05-28 05:00:00,,0.0
-484,TĐ Huội Quảng,2026-05-28 06:00:00,,0.0
-484,TĐ Huội Quảng,2026-05-28 07:00:00,,0.0
-484,TĐ Huội Quảng,2026-05-28 08:00:00,,0.0
-484,TĐ Huội Quảng,2026-05-28 09:00:00,,0.0
-484,TĐ Huội Quảng,2026-05-28 10:00:00,,0.0
-484,TĐ Huội Quảng,2026-05-28 11:00:00,,0.0
-484,TĐ Huội Quảng,2026-05-28 12:00:00,,0.0
-484,TĐ Huội Quảng,2026-05-28 13:00:00,,0.0
-484,TĐ Huội Quảng,2026-05-28 14:00:00,,0.0
-484,TĐ Huội Quảng,2026-05-28 15:00:00,,0.0
-484,TĐ Huội Quảng,2026-05-28 16:00:00,,0.0
-484,TĐ Huội Quảng,2026-05-28 17:00:00,,0.0
-484,TĐ Huội Quảng,2026-05-28 18:00:00,,0.0
-484,TĐ Huội Quảng,2026-05-28 19:00:00,,0.0
-484,TĐ Huội Quảng,2026-05-28 20:00:00,,0.0
-484,TĐ Huội Quảng,2026-05-28 21:00:00,,0.800000011920929
-484,TĐ Huội Quảng,2026-05-28 22:00:00,,1.0000000149011612
-484,TĐ Huội Quảng,2026-05-28 23:00:00,,1.2000000178813934
-484,TĐ Huội Quảng,2026-05-29 00:00:00,,1.2000000178813934
-484,TĐ Huội Quảng,2026-05-29 01:00:00,,1.2000000178813934
-484,TĐ Huội Quảng,2026-05-29 02:00:00,,1.2000000178813934
-484,TĐ Huội Quảng,2026-05-29 03:00:00,,1.2000000178813934
-484,TĐ Huội Quảng,2026-05-29 04:00:00,,1.2000000178813934
-484,TĐ Huội Quảng,2026-05-29 05:00:00,,1.2000000178813934
-484,TĐ Huội Quảng,2026-05-29 06:00:00,,1.8000000417232513
-484,TĐ Huội Quảng,2026-05-29 07:00:00,,3.19999997317791
-484,TĐ Huội Quảng,2026-05-29 08:00:00,,3.399999976158142
-484,TĐ Huội Quảng,2026-05-29 09:00:00,,3.399999976158142
-484,TĐ Huội Quảng,2026-05-29 10:00:00,,3.399999976158142
-484,TĐ Huội Quảng,2026-05-29 11:00:00,,3.399999976158142
-484,TĐ Huội Quảng,2026-05-29 12:00:00,,3.399999976158142
-484,TĐ Huội Quảng,2026-05-29 13:00:00,,3.399999976158142
-484,TĐ Huội Quảng,2026-05-29 14:00:00,,3.399999976158142
-484,TĐ Huội Quảng,2026-05-29 15:00:00,,3.399999976158142
-484,TĐ Huội Quảng,2026-05-29 16:00:00,,3.399999976158142
-484,TĐ Huội Quảng,2026-05-29 17:00:00,,3.399999976158142
-484,TĐ Huội Quảng,2026-05-29 18:00:00,,3.399999976158142
-484,TĐ Huội Quảng,2026-05-29 19:00:00,,3.399999976158142
-484,TĐ Huội Quảng,2026-05-29 20:00:00,,3.399999976158142
-484,TĐ Huội Quảng,2026-05-29 21:00:00,,3.399999976158142
-484,TĐ Huội Quảng,2026-05-29 22:00:00,,3.399999976158142
-484,TĐ Huội Quảng,2026-05-29 23:00:00,,3.399999976158142
-484,TĐ Huội Quảng,2026-05-30 00:00:00,,0.0
-484,TĐ Huội Quảng,2026-05-30 01:00:00,,0.0
-484,TĐ Huội Quảng,2026-05-30 02:00:00,,0.0
-484,TĐ Huội Quảng,2026-05-30 03:00:00,,0.0
-484,TĐ Huội Quảng,2026-05-30 04:00:00,,0.0
-484,TĐ Huội Quảng,2026-05-30 05:00:00,,0.0
-484,TĐ Huội Quảng,2026-05-30 06:00:00,,0.0
-484,TĐ Huội Quảng,2026-05-30 07:00:00,,0.0
-484,TĐ Huội Quảng,2026-05-30 08:00:00,,0.0
-484,TĐ Huội Quảng,2026-05-30 09:00:00,,0.0
-484,TĐ Huội Quảng,2026-05-30 10:00:00,,3.4000000953674316
-484,TĐ Huội Quảng,2026-05-30 11:00:00,,18.199999570846558
-484,TĐ Huội Quảng,2026-05-30 12:00:00,,25.399999618530273
-484,TĐ Huội Quảng,2026-05-30 13:00:00,,30.999999523162842
-484,TĐ Huội Quảng,2026-05-30 14:00:00,,33.399999499320984
-484,TĐ Huội Quảng,2026-05-30 15:00:00,,33.599999502301216
-484,TĐ Huội Quảng,2026-05-30 16:00:00,,33.599999502301216
-484,TĐ Huội Quảng,2026-05-30 17:00:00,,33.599999502301216
-484,TĐ Huội Quảng,2026-05-30 18:00:00,,33.599999502301216
-484,TĐ Huội Quảng,2026-05-30 19:00:00,,33.599999502301216
-484,TĐ Huội Quảng,2026-05-30 20:00:00,,33.599999502301216
-484,TĐ Huội Quảng,2026-05-30 21:00:00,,33.599999502301216
-484,TĐ Huội Quảng,2026-05-30 22:00:00,,33.599999502301216
-484,TĐ Huội Quảng,2026-05-30 23:00:00,,33.599999502301216
-484,TĐ Huội Quảng,2026-05-31 00:00:00,,0.0
-484,TĐ Huội Quảng,2026-05-31 01:00:00,,0.0
-484,TĐ Huội Quảng,2026-05-31 02:00:00,,0.0
-484,TĐ Huội Quảng,2026-05-31 03:00:00,,0.0
-484,TĐ Huội Quảng,2026-05-31 04:00:00,,0.0
-484,TĐ Huội Quảng,2026-05-31 05:00:00,,0.0
-484,TĐ Huội Quảng,2026-05-31 06:00:00,,0.0
-484,TĐ Huội Quảng,2026-05-31 07:00:00,,0.0
-484,TĐ Huội Quảng,2026-05-31 08:00:00,,0.0
-484,TĐ Huội Quảng,2026-05-31 09:00:00,,0.0
-484,TĐ Huội Quảng,2026-05-31 10:00:00,,0.0
-484,TĐ Huội Quảng,2026-05-31 11:00:00,,0.0
-484,TĐ Huội Quảng,2026-05-31 12:00:00,,0.0
-484,TĐ Huội Quảng,2026-05-31 13:00:00,,0.0
-484,TĐ Huội Quảng,2026-05-31 14:00:00,0.0,0.0
-484,TĐ Huội Quảng,2026-05-31 15:00:00,,0.0
-484,TĐ Huội Quảng,2026-05-31 16:00:00,,0.0
-484,TĐ Huội Quảng,2026-05-31 17:00:00,,0.0
-484,TĐ Huội Quảng,2026-05-31 18:00:00,,0.0
-484,TĐ Huội Quảng,2026-05-31 19:00:00,,0.0
-484,TĐ Huội Quảng,2026-05-31 20:00:00,,0.0
-484,TĐ Huội Quảng,2026-05-31 21:00:00,,0.0
-484,TĐ Huội Quảng,2026-05-31 22:00:00,,0.0
-484,TĐ Huội Quảng,2026-05-31 23:00:00,,0.0
-484,TĐ Huội Quảng,2026-06-01 00:00:00,0.0,0.0
-484,TĐ Huội Quảng,2026-06-01 01:00:00,0.0,0.0
-484,TĐ Huội Quảng,2026-06-01 02:00:00,0.0,0.0
-484,TĐ Huội Quảng,2026-06-01 03:00:00,0.0,0.0
-484,TĐ Huội Quảng,2026-06-01 04:00:00,0.0,0.0
-484,TĐ Huội Quảng,2026-06-01 05:00:00,0.0,0.0
-484,TĐ Huội Quảng,2026-06-01 06:00:00,0.0,0.0
-484,TĐ Huội Quảng,2026-06-01 07:00:00,0.0,0.0
-484,TĐ Huội Quảng,2026-06-01 08:00:00,0.0,0.0
-484,TĐ Huội Quảng,2026-06-01 09:00:00,0.0,0.0
-484,TĐ Huội Quảng,2026-06-01 10:00:00,,0.0
-484,TĐ Huội Quảng,2026-06-01 11:00:00,,0.0
-484,TĐ Huội Quảng,2026-06-01 12:00:00,,0.0
-484,TĐ Huội Quảng,2026-06-01 13:00:00,,0.0
-484,TĐ Huội Quảng,2026-06-01 14:00:00,,0.0
-484,TĐ Huội Quảng,2026-06-01 15:00:00,,0.0
-484,TĐ Huội Quảng,2026-06-01 16:00:00,,0.0
-484,TĐ Huội Quảng,2026-06-01 17:00:00,,0.0
-484,TĐ Huội Quảng,2026-06-01 18:00:00,,0.0
-484,TĐ Huội Quảng,2026-06-01 19:00:00,,0.0
-484,TĐ Huội Quảng,2026-06-01 20:00:00,,0.0
-484,TĐ Huội Quảng,2026-06-01 21:00:00,,0.0
-484,TĐ Huội Quảng,2026-06-01 22:00:00,,0.0
-484,TĐ Huội Quảng,2026-06-01 23:00:00,,0.0
-484,TĐ Huội Quảng,2026-06-02 00:00:00,,0.0
-484,TĐ Huội Quảng,2026-06-02 01:00:00,,0.0
-484,TĐ Huội Quảng,2026-06-02 02:00:00,,0.0
-484,TĐ Huội Quảng,2026-06-02 03:00:00,,0.0
-484,TĐ Huội Quảng,2026-06-02 04:00:00,,0.0
-484,TĐ Huội Quảng,2026-06-02 05:00:00,,0.0
-484,TĐ Huội Quảng,2026-06-02 06:00:00,,0.0
-484,TĐ Huội Quảng,2026-06-02 07:00:00,,0.0
-484,TĐ Huội Quảng,2026-06-02 08:00:00,,0.0
-484,TĐ Huội Quảng,2026-06-02 09:00:00,,0.0
-484,TĐ Huội Quảng,2026-06-02 10:00:00,,0.0
-484,TĐ Huội Quảng,2026-06-02 11:00:00,,0.0
-484,TĐ Huội Quảng,2026-06-02 12:00:00,,0.0
-484,TĐ Huội Quảng,2026-06-02 13:00:00,,0.0
-484,TĐ Huội Quảng,2026-06-02 14:00:00,,0.0
-484,TĐ Huội Quảng,2026-06-02 15:00:00,,0.0
-484,TĐ Huội Quảng,2026-06-02 16:00:00,,0.0
-484,TĐ Huội Quảng,2026-06-02 17:00:00,,0.0
-484,TĐ Huội Quảng,2026-06-02 18:00:00,,0.0
-484,TĐ Huội Quảng,2026-06-02 19:00:00,,0.0
-484,TĐ Huội Quảng,2026-06-02 20:00:00,,0.0
-484,TĐ Huội Quảng,2026-06-02 21:00:00,,0.0
-484,TĐ Huội Quảng,2026-06-02 22:00:00,,0.0
-484,TĐ Huội Quảng,2026-06-02 23:00:00,,0.0
-484,TĐ Huội Quảng,2026-06-03 00:00:00,,0.0
-484,TĐ Huội Quảng,2026-06-03 01:00:00,,0.0
-484,TĐ Huội Quảng,2026-06-03 02:00:00,,0.0
-484,TĐ Huội Quảng,2026-06-03 03:00:00,,0.0
-484,TĐ Huội Quảng,2026-06-03 04:00:00,,0.0
-484,TĐ Huội Quảng,2026-06-03 05:00:00,,0.0
-484,TĐ Huội Quảng,2026-06-03 06:00:00,,0.0
-484,TĐ Huội Quảng,2026-06-03 07:00:00,,0.0
-484,TĐ Huội Quảng,2026-06-03 08:00:00,,0.0
-484,TĐ Huội Quảng,2026-06-03 09:00:00,,0.0
-484,TĐ Huội Quảng,2026-06-03 10:00:00,,0.0
-484,TĐ Huội Quảng,2026-06-03 11:00:00,,0.0
-484,TĐ Huội Quảng,2026-06-03 12:00:00,,0.0
-484,TĐ Huội Quảng,2026-06-03 13:00:00,,0.0
-484,TĐ Huội Quảng,2026-06-03 14:00:00,,0.0
-484,TĐ Huội Quảng,2026-06-03 15:00:00,,0.0
-484,TĐ Huội Quảng,2026-06-03 16:00:00,,0.0
-484,TĐ Huội Quảng,2026-06-03 17:00:00,,0.0
-484,TĐ Huội Quảng,2026-06-03 18:00:00,,0.0
-484,TĐ Huội Quảng,2026-06-03 19:00:00,,0.0
-484,TĐ Huội Quảng,2026-06-03 20:00:00,,0.0
-484,TĐ Huội Quảng,2026-06-03 21:00:00,,0.0
-484,TĐ Huội Quảng,2026-06-03 22:00:00,,0.0
-484,TĐ Huội Quảng,2026-06-03 23:00:00,,0.0
-484,TĐ Huội Quảng,2026-06-04 00:00:00,,0.0
-484,TĐ Huội Quảng,2026-06-04 01:00:00,,0.0
-484,TĐ Huội Quảng,2026-06-04 02:00:00,,0.0
-484,TĐ Huội Quảng,2026-06-04 03:00:00,,0.0
-484,TĐ Huội Quảng,2026-06-04 04:00:00,,0.0
-484,TĐ Huội Quảng,2026-06-04 05:00:00,,0.0
-484,TĐ Huội Quảng,2026-06-04 06:00:00,0.0,0.0
-484,TĐ Huội Quảng,2026-06-04 07:00:00,0.0,0.0
-484,TĐ Huội Quảng,2026-06-04 08:00:00,0.0,0.0
-484,TĐ Huội Quảng,2026-06-04 09:00:00,0.0,0.0
-484,TĐ Huội Quảng,2026-06-04 10:00:00,0.0,0.0
-484,TĐ Huội Quảng,2026-06-04 11:00:00,0.0,0.0
-484,TĐ Huội Quảng,2026-06-04 12:00:00,0.0,0.0
-484,TĐ Huội Quảng,2026-06-04 13:00:00,0.0,0.0
-484,TĐ Huội Quảng,2026-06-04 14:00:00,0.0,0.0
-484,TĐ Huội Quảng,2026-06-04 15:00:00,0.0,0.0
-484,TĐ Huội Quảng,2026-06-04 16:00:00,0.0,0.0
-484,TĐ Huội Quảng,2026-06-04 17:00:00,0.0,0.0
-484,TĐ Huội Quảng,2026-06-04 18:00:00,0.0,0.0
-484,TĐ Huội Quảng,2026-06-04 19:00:00,0.0,0.0
-484,TĐ Huội Quảng,2026-06-04 20:00:00,0.0,0.0
-484,TĐ Huội Quảng,2026-06-04 21:00:00,0.800000011920929,0.800000011920929
-484,TĐ Huội Quảng,2026-06-04 22:00:00,0.20000000298023224,1.0000000149011612
-484,TĐ Huội Quảng,2026-06-04 23:00:00,0.0,1.0000000149011612
-484,TĐ Huội Quảng,2026-06-05 00:00:00,0.0,1.0000000149011612
-484,TĐ Huội Quảng,2026-06-05 01:00:00,0.0,1.0000000149011612
-484,TĐ Huội Quảng,2026-06-05 02:00:00,0.0,1.0000000149011612
-484,TĐ Huội Quảng,2026-06-05 03:00:00,0.0,1.0000000149011612
-484,TĐ Huội Quảng,2026-06-05 04:00:00,16.600000381469727,17.600000396370888
-484,TĐ Huội Quảng,2026-06-05 05:00:00,25.799999237060547,43.399999633431435
-484,TĐ Huội Quảng,2026-06-05 06:00:00,8.600000381469727,52.00000001490116
-484,TĐ Huội Quảng,2026-06-05 07:00:00,8.0,60.00000001490116
-484,TĐ Huội Quảng,2026-06-05 08:00:00,6.800000190734863,66.80000020563602
-484,TĐ Huội Quảng,2026-06-05 09:00:00,5.0,71.80000020563602
-484,TĐ Huội Quảng,2026-06-05 10:00:00,1.399999976158142,73.20000018179417
-484,TĐ Huội Quảng,2026-06-05 11:00:00,1.600000023841858,74.80000020563602
-484,TĐ Huội Quảng,2026-06-05 12:00:00,0.6000000238418579,75.40000022947788
-484,TĐ Huội Quảng,2026-06-05 13:00:00,0.20000000298023224,75.60000023245811
-484,TĐ Huội Quảng,2026-06-05 14:00:00,0.0,75.60000023245811
-484,TĐ Huội Quảng,2026-06-05 15:00:00,0.0,75.60000023245811
-484,TĐ Huội Quảng,2026-06-05 16:00:00,0.0,75.60000023245811
-484,TĐ Huội Quảng,2026-06-05 17:00:00,0.0,75.60000023245811
-484,TĐ Huội Quảng,2026-06-05 18:00:00,0.0,75.60000023245811
-484,TĐ Huội Quảng,2026-06-05 19:00:00,0.0,75.60000023245811
-484,TĐ Huội Quảng,2026-06-05 20:00:00,0.0,75.60000023245811
-484,TĐ Huội Quảng,2026-06-05 21:00:00,0.0,75.60000023245811
-484,TĐ Huội Quảng,2026-06-05 22:00:00,0.0,75.60000023245811
-484,TĐ Huội Quảng,2026-06-05 23:00:00,0.0,75.60000023245811
-484,TĐ Huội Quảng,2026-06-06 00:00:00,0.0,0.0
-484,TĐ Huội Quảng,2026-06-06 01:00:00,0.0,0.0
-484,TĐ Huội Quảng,2026-06-06 02:00:00,0.0,0.0
-484,TĐ Huội Quảng,2026-06-06 03:00:00,0.0,0.0
-484,TĐ Huội Quảng,2026-06-06 04:00:00,5.0,5.0
-484,TĐ Huội Quảng,2026-06-06 05:00:00,2.0,7.0
-484,TĐ Huội Quảng,2026-06-06 06:00:00,0.800000011920929,7.0
-484,TĐ Huội Quảng,2026-06-06 07:00:00,0.0,8.000000059604645
-484,TĐ Huội Quảng,2026-06-06 08:00:00,0.0,8.000000059604645
-484,TĐ Huội Quảng,2026-06-06 09:00:00,0.0,8.000000059604645
-484,TĐ Huội Quảng,2026-06-06 10:00:00,0.0,8.000000059604645
-484,TĐ Huội Quảng,2026-06-06 11:00:00,0.0,8.000000059604645
-484,TĐ Huội Quảng,2026-06-06 12:00:00,0.0,8.000000059604645
-484,TĐ Huội Quảng,2026-06-06 13:00:00,0.0,8.000000059604645
-484,TĐ Huội Quảng,2026-06-06 14:00:00,0.0,8.000000059604645
-484,TĐ Huội Quảng,2026-06-06 15:00:00,0.0,8.000000059604645
-484,TĐ Huội Quảng,2026-06-06 16:00:00,0.0,8.000000059604645
-484,TĐ Huội Quảng,2026-06-06 17:00:00,0.0,8.000000059604645
-484,TĐ Huội Quảng,2026-06-06 18:00:00,0.0,8.000000059604645
-484,TĐ Huội Quảng,2026-06-06 19:00:00,3.799999952316284,8.000000059604645
-484,TĐ Huội Quảng,2026-06-06 20:00:00,0.0,11.800000011920929
-484,TĐ Huội Quảng,2026-06-06 21:00:00,0.0,11.800000011920929
-484,TĐ Huội Quảng,2026-06-06 22:00:00,0.0,11.800000011920929
-484,TĐ Huội Quảng,2026-06-06 23:00:00,0.0,11.800000011920929
-484,TĐ Huội Quảng,2026-06-07 00:00:00,0.0,0.0
-484,TĐ Huội Quảng,2026-06-07 01:00:00,0.0,0.0
-484,TĐ Huội Quảng,2026-06-07 02:00:00,0.0,0.0
-484,TĐ Huội Quảng,2026-06-07 03:00:00,0.0,0.0
-484,TĐ Huội Quảng,2026-06-07 04:00:00,0.0,0.0
-484,TĐ Huội Quảng,2026-06-07 05:00:00,0.0,0.0
-484,TĐ Huội Quảng,2026-06-07 06:00:00,0.0,0.0
-484,TĐ Huội Quảng,2026-06-07 07:00:00,0.0,0.0
-484,TĐ Huội Quảng,2026-06-07 08:00:00,0.0,0.0
-484,TĐ Huội Quảng,2026-06-07 09:00:00,0.0,0.0
-484,TĐ Huội Quảng,2026-06-07 10:00:00,0.0,0.0
-484,TĐ Huội Quảng,2026-06-07 11:00:00,0.0,0.0
-484,TĐ Huội Quảng,2026-06-07 12:00:00,0.0,0.0
-484,TĐ Huội Quảng,2026-06-07 13:00:00,0.0,0.0
-484,TĐ Huội Quảng,2026-06-07 14:00:00,0.0,0.0
-484,TĐ Huội Quảng,2026-06-07 15:00:00,0.0,0.0
-484,TĐ Huội Quảng,2026-06-07 16:00:00,0.0,0.0
-484,TĐ Huội Quảng,2026-06-07 17:00:00,0.0,0.0
-484,TĐ Huội Quảng,2026-06-07 18:00:00,0.0,0.0
-484,TĐ Huội Quảng,2026-06-07 19:00:00,0.4000000059604645,0.0
-484,TĐ Huội Quảng,2026-06-07 20:00:00,5.199999809265137,0.4000000059604645
-484,TĐ Huội Quảng,2026-06-07 21:00:00,0.0,7.3999998569488525
-484,TĐ Huội Quảng,2026-06-07 22:00:00,1.2000000476837158,7.3999998569488525
-484,TĐ Huội Quảng,2026-06-07 23:00:00,0.0,8.599999904632568
-484,TĐ Huội Quảng,2026-06-08 00:00:00,0.0,6.599999785423279
-484,TĐ Huội Quảng,2026-06-08 01:00:00,0.0,6.599999785423279
-484,TĐ Huội Quảng,2026-06-08 02:00:00,0.20000000298023224,6.599999785423279
-484,TĐ Huội Quảng,2026-06-08 03:00:00,0.0,6.799999788403511
-484,TĐ Huội Quảng,2026-06-08 04:00:00,1.600000023841858,6.799999788403511
-484,TĐ Huội Quảng,2026-06-08 05:00:00,0.0,8.399999812245369
-484,TĐ Huội Quảng,2026-06-08 06:00:00,0.0,8.399999812245369
-484,TĐ Huội Quảng,2026-06-08 07:00:00,0.0,8.399999812245369
-484,TĐ Huội Quảng,2026-06-08 08:00:00,0.0,8.399999812245369
-484,TĐ Huội Quảng,2026-06-08 09:00:00,0.0,8.399999812245369
-484,TĐ Huội Quảng,2026-06-08 10:00:00,0.0,8.399999812245369
-484,TĐ Huội Quảng,2026-06-08 11:00:00,0.0,8.399999812245369
-484,TĐ Huội Quảng,2026-06-08 12:00:00,0.0,8.399999812245369
-484,TĐ Huội Quảng,2026-06-08 13:00:00,0.0,8.399999812245369
-484,TĐ Huội Quảng,2026-06-08 14:00:00,0.0,8.399999812245369
-484,TĐ Huội Quảng,2026-06-08 15:00:00,0.0,8.399999812245369
-484,TĐ Huội Quảng,2026-06-08 16:00:00,2.200000047683716,8.399999812245369
-484,TĐ Huội Quảng,2026-06-08 17:00:00,2.4000000953674316,10.599999859929085
-484,TĐ Huội Quảng,2026-06-08 18:00:00,0.0,22.600000098347664
-484,TĐ Huội Quảng,2026-06-08 19:00:00,0.0,22.600000098347664
-484,TĐ Huội Quảng,2026-06-08 20:00:00,0.0,22.600000098347664
-484,TĐ Huội Quảng,2026-06-08 21:00:00,0.0,22.600000098347664
-484,TĐ Huội Quảng,2026-06-08 22:00:00,0.0,22.600000098347664
-484,TĐ Huội Quảng,2026-06-08 23:00:00,0.0,22.600000098347664
-484,TĐ Huội Quảng,2026-06-09 00:00:00,0.0,0.0
-484,TĐ Huội Quảng,2026-06-09 01:00:00,0.0,0.0
-484,TĐ Huội Quảng,2026-06-09 02:00:00,0.0,0.20000000298023224
-484,TĐ Huội Quảng,2026-06-09 03:00:00,0.20000000298023224,0.20000000298023224
-484,TĐ Huội Quảng,2026-06-09 04:00:00,0.0,0.4000000059604645
-484,TĐ Huội Quảng,2026-06-09 05:00:00,0.800000011920929,0.4000000059604645
-484,TĐ Huội Quảng,2026-06-09 06:00:00,7.599999904632568,1.2000000178813934
-484,TĐ Huội Quảng,2026-06-09 07:00:00,13.600000381469727,9.59999993443489
-484,TĐ Huội Quảng,2026-06-09 08:00:00,6.599999904632568,29.800000220537186
-484,TĐ Huội Quảng,2026-06-09 09:00:00,2.5999999046325684,38.1999993622303
-484,TĐ Huội Quảng,2026-06-09 10:00:00,1.399999976158142,42.599998980760574
-484,TĐ Huội Quảng,2026-06-09 11:00:00,0.0,44.19999900460243
-484,TĐ Huội Quảng,2026-06-09 12:00:00,0.4000000059604645,44.19999900460243
-484,TĐ Huội Quảng,2026-06-09 13:00:00,0.6000000238418579,44.79999901354313
-484,TĐ Huội Quảng,2026-06-09 14:00:00,2.200000047683716,45.39999903738499
-484,TĐ Huội Quảng,2026-06-09 15:00:00,3.0,47.999999061226845
-484,TĐ Huội Quảng,2026-06-09 16:00:00,3.200000047683716,51.59999896585941
-484,TĐ Huội Quảng,2026-06-09 17:00:00,2.4000000953674316,55.19999910891056
-484,TĐ Huội Quảng,2026-06-09 18:00:00,1.399999976158142,58.19999910891056
-484,TĐ Huội Quảng,2026-06-09 19:00:00,0.20000000298023224,59.5999990850687
-484,TĐ Huội Quảng,2026-06-09 20:00:00,1.0,60.39999911189079
-484,TĐ Huội Quảng,2026-06-09 21:00:00,2.200000047683716,61.39999911189079
-484,TĐ Huội Quảng,2026-06-09 22:00:00,0.20000000298023224,63.59999915957451
-484,TĐ Huội Quảng,2026-06-09 23:00:00,0.20000000298023224,63.79999916255474
-484,TĐ Huội Quảng,2026-06-10 00:00:00,0.20000000298023224,3.6000000536441803
-484,TĐ Huội Quảng,2026-06-10 01:00:00,1.0,3.8000000566244125
-484,TĐ Huội Quảng,2026-06-10 02:00:00,1.399999976158142,5.000000059604645
-484,TĐ Huội Quảng,2026-06-10 03:00:00,0.800000011920929,6.600000083446503
-484,TĐ Huội Quảng,2026-06-10 04:00:00,0.20000000298023224,8.00000011920929
-484,TĐ Huội Quảng,2026-06-10 05:00:00,0.0,8.200000122189522
-484,TĐ Huội Quảng,2026-06-10 06:00:00,0.0,8.200000122189522
-484,TĐ Huội Quảng,2026-06-10 07:00:00,0.0,8.200000122189522
-484,TĐ Huội Quảng,2026-06-10 08:00:00,0.0,8.200000122189522
-484,TĐ Huội Quảng,2026-06-10 09:00:00,0.0,8.200000122189522
-484,TĐ Huội Quảng,2026-06-10 10:00:00,0.0,8.200000122189522
-484,TĐ Huội Quảng,2026-06-10 11:00:00,0.0,8.200000122189522
-484,TĐ Huội Quảng,2026-06-10 12:00:00,0.0,8.200000122189522
-484,TĐ Huội Quảng,2026-06-10 13:00:00,0.0,8.200000122189522
-484,TĐ Huội Quảng,2026-06-10 14:00:00,0.0,8.200000122189522
-484,TĐ Huội Quảng,2026-06-10 15:00:00,,8.200000122189522
-484,TĐ Huội Quảng,2026-06-10 16:00:00,0.0,8.200000122189522
-484,TĐ Huội Quảng,2026-06-10 17:00:00,0.0,8.200000122189522
-484,TĐ Huội Quảng,2026-06-10 18:00:00,0.0,8.200000122189522
-484,TĐ Huội Quảng,2026-06-10 19:00:00,0.0,8.200000122189522
-484,TĐ Huội Quảng,2026-06-10 20:00:00,0.0,8.200000122189522
-484,TĐ Huội Quảng,2026-06-10 21:00:00,0.0,8.200000122189522
-484,TĐ Huội Quảng,2026-06-10 22:00:00,0.0,8.200000122189522
-484,TĐ Huội Quảng,2026-06-10 23:00:00,0.0,8.200000122189522
-484,TĐ Huội Quảng,2026-06-11 00:00:00,0.0,0.0
-484,TĐ Huội Quảng,2026-06-11 01:00:00,0.0,0.0
-484,TĐ Huội Quảng,2026-06-11 02:00:00,0.0,0.0
-484,TĐ Huội Quảng,2026-06-11 03:00:00,0.0,0.0
-484,TĐ Huội Quảng,2026-06-11 04:00:00,0.20000000298023224,0.0
-484,TĐ Huội Quảng,2026-06-11 05:00:00,0.800000011920929,0.20000000298023224
-484,TĐ Huội Quảng,2026-06-11 06:00:00,0.20000000298023224,1.2000000178813934
-484,TĐ Huội Quảng,2026-06-11 07:00:00,0.20000000298023224,1.4000000208616257
-484,TĐ Huội Quảng,2026-06-11 08:00:00,0.0,1.600000023841858
-484,TĐ Huội Quảng,2026-06-11 09:00:00,0.0,1.600000023841858
-484,TĐ Huội Quảng,2026-06-11 10:00:00,0.0,1.600000023841858
-484,TĐ Huội Quảng,2026-06-11 11:00:00,0.0,1.600000023841858
-484,TĐ Huội Quảng,2026-06-11 12:00:00,0.0,1.600000023841858
-484,TĐ Huội Quảng,2026-06-11 13:00:00,0.0,1.600000023841858
-484,TĐ Huội Quảng,2026-06-11 14:00:00,0.0,1.600000023841858
-484,TĐ Huội Quảng,2026-06-11 15:00:00,0.0,1.600000023841858
-484,TĐ Huội Quảng,2026-06-11 16:00:00,0.0,1.600000023841858
-484,TĐ Huội Quảng,2026-06-11 17:00:00,0.0,1.600000023841858
-484,TĐ Huội Quảng,2026-06-11 18:00:00,0.0,1.600000023841858
-484,TĐ Huội Quảng,2026-06-11 19:00:00,0.0,1.600000023841858
-484,TĐ Huội Quảng,2026-06-11 20:00:00,0.0,1.600000023841858
-484,TĐ Huội Quảng,2026-06-11 21:00:00,0.0,1.600000023841858
-484,TĐ Huội Quảng,2026-06-11 22:00:00,1.399999976158142,2.200000047683716
-484,TĐ Huội Quảng,2026-06-11 23:00:00,10.800000190734863,3.600000023841858
-484,TĐ Huội Quảng,2026-06-12 00:00:00,0.800000011920929,13.600000262260437
-484,TĐ Huội Quảng,2026-06-12 01:00:00,0.20000000298023224,14.400000274181366
-484,TĐ Huội Quảng,2026-06-12 02:00:00,5.0,14.80000026524067
-484,TĐ Huội Quảng,2026-06-12 03:00:00,0.0,19.80000026524067
-484,TĐ Huội Quảng,2026-06-12 04:00:00,0.20000000298023224,21.600000455975533
-484,TĐ Huội Quảng,2026-06-12 05:00:00,0.0,21.800000458955765
-484,TĐ Huội Quảng,2026-06-12 06:00:00,1.2000000476837158,21.800000458955765
-484,TĐ Huội Quảng,2026-06-12 07:00:00,0.800000011920929,23.00000050663948
-484,TĐ Huội Quảng,2026-06-12 08:00:00,3.0,24.000000447034836
-484,TĐ Huội Quảng,2026-06-12 09:00:00,0.0,27.800000458955765
-484,TĐ Huội Quảng,2026-06-12 10:00:00,0.0,28.200000554323196
-484,TĐ Huội Quảng,2026-06-12 11:00:00,0.0,28.200000554323196
-484,TĐ Huội Quảng,2026-06-12 12:00:00,0.0,28.200000554323196
-484,TĐ Huội Quảng,2026-06-12 13:00:00,0.0,28.200000554323196
-484,TĐ Huội Quảng,2026-06-12 14:00:00,0.0,28.200000554323196
-484,TĐ Huội Quảng,2026-06-12 15:00:00,0.20000000298023224,28.200000554323196
-484,TĐ Huội Quảng,2026-06-12 16:00:00,0.0,28.40000055730343
-484,TĐ Huội Quảng,2026-06-12 17:00:00,0.0,28.40000055730343
-484,TĐ Huội Quảng,2026-06-12 18:00:00,15.399999618530273,28.40000055730343
-484,TĐ Huội Quảng,2026-06-12 19:00:00,0.4000000059604645,43.8000001758337
-484,TĐ Huội Quảng,2026-06-12 20:00:00,0.0,50.59999980032444
-484,TĐ Huội Quảng,2026-06-12 21:00:00,0.0,50.59999980032444
-484,TĐ Huội Quảng,2026-06-12 22:00:00,0.0,50.59999980032444
-484,TĐ Huội Quảng,2026-06-12 23:00:00,0.0,50.59999980032444
-484,TĐ Huội Quảng,2026-06-13 00:00:00,0.0,0.0
-484,TĐ Huội Quảng,2026-06-13 01:00:00,0.0,0.0
-484,TĐ Huội Quảng,2026-06-13 02:00:00,0.0,0.0
-484,TĐ Huội Quảng,2026-06-13 03:00:00,0.0,0.0
-484,TĐ Huội Quảng,2026-06-13 04:00:00,0.0,0.0
-484,TĐ Huội Quảng,2026-06-13 05:00:00,0.0,0.0
-484,TĐ Huội Quảng,2026-06-13 06:00:00,0.20000000298023224,0.0
-484,TĐ Huội Quảng,2026-06-13 07:00:00,0.0,0.20000000298023224
-484,TĐ Huội Quảng,2026-06-13 08:00:00,0.0,0.20000000298023224
-484,TĐ Huội Quảng,2026-06-13 09:00:00,0.0,0.20000000298023224
-484,TĐ Huội Quảng,2026-06-13 10:00:00,0.0,0.20000000298023224
-484,TĐ Huội Quảng,2026-06-13 11:00:00,0.0,0.20000000298023224
-484,TĐ Huội Quảng,2026-06-13 12:00:00,0.0,0.20000000298023224
-484,TĐ Huội Quảng,2026-06-13 13:00:00,0.0,0.20000000298023224
-484,TĐ Huội Quảng,2026-06-13 14:00:00,0.0,0.20000000298023224
-484,TĐ Huội Quảng,2026-06-13 15:00:00,0.0,0.20000000298023224
-484,TĐ Huội Quảng,2026-06-13 16:00:00,0.0,0.20000000298023224
-484,TĐ Huội Quảng,2026-06-13 17:00:00,0.0,0.20000000298023224
-484,TĐ Huội Quảng,2026-06-13 18:00:00,0.0,0.20000000298023224
-484,TĐ Huội Quảng,2026-06-13 19:00:00,0.0,0.20000000298023224
-484,TĐ Huội Quảng,2026-06-13 20:00:00,0.0,0.20000000298023224
-484,TĐ Huội Quảng,2026-06-13 21:00:00,0.0,0.20000000298023224
-484,TĐ Huội Quảng,2026-06-13 22:00:00,0.0,0.20000000298023224
-484,TĐ Huội Quảng,2026-06-13 23:00:00,0.0,0.20000000298023224
-484,TĐ Huội Quảng,2026-06-14 00:00:00,0.0,0.0
-484,TĐ Huội Quảng,2026-06-14 01:00:00,0.0,0.0
-484,TĐ Huội Quảng,2026-06-14 02:00:00,0.0,0.0
-484,TĐ Huội Quảng,2026-06-14 03:00:00,0.0,0.0
-484,TĐ Huội Quảng,2026-06-14 04:00:00,0.0,0.0
-484,TĐ Huội Quảng,2026-06-14 05:00:00,0.0,0.0
-484,TĐ Huội Quảng,2026-06-14 06:00:00,0.0,0.0
-484,TĐ Huội Quảng,2026-06-14 07:00:00,0.0,0.0
-484,TĐ Huội Quảng,2026-06-14 08:00:00,0.0,0.0
-484,TĐ Huội Quảng,2026-06-14 09:00:00,0.0,0.0
-484,TĐ Huội Quảng,2026-06-14 10:00:00,0.0,0.0
-484,TĐ Huội Quảng,2026-06-14 11:00:00,0.0,0.0
-484,TĐ Huội Quảng,2026-06-14 12:00:00,0.0,0.0
-484,TĐ Huội Quảng,2026-06-14 13:00:00,0.0,0.0
-484,TĐ Huội Quảng,2026-06-14 14:00:00,0.0,0.0
-484,TĐ Huội Quảng,2026-06-14 15:00:00,0.0,0.0
-484,TĐ Huội Quảng,2026-06-14 16:00:00,0.0,0.0
-484,TĐ Huội Quảng,2026-06-14 17:00:00,0.0,0.0
-484,TĐ Huội Quảng,2026-06-14 18:00:00,0.0,0.0
-484,TĐ Huội Quảng,2026-06-14 19:00:00,0.0,0.0
-484,TĐ Huội Quảng,2026-06-14 20:00:00,0.0,0.0
-484,TĐ Huội Quảng,2026-06-14 21:00:00,0.0,0.0
-484,TĐ Huội Quảng,2026-06-14 22:00:00,4.599999904632568,0.0
-484,TĐ Huội Quảng,2026-06-14 23:00:00,0.0,4.599999904632568
-484,TĐ Huội Quảng,2026-06-15 00:00:00,0.20000000298023224,4.599999904632568
-484,TĐ Huội Quảng,2026-06-15 01:00:00,0.0,4.799999907612801
-484,TĐ Huội Quảng,2026-06-15 02:00:00,0.0,4.799999907612801
-484,TĐ Huội Quảng,2026-06-15 03:00:00,0.0,4.799999907612801
-484,TĐ Huội Quảng,2026-06-15 04:00:00,0.0,4.799999907612801
-484,TĐ Huội Quảng,2026-06-15 05:00:00,0.0,4.799999907612801
-484,TĐ Huội Quảng,2026-06-15 06:00:00,0.0,4.799999907612801
-484,TĐ Huội Quảng,2026-06-15 07:00:00,0.0,4.799999907612801
-484,TĐ Huội Quảng,2026-06-15 08:00:00,0.0,4.799999907612801
-484,TĐ Huội Quảng,2026-06-15 09:00:00,0.0,4.799999907612801
-484,TĐ Huội Quảng,2026-06-15 10:00:00,0.0,4.799999907612801
-484,TĐ Huội Quảng,2026-06-15 11:00:00,0.0,4.799999907612801
-484,TĐ Huội Quảng,2026-06-15 12:00:00,0.0,4.799999907612801
-484,TĐ Huội Quảng,2026-06-15 13:00:00,0.0,4.799999907612801
-484,TĐ Huội Quảng,2026-06-15 14:00:00,0.0,4.799999907612801
-484,TĐ Huội Quảng,2026-06-15 15:00:00,0.0,4.799999907612801
-484,TĐ Huội Quảng,2026-06-15 16:00:00,0.0,4.799999907612801
-484,TĐ Huội Quảng,2026-06-15 17:00:00,0.0,4.799999907612801
-484,TĐ Huội Quảng,2026-06-15 18:00:00,,4.799999907612801
-484,TĐ Huội Quảng,2026-06-15 19:00:00,0.0,4.799999907612801
-484,TĐ Huội Quảng,2026-06-15 20:00:00,0.0,4.799999907612801
-484,TĐ Huội Quảng,2026-06-15 21:00:00,0.0,4.799999907612801
-484,TĐ Huội Quảng,2026-06-15 22:00:00,0.0,4.799999907612801
-484,TĐ Huội Quảng,2026-06-15 23:00:00,0.0,4.799999907612801
-484,TĐ Huội Quảng,2026-06-16 00:00:00,0.0,0.0
-484,TĐ Huội Quảng,2026-06-16 01:00:00,0.0,0.0
-484,TĐ Huội Quảng,2026-06-16 02:00:00,0.0,0.0
-484,TĐ Huội Quảng,2026-06-16 03:00:00,0.0,0.0
-484,TĐ Huội Quảng,2026-06-16 04:00:00,0.0,0.0
-484,TĐ Huội Quảng,2026-06-16 05:00:00,0.0,0.0
-484,TĐ Huội Quảng,2026-06-16 06:00:00,0.0,0.0
-484,TĐ Huội Quảng,2026-06-16 07:00:00,0.0,0.0
-484,TĐ Huội Quảng,2026-06-16 08:00:00,0.0,0.0
-484,TĐ Huội Quảng,2026-06-16 09:00:00,0.0,0.0
-484,TĐ Huội Quảng,2026-06-16 10:00:00,0.0,0.0
-484,TĐ Huội Quảng,2026-06-16 11:00:00,0.0,0.0
-484,TĐ Huội Quảng,2026-06-16 12:00:00,0.0,0.0
-484,TĐ Huội Quảng,2026-06-16 13:00:00,0.0,0.0
-484,TĐ Huội Quảng,2026-06-16 14:00:00,0.0,0.0
-484,TĐ Huội Quảng,2026-06-16 15:00:00,2.4000000953674316,0.0
-484,TĐ Huội Quảng,2026-06-16 16:00:00,0.0,2.4000000953674316
-484,TĐ Huội Quảng,2026-06-16 17:00:00,0.0,2.4000000953674316
-484,TĐ Huội Quảng,2026-06-16 18:00:00,0.0,2.4000000953674316
-484,TĐ Huội Quảng,2026-06-16 19:00:00,0.0,2.4000000953674316
-484,TĐ Huội Quảng,2026-06-16 20:00:00,0.0,2.4000000953674316
-484,TĐ Huội Quảng,2026-06-16 21:00:00,0.0,2.4000000953674316
-484,TĐ Huội Quảng,2026-06-16 22:00:00,0.0,2.4000000953674316
-484,TĐ Huội Quảng,2026-06-16 23:00:00,0.0,2.4000000953674316
-484,TĐ Huội Quảng,2026-06-17 00:00:00,0.0,0.0
-484,TĐ Huội Quảng,2026-06-17 01:00:00,0.0,0.0
-484,TĐ Huội Quảng,2026-06-17 02:00:00,0.0,0.0
-484,TĐ Huội Quảng,2026-06-17 03:00:00,0.0,0.0
-484,TĐ Huội Quảng,2026-06-17 04:00:00,0.0,0.0
-484,TĐ Huội Quảng,2026-06-17 05:00:00,0.0,0.0
-484,TĐ Huội Quảng,2026-06-17 06:00:00,0.0,0.0
-484,TĐ Huội Quảng,2026-06-17 07:00:00,0.0,0.0
-484,TĐ Huội Quảng,2026-06-17 08:00:00,0.0,0.0
-484,TĐ Huội Quảng,2026-06-17 09:00:00,0.20000000298023224,0.0
-484,TĐ Huội Quảng,2026-06-17 10:00:00,0.0,0.20000000298023224
-484,TĐ Huội Quảng,2026-06-17 11:00:00,0.20000000298023224,0.20000000298023224
-484,TĐ Huội Quảng,2026-06-17 12:00:00,0.0,0.4000000059604645
-484,TĐ Huội Quảng,2026-06-17 13:00:00,0.0,0.4000000059604645
-484,TĐ Huội Quảng,2026-06-17 14:00:00,0.0,0.4000000059604645
-484,TĐ Huội Quảng,2026-06-17 15:00:00,0.0,0.4000000059604645
-484,TĐ Huội Quảng,2026-06-17 16:00:00,0.0,0.4000000059604645
-484,TĐ Huội Quảng,2026-06-17 17:00:00,0.0,0.4000000059604645
-484,TĐ Huội Quảng,2026-06-17 18:00:00,0.0,0.4000000059604645
-484,TĐ Huội Quảng,2026-06-17 19:00:00,0.0,0.4000000059604645
-484,TĐ Huội Quảng,2026-06-17 20:00:00,0.0,0.4000000059604645
-484,TĐ Huội Quảng,2026-06-17 21:00:00,0.0,0.4000000059604645
-484,TĐ Huội Quảng,2026-06-17 22:00:00,0.0,0.4000000059604645
-484,TĐ Huội Quảng,2026-06-17 23:00:00,0.0,0.4000000059604645
-484,TĐ Huội Quảng,2026-06-18 00:00:00,0.0,0.0
-484,TĐ Huội Quảng,2026-06-18 01:00:00,0.0,0.0
-484,TĐ Huội Quảng,2026-06-18 02:00:00,0.0,0.0
-484,TĐ Huội Quảng,2026-06-18 03:00:00,0.0,0.0
-484,TĐ Huội Quảng,2026-06-18 04:00:00,0.0,0.0
-484,TĐ Huội Quảng,2026-06-18 05:00:00,0.0,0.0
-484,TĐ Huội Quảng,2026-06-18 06:00:00,0.0,0.0
-484,TĐ Huội Quảng,2026-06-18 07:00:00,0.0,0.0
-484,TĐ Huội Quảng,2026-06-18 08:00:00,0.0,0.0
-484,TĐ Huội Quảng,2026-06-18 09:00:00,0.0,0.0
-484,TĐ Huội Quảng,2026-06-18 10:00:00,0.0,0.0
-484,TĐ Huội Quảng,2026-06-18 11:00:00,0.0,0.0
-484,TĐ Huội Quảng,2026-06-18 12:00:00,0.0,0.0
-484,TĐ Huội Quảng,2026-06-18 13:00:00,0.0,0.0
-484,TĐ Huội Quảng,2026-06-18 14:00:00,0.0,0.0
-484,TĐ Huội Quảng,2026-06-18 15:00:00,0.0,0.0
-484,TĐ Huội Quảng,2026-06-18 16:00:00,0.0,0.0
-484,TĐ Huội Quảng,2026-06-18 17:00:00,0.0,0.0
-484,TĐ Huội Quảng,2026-06-18 18:00:00,0.0,0.0
-484,TĐ Huội Quảng,2026-06-18 19:00:00,0.0,0.0
-484,TĐ Huội Quảng,2026-06-18 20:00:00,0.0,0.0
-484,TĐ Huội Quảng,2026-06-18 21:00:00,0.0,0.0
-484,TĐ Huội Quảng,2026-06-18 22:00:00,0.0,0.0
-484,TĐ Huội Quảng,2026-06-18 23:00:00,0.0,0.0
-484,TĐ Huội Quảng,2026-06-19 00:00:00,0.6000000238418579,0.0
-484,TĐ Huội Quảng,2026-06-19 01:00:00,0.0,0.8000000268220901
-484,TĐ Huội Quảng,2026-06-19 02:00:00,0.0,0.8000000268220901
-484,TĐ Huội Quảng,2026-06-19 03:00:00,0.6000000238418579,0.8000000268220901
-484,TĐ Huội Quảng,2026-06-19 04:00:00,0.20000000298023224,1.400000050663948
-484,TĐ Huội Quảng,2026-06-19 05:00:00,0.0,1.8000000417232513
-484,TĐ Huội Quảng,2026-06-19 06:00:00,0.0,1.8000000417232513
-484,TĐ Huội Quảng,2026-06-19 07:00:00,0.0,1.8000000417232513
-484,TĐ Huội Quảng,2026-06-19 08:00:00,0.0,1.8000000417232513
-484,TĐ Huội Quảng,2026-06-19 09:00:00,0.0,1.8000000417232513
-484,TĐ Huội Quảng,2026-06-19 10:00:00,0.0,1.8000000417232513
-484,TĐ Huội Quảng,2026-06-19 11:00:00,0.0,1.8000000417232513
-484,TĐ Huội Quảng,2026-06-19 12:00:00,0.0,1.8000000417232513
-484,TĐ Huội Quảng,2026-06-19 13:00:00,0.0,1.8000000417232513
-484,TĐ Huội Quảng,2026-06-19 14:00:00,0.0,1.8000000417232513
-484,TĐ Huội Quảng,2026-06-19 15:00:00,0.0,1.8000000417232513
-484,TĐ Huội Quảng,2026-06-19 16:00:00,0.0,1.8000000417232513
-484,TĐ Huội Quảng,2026-06-19 17:00:00,0.0,1.8000000417232513
-484,TĐ Huội Quảng,2026-06-19 18:00:00,0.0,1.8000000417232513
-484,TĐ Huội Quảng,2026-06-19 19:00:00,0.0,1.8000000417232513
-484,TĐ Huội Quảng,2026-06-19 20:00:00,0.0,1.8000000417232513
-484,TĐ Huội Quảng,2026-06-19 21:00:00,0.0,1.8000000417232513
-484,TĐ Huội Quảng,2026-06-19 22:00:00,0.0,1.8000000417232513
-484,TĐ Huội Quảng,2026-06-19 23:00:00,0.0,1.8000000417232513
-484,TĐ Huội Quảng,2026-06-20 00:00:00,0.0,0.0
-484,TĐ Huội Quảng,2026-06-20 01:00:00,0.0,0.0
-484,TĐ Huội Quảng,2026-06-20 02:00:00,0.0,0.0
-484,TĐ Huội Quảng,2026-06-20 03:00:00,0.0,0.0
-484,TĐ Huội Quảng,2026-06-20 04:00:00,0.0,0.0
-484,TĐ Huội Quảng,2026-06-20 05:00:00,0.0,0.0
-484,TĐ Huội Quảng,2026-06-20 06:00:00,0.0,0.0
-484,TĐ Huội Quảng,2026-06-20 07:00:00,0.0,0.0
-484,TĐ Huội Quảng,2026-06-20 08:00:00,0.0,0.0
-484,TĐ Huội Quảng,2026-06-20 09:00:00,0.0,0.0
-484,TĐ Huội Quảng,2026-06-20 10:00:00,0.0,0.0
-484,TĐ Huội Quảng,2026-06-20 11:00:00,0.0,0.0
-484,TĐ Huội Quảng,2026-06-20 12:00:00,0.0,0.0
-484,TĐ Huội Quảng,2026-06-20 13:00:00,0.0,0.0
-484,TĐ Huội Quảng,2026-06-20 14:00:00,0.0,0.0
-484,TĐ Huội Quảng,2026-06-20 15:00:00,0.0,0.0
-484,TĐ Huội Quảng,2026-06-20 16:00:00,0.0,0.0
-484,TĐ Huội Quảng,2026-06-20 17:00:00,0.0,0.0
-484,TĐ Huội Quảng,2026-06-20 18:00:00,0.0,0.0
-484,TĐ Huội Quảng,2026-06-20 19:00:00,0.0,0.0
-484,TĐ Huội Quảng,2026-06-20 20:00:00,0.0,0.0
-484,TĐ Huội Quảng,2026-06-20 21:00:00,0.0,0.0
-484,TĐ Huội Quảng,2026-06-20 22:00:00,0.0,0.0
-484,TĐ Huội Quảng,2026-06-20 23:00:00,0.0,0.0
-484,TĐ Huội Quảng,2026-06-21 00:00:00,0.0,0.0
-484,TĐ Huội Quảng,2026-06-21 01:00:00,0.0,0.0
-484,TĐ Huội Quảng,2026-06-21 02:00:00,0.0,0.0
-484,TĐ Huội Quảng,2026-06-21 03:00:00,0.0,0.0
-484,TĐ Huội Quảng,2026-06-21 04:00:00,0.0,0.0
-484,TĐ Huội Quảng,2026-06-21 05:00:00,0.0,0.0
-484,TĐ Huội Quảng,2026-06-21 06:00:00,0.0,0.0
-484,TĐ Huội Quảng,2026-06-21 07:00:00,0.0,0.0
-484,TĐ Huội Quảng,2026-06-21 08:00:00,0.0,0.0
-484,TĐ Huội Quảng,2026-06-21 09:00:00,0.0,0.0
-484,TĐ Huội Quảng,2026-06-21 10:00:00,0.0,0.0
-484,TĐ Huội Quảng,2026-06-21 11:00:00,0.0,0.20000000298023224
-484,TĐ Huội Quảng,2026-06-21 12:00:00,0.0,0.4000000059604645
-484,TĐ Huội Quảng,2026-06-21 13:00:00,0.0,0.4000000059604645
-484,TĐ Huội Quảng,2026-06-21 14:00:00,0.0,0.4000000059604645
-484,TĐ Huội Quảng,2026-06-21 15:00:00,0.0,0.4000000059604645
-484,TĐ Huội Quảng,2026-06-21 16:00:00,0.0,0.4000000059604645
-484,TĐ Huội Quảng,2026-06-21 17:00:00,0.0,0.4000000059604645
-484,TĐ Huội Quảng,2026-06-21 18:00:00,0.0,0.4000000059604645
-484,TĐ Huội Quảng,2026-06-21 19:00:00,2.0,0.4000000059604645
-484,TĐ Huội Quảng,2026-06-21 20:00:00,0.6000000238418579,2.4000000059604645
-484,TĐ Huội Quảng,2026-06-21 21:00:00,0.4000000059604645,5.599999934434891
-484,TĐ Huội Quảng,2026-06-21 22:00:00,0.0,5.999999940395355
-484,TĐ Huội Quảng,2026-06-21 23:00:00,0.0,5.999999940395355
-484,TĐ Huội Quảng,2026-06-22 00:00:00,0.0,1.0000000298023224
-484,TĐ Huội Quảng,2026-06-22 01:00:00,0.0,1.0000000298023224
-484,TĐ Huội Quảng,2026-06-22 02:00:00,0.0,1.0000000298023224
-484,TĐ Huội Quảng,2026-06-22 03:00:00,0.0,1.0000000298023224
-484,TĐ Huội Quảng,2026-06-22 04:00:00,0.0,1.0000000298023224
-484,TĐ Huội Quảng,2026-06-22 05:00:00,0.0,1.0000000298023224
-484,TĐ Huội Quảng,2026-06-22 06:00:00,0.0,1.0000000298023224
-484,TĐ Huội Quảng,2026-06-22 07:00:00,0.0,1.0000000298023224
-484,TĐ Huội Quảng,2026-06-22 08:00:00,0.0,1.0000000298023224
-484,TĐ Huội Quảng,2026-06-22 09:00:00,0.0,1.0000000298023224
-484,TĐ Huội Quảng,2026-06-22 10:00:00,0.0,1.0000000298023224
-484,TĐ Huội Quảng,2026-06-22 11:00:00,0.0,1.0000000298023224
-484,TĐ Huội Quảng,2026-06-22 12:00:00,0.0,1.0000000298023224
-484,TĐ Huội Quảng,2026-06-22 13:00:00,0.0,1.0000000298023224
-484,TĐ Huội Quảng,2026-06-22 14:00:00,0.0,1.0000000298023224
-484,TĐ Huội Quảng,2026-06-22 15:00:00,0.0,1.0000000298023224
-484,TĐ Huội Quảng,2026-06-22 16:00:00,0.0,1.0000000298023224
-484,TĐ Huội Quảng,2026-06-22 17:00:00,0.0,1.0000000298023224
-484,TĐ Huội Quảng,2026-06-22 18:00:00,0.0,1.0000000298023224
-484,TĐ Huội Quảng,2026-06-22 19:00:00,0.0,1.0000000298023224
-484,TĐ Huội Quảng,2026-06-22 20:00:00,0.0,1.0000000298023224
-484,TĐ Huội Quảng,2026-06-22 21:00:00,0.0,1.0000000298023224
-484,TĐ Huội Quảng,2026-06-22 22:00:00,0.0,1.0000000298023224
-484,TĐ Huội Quảng,2026-06-22 23:00:00,0.0,1.0000000298023224
-484,TĐ Huội Quảng,2026-06-23 00:00:00,0.0,0.0
-484,TĐ Huội Quảng,2026-06-23 01:00:00,0.0,0.0
-484,TĐ Huội Quảng,2026-06-23 02:00:00,0.0,0.0
-484,TĐ Huội Quảng,2026-06-23 03:00:00,0.0,0.0
-484,TĐ Huội Quảng,2026-06-23 04:00:00,0.0,0.0
-484,TĐ Huội Quảng,2026-06-23 05:00:00,0.0,0.0
-484,TĐ Huội Quảng,2026-06-23 06:00:00,0.0,0.0
-484,TĐ Huội Quảng,2026-06-23 07:00:00,0.0,0.0
-484,TĐ Huội Quảng,2026-06-23 08:00:00,0.0,0.0
-484,TĐ Huội Quảng,2026-06-23 09:00:00,0.0,0.0
-484,TĐ Huội Quảng,2026-06-23 10:00:00,0.0,0.0
-484,TĐ Huội Quảng,2026-06-23 11:00:00,0.0,0.0
-484,TĐ Huội Quảng,2026-06-23 12:00:00,0.0,0.0
-484,TĐ Huội Quảng,2026-06-23 13:00:00,0.0,0.0
-484,TĐ Huội Quảng,2026-06-23 14:00:00,0.0,0.0
-484,TĐ Huội Quảng,2026-06-23 15:00:00,0.0,0.0
-484,TĐ Huội Quảng,2026-06-23 16:00:00,0.0,0.0
-484,TĐ Huội Quảng,2026-06-23 17:00:00,0.0,0.0
-484,TĐ Huội Quảng,2026-06-23 18:00:00,0.0,0.0
-484,TĐ Huội Quảng,2026-06-23 19:00:00,0.0,0.0
-484,TĐ Huội Quảng,2026-06-23 20:00:00,0.0,0.0
-484,TĐ Huội Quảng,2026-06-23 21:00:00,0.0,0.0
-484,TĐ Huội Quảng,2026-06-23 22:00:00,0.0,0.0
-484,TĐ Huội Quảng,2026-06-23 23:00:00,0.0,0.0
-484,TĐ Huội Quảng,2026-06-24 00:00:00,0.0,0.0
-484,TĐ Huội Quảng,2026-06-24 01:00:00,0.0,0.0
-484,TĐ Huội Quảng,2026-06-24 02:00:00,0.0,0.0
-484,TĐ Huội Quảng,2026-06-24 03:00:00,0.0,0.0
-484,TĐ Huội Quảng,2026-06-24 04:00:00,0.0,0.0
-484,TĐ Huội Quảng,2026-06-24 05:00:00,0.0,0.0
-484,TĐ Huội Quảng,2026-06-24 06:00:00,0.0,0.0
-484,TĐ Huội Quảng,2026-06-24 07:00:00,0.0,0.0
-484,TĐ Huội Quảng,2026-06-24 08:00:00,0.0,0.0
-484,TĐ Huội Quảng,2026-06-24 09:00:00,0.0,0.0
-484,TĐ Huội Quảng,2026-06-24 10:00:00,0.0,0.0
-484,TĐ Huội Quảng,2026-06-24 11:00:00,0.0,0.0
-484,TĐ Huội Quảng,2026-06-24 12:00:00,0.0,0.0
-484,TĐ Huội Quảng,2026-06-24 13:00:00,0.0,0.0
-484,TĐ Huội Quảng,2026-06-24 14:00:00,0.0,0.0
-484,TĐ Huội Quảng,2026-06-24 15:00:00,0.0,0.0
-484,TĐ Huội Quảng,2026-06-24 16:00:00,0.0,0.0
-484,TĐ Huội Quảng,2026-06-24 17:00:00,0.0,0.0
-484,TĐ Huội Quảng,2026-06-24 18:00:00,0.0,0.0
-484,TĐ Huội Quảng,2026-06-24 19:00:00,0.0,0.0
-484,TĐ Huội Quảng,2026-06-24 20:00:00,0.0,0.0
-484,TĐ Huội Quảng,2026-06-24 21:00:00,0.0,0.0
-484,TĐ Huội Quảng,2026-06-24 22:00:00,0.0,0.0
-484,TĐ Huội Quảng,2026-06-24 23:00:00,0.0,0.0
-484,TĐ Huội Quảng,2026-06-25 00:00:00,0.0,0.0
-484,TĐ Huội Quảng,2026-06-25 01:00:00,0.0,0.0
-484,TĐ Huội Quảng,2026-06-25 02:00:00,0.0,0.0
-484,TĐ Huội Quảng,2026-06-25 03:00:00,0.0,0.0
-484,TĐ Huội Quảng,2026-06-25 04:00:00,0.0,0.0
-484,TĐ Huội Quảng,2026-06-25 05:00:00,0.0,0.0
-484,TĐ Huội Quảng,2026-06-25 06:00:00,0.0,0.0
-484,TĐ Huội Quảng,2026-06-25 07:00:00,0.0,0.0
-484,TĐ Huội Quảng,2026-06-25 08:00:00,0.0,0.0
-484,TĐ Huội Quảng,2026-06-25 09:00:00,0.0,0.0
-484,TĐ Huội Quảng,2026-06-25 10:00:00,0.0,0.0
-484,TĐ Huội Quảng,2026-06-25 11:00:00,0.0,0.0
-484,TĐ Huội Quảng,2026-06-25 12:00:00,0.0,0.0
-484,TĐ Huội Quảng,2026-06-25 13:00:00,0.0,0.0
-484,TĐ Huội Quảng,2026-06-25 14:00:00,0.0,0.0
-484,TĐ Huội Quảng,2026-06-25 15:00:00,0.0,0.0
-484,TĐ Huội Quảng,2026-06-25 16:00:00,0.0,0.0
-484,TĐ Huội Quảng,2026-06-25 17:00:00,0.0,0.0
-484,TĐ Huội Quảng,2026-06-25 18:00:00,0.0,0.0
-484,TĐ Huội Quảng,2026-06-25 19:00:00,0.0,0.0
-484,TĐ Huội Quảng,2026-06-25 20:00:00,0.0,0.0
-484,TĐ Huội Quảng,2026-06-25 21:00:00,0.0,0.0
-484,TĐ Huội Quảng,2026-06-25 22:00:00,0.0,0.0
-484,TĐ Huội Quảng,2026-06-25 23:00:00,0.0,0.0
-484,TĐ Huội Quảng,2026-06-26 00:00:00,0.0,0.0
-484,TĐ Huội Quảng,2026-06-26 01:00:00,0.0,0.0
-484,TĐ Huội Quảng,2026-06-26 02:00:00,0.0,0.0
-484,TĐ Huội Quảng,2026-06-26 03:00:00,0.0,0.0
-484,TĐ Huội Quảng,2026-06-26 04:00:00,0.0,0.0
-484,TĐ Huội Quảng,2026-06-26 05:00:00,0.0,0.0
-484,TĐ Huội Quảng,2026-06-26 06:00:00,0.0,0.0
-484,TĐ Huội Quảng,2026-06-26 07:00:00,0.4000000059604645,0.0
-484,TĐ Huội Quảng,2026-06-26 08:00:00,1.0,0.4000000059604645
-484,TĐ Huội Quảng,2026-06-26 09:00:00,0.6000000238418579,1.4000000059604645
-484,TĐ Huội Quảng,2026-06-26 10:00:00,0.20000000298023224,2.0000000298023224
-484,TĐ Huội Quảng,2026-06-26 11:00:00,0.20000000298023224,2.2000000327825546
-484,TĐ Huội Quảng,2026-06-26 12:00:00,0.20000000298023224,2.400000035762787
-484,TĐ Huội Quảng,2026-06-26 13:00:00,0.0,2.600000038743019
-484,TĐ Huội Quảng,2026-06-26 14:00:00,0.0,2.600000038743019
-484,TĐ Huội Quảng,2026-06-26 15:00:00,0.0,2.600000038743019
-484,TĐ Huội Quảng,2026-06-26 16:00:00,0.0,2.600000038743019
-484,TĐ Huội Quảng,2026-06-26 17:00:00,0.0,2.600000038743019
-484,TĐ Huội Quảng,2026-06-26 18:00:00,0.0,2.600000038743019
-484,TĐ Huội Quảng,2026-06-26 19:00:00,0.0,2.600000038743019
-484,TĐ Huội Quảng,2026-06-26 20:00:00,0.0,2.600000038743019
-484,TĐ Huội Quảng,2026-06-26 21:00:00,0.0,2.600000038743019
-484,TĐ Huội Quảng,2026-06-26 22:00:00,0.0,2.600000038743019
-484,TĐ Huội Quảng,2026-06-26 23:00:00,0.0,2.600000038743019
-484,TĐ Huội Quảng,2026-06-27 00:00:00,0.0,0.0
-484,TĐ Huội Quảng,2026-06-27 01:00:00,0.0,0.0
-484,TĐ Huội Quảng,2026-06-27 02:00:00,0.0,0.0
-484,TĐ Huội Quảng,2026-06-27 03:00:00,0.0,0.0
-484,TĐ Huội Quảng,2026-06-27 04:00:00,0.0,0.0
-484,TĐ Huội Quảng,2026-06-27 05:00:00,0.0,0.0
-484,TĐ Huội Quảng,2026-06-27 06:00:00,0.4000000059604645,0.0
-484,TĐ Huội Quảng,2026-06-27 07:00:00,1.2000000476837158,0.4000000059604645
-484,TĐ Huội Quảng,2026-06-27 08:00:00,0.20000000298023224,1.6000000536441803
-484,TĐ Huội Quảng,2026-06-27 09:00:00,0.0,1.8000000566244125
-484,TĐ Huội Quảng,2026-06-27 10:00:00,0.0,1.8000000566244125
-484,TĐ Huội Quảng,2026-06-27 11:00:00,0.0,1.8000000566244125
-484,TĐ Huội Quảng,2026-06-27 12:00:00,0.0,1.8000000566244125
-484,TĐ Huội Quảng,2026-06-27 13:00:00,0.0,1.8000000566244125
-484,TĐ Huội Quảng,2026-06-27 14:00:00,0.0,1.8000000566244125
-484,TĐ Huội Quảng,2026-06-27 15:00:00,0.0,1.8000000566244125
-484,TĐ Huội Quảng,2026-06-27 16:00:00,0.0,1.8000000566244125
-484,TĐ Huội Quảng,2026-06-27 17:00:00,0.0,1.8000000566244125
-484,TĐ Huội Quảng,2026-06-27 18:00:00,0.0,1.8000000566244125
-484,TĐ Huội Quảng,2026-06-27 19:00:00,0.0,1.8000000566244125
-484,TĐ Huội Quảng,2026-06-27 20:00:00,0.0,1.8000000566244125
-484,TĐ Huội Quảng,2026-06-27 21:00:00,0.0,1.8000000566244125
-484,TĐ Huội Quảng,2026-06-27 22:00:00,0.0,1.8000000566244125
-484,TĐ Huội Quảng,2026-06-27 23:00:00,0.0,1.8000000566244125
-484,TĐ Huội Quảng,2026-06-28 00:00:00,0.0,0.0
-484,TĐ Huội Quảng,2026-06-28 01:00:00,0.0,0.0
-484,TĐ Huội Quảng,2026-06-28 02:00:00,0.0,0.0
-484,TĐ Huội Quảng,2026-06-28 03:00:00,0.0,0.0
-484,TĐ Huội Quảng,2026-06-28 04:00:00,0.20000000298023224,0.0
-484,TĐ Huội Quảng,2026-06-28 05:00:00,0.4000000059604645,0.20000000298023224
-484,TĐ Huội Quảng,2026-06-28 06:00:00,0.0,0.6000000089406967
-484,TĐ Huội Quảng,2026-06-28 07:00:00,0.0,0.6000000089406967
-484,TĐ Huội Quảng,2026-06-28 08:00:00,0.0,0.6000000089406967
-484,TĐ Huội Quảng,2026-06-28 09:00:00,0.0,0.6000000089406967
-484,TĐ Huội Quảng,2026-06-28 10:00:00,0.0,0.6000000089406967
-484,TĐ Huội Quảng,2026-06-28 11:00:00,0.0,0.6000000089406967
-484,TĐ Huội Quảng,2026-06-28 12:00:00,0.0,0.6000000089406967
-484,TĐ Huội Quảng,2026-06-28 13:00:00,0.0,0.6000000089406967
-484,TĐ Huội Quảng,2026-06-28 14:00:00,0.0,0.6000000089406967
-484,TĐ Huội Quảng,2026-06-28 15:00:00,0.0,0.6000000089406967
-484,TĐ Huội Quảng,2026-06-28 16:00:00,0.0,0.6000000089406967
-484,TĐ Huội Quảng,2026-06-28 17:00:00,0.0,0.6000000089406967
-484,TĐ Huội Quảng,2026-06-28 18:00:00,0.0,0.6000000089406967
-484,TĐ Huội Quảng,2026-06-28 19:00:00,0.0,0.6000000089406967
-484,TĐ Huội Quảng,2026-06-28 20:00:00,0.0,0.6000000089406967
-484,TĐ Huội Quảng,2026-06-28 21:00:00,0.0,0.6000000089406967
-484,TĐ Huội Quảng,2026-06-28 22:00:00,0.0,0.6000000089406967
-484,TĐ Huội Quảng,2026-06-28 23:00:00,0.0,0.6000000089406967
-484,TĐ Huội Quảng,2026-06-29 00:00:00,0.0,0.0
-484,TĐ Huội Quảng,2026-06-29 01:00:00,0.0,0.0
-484,TĐ Huội Quảng,2026-06-29 02:00:00,0.0,0.0
-484,TĐ Huội Quảng,2026-06-29 03:00:00,0.0,0.0
-484,TĐ Huội Quảng,2026-06-29 04:00:00,0.0,0.0
-484,TĐ Huội Quảng,2026-06-29 05:00:00,0.0,0.0
-484,TĐ Huội Quảng,2026-06-29 06:00:00,0.0,0.0
-484,TĐ Huội Quảng,2026-06-29 07:00:00,0.0,0.0
-484,TĐ Huội Quảng,2026-06-29 08:00:00,0.0,0.0
-484,TĐ Huội Quảng,2026-06-29 09:00:00,0.0,0.0
-484,TĐ Huội Quảng,2026-06-29 10:00:00,0.0,0.0
-484,TĐ Huội Quảng,2026-06-29 11:00:00,0.0,0.0
-484,TĐ Huội Quảng,2026-06-29 12:00:00,0.0,0.0
-484,TĐ Huội Quảng,2026-06-29 13:00:00,0.4000000059604645,0.0
-484,TĐ Huội Quảng,2026-06-29 14:00:00,0.0,0.4000000059604645
-484,TĐ Huội Quảng,2026-06-29 15:00:00,0.4000000059604645,0.4000000059604645
-484,TĐ Huội Quảng,2026-06-29 16:00:00,1.2000000476837158,0.800000011920929
-484,TĐ Huội Quảng,2026-06-29 17:00:00,1.600000023841858,2.0000000596046448
-484,TĐ Huội Quảng,2026-06-29 18:00:00,0.0,3.6000000834465027
-484,TĐ Huội Quảng,2026-06-29 19:00:00,0.0,3.6000000834465027
-484,TĐ Huội Quảng,2026-06-29 20:00:00,0.0,3.6000000834465027
-484,TĐ Huội Quảng,2026-06-29 21:00:00,0.0,3.6000000834465027
-484,TĐ Huội Quảng,2026-06-29 22:00:00,0.0,3.6000000834465027
-484,TĐ Huội Quảng,2026-06-29 23:00:00,0.0,3.6000000834465027
-484,TĐ Huội Quảng,2026-06-30 00:00:00,0.0,0.0
-484,TĐ Huội Quảng,2026-06-30 01:00:00,0.0,0.0
-484,TĐ Huội Quảng,2026-06-30 02:00:00,0.4000000059604645,0.0
-484,TĐ Huội Quảng,2026-06-30 03:00:00,0.0,0.4000000059604645
-484,TĐ Huội Quảng,2026-06-30 04:00:00,0.0,0.4000000059604645
-484,TĐ Huội Quảng,2026-06-30 05:00:00,0.0,0.4000000059604645
-484,TĐ Huội Quảng,2026-06-30 06:00:00,0.0,0.4000000059604645
-484,TĐ Huội Quảng,2026-06-30 07:00:00,0.0,0.4000000059604645
-484,TĐ Huội Quảng,2026-06-30 08:00:00,13.0,0.4000000059604645
-484,TĐ Huội Quảng,2026-06-30 09:00:00,2.4000000953674316,13.400000005960464
-484,TĐ Huội Quảng,2026-06-30 10:00:00,0.20000000298023224,15.800000101327896
-484,TĐ Huội Quảng,2026-06-30 11:00:00,0.0,16.00000010430813
-484,TĐ Huội Quảng,2026-06-30 12:00:00,0.0,16.00000010430813
-484,TĐ Huội Quảng,2026-06-30 13:00:00,0.0,16.00000010430813
-484,TĐ Huội Quảng,2026-06-30 14:00:00,0.0,16.00000010430813
-484,TĐ Huội Quảng,2026-06-30 15:00:00,0.0,16.00000010430813
-484,TĐ Huội Quảng,2026-06-30 16:00:00,0.0,16.00000010430813
-484,TĐ Huội Quảng,2026-06-30 17:00:00,0.0,16.00000010430813
-484,TĐ Huội Quảng,2026-06-30 18:00:00,0.0,16.00000010430813
-484,TĐ Huội Quảng,2026-06-30 19:00:00,0.0,16.00000010430813
-484,TĐ Huội Quảng,2026-06-30 20:00:00,0.0,16.00000010430813
-484,TĐ Huội Quảng,2026-06-30 21:00:00,0.0,16.00000010430813
-484,TĐ Huội Quảng,2026-06-30 22:00:00,0.0,16.00000010430813
-484,TĐ Huội Quảng,2026-06-30 23:00:00,0.0,16.00000010430813
-484,TĐ Huội Quảng,2026-07-01 00:00:00,0.20000000298023224,0.0
-484,TĐ Huội Quảng,2026-07-01 01:00:00,8.800000190734863,0.20000000298023224
-484,TĐ Huội Quảng,2026-07-01 02:00:00,3.200000047683716,9.000000193715096
-484,TĐ Huội Quảng,2026-07-01 03:00:00,4.400000095367432,12.200000241398811
-484,TĐ Huội Quảng,2026-07-01 04:00:00,2.200000047683716,16.600000336766243
-484,TĐ Huội Quảng,2026-07-01 05:00:00,4.599999904632568,18.80000038444996
-484,TĐ Huội Quảng,2026-07-01 06:00:00,1.7999999523162842,23.400000289082527
-484,TĐ Huội Quảng,2026-07-01 07:00:00,1.7999999523162842,25.20000024139881
-484,TĐ Huội Quảng,2026-07-01 08:00:00,,27.000000193715096
-484,TĐ Huội Quảng,2026-07-01 09:00:00,0.20000000298023224,27.000000193715096
-484,TĐ Huội Quảng,2026-07-01 10:00:00,0.0,27.200000196695328
-484,TĐ Huội Quảng,2026-07-01 11:00:00,0.0,27.200000196695328
-484,TĐ Huội Quảng,2026-07-01 12:00:00,0.0,27.200000196695328
-484,TĐ Huội Quảng,2026-07-01 13:00:00,0.0,27.200000196695328
-484,TĐ Huội Quảng,2026-07-01 14:00:00,0.0,27.200000196695328
-484,TĐ Huội Quảng,2026-07-01 15:00:00,0.0,27.200000196695328
-484,TĐ Huội Quảng,2026-07-01 16:00:00,0.0,27.200000196695328
-484,TĐ Huội Quảng,2026-07-01 17:00:00,0.0,27.200000196695328
-484,TĐ Huội Quảng,2026-07-01 18:00:00,0.0,27.200000196695328
-484,TĐ Huội Quảng,2026-07-01 19:00:00,0.0,27.200000196695328
-484,TĐ Huội Quảng,2026-07-01 20:00:00,0.0,27.200000196695328
-484,TĐ Huội Quảng,2026-07-01 21:00:00,0.0,27.200000196695328
-484,TĐ Huội Quảng,2026-07-01 22:00:00,0.0,27.200000196695328
-484,TĐ Huội Quảng,2026-07-01 23:00:00,0.0,27.200000196695328
-484,TĐ Huội Quảng,2026-07-02 00:00:00,0.0,0.0
-484,TĐ Huội Quảng,2026-07-02 01:00:00,0.0,0.0
-484,TĐ Huội Quảng,2026-07-02 02:00:00,0.0,0.0
-484,TĐ Huội Quảng,2026-07-02 03:00:00,0.0,0.0
-484,TĐ Huội Quảng,2026-07-02 04:00:00,0.0,0.0
-484,TĐ Huội Quảng,2026-07-02 05:00:00,0.0,0.0
-484,TĐ Huội Quảng,2026-07-02 06:00:00,0.0,0.0
-484,TĐ Huội Quảng,2026-07-02 07:00:00,0.0,0.0
-484,TĐ Huội Quảng,2026-07-02 08:00:00,0.0,0.0
-484,TĐ Huội Quảng,2026-07-02 09:00:00,0.0,0.0
-484,TĐ Huội Quảng,2026-07-02 10:00:00,0.0,0.0
-484,TĐ Huội Quảng,2026-07-02 11:00:00,0.0,0.0
-484,TĐ Huội Quảng,2026-07-02 12:00:00,0.0,0.0
-484,TĐ Huội Quảng,2026-07-02 13:00:00,0.0,0.0
-484,TĐ Huội Quảng,2026-07-02 14:00:00,0.0,0.0
-484,TĐ Huội Quảng,2026-07-02 15:00:00,0.0,0.0
-484,TĐ Huội Quảng,2026-07-02 16:00:00,0.0,0.0
-484,TĐ Huội Quảng,2026-07-02 17:00:00,0.0,0.0
-484,TĐ Huội Quảng,2026-07-02 18:00:00,0.0,0.0
-484,TĐ Huội Quảng,2026-07-02 19:00:00,0.0,0.0
-484,TĐ Huội Quảng,2026-07-02 20:00:00,0.0,0.0
-484,TĐ Huội Quảng,2026-07-02 21:00:00,0.0,0.0
-484,TĐ Huội Quảng,2026-07-02 22:00:00,0.0,0.0
-484,TĐ Huội Quảng,2026-07-02 23:00:00,0.0,0.0
-484,TĐ Huội Quảng,2026-07-03 00:00:00,0.0,0.0
-484,TĐ Huội Quảng,2026-07-03 01:00:00,0.0,0.0
-484,TĐ Huội Quảng,2026-07-03 02:00:00,0.0,0.0
-484,TĐ Huội Quảng,2026-07-03 03:00:00,0.0,0.0
-484,TĐ Huội Quảng,2026-07-03 04:00:00,0.0,0.0
-484,TĐ Huội Quảng,2026-07-03 05:00:00,0.0,0.0
-484,TĐ Huội Quảng,2026-07-03 06:00:00,0.0,0.0
-484,TĐ Huội Quảng,2026-07-03 07:00:00,0.0,0.0
-484,TĐ Huội Quảng,2026-07-03 08:00:00,0.0,0.0
-484,TĐ Huội Quảng,2026-07-03 09:00:00,0.0,0.0
-484,TĐ Huội Quảng,2026-07-03 10:00:00,0.0,0.0
-484,TĐ Huội Quảng,2026-07-03 11:00:00,0.0,0.0
-484,TĐ Huội Quảng,2026-07-03 12:00:00,0.0,0.0
-484,TĐ Huội Quảng,2026-07-03 13:00:00,0.0,0.0
-484,TĐ Huội Quảng,2026-07-03 14:00:00,0.0,0.0
-484,TĐ Huội Quảng,2026-07-03 15:00:00,0.0,0.0
-484,TĐ Huội Quảng,2026-07-03 16:00:00,0.0,0.0
-484,TĐ Huội Quảng,2026-07-03 17:00:00,0.0,0.0
-484,TĐ Huội Quảng,2026-07-03 18:00:00,0.0,0.0
-484,TĐ Huội Quảng,2026-07-03 19:00:00,0.0,0.0
-484,TĐ Huội Quảng,2026-07-03 20:00:00,0.0,0.0
-484,TĐ Huội Quảng,2026-07-03 21:00:00,0.0,0.0
-484,TĐ Huội Quảng,2026-07-03 22:00:00,0.0,0.0
-484,TĐ Huội Quảng,2026-07-03 23:00:00,0.0,0.0
-484,TĐ Huội Quảng,2026-07-04 00:00:00,0.0,0.0
-484,TĐ Huội Quảng,2026-07-04 01:00:00,0.0,0.0
-484,TĐ Huội Quảng,2026-07-04 02:00:00,0.0,0.0
-484,TĐ Huội Quảng,2026-07-04 03:00:00,0.0,0.0
-484,TĐ Huội Quảng,2026-07-04 04:00:00,0.0,0.0
-484,TĐ Huội Quảng,2026-07-04 05:00:00,0.0,0.0
-484,TĐ Huội Quảng,2026-07-04 06:00:00,0.0,0.0
-484,TĐ Huội Quảng,2026-07-04 07:00:00,0.0,0.0
-484,TĐ Huội Quảng,2026-07-04 08:00:00,0.0,0.0
-484,TĐ Huội Quảng,2026-07-04 09:00:00,0.0,0.0
-484,TĐ Huội Quảng,2026-07-04 10:00:00,0.0,0.0
-484,TĐ Huội Quảng,2026-07-04 11:00:00,0.0,0.0
-484,TĐ Huội Quảng,2026-07-04 12:00:00,0.0,0.0
-484,TĐ Huội Quảng,2026-07-04 13:00:00,0.0,0.0
-484,TĐ Huội Quảng,2026-07-04 14:00:00,0.0,0.0
-484,TĐ Huội Quảng,2026-07-04 15:00:00,0.0,0.0
-484,TĐ Huội Quảng,2026-07-04 16:00:00,0.0,0.0
-484,TĐ Huội Quảng,2026-07-04 17:00:00,0.0,0.0
-484,TĐ Huội Quảng,2026-07-04 18:00:00,0.0,0.0
-484,TĐ Huội Quảng,2026-07-04 19:00:00,0.0,0.0
-484,TĐ Huội Quảng,2026-07-04 20:00:00,0.0,0.0
-484,TĐ Huội Quảng,2026-07-04 21:00:00,0.0,0.0
-484,TĐ Huội Quảng,2026-07-04 22:00:00,0.0,0.0
-484,TĐ Huội Quảng,2026-07-04 23:00:00,0.0,0.0
-484,TĐ Huội Quảng,2026-07-05 00:00:00,0.0,0.0
-484,TĐ Huội Quảng,2026-07-05 01:00:00,0.0,0.0
-484,TĐ Huội Quảng,2026-07-05 02:00:00,0.0,0.0
-484,TĐ Huội Quảng,2026-07-05 03:00:00,0.0,0.0
-484,TĐ Huội Quảng,2026-07-05 04:00:00,0.0,0.0
-484,TĐ Huội Quảng,2026-07-05 05:00:00,2.0,0.0
-484,TĐ Huội Quảng,2026-07-05 06:00:00,1.2000000476837158,2.0
-484,TĐ Huội Quảng,2026-07-05 07:00:00,2.799999952316284,3.200000047683716
-484,TĐ Huội Quảng,2026-07-05 08:00:00,1.600000023841858,6.0
-484,TĐ Huội Quảng,2026-07-05 09:00:00,3.799999952316284,7.600000023841858
-484,TĐ Huội Quảng,2026-07-05 10:00:00,0.0,11.399999976158142
-484,TĐ Huội Quảng,2026-07-05 11:00:00,0.0,11.399999976158142
-484,TĐ Huội Quảng,2026-07-05 12:00:00,0.0,11.399999976158142
-484,TĐ Huội Quảng,2026-07-05 13:00:00,0.800000011920929,11.399999976158142
-484,TĐ Huội Quảng,2026-07-05 14:00:00,0.6000000238418579,12.199999988079071
-484,TĐ Huội Quảng,2026-07-05 15:00:00,0.6000000238418579,12.800000011920929
-484,TĐ Huội Quảng,2026-07-05 16:00:00,0.0,13.400000035762787
-484,TĐ Huội Quảng,2026-07-05 17:00:00,0.0,13.400000035762787
-484,TĐ Huội Quảng,2026-07-05 18:00:00,0.0,13.400000035762787
-484,TĐ Huội Quảng,2026-07-05 19:00:00,0.0,13.400000035762787
-484,TĐ Huội Quảng,2026-07-05 20:00:00,4.800000190734863,13.400000035762787
-484,TĐ Huội Quảng,2026-07-05 21:00:00,3.200000047683716,18.20000022649765
-484,TĐ Huội Quảng,2026-07-05 22:00:00,2.799999952316284,21.400000274181366
-484,TĐ Huội Quảng,2026-07-05 23:00:00,5.400000095367432,24.20000022649765
-484,TĐ Huội Quảng,2026-07-06 00:00:00,1.399999976158142,16.200000286102295
-484,TĐ Huội Quảng,2026-07-06 01:00:00,1.2000000476837158,17.600000262260437
-484,TĐ Huội Quảng,2026-07-06 02:00:00,0.0,18.800000309944153
-484,TĐ Huội Quảng,2026-07-06 03:00:00,0.0,18.800000309944153
-484,TĐ Huội Quảng,2026-07-06 04:00:00,2.4000000953674316,18.800000309944153
-484,TĐ Huội Quảng,2026-07-06 05:00:00,1.2000000476837158,21.200000405311584
-484,TĐ Huội Quảng,2026-07-06 06:00:00,0.20000000298023224,22.4000004529953
-484,TĐ Huội Quảng,2026-07-06 07:00:00,0.20000000298023224,22.600000455975533
-484,TĐ Huội Quảng,2026-07-06 08:00:00,6.199999809265137,22.800000458955765
-484,TĐ Huội Quảng,2026-07-06 09:00:00,3.0,29.0000002682209
-484,TĐ Huội Quảng,2026-07-06 10:00:00,0.20000000298023224,32.0000002682209
-484,TĐ Huội Quảng,2026-07-06 11:00:00,2.799999952316284,32.200000271201134
-484,TĐ Huội Quảng,2026-07-06 12:00:00,2.200000047683716,35.00000022351742
-484,TĐ Huội Quảng,2026-07-06 13:00:00,0.0,37.200000271201134
-484,TĐ Huội Quảng,2026-07-06 14:00:00,0.0,37.200000271201134
-484,TĐ Huội Quảng,2026-07-06 15:00:00,0.0,37.200000271201134
-484,TĐ Huội Quảng,2026-07-06 16:00:00,0.0,37.200000271201134
-484,TĐ Huội Quảng,2026-07-06 17:00:00,0.0,37.200000271201134
-484,TĐ Huội Quảng,2026-07-06 18:00:00,0.0,37.200000271201134
-484,TĐ Huội Quảng,2026-07-06 19:00:00,0.0,37.200000271201134
-484,TĐ Huội Quảng,2026-07-06 20:00:00,0.0,37.200000271201134
-484,TĐ Huội Quảng,2026-07-06 21:00:00,0.0,37.200000271201134
-484,TĐ Huội Quảng,2026-07-06 22:00:00,0.0,37.200000271201134
-484,TĐ Huội Quảng,2026-07-06 23:00:00,0.0,37.200000271201134
-484,TĐ Huội Quảng,2026-07-07 00:00:00,0.0,0.0
-484,TĐ Huội Quảng,2026-07-07 01:00:00,0.0,0.0
-484,TĐ Huội Quảng,2026-07-07 02:00:00,0.0,0.0
-484,TĐ Huội Quảng,2026-07-07 03:00:00,0.0,0.0
-484,TĐ Huội Quảng,2026-07-07 04:00:00,0.0,0.0
-484,TĐ Huội Quảng,2026-07-07 05:00:00,0.0,0.0
-484,TĐ Huội Quảng,2026-07-07 06:00:00,0.0,0.0
-484,TĐ Huội Quảng,2026-07-07 07:00:00,0.0,0.0
-484,TĐ Huội Quảng,2026-07-07 08:00:00,0.0,0.0
-484,TĐ Huội Quảng,2026-07-07 09:00:00,0.0,0.0
-484,TĐ Huội Quảng,2026-07-07 10:00:00,0.0,0.0
-484,TĐ Huội Quảng,2026-07-07 11:00:00,0.0,0.0
-484,TĐ Huội Quảng,2026-07-07 12:00:00,0.0,0.0
-484,TĐ Huội Quảng,2026-07-07 13:00:00,0.0,0.0
-484,TĐ Huội Quảng,2026-07-07 14:00:00,0.0,0.0
-484,TĐ Huội Quảng,2026-07-07 15:00:00,0.0,0.0
-484,TĐ Huội Quảng,2026-07-07 16:00:00,0.0,0.0
-484,TĐ Huội Quảng,2026-07-07 17:00:00,0.0,0.0
-484,TĐ Huội Quảng,2026-07-07 18:00:00,0.0,0.0
-484,TĐ Huội Quảng,2026-07-07 19:00:00,0.0,0.0
-484,TĐ Huội Quảng,2026-07-07 20:00:00,0.0,0.0
-484,TĐ Huội Quảng,2026-07-07 21:00:00,11.399999618530273,0.0
-484,TĐ Huội Quảng,2026-07-07 22:00:00,0.800000011920929,11.399999618530273
-484,TĐ Huội Quảng,2026-07-07 23:00:00,0.0,12.199999630451202
-484,TĐ Huội Quảng,2026-07-08 00:00:00,0.0,12.199999630451202
-484,TĐ Huội Quảng,2026-07-08 01:00:00,0.0,12.199999630451202
-484,TĐ Huội Quảng,2026-07-08 02:00:00,0.0,12.199999630451202
-484,TĐ Huội Quảng,2026-07-08 03:00:00,1.2000000476837158,12.199999630451202
-484,TĐ Huội Quảng,2026-07-08 04:00:00,4.199999809265137,13.399999678134918
-484,TĐ Huội Quảng,2026-07-08 05:00:00,1.7999999523162842,17.599999487400055
-484,TĐ Huội Quảng,2026-07-08 06:00:00,0.0,19.39999943971634
-484,TĐ Huội Quảng,2026-07-08 07:00:00,0.0,19.39999943971634
-484,TĐ Huội Quảng,2026-07-08 08:00:00,0.6000000238418579,19.39999943971634
-484,TĐ Huội Quảng,2026-07-08 09:00:00,0.0,19.999999463558197
-484,TĐ Huội Quảng,2026-07-08 10:00:00,1.0,19.999999463558197
-484,TĐ Huội Quảng,2026-07-08 11:00:00,0.4000000059604645,20.999999463558197
-484,TĐ Huội Quảng,2026-07-08 12:00:00,0.800000011920929,21.39999946951866
-484,TĐ Huội Quảng,2026-07-08 13:00:00,0.4000000059604645,22.19999948143959
-484,TĐ Huội Quảng,2026-07-08 14:00:00,0.20000000298023224,22.599999487400055
-484,TĐ Huội Quảng,2026-07-08 15:00:00,0.6000000238418579,22.799999490380287
-484,TĐ Huội Quảng,2026-07-08 16:00:00,0.0,23.399999514222145
-484,TĐ Huội Quảng,2026-07-08 17:00:00,0.0,23.399999514222145
-484,TĐ Huội Quảng,2026-07-08 18:00:00,0.0,23.399999514222145
-484,TĐ Huội Quảng,2026-07-08 19:00:00,0.800000011920929,23.399999514222145
-484,TĐ Huội Quảng,2026-07-08 20:00:00,0.0,24.199999526143074
-484,TĐ Huội Quảng,2026-07-08 21:00:00,0.800000011920929,24.199999526143074
-484,TĐ Huội Quảng,2026-07-08 22:00:00,0.0,24.999999538064003
-484,TĐ Huội Quảng,2026-07-08 23:00:00,3.5999999046325684,24.999999538064003
-484,TĐ Huội Quảng,2026-07-09 00:00:00,4.800000190734863,4.399999916553497
-484,TĐ Huội Quảng,2026-07-09 01:00:00,5.800000190734863,9.20000010728836
-484,TĐ Huội Quảng,2026-07-09 02:00:00,16.399999618530273,15.000000298023224
-484,TĐ Huội Quảng,2026-07-09 03:00:00,4.800000190734863,31.399999916553497
-484,TĐ Huội Quảng,2026-07-09 04:00:00,28.200000762939453,36.20000010728836
-484,TĐ Huội Quảng,2026-07-09 05:00:00,43.400001525878906,64.40000087022781
-484,TĐ Huội Quảng,2026-07-09 06:00:00,31.600000381469727,107.80000239610672
-484,TĐ Huội Quảng,2026-07-09 07:00:00,0.800000011920929,139.40000277757645
-484,TĐ Huội Quảng,2026-07-09 08:00:00,0.0,140.20000278949738
-484,TĐ Huội Quảng,2026-07-09 09:00:00,0.0,140.20000278949738
-484,TĐ Huội Quảng,2026-07-09 10:00:00,0.0,140.20000278949738
-484,TĐ Huội Quảng,2026-07-09 11:00:00,0.0,140.20000278949738
-484,TĐ Huội Quảng,2026-07-09 12:00:00,0.0,140.20000278949738
-484,TĐ Huội Quảng,2026-07-09 13:00:00,0.4000000059604645,140.20000278949738
-484,TĐ Huội Quảng,2026-07-09 14:00:00,0.0,140.60000279545784
-484,TĐ Huội Quảng,2026-07-09 15:00:00,0.0,140.60000279545784
-484,TĐ Huội Quảng,2026-07-09 16:00:00,0.0,140.60000279545784
-484,TĐ Huội Quảng,2026-07-09 17:00:00,0.0,140.60000279545784
-484,TĐ Huội Quảng,2026-07-09 18:00:00,10.199999809265137,140.60000279545784
-484,TĐ Huội Quảng,2026-07-09 19:00:00,29.200000762939453,150.80000260472298
-484,TĐ Huội Quảng,2026-07-09 20:00:00,14.199999809265137,180.00000336766243
-484,TĐ Huội Quảng,2026-07-09 21:00:00,3.5999999046325684,194.20000317692757
-484,TĐ Huội Quảng,2026-07-09 22:00:00,9.0,197.80000308156013
-484,TĐ Huội Quảng,2026-07-09 23:00:00,0.4000000059604645,206.80000308156013
-484,TĐ Huội Quảng,2026-07-10 00:00:00,2.4000000953674316,27.19999971985817
-484,TĐ Huội Quảng,2026-07-10 01:00:00,0.0,29.5999998152256
-484,TĐ Huội Quảng,2026-07-10 02:00:00,3.5999999046325684,29.5999998152256
-484,TĐ Huội Quảng,2026-07-10 03:00:00,7.0,33.19999971985817
-484,TĐ Huội Quảng,2026-07-10 04:00:00,0.0,40.19999971985817
-484,TĐ Huội Quảng,2026-07-10 05:00:00,2.4000000953674316,40.19999971985817
-484,TĐ Huội Quảng,2026-07-10 06:00:00,6.199999809265137,42.5999998152256
-484,TĐ Huội Quảng,2026-07-10 07:00:00,0.20000000298023224,48.79999962449074
-484,TĐ Huội Quảng,2026-07-10 08:00:00,0.0,48.99999962747097
-484,TĐ Huội Quảng,2026-07-10 09:00:00,0.0,48.99999962747097
-484,TĐ Huội Quảng,2026-07-10 10:00:00,0.0,48.99999962747097
-484,TĐ Huội Quảng,2026-07-10 11:00:00,0.0,48.99999962747097
-484,TĐ Huội Quảng,2026-07-10 12:00:00,0.20000000298023224,48.99999962747097
-484,TĐ Huội Quảng,2026-07-10 13:00:00,0.0,49.1999996304512
-484,TĐ Huội Quảng,2026-07-10 14:00:00,0.0,49.1999996304512
-484,TĐ Huội Quảng,2026-07-10 15:00:00,0.0,49.1999996304512
-484,TĐ Huội Quảng,2026-07-10 16:00:00,0.0,49.1999996304512
-484,TĐ Huội Quảng,2026-07-10 17:00:00,0.20000000298023224,49.1999996304512
-484,TĐ Huội Quảng,2026-07-10 18:00:00,0.0,49.399999633431435
-484,TĐ Huội Quảng,2026-07-10 19:00:00,1.399999976158142,49.399999633431435
-484,TĐ Huội Quảng,2026-07-10 20:00:00,2.0,50.79999960958958
-484,TĐ Huội Quảng,2026-07-10 21:00:00,0.0,52.79999960958958
-484,TĐ Huội Quảng,2026-07-10 22:00:00,0.0,52.79999960958958
-484,TĐ Huội Quảng,2026-07-10 23:00:00,0.0,52.79999960958958
-484,TĐ Huội Quảng,2026-07-11 00:00:00,3.200000047683716,2.0
-484,TĐ Huội Quảng,2026-07-11 01:00:00,0.0,5.200000047683716
-484,TĐ Huội Quảng,2026-07-11 02:00:00,0.0,5.200000047683716
-484,TĐ Huội Quảng,2026-07-11 03:00:00,0.0,5.200000047683716
-484,TĐ Huội Quảng,2026-07-11 04:00:00,0.0,5.200000047683716
-484,TĐ Huội Quảng,2026-07-11 05:00:00,0.20000000298023224,5.200000047683716
-484,TĐ Huội Quảng,2026-07-11 06:00:00,0.4000000059604645,5.400000050663948
-484,TĐ Huội Quảng,2026-07-11 07:00:00,0.800000011920929,5.8000000566244125
-484,TĐ Huội Quảng,2026-07-11 08:00:00,0.4000000059604645,6.6000000685453415
-484,TĐ Huội Quảng,2026-07-11 09:00:00,0.0,7.000000074505806
-484,TĐ Huội Quảng,2026-07-11 10:00:00,0.0,7.000000074505806
-484,TĐ Huội Quảng,2026-07-11 11:00:00,0.0,7.000000074505806
-484,TĐ Huội Quảng,2026-07-11 12:00:00,0.0,7.000000074505806
-484,TĐ Huội Quảng,2026-07-11 13:00:00,0.0,7.000000074505806
-484,TĐ Huội Quảng,2026-07-11 14:00:00,0.0,7.000000074505806
-484,TĐ Huội Quảng,2026-07-11 15:00:00,0.0,7.000000074505806
-484,TĐ Huội Quảng,2026-07-11 16:00:00,0.0,7.000000074505806
-484,TĐ Huội Quảng,2026-07-11 17:00:00,0.0,7.000000074505806
-484,TĐ Huội Quảng,2026-07-11 18:00:00,0.0,7.000000074505806
-484,TĐ Huội Quảng,2026-07-11 19:00:00,0.0,7.000000074505806
-484,TĐ Huội Quảng,2026-07-11 20:00:00,0.0,7.000000074505806
-484,TĐ Huội Quảng,2026-07-11 21:00:00,0.0,7.000000074505806
-484,TĐ Huội Quảng,2026-07-11 22:00:00,0.800000011920929,7.000000074505806
-484,TĐ Huội Quảng,2026-07-11 23:00:00,0.0,7.800000086426735
-484,TĐ Huội Quảng,2026-07-12 00:00:00,0.0,0.800000011920929
-484,TĐ Huội Quảng,2026-07-12 01:00:00,0.0,0.800000011920929
-484,TĐ Huội Quảng,2026-07-12 02:00:00,0.0,0.800000011920929
-484,TĐ Huội Quảng,2026-07-12 03:00:00,0.0,0.800000011920929
-484,TĐ Huội Quảng,2026-07-12 04:00:00,0.0,0.800000011920929
-484,TĐ Huội Quảng,2026-07-12 05:00:00,0.0,0.800000011920929
-484,TĐ Huội Quảng,2026-07-12 06:00:00,0.0,0.800000011920929
-484,TĐ Huội Quảng,2026-07-12 07:00:00,0.0,0.800000011920929
-484,TĐ Huội Quảng,2026-07-12 08:00:00,0.0,0.800000011920929
-484,TĐ Huội Quảng,2026-07-12 09:00:00,0.0,0.800000011920929
-484,TĐ Huội Quảng,2026-07-12 10:00:00,0.0,0.800000011920929
-484,TĐ Huội Quảng,2026-07-12 11:00:00,0.0,0.800000011920929
-484,TĐ Huội Quảng,2026-07-12 12:00:00,0.0,0.800000011920929
-484,TĐ Huội Quảng,2026-07-12 13:00:00,2.5999999046325684,0.800000011920929
-484,TĐ Huội Quảng,2026-07-12 14:00:00,0.0,3.3999999165534973
-484,TĐ Huội Quảng,2026-07-12 15:00:00,2.4000000953674316,3.3999999165534973
-484,TĐ Huội Quảng,2026-07-12 16:00:00,0.0,5.800000011920929
-484,TĐ Huội Quảng,2026-07-12 17:00:00,0.0,5.800000011920929
-484,TĐ Huội Quảng,2026-07-12 18:00:00,0.0,5.800000011920929
-484,TĐ Huội Quảng,2026-07-12 19:00:00,0.0,5.800000011920929
-484,TĐ Huội Quảng,2026-07-12 20:00:00,0.0,5.800000011920929
-484,TĐ Huội Quảng,2026-07-12 21:00:00,0.0,5.800000011920929
-484,TĐ Huội Quảng,2026-07-12 22:00:00,0.0,5.800000011920929
-484,TĐ Huội Quảng,2026-07-12 23:00:00,0.0,5.800000011920929
-484,TĐ Huội Quảng,2026-07-13 00:00:00,0.0,0.0
-484,TĐ Huội Quảng,2026-07-13 01:00:00,0.0,0.0
-484,TĐ Huội Quảng,2026-07-13 02:00:00,0.0,0.0
-484,TĐ Huội Quảng,2026-07-13 03:00:00,0.0,0.0
-484,TĐ Huội Quảng,2026-07-13 04:00:00,0.0,0.0
-484,TĐ Huội Quảng,2026-07-13 05:00:00,0.0,0.0
-484,TĐ Huội Quảng,2026-07-13 06:00:00,0.0,0.0
-484,TĐ Huội Quảng,2026-07-13 07:00:00,0.0,0.0
-484,TĐ Huội Quảng,2026-07-13 08:00:00,0.0,0.0
-484,TĐ Huội Quảng,2026-07-13 09:00:00,0.0,0.0
-484,TĐ Huội Quảng,2026-07-13 10:00:00,0.0,0.0
-484,TĐ Huội Quảng,2026-07-13 11:00:00,0.0,0.0
-484,TĐ Huội Quảng,2026-07-13 12:00:00,0.0,0.0
-484,TĐ Huội Quảng,2026-07-13 13:00:00,0.0,0.0
-484,TĐ Huội Quảng,2026-07-13 14:00:00,0.0,0.0
-484,TĐ Huội Quảng,2026-07-13 15:00:00,0.20000000298023224,0.0
-484,TĐ Huội Quảng,2026-07-13 16:00:00,0.0,0.20000000298023224
-484,TĐ Huội Quảng,2026-07-13 17:00:00,0.0,0.20000000298023224
-484,TĐ Huội Quảng,2026-07-13 18:00:00,0.0,0.20000000298023224
-484,TĐ Huội Quảng,2026-07-13 19:00:00,0.0,0.20000000298023224
-484,TĐ Huội Quảng,2026-07-13 20:00:00,0.0,0.20000000298023224
-484,TĐ Huội Quảng,2026-07-13 21:00:00,0.0,0.20000000298023224
-484,TĐ Huội Quảng,2026-07-13 22:00:00,0.0,0.20000000298023224
-484,TĐ Huội Quảng,2026-07-13 23:00:00,0.0,0.20000000298023224
-484,TĐ Huội Quảng,2026-07-14 00:00:00,0.0,0.0
-484,TĐ Huội Quảng,2026-07-14 01:00:00,0.0,0.0
-484,TĐ Huội Quảng,2026-07-14 02:00:00,0.0,0.0
-484,TĐ Huội Quảng,2026-07-14 03:00:00,0.0,0.0
-484,TĐ Huội Quảng,2026-07-14 04:00:00,0.0,0.0
-484,TĐ Huội Quảng,2026-07-14 05:00:00,0.0,0.0
-484,TĐ Huội Quảng,2026-07-14 06:00:00,0.0,0.0
-484,TĐ Huội Quảng,2026-07-14 07:00:00,0.0,0.0
-484,TĐ Huội Quảng,2026-07-14 08:00:00,0.0,0.0
-484,TĐ Huội Quảng,2026-07-14 09:00:00,0.0,0.0
-484,TĐ Huội Quảng,2026-07-14 10:00:00,0.0,0.0
-484,TĐ Huội Quảng,2026-07-14 11:00:00,0.0,0.0
-484,TĐ Huội Quảng,2026-07-14 12:00:00,0.0,0.0
-484,TĐ Huội Quảng,2026-07-14 13:00:00,0.0,0.0
-484,TĐ Huội Quảng,2026-07-14 14:00:00,0.0,0.0
-484,TĐ Huội Quảng,2026-07-14 15:00:00,0.0,0.0
-484,TĐ Huội Quảng,2026-07-14 16:00:00,0.0,0.0
-484,TĐ Huội Quảng,2026-07-14 17:00:00,0.0,0.0
-484,TĐ Huội Quảng,2026-07-14 18:00:00,0.0,0.0
-484,TĐ Huội Quảng,2026-07-14 19:00:00,0.0,0.0
-484,TĐ Huội Quảng,2026-07-14 20:00:00,0.0,0.0
-484,TĐ Huội Quảng,2026-07-14 21:00:00,0.0,0.0
-484,TĐ Huội Quảng,2026-07-14 22:00:00,0.0,0.0
-484,TĐ Huội Quảng,2026-07-14 23:00:00,0.0,0.0
-484,TĐ Huội Quảng,2026-07-15 00:00:00,0.0,0.0
-484,TĐ Huội Quảng,2026-07-15 01:00:00,0.0,0.0
-484,TĐ Huội Quảng,2026-07-15 02:00:00,0.0,0.0
-484,TĐ Huội Quảng,2026-07-15 03:00:00,0.0,0.0
-484,TĐ Huội Quảng,2026-07-15 04:00:00,0.0,0.0
-484,TĐ Huội Quảng,2026-07-15 05:00:00,0.0,0.0
-484,TĐ Huội Quảng,2026-07-15 06:00:00,0.0,0.0
-484,TĐ Huội Quảng,2026-07-15 07:00:00,0.0,0.0
-484,TĐ Huội Quảng,2026-07-15 08:00:00,0.0,0.0
-484,TĐ Huội Quảng,2026-07-15 09:00:00,0.0,0.0
-484,TĐ Huội Quảng,2026-07-15 10:00:00,0.0,0.0
-484,TĐ Huội Quảng,2026-07-15 11:00:00,0.0,0.0
-484,TĐ Huội Quảng,2026-07-15 12:00:00,0.0,0.0
-484,TĐ Huội Quảng,2026-07-15 13:00:00,0.0,0.0
-484,TĐ Huội Quảng,2026-07-15 14:00:00,0.0,0.0
