station_id,station_name,observed_at,rain_1h_mm,rain_acc_mm
-144,Tà Hừa,2024-09-07T00:00:00.000,0.0,0.0
-144,Tà Hừa,2024-09-07T01:00:00.000,0.0,0.0
-144,Tà Hừa,2024-09-07T02:00:00.000,0.0,0.0
-144,Tà Hừa,2024-09-07T03:00:00.000,0.0,0.0
-144,Tà Hừa,2024-09-07T04:00:00.000,0.4000000059604645,0.4000000059604645
-144,Tà Hừa,2024-09-07T05:00:00.000,14.800000190734863,15.200000196695328
-144,Tà Hừa,2024-09-07T06:00:00.000,0.0,15.200000196695328
-144,Tà Hừa,2024-09-07T07:00:00.000,0.0,15.200000196695328
-144,Tà Hừa,2024-09-07T08:00:00.000,0.0,15.200000196695328
-144,Tà Hừa,2024-09-07T09:00:00.000,0.4000000059604645,15.600000202655792
-144,Tà Hừa,2024-09-07T10:00:00.000,0.0,15.600000202655792
-144,Tà Hừa,2024-09-07T11:00:00.000,0.0,15.600000202655792
-144,Tà Hừa,2024-09-07T12:00:00.000,0.0,15.600000202655792
-144,Tà Hừa,2024-09-07T13:00:00.000,0.0,15.600000202655792
-144,Tà Hừa,2024-09-07T14:00:00.000,0.0,15.600000202655792
-144,Tà Hừa,2024-09-07T15:00:00.000,0.20000000298023224,15.800000205636024
-144,Tà Hừa,2024-09-07T16:00:00.000,0.6000000238418579,16.400000229477882
-144,Tà Hừa,2024-09-07T17:00:00.000,0.4000000059604645,16.800000235438347
-144,Tà Hừa,2024-09-07T18:00:00.000,0.6000000238418579,17.400000259280205
-144,Tà Hừa,2024-09-07T19:00:00.000,0.800000011920929,18.200000271201134
-144,Tà Hừa,2024-09-07T20:00:00.000,1.0,19.200000271201134
-144,Tà Hừa,2024-09-07T21:00:00.000,2.4000000953674316,21.600000366568565
-144,Tà Hừa,2024-09-07T22:00:00.000,0.6000000238418579,22.200000390410423
-144,Tà Hừa,2024-09-07T23:00:00.000,1.399999976158142,23.600000366568565
-144,Tà Hừa,2024-09-08T00:00:00.000,0.4000000059604645,5.800000101327896
-144,Tà Hừa,2024-09-08T01:00:00.000,0.4000000059604645,6.200000107288361
-144,Tà Hừa,2024-09-08T02:00:00.000,0.20000000298023224,6.400000110268593
-144,Tà Hừa,2024-09-08T03:00:00.000,0.800000011920929,7.200000122189522
-144,Tà Hừa,2024-09-08T04:00:00.000,0.6000000238418579,7.80000014603138
-144,Tà Hừa,2024-09-08T05:00:00.000,0.800000011920929,8.600000157952309
-144,Tà Hừa,2024-09-08T06:00:00.000,1.2000000476837158,9.800000205636024
-144,Tà Hừa,2024-09-08T07:00:00.000,2.4000000953674316,12.200000301003456
-144,Tà Hừa,2024-09-08T08:00:00.000,0.6000000238418579,12.800000324845314
-144,Tà Hừa,2024-09-08T09:00:00.000,2.5999999046325684,15.400000229477882
-144,Tà Hừa,2024-09-08T10:00:00.000,2.0,17.400000229477882
-144,Tà Hừa,2024-09-08T11:00:00.000,3.0,20.400000229477882
-144,Tà Hừa,2024-09-08T12:00:00.000,3.200000047683716,23.600000277161598
-144,Tà Hừa,2024-09-08T13:00:00.000,2.799999952316284,26.400000229477882
-144,Tà Hừa,2024-09-08T14:00:00.000,3.4000000953674316,29.800000324845314
-144,Tà Hừa,2024-09-08T15:00:00.000,5.0,34.800000324845314
-144,Tà Hừa,2024-09-08T16:00:00.000,4.0,38.800000324845314
-144,Tà Hừa,2024-09-08T17:00:00.000,4.599999904632568,43.40000022947788
-144,Tà Hừa,2024-09-08T18:00:00.000,1.2000000476837158,44.6000002771616
-144,Tà Hừa,2024-09-08T19:00:00.000,1.7999999523162842,46.40000022947788
-144,Tà Hừa,2024-09-08T20:00:00.000,4.199999809265137,50.60000003874302
-144,Tà Hừa,2024-09-08T21:00:00.000,11.399999618530273,61.99999965727329
-144,Tà Hừa,2024-09-08T22:00:00.000,17.200000762939453,79.20000042021275
-144,Tà Hừa,2024-09-08T23:00:00.000,9.399999618530273,88.60000003874302
-144,Tà Hừa,2024-09-09T00:00:00.000,19.200000762939453,61.40000057220459
-144,Tà Hừa,2024-09-09T01:00:00.000,3.4000000953674316,64.80000066757202
-144,Tà Hừa,2024-09-09T02:00:00.000,7.199999809265137,72.00000047683716
-144,Tà Hừa,2024-09-09T03:00:00.000,3.799999952316284,75.80000042915344
-144,Tà Hừa,2024-09-09T04:00:00.000,4.0,79.80000042915344
-144,Tà Hừa,2024-09-09T05:00:00.000,3.200000047683716,83.00000047683716
-144,Tà Hừa,2024-09-09T06:00:00.000,0.6000000238418579,83.60000050067902
-144,Tà Hừa,2024-09-09T07:00:00.000,0.0,83.60000050067902
-144,Tà Hừa,2024-09-09T08:00:00.000,0.0,83.60000050067902
-144,Tà Hừa,2024-09-09T09:00:00.000,0.0,83.60000050067902
-144,Tà Hừa,2024-09-09T10:00:00.000,0.20000000298023224,83.80000050365925
-144,Tà Hừa,2024-09-09T11:00:00.000,0.0,83.80000050365925
-144,Tà Hừa,2024-09-09T12:00:00.000,1.0,84.80000050365925
-144,Tà Hừa,2024-09-09T13:00:00.000,2.200000047683716,87.00000055134296
-144,Tà Hừa,2024-09-09T14:00:00.000,2.799999952316284,89.80000050365925
-144,Tà Hừa,2024-09-09T15:00:00.000,1.600000023841858,91.4000005275011
-144,Tà Hừa,2024-09-09T16:00:00.000,7.800000190734863,99.20000071823597
-144,Tà Hừa,2024-09-09T17:00:00.000,5.599999904632568,104.80000062286854
-144,Tà Hừa,2024-09-09T18:00:00.000,1.600000023841858,106.4000006467104
-144,Tà Hừa,2024-09-09T19:00:00.000,2.200000047683716,108.60000069439411
-144,Tà Hừa,2024-09-09T20:00:00.000,1.0,109.60000069439411
-144,Tà Hừa,2024-09-09T21:00:00.000,0.4000000059604645,110.00000070035458
-144,Tà Hừa,2024-09-09T22:00:00.000,1.399999976158142,111.40000067651272
-144,Tà Hừa,2024-09-09T23:00:00.000,0.0,111.40000067651272
-144,Tà Hừa,2024-09-10T00:00:00.000,0.0,2.7999999821186066
-144,Tà Hừa,2024-09-10T01:00:00.000,0.0,2.7999999821186066
-144,Tà Hừa,2024-09-10T02:00:00.000,0.0,2.7999999821186066
-144,Tà Hừa,2024-09-10T03:00:00.000,0.0,2.7999999821186066
-144,Tà Hừa,2024-09-10T04:00:00.000,0.20000000298023224,2.999999985098839
-144,Tà Hừa,2024-09-10T05:00:00.000,0.0,2.999999985098839
-144,Tà Hừa,2024-09-10T06:00:00.000,0.0,2.999999985098839
-144,Tà Hừa,2024-09-10T07:00:00.000,0.0,2.999999985098839
-144,Tà Hừa,2024-09-10T08:00:00.000,1.0,3.999999985098839
-144,Tà Hừa,2024-09-10T09:00:00.000,0.0,3.999999985098839
-144,Tà Hừa,2024-09-10T10:00:00.000,0.0,3.999999985098839
-144,Tà Hừa,2024-09-10T11:00:00.000,0.0,3.999999985098839
-144,Tà Hừa,2024-09-10T12:00:00.000,0.0,3.999999985098839
-144,Tà Hừa,2024-09-10T13:00:00.000,0.0,3.999999985098839
-144,Tà Hừa,2024-09-10T14:00:00.000,0.0,3.999999985098839
-144,Tà Hừa,2024-09-10T15:00:00.000,0.0,3.999999985098839
-144,Tà Hừa,2024-09-10T16:00:00.000,0.0,3.999999985098839
-144,Tà Hừa,2024-09-10T17:00:00.000,0.0,3.999999985098839
-144,Tà Hừa,2024-09-10T18:00:00.000,0.0,3.999999985098839
-144,Tà Hừa,2024-09-10T19:00:00.000,0.0,3.999999985098839
-144,Tà Hừa,2024-09-10T20:00:00.000,0.0,3.999999985098839
-144,Tà Hừa,2024-09-10T21:00:00.000,0.0,3.999999985098839
-144,Tà Hừa,2024-09-10T22:00:00.000,0.0,3.999999985098839
-144,Tà Hừa,2024-09-10T23:00:00.000,0.0,3.999999985098839
-144,Tà Hừa,2024-10-01T00:00:00.000,0.0,0.0
-144,Tà Hừa,2024-10-01T01:00:00.000,0.0,0.0
-144,Tà Hừa,2024-10-01T02:00:00.000,0.20000000298023224,0.20000000298023224
-144,Tà Hừa,2024-10-01T03:00:00.000,1.0,1.2000000029802322
-144,Tà Hừa,2024-10-01T04:00:00.000,0.0,1.2000000029802322
-144,Tà Hừa,2024-10-01T05:00:00.000,0.20000000298023224,1.4000000059604645
-144,Tà Hừa,2024-10-01T06:00:00.000,0.0,1.4000000059604645
-144,Tà Hừa,2024-10-01T07:00:00.000,0.0,1.4000000059604645
-144,Tà Hừa,2024-10-01T08:00:00.000,0.0,1.4000000059604645
-144,Tà Hừa,2024-10-01T09:00:00.000,0.0,1.4000000059604645
-144,Tà Hừa,2024-10-01T10:00:00.000,0.6000000238418579,2.0000000298023224
-144,Tà Hừa,2024-10-01T11:00:00.000,0.20000000298023224,2.2000000327825546
-144,Tà Hừa,2024-10-01T12:00:00.000,0.0,2.2000000327825546
-144,Tà Hừa,2024-10-01T13:00:00.000,0.0,2.2000000327825546
-144,Tà Hừa,2024-10-01T14:00:00.000,1.600000023841858,3.8000000566244125
-144,Tà Hừa,2024-10-01T15:00:00.000,0.6000000238418579,4.4000000804662704
-144,Tà Hừa,2024-10-01T16:00:00.000,0.0,4.4000000804662704
-144,Tà Hừa,2024-10-01T17:00:00.000,0.0,4.4000000804662704
-144,Tà Hừa,2024-10-01T18:00:00.000,0.0,4.4000000804662704
-144,Tà Hừa,2024-10-01T19:00:00.000,0.0,4.4000000804662704
-144,Tà Hừa,2024-10-01T20:00:00.000,0.0,4.4000000804662704
-144,Tà Hừa,2024-10-01T21:00:00.000,0.0,4.4000000804662704
-144,Tà Hừa,2024-10-01T22:00:00.000,0.0,4.4000000804662704
-144,Tà Hừa,2024-10-01T23:00:00.000,0.0,4.4000000804662704
-144,Tà Hừa,2024-10-02T00:00:00.000,0.0,0.0
-144,Tà Hừa,2024-10-02T01:00:00.000,0.0,0.0
-144,Tà Hừa,2024-10-02T02:00:00.000,0.0,0.0
-144,Tà Hừa,2024-10-02T03:00:00.000,0.0,0.0
-144,Tà Hừa,2024-10-02T04:00:00.000,0.0,0.0
-144,Tà Hừa,2024-10-02T05:00:00.000,0.0,0.0
-144,Tà Hừa,2024-10-02T06:00:00.000,0.0,0.0
-144,Tà Hừa,2024-10-02T07:00:00.000,0.0,0.0
-144,Tà Hừa,2024-10-02T08:00:00.000,0.0,0.0
-144,Tà Hừa,2024-10-02T09:00:00.000,0.0,0.0
-144,Tà Hừa,2024-10-02T10:00:00.000,0.0,0.0
-144,Tà Hừa,2024-10-02T11:00:00.000,0.0,0.0
-144,Tà Hừa,2024-10-02T12:00:00.000,0.0,0.0
-144,Tà Hừa,2024-10-02T13:00:00.000,0.0,0.0
-144,Tà Hừa,2024-10-02T14:00:00.000,0.0,0.0
-144,Tà Hừa,2024-10-02T15:00:00.000,0.0,0.0
-144,Tà Hừa,2024-10-02T16:00:00.000,0.0,0.0
-144,Tà Hừa,2024-10-02T17:00:00.000,0.0,0.0
-144,Tà Hừa,2024-10-02T18:00:00.000,0.0,0.0
-144,Tà Hừa,2024-10-02T19:00:00.000,0.0,0.0
-144,Tà Hừa,2024-10-02T20:00:00.000,0.0,0.0
-144,Tà Hừa,2024-10-02T21:00:00.000,0.0,0.0
-144,Tà Hừa,2024-10-02T22:00:00.000,0.0,0.0
-144,Tà Hừa,2024-10-02T23:00:00.000,0.0,0.0
-144,Tà Hừa,2024-10-03T00:00:00.000,0.0,0.0
-144,Tà Hừa,2024-10-03T01:00:00.000,0.0,0.0
-144,Tà Hừa,2024-10-03T02:00:00.000,0.0,0.0
-144,Tà Hừa,2024-10-03T03:00:00.000,0.0,0.0
-144,Tà Hừa,2024-10-03T04:00:00.000,0.0,0.0
-144,Tà Hừa,2024-10-03T05:00:00.000,0.0,0.0
-144,Tà Hừa,2024-10-03T06:00:00.000,0.0,0.0
-144,Tà Hừa,2024-10-03T07:00:00.000,0.0,0.0
-144,Tà Hừa,2024-10-03T08:00:00.000,0.0,0.0
-144,Tà Hừa,2024-10-03T09:00:00.000,0.0,0.0
-144,Tà Hừa,2024-10-03T10:00:00.000,0.0,0.0
-144,Tà Hừa,2024-10-03T11:00:00.000,0.0,0.0
-144,Tà Hừa,2024-10-03T12:00:00.000,0.0,0.0
-144,Tà Hừa,2024-10-03T13:00:00.000,0.0,0.0
-144,Tà Hừa,2024-10-03T14:00:00.000,0.0,0.0
-144,Tà Hừa,2024-10-03T15:00:00.000,0.0,0.0
-144,Tà Hừa,2024-10-03T16:00:00.000,0.0,0.0
-144,Tà Hừa,2024-10-03T17:00:00.000,0.0,0.0
-144,Tà Hừa,2024-10-03T18:00:00.000,0.0,0.0
-144,Tà Hừa,2024-10-03T19:00:00.000,0.0,0.0
-144,Tà Hừa,2024-10-03T20:00:00.000,0.0,0.0
-144,Tà Hừa,2024-10-03T21:00:00.000,0.0,0.0
-144,Tà Hừa,2024-10-03T22:00:00.000,0.0,0.0
-144,Tà Hừa,2024-10-03T23:00:00.000,0.0,0.0
-144,Tà Hừa,2024-10-04T00:00:00.000,0.0,0.0
-144,Tà Hừa,2024-10-04T01:00:00.000,0.0,0.0
-144,Tà Hừa,2024-10-04T02:00:00.000,0.0,0.0
-144,Tà Hừa,2024-10-04T03:00:00.000,0.0,0.0
-144,Tà Hừa,2024-10-04T04:00:00.000,0.0,0.0
-144,Tà Hừa,2024-10-04T05:00:00.000,0.0,0.0
-144,Tà Hừa,2024-10-04T06:00:00.000,0.0,0.0
-144,Tà Hừa,2024-10-04T07:00:00.000,0.0,0.0
-144,Tà Hừa,2024-10-04T08:00:00.000,0.0,0.0
-144,Tà Hừa,2024-10-04T09:00:00.000,0.0,0.0
-144,Tà Hừa,2024-10-04T10:00:00.000,0.0,0.0
-144,Tà Hừa,2024-10-04T11:00:00.000,0.0,0.0
-144,Tà Hừa,2024-10-04T12:00:00.000,0.0,0.0
-144,Tà Hừa,2024-10-04T13:00:00.000,0.0,0.0
-144,Tà Hừa,2024-10-04T14:00:00.000,0.0,0.0
-144,Tà Hừa,2024-10-04T15:00:00.000,0.0,0.0
-144,Tà Hừa,2024-10-04T16:00:00.000,0.0,0.0
-144,Tà Hừa,2024-10-04T17:00:00.000,0.0,0.0
-144,Tà Hừa,2024-10-04T18:00:00.000,0.0,0.0
-144,Tà Hừa,2024-10-04T19:00:00.000,0.0,0.0
-144,Tà Hừa,2024-10-04T20:00:00.000,0.0,0.0
-144,Tà Hừa,2024-10-04T21:00:00.000,0.0,0.0
-144,Tà Hừa,2024-10-04T22:00:00.000,0.0,0.0
-144,Tà Hừa,2024-10-04T23:00:00.000,0.0,0.0
-144,Tà Hừa,2024-10-05T00:00:00.000,0.0,0.0
-144,Tà Hừa,2024-10-05T01:00:00.000,0.0,0.0
-144,Tà Hừa,2024-10-05T02:00:00.000,0.0,0.0
-144,Tà Hừa,2024-10-05T03:00:00.000,0.0,0.0
-144,Tà Hừa,2024-10-05T04:00:00.000,0.0,0.0
-144,Tà Hừa,2024-10-05T05:00:00.000,0.0,0.0
-144,Tà Hừa,2024-10-05T06:00:00.000,0.0,0.0
-144,Tà Hừa,2024-10-05T07:00:00.000,0.0,0.0
-144,Tà Hừa,2024-10-05T08:00:00.000,0.0,0.0
-144,Tà Hừa,2024-10-05T09:00:00.000,0.0,0.0
-144,Tà Hừa,2024-10-05T10:00:00.000,0.0,0.0
-144,Tà Hừa,2024-10-05T11:00:00.000,0.0,0.0
-144,Tà Hừa,2024-10-05T12:00:00.000,0.0,0.0
-144,Tà Hừa,2024-10-05T13:00:00.000,0.0,0.0
-144,Tà Hừa,2024-10-05T14:00:00.000,0.0,0.0
-144,Tà Hừa,2024-10-05T15:00:00.000,0.0,0.0
-144,Tà Hừa,2024-10-05T16:00:00.000,0.0,0.0
-144,Tà Hừa,2024-10-05T17:00:00.000,0.0,0.0
-144,Tà Hừa,2024-10-05T18:00:00.000,0.0,0.0
-144,Tà Hừa,2024-10-05T19:00:00.000,0.0,0.0
-144,Tà Hừa,2024-10-05T20:00:00.000,0.0,0.0
-144,Tà Hừa,2024-10-05T21:00:00.000,0.0,0.0
-144,Tà Hừa,2024-10-05T22:00:00.000,0.0,0.0
-144,Tà Hừa,2024-10-05T23:00:00.000,0.0,0.0
-144,Tà Hừa,2024-10-06T00:00:00.000,0.0,0.0
-144,Tà Hừa,2024-10-06T01:00:00.000,0.0,0.0
-144,Tà Hừa,2024-10-06T02:00:00.000,0.0,0.0
-144,Tà Hừa,2024-10-06T03:00:00.000,0.0,0.0
-144,Tà Hừa,2024-10-06T04:00:00.000,0.0,0.0
-144,Tà Hừa,2024-10-06T05:00:00.000,0.0,0.0
-144,Tà Hừa,2024-10-06T06:00:00.000,0.0,0.0
-144,Tà Hừa,2024-10-06T07:00:00.000,0.0,0.0
-144,Tà Hừa,2024-10-06T08:00:00.000,0.0,0.0
-144,Tà Hừa,2024-10-06T09:00:00.000,0.0,0.0
-144,Tà Hừa,2024-10-06T10:00:00.000,0.0,0.0
-144,Tà Hừa,2024-10-06T11:00:00.000,0.0,0.0
-144,Tà Hừa,2024-10-06T12:00:00.000,0.0,0.0
-144,Tà Hừa,2024-10-06T13:00:00.000,0.0,0.0
-144,Tà Hừa,2024-10-06T14:00:00.000,0.0,0.0
-144,Tà Hừa,2024-10-06T15:00:00.000,0.0,0.0
-144,Tà Hừa,2024-10-06T16:00:00.000,0.0,0.0
-144,Tà Hừa,2024-10-06T17:00:00.000,0.0,0.0
-144,Tà Hừa,2024-10-06T18:00:00.000,0.0,0.0
-144,Tà Hừa,2024-10-06T19:00:00.000,0.0,0.0
-144,Tà Hừa,2024-10-06T20:00:00.000,0.0,0.0
-144,Tà Hừa,2024-10-06T21:00:00.000,0.0,0.0
-144,Tà Hừa,2024-10-06T22:00:00.000,0.0,0.0
-144,Tà Hừa,2024-10-06T23:00:00.000,0.0,0.0
-144,Tà Hừa,2024-10-07T00:00:00.000,0.0,0.0
-144,Tà Hừa,2024-10-07T01:00:00.000,0.0,0.0
-144,Tà Hừa,2024-10-07T02:00:00.000,0.0,0.0
-144,Tà Hừa,2024-10-07T03:00:00.000,0.0,0.0
-144,Tà Hừa,2024-10-07T04:00:00.000,0.0,0.0
-144,Tà Hừa,2024-10-07T05:00:00.000,0.0,0.0
-144,Tà Hừa,2024-10-07T06:00:00.000,0.0,0.0
-144,Tà Hừa,2024-10-07T07:00:00.000,0.0,0.0
-144,Tà Hừa,2024-10-07T08:00:00.000,0.0,0.0
-144,Tà Hừa,2024-10-07T09:00:00.000,0.0,0.0
-144,Tà Hừa,2024-10-07T10:00:00.000,0.0,0.0
-144,Tà Hừa,2024-10-07T11:00:00.000,0.0,0.0
-144,Tà Hừa,2024-10-07T12:00:00.000,0.0,0.0
-144,Tà Hừa,2024-10-07T13:00:00.000,0.0,0.0
-144,Tà Hừa,2024-10-07T14:00:00.000,0.0,0.0
-144,Tà Hừa,2024-10-07T15:00:00.000,0.0,0.0
-144,Tà Hừa,2024-10-07T16:00:00.000,0.0,0.0
-144,Tà Hừa,2024-10-07T17:00:00.000,0.0,0.0
-144,Tà Hừa,2024-10-07T18:00:00.000,0.0,0.0
-144,Tà Hừa,2024-10-07T19:00:00.000,0.0,0.0
-144,Tà Hừa,2024-10-07T20:00:00.000,0.0,0.0
-144,Tà Hừa,2024-10-07T21:00:00.000,0.0,0.0
-144,Tà Hừa,2024-10-07T22:00:00.000,0.0,0.0
-144,Tà Hừa,2024-10-07T23:00:00.000,0.0,0.0
-144,Tà Hừa,2024-10-08T00:00:00.000,0.0,0.0
-144,Tà Hừa,2024-10-08T01:00:00.000,0.0,0.0
-144,Tà Hừa,2024-10-08T02:00:00.000,0.0,0.0
-144,Tà Hừa,2024-10-08T03:00:00.000,0.0,0.0
-144,Tà Hừa,2024-10-08T04:00:00.000,0.0,0.0
-144,Tà Hừa,2024-10-08T05:00:00.000,0.0,0.0
-144,Tà Hừa,2024-10-08T06:00:00.000,0.0,0.0
-144,Tà Hừa,2024-10-08T07:00:00.000,0.0,0.0
-144,Tà Hừa,2024-10-08T08:00:00.000,0.0,0.0
-144,Tà Hừa,2024-10-08T09:00:00.000,0.0,0.0
-144,Tà Hừa,2024-10-08T10:00:00.000,0.0,0.0
-144,Tà Hừa,2024-10-08T11:00:00.000,0.0,0.0
-144,Tà Hừa,2024-10-08T12:00:00.000,0.0,0.0
-144,Tà Hừa,2024-10-08T13:00:00.000,0.0,0.0
-144,Tà Hừa,2024-10-08T14:00:00.000,0.0,0.0
-144,Tà Hừa,2024-10-08T15:00:00.000,0.0,0.0
-144,Tà Hừa,2024-10-08T16:00:00.000,0.0,0.0
-144,Tà Hừa,2024-10-08T17:00:00.000,0.0,0.0
-144,Tà Hừa,2024-10-08T18:00:00.000,0.0,0.0
-144,Tà Hừa,2024-10-08T19:00:00.000,0.0,0.0
-144,Tà Hừa,2024-10-08T20:00:00.000,0.0,0.0
-144,Tà Hừa,2024-10-08T21:00:00.000,0.0,0.0
-144,Tà Hừa,2024-10-08T22:00:00.000,0.0,0.0
-144,Tà Hừa,2024-10-08T23:00:00.000,0.0,0.0
-144,Tà Hừa,2024-10-09T00:00:00.000,0.0,0.0
-144,Tà Hừa,2024-10-09T01:00:00.000,0.0,0.0
-144,Tà Hừa,2024-10-09T02:00:00.000,0.0,0.0
-144,Tà Hừa,2024-10-09T03:00:00.000,0.0,0.0
-144,Tà Hừa,2024-10-09T04:00:00.000,0.0,0.0
-144,Tà Hừa,2024-10-09T05:00:00.000,0.0,0.0
-144,Tà Hừa,2024-10-09T06:00:00.000,0.0,0.0
-144,Tà Hừa,2024-10-09T07:00:00.000,0.0,0.0
-144,Tà Hừa,2024-10-09T08:00:00.000,0.0,0.0
-144,Tà Hừa,2024-10-09T09:00:00.000,0.0,0.0
-144,Tà Hừa,2024-10-09T10:00:00.000,0.0,0.0
-144,Tà Hừa,2024-10-09T11:00:00.000,0.0,0.0
-144,Tà Hừa,2024-10-09T12:00:00.000,0.0,0.0
-144,Tà Hừa,2024-10-09T13:00:00.000,0.0,0.0
-144,Tà Hừa,2024-10-09T14:00:00.000,0.0,0.0
-144,Tà Hừa,2024-10-09T15:00:00.000,0.0,0.0
-144,Tà Hừa,2024-10-09T16:00:00.000,0.0,0.0
-144,Tà Hừa,2024-10-09T17:00:00.000,0.0,0.0
-144,Tà Hừa,2024-10-09T18:00:00.000,0.0,0.0
-144,Tà Hừa,2024-10-09T19:00:00.000,0.0,0.0
-144,Tà Hừa,2024-10-09T20:00:00.000,0.0,0.0
-144,Tà Hừa,2024-10-09T21:00:00.000,0.0,0.0
-144,Tà Hừa,2024-10-09T22:00:00.000,0.0,0.0
-144,Tà Hừa,2024-10-09T23:00:00.000,0.0,0.0
-144,Tà Hừa,2024-10-10T00:00:00.000,0.0,0.0
-144,Tà Hừa,2024-10-10T01:00:00.000,0.0,0.0
-144,Tà Hừa,2024-10-10T02:00:00.000,0.0,0.0
-144,Tà Hừa,2024-10-10T03:00:00.000,0.0,0.0
-144,Tà Hừa,2024-10-10T04:00:00.000,0.0,0.0
-144,Tà Hừa,2024-10-10T05:00:00.000,0.0,0.0
-144,Tà Hừa,2024-10-10T06:00:00.000,0.0,0.0
-144,Tà Hừa,2024-10-10T07:00:00.000,0.0,0.0
-144,Tà Hừa,2024-10-10T08:00:00.000,0.0,0.0
-144,Tà Hừa,2024-10-10T09:00:00.000,0.0,0.0
-144,Tà Hừa,2024-10-10T10:00:00.000,0.0,0.0
-144,Tà Hừa,2024-10-10T11:00:00.000,0.0,0.0
-144,Tà Hừa,2024-10-10T12:00:00.000,0.0,0.0
-144,Tà Hừa,2024-10-10T13:00:00.000,0.0,0.0
-144,Tà Hừa,2024-10-10T14:00:00.000,0.0,0.0
-144,Tà Hừa,2024-10-10T15:00:00.000,0.0,0.0
-144,Tà Hừa,2024-10-10T16:00:00.000,0.0,0.0
-144,Tà Hừa,2024-10-10T17:00:00.000,0.0,0.0
-144,Tà Hừa,2024-10-10T18:00:00.000,0.0,0.0
-144,Tà Hừa,2024-10-10T19:00:00.000,0.0,0.0
-144,Tà Hừa,2024-10-10T20:00:00.000,0.0,0.0
-144,Tà Hừa,2024-10-10T21:00:00.000,0.0,0.0
-144,Tà Hừa,2024-10-10T22:00:00.000,0.0,0.0
-144,Tà Hừa,2024-10-10T23:00:00.000,0.0,0.0
-144,Tà Hừa,2024-10-11T00:00:00.000,0.0,0.0
-144,Tà Hừa,2024-10-11T01:00:00.000,0.0,0.0
-144,Tà Hừa,2024-10-11T02:00:00.000,0.0,0.0
-144,Tà Hừa,2024-10-11T03:00:00.000,0.0,0.0
-144,Tà Hừa,2024-10-11T04:00:00.000,0.0,0.0
-144,Tà Hừa,2024-10-11T05:00:00.000,0.0,0.0
-144,Tà Hừa,2024-10-11T06:00:00.000,0.0,0.0
-144,Tà Hừa,2024-10-11T07:00:00.000,0.0,0.0
-144,Tà Hừa,2024-10-11T08:00:00.000,0.0,0.0
-144,Tà Hừa,2024-10-11T09:00:00.000,0.0,0.0
-144,Tà Hừa,2024-10-11T10:00:00.000,0.0,0.0
-144,Tà Hừa,2024-10-11T11:00:00.000,0.0,0.0
-144,Tà Hừa,2024-10-11T12:00:00.000,0.0,0.0
-144,Tà Hừa,2024-10-11T13:00:00.000,0.0,0.0
-144,Tà Hừa,2024-10-11T14:00:00.000,0.0,0.0
-144,Tà Hừa,2024-10-11T15:00:00.000,0.0,0.0
-144,Tà Hừa,2024-10-11T16:00:00.000,0.0,0.0
-144,Tà Hừa,2024-10-11T17:00:00.000,0.0,0.0
-144,Tà Hừa,2024-10-11T18:00:00.000,0.0,0.0
-144,Tà Hừa,2024-10-11T19:00:00.000,0.0,0.0
-144,Tà Hừa,2024-10-11T20:00:00.000,0.0,0.0
-144,Tà Hừa,2024-10-11T21:00:00.000,0.0,0.0
-144,Tà Hừa,2024-10-11T22:00:00.000,0.0,0.0
-144,Tà Hừa,2024-10-11T23:00:00.000,0.0,0.0
-144,Tà Hừa,2024-10-12T00:00:00.000,0.0,0.0
-144,Tà Hừa,2024-10-12T01:00:00.000,0.0,0.0
-144,Tà Hừa,2024-10-12T02:00:00.000,0.0,0.0
-144,Tà Hừa,2024-10-12T03:00:00.000,0.0,0.0
-144,Tà Hừa,2024-10-12T04:00:00.000,0.0,0.0
-144,Tà Hừa,2024-10-12T05:00:00.000,0.0,0.0
-144,Tà Hừa,2024-10-12T06:00:00.000,0.0,0.0
-144,Tà Hừa,2024-10-12T07:00:00.000,0.0,0.0
-144,Tà Hừa,2024-10-12T08:00:00.000,0.0,0.0
-144,Tà Hừa,2024-10-12T09:00:00.000,0.0,0.0
-144,Tà Hừa,2024-10-12T10:00:00.000,0.0,0.0
-144,Tà Hừa,2024-10-12T11:00:00.000,0.0,0.0
-144,Tà Hừa,2024-10-12T12:00:00.000,0.0,0.0
-144,Tà Hừa,2024-10-12T13:00:00.000,0.0,0.0
-144,Tà Hừa,2024-10-12T14:00:00.000,0.0,0.0
-144,Tà Hừa,2024-10-12T15:00:00.000,0.0,0.0
-144,Tà Hừa,2024-10-12T16:00:00.000,0.0,0.0
-144,Tà Hừa,2024-10-12T17:00:00.000,0.0,0.0
-144,Tà Hừa,2024-10-12T18:00:00.000,0.0,0.0
-144,Tà Hừa,2024-10-12T19:00:00.000,0.0,0.0
-144,Tà Hừa,2024-10-12T20:00:00.000,0.0,0.0
-144,Tà Hừa,2024-10-12T21:00:00.000,0.0,0.0
-144,Tà Hừa,2024-10-12T22:00:00.000,0.0,0.0
-144,Tà Hừa,2024-10-12T23:00:00.000,0.0,0.0
-144,Tà Hừa,2024-10-13T00:00:00.000,0.0,0.0
-144,Tà Hừa,2024-10-13T01:00:00.000,0.0,0.0
-144,Tà Hừa,2024-10-13T02:00:00.000,0.0,0.0
-144,Tà Hừa,2024-10-13T03:00:00.000,0.0,0.0
-144,Tà Hừa,2024-10-13T04:00:00.000,0.0,0.0
-144,Tà Hừa,2024-10-13T05:00:00.000,0.0,0.0
-144,Tà Hừa,2024-10-13T06:00:00.000,0.0,0.0
-144,Tà Hừa,2024-10-13T07:00:00.000,0.0,0.0
-144,Tà Hừa,2024-10-13T08:00:00.000,0.0,0.0
-144,Tà Hừa,2024-10-13T09:00:00.000,0.0,0.0
-144,Tà Hừa,2024-10-13T10:00:00.000,0.0,0.0
-144,Tà Hừa,2024-10-13T11:00:00.000,0.0,0.0
-144,Tà Hừa,2024-10-13T12:00:00.000,0.0,0.0
-144,Tà Hừa,2024-10-13T13:00:00.000,0.0,0.0
-144,Tà Hừa,2024-10-13T14:00:00.000,0.0,0.0
-144,Tà Hừa,2024-10-13T15:00:00.000,0.0,0.0
-144,Tà Hừa,2024-10-13T16:00:00.000,0.0,0.0
-144,Tà Hừa,2024-10-13T17:00:00.000,0.0,0.0
-144,Tà Hừa,2024-10-13T18:00:00.000,0.0,0.0
-144,Tà Hừa,2024-10-13T19:00:00.000,0.0,0.0
-144,Tà Hừa,2024-10-13T20:00:00.000,0.0,0.0
-144,Tà Hừa,2024-10-13T21:00:00.000,0.0,0.0
-144,Tà Hừa,2024-10-13T22:00:00.000,0.0,0.0
-144,Tà Hừa,2024-10-13T23:00:00.000,0.0,0.0
-144,Tà Hừa,2024-10-14T00:00:00.000,0.0,0.0
-144,Tà Hừa,2024-10-14T01:00:00.000,0.0,0.0
-144,Tà Hừa,2024-10-14T02:00:00.000,0.0,0.0
-144,Tà Hừa,2024-10-14T03:00:00.000,0.0,0.0
-144,Tà Hừa,2024-10-14T04:00:00.000,0.0,0.0
-144,Tà Hừa,2024-10-14T05:00:00.000,0.0,0.0
-144,Tà Hừa,2024-10-14T06:00:00.000,0.0,0.0
-144,Tà Hừa,2024-10-14T07:00:00.000,0.0,0.0
-144,Tà Hừa,2024-10-14T08:00:00.000,0.0,0.0
-144,Tà Hừa,2024-10-14T09:00:00.000,0.0,0.0
-144,Tà Hừa,2024-10-14T10:00:00.000,0.0,0.0
-144,Tà Hừa,2024-10-14T11:00:00.000,0.0,0.0
-144,Tà Hừa,2024-10-14T12:00:00.000,0.0,0.0
-144,Tà Hừa,2024-10-14T13:00:00.000,0.0,0.0
-144,Tà Hừa,2024-10-14T14:00:00.000,0.0,0.0
-144,Tà Hừa,2024-10-14T15:00:00.000,0.0,0.0
-144,Tà Hừa,2024-10-14T16:00:00.000,0.0,0.0
-144,Tà Hừa,2024-10-14T17:00:00.000,0.0,0.0
-144,Tà Hừa,2024-10-14T18:00:00.000,0.0,0.0
-144,Tà Hừa,2024-10-14T19:00:00.000,0.0,0.0
-144,Tà Hừa,2024-10-14T20:00:00.000,0.0,0.0
-144,Tà Hừa,2024-10-14T21:00:00.000,0.0,0.0
-144,Tà Hừa,2024-10-14T22:00:00.000,0.0,0.0
-144,Tà Hừa,2024-10-14T23:00:00.000,0.0,0.0
-144,Tà Hừa,2024-10-15T00:00:00.000,0.4000000059604645,0.4000000059604645
-144,Tà Hừa,2024-10-15T01:00:00.000,0.4000000059604645,0.800000011920929
-144,Tà Hừa,2024-10-15T02:00:00.000,0.0,0.800000011920929
-144,Tà Hừa,2024-10-15T03:00:00.000,0.0,0.800000011920929
-144,Tà Hừa,2024-10-15T04:00:00.000,1.0,1.800000011920929
-144,Tà Hừa,2024-10-15T05:00:00.000,0.0,1.800000011920929
-144,Tà Hừa,2024-10-15T06:00:00.000,0.0,1.800000011920929
-144,Tà Hừa,2024-10-15T07:00:00.000,0.0,1.800000011920929
-144,Tà Hừa,2024-10-15T08:00:00.000,0.0,1.800000011920929
-144,Tà Hừa,2024-10-15T09:00:00.000,0.0,1.800000011920929
-144,Tà Hừa,2024-10-15T10:00:00.000,0.0,1.800000011920929
-144,Tà Hừa,2024-10-15T11:00:00.000,0.0,1.800000011920929
-144,Tà Hừa,2024-10-15T12:00:00.000,0.0,1.800000011920929
-144,Tà Hừa,2024-10-15T13:00:00.000,0.0,1.800000011920929
-144,Tà Hừa,2024-10-15T14:00:00.000,0.20000000298023224,2.000000014901161
-144,Tà Hừa,2024-10-15T15:00:00.000,0.0,2.000000014901161
-144,Tà Hừa,2024-10-15T16:00:00.000,0.20000000298023224,2.2000000178813934
-144,Tà Hừa,2024-10-15T17:00:00.000,0.0,2.2000000178813934
-144,Tà Hừa,2024-10-15T18:00:00.000,0.0,2.2000000178813934
-144,Tà Hừa,2024-10-15T19:00:00.000,0.0,2.2000000178813934
-144,Tà Hừa,2024-10-15T20:00:00.000,0.0,2.2000000178813934
-144,Tà Hừa,2024-10-15T21:00:00.000,14.199999809265137,16.39999982714653
-144,Tà Hừa,2024-10-15T22:00:00.000,7.199999809265137,23.599999636411667
-144,Tà Hừa,2024-10-15T23:00:00.000,0.0,23.599999636411667
-144,Tà Hừa,2024-10-16T00:00:00.000,0.0,21.399999618530273
-144,Tà Hừa,2024-10-16T01:00:00.000,0.0,21.399999618530273
-144,Tà Hừa,2024-10-16T02:00:00.000,0.0,21.399999618530273
-144,Tà Hừa,2024-10-16T03:00:00.000,0.0,21.399999618530273
-144,Tà Hừa,2024-10-16T04:00:00.000,0.0,21.399999618530273
-144,Tà Hừa,2024-10-16T05:00:00.000,0.0,21.399999618530273
-144,Tà Hừa,2024-10-16T06:00:00.000,0.0,21.399999618530273
-144,Tà Hừa,2024-10-16T07:00:00.000,0.0,21.399999618530273
-144,Tà Hừa,2024-10-16T08:00:00.000,0.0,21.399999618530273
-144,Tà Hừa,2024-10-16T09:00:00.000,0.0,21.399999618530273
-144,Tà Hừa,2024-10-16T10:00:00.000,0.0,21.399999618530273
-144,Tà Hừa,2024-10-16T11:00:00.000,0.0,21.399999618530273
-144,Tà Hừa,2024-10-16T12:00:00.000,0.0,21.399999618530273
-144,Tà Hừa,2024-10-16T13:00:00.000,0.0,21.399999618530273
-144,Tà Hừa,2024-10-16T14:00:00.000,0.0,21.399999618530273
-144,Tà Hừa,2024-10-16T15:00:00.000,0.0,21.399999618530273
-144,Tà Hừa,2024-10-16T16:00:00.000,0.0,21.399999618530273
-144,Tà Hừa,2024-10-16T17:00:00.000,0.0,21.399999618530273
-144,Tà Hừa,2024-10-16T18:00:00.000,0.0,21.399999618530273
-144,Tà Hừa,2024-10-16T19:00:00.000,0.4000000059604645,21.799999624490738
-144,Tà Hừa,2024-10-16T20:00:00.000,0.0,21.799999624490738
-144,Tà Hừa,2024-10-16T21:00:00.000,0.4000000059604645,22.199999630451202
-144,Tà Hừa,2024-10-16T22:00:00.000,0.800000011920929,22.99999964237213
-144,Tà Hừa,2024-10-16T23:00:00.000,0.0,22.99999964237213
-144,Tà Hừa,2024-10-17T00:00:00.000,1.2000000476837158,2.4000000655651093
-144,Tà Hừa,2024-10-17T01:00:00.000,1.600000023841858,4.000000089406967
-144,Tà Hừa,2024-10-17T02:00:00.000,0.4000000059604645,4.400000095367432
-144,Tà Hừa,2024-10-17T03:00:00.000,0.0,4.400000095367432
-144,Tà Hừa,2024-10-17T04:00:00.000,0.0,4.400000095367432
-144,Tà Hừa,2024-10-17T05:00:00.000,0.0,4.400000095367432
-144,Tà Hừa,2024-10-17T06:00:00.000,0.0,4.400000095367432
-144,Tà Hừa,2024-10-17T07:00:00.000,0.0,4.400000095367432
-144,Tà Hừa,2024-10-17T08:00:00.000,0.0,4.400000095367432
-144,Tà Hừa,2024-10-17T09:00:00.000,0.0,4.400000095367432
-144,Tà Hừa,2024-10-17T10:00:00.000,0.20000000298023224,4.600000098347664
-144,Tà Hừa,2024-10-17T11:00:00.000,0.0,4.600000098347664
-144,Tà Hừa,2024-10-17T12:00:00.000,0.0,4.600000098347664
-144,Tà Hừa,2024-10-17T13:00:00.000,0.0,4.600000098347664
-144,Tà Hừa,2024-10-17T14:00:00.000,0.0,4.600000098347664
-144,Tà Hừa,2024-10-17T15:00:00.000,0.0,4.600000098347664
-144,Tà Hừa,2024-10-17T16:00:00.000,0.0,4.600000098347664
-144,Tà Hừa,2024-10-17T17:00:00.000,0.0,4.600000098347664
-144,Tà Hừa,2024-10-17T18:00:00.000,0.0,4.600000098347664
-144,Tà Hừa,2024-10-17T19:00:00.000,0.0,4.600000098347664
-144,Tà Hừa,2024-10-17T20:00:00.000,0.0,4.600000098347664
-144,Tà Hừa,2024-10-17T21:00:00.000,0.0,4.600000098347664
-144,Tà Hừa,2024-10-17T22:00:00.000,0.0,4.600000098347664
-144,Tà Hừa,2024-10-17T23:00:00.000,0.0,4.600000098347664
-144,Tà Hừa,2024-10-18T00:00:00.000,0.0,0.0
-144,Tà Hừa,2024-10-18T01:00:00.000,0.0,0.0
-144,Tà Hừa,2024-10-18T02:00:00.000,0.0,0.0
-144,Tà Hừa,2024-10-18T03:00:00.000,0.0,0.0
-144,Tà Hừa,2024-10-18T04:00:00.000,0.0,0.0
-144,Tà Hừa,2024-10-18T05:00:00.000,0.0,0.0
-144,Tà Hừa,2024-10-18T06:00:00.000,0.0,0.0
-144,Tà Hừa,2024-10-18T07:00:00.000,0.0,0.0
-144,Tà Hừa,2024-10-18T08:00:00.000,0.0,0.0
-144,Tà Hừa,2024-10-18T09:00:00.000,0.0,0.0
-144,Tà Hừa,2024-10-18T10:00:00.000,0.0,0.0
-144,Tà Hừa,2024-10-18T11:00:00.000,0.0,0.0
-144,Tà Hừa,2024-10-18T12:00:00.000,0.0,0.0
-144,Tà Hừa,2024-10-18T13:00:00.000,0.0,0.0
-144,Tà Hừa,2024-10-18T14:00:00.000,0.0,0.0
-144,Tà Hừa,2024-10-18T15:00:00.000,0.0,0.0
-144,Tà Hừa,2024-10-18T16:00:00.000,0.0,0.0
-144,Tà Hừa,2024-10-18T17:00:00.000,0.0,0.0
-144,Tà Hừa,2024-10-18T18:00:00.000,0.0,0.0
-144,Tà Hừa,2024-10-18T19:00:00.000,0.0,0.0
-144,Tà Hừa,2024-10-18T20:00:00.000,0.0,0.0
-144,Tà Hừa,2024-10-18T21:00:00.000,0.0,0.0
-144,Tà Hừa,2024-10-18T22:00:00.000,0.0,0.0
-144,Tà Hừa,2024-10-18T23:00:00.000,0.0,0.0
-144,Tà Hừa,2024-10-19T00:00:00.000,0.0,0.0
-144,Tà Hừa,2024-10-19T01:00:00.000,0.0,0.0
-144,Tà Hừa,2024-10-19T02:00:00.000,0.0,0.0
-144,Tà Hừa,2024-10-19T03:00:00.000,0.0,0.0
-144,Tà Hừa,2024-10-19T04:00:00.000,0.0,0.0
-144,Tà Hừa,2024-10-19T05:00:00.000,0.0,0.0
-144,Tà Hừa,2024-10-19T06:00:00.000,0.0,0.0
-144,Tà Hừa,2024-10-19T07:00:00.000,0.0,0.0
-144,Tà Hừa,2024-10-19T08:00:00.000,0.0,0.0
-144,Tà Hừa,2024-10-19T09:00:00.000,0.0,0.0
-144,Tà Hừa,2024-10-19T10:00:00.000,0.0,0.0
-144,Tà Hừa,2024-10-19T11:00:00.000,0.0,0.0
-144,Tà Hừa,2024-10-19T12:00:00.000,0.0,0.0
-144,Tà Hừa,2024-10-19T13:00:00.000,0.0,0.0
-144,Tà Hừa,2024-10-19T14:00:00.000,0.0,0.0
-144,Tà Hừa,2024-10-19T15:00:00.000,0.0,0.0
-144,Tà Hừa,2024-10-19T16:00:00.000,0.0,0.0
-144,Tà Hừa,2024-10-19T17:00:00.000,0.0,0.0
-144,Tà Hừa,2024-10-19T18:00:00.000,0.0,0.0
-144,Tà Hừa,2024-10-19T19:00:00.000,0.0,0.0
-144,Tà Hừa,2024-10-19T20:00:00.000,0.0,0.0
-144,Tà Hừa,2024-10-19T21:00:00.000,0.0,0.0
-144,Tà Hừa,2024-10-19T22:00:00.000,0.0,0.0
-144,Tà Hừa,2024-10-19T23:00:00.000,0.0,0.0
-144,Tà Hừa,2024-10-20T00:00:00.000,0.0,0.0
-144,Tà Hừa,2024-10-20T01:00:00.000,0.0,0.0
-144,Tà Hừa,2024-10-20T02:00:00.000,0.0,0.0
-144,Tà Hừa,2024-10-20T03:00:00.000,0.0,0.0
-144,Tà Hừa,2024-10-20T04:00:00.000,0.0,0.0
-144,Tà Hừa,2024-10-20T05:00:00.000,0.0,0.0
-144,Tà Hừa,2024-10-20T06:00:00.000,0.0,0.0
-144,Tà Hừa,2024-10-20T07:00:00.000,0.0,0.0
-144,Tà Hừa,2024-10-20T08:00:00.000,0.0,0.0
-144,Tà Hừa,2024-10-20T09:00:00.000,0.0,0.0
-144,Tà Hừa,2024-10-20T10:00:00.000,0.0,0.0
-144,Tà Hừa,2024-10-20T11:00:00.000,0.0,0.0
-144,Tà Hừa,2024-10-20T12:00:00.000,0.0,0.0
-144,Tà Hừa,2024-10-20T13:00:00.000,0.0,0.0
-144,Tà Hừa,2024-10-20T14:00:00.000,0.0,0.0
-144,Tà Hừa,2024-10-20T15:00:00.000,0.0,0.0
-144,Tà Hừa,2024-10-20T16:00:00.000,0.0,0.0
-144,Tà Hừa,2024-10-20T17:00:00.000,0.0,0.0
-144,Tà Hừa,2024-10-20T18:00:00.000,0.0,0.0
-144,Tà Hừa,2024-10-20T19:00:00.000,0.0,0.0
-144,Tà Hừa,2024-10-20T20:00:00.000,0.0,0.0
-144,Tà Hừa,2024-10-20T21:00:00.000,0.0,0.0
-144,Tà Hừa,2024-10-20T22:00:00.000,0.0,0.0
-144,Tà Hừa,2024-10-20T23:00:00.000,0.0,0.0
-144,Tà Hừa,2024-10-21T00:00:00.000,0.0,0.0
-144,Tà Hừa,2024-10-21T01:00:00.000,0.0,0.0
-144,Tà Hừa,2024-10-21T02:00:00.000,0.0,0.0
-144,Tà Hừa,2024-10-21T03:00:00.000,0.0,0.0
-144,Tà Hừa,2024-10-21T04:00:00.000,0.0,0.0
-144,Tà Hừa,2024-10-21T05:00:00.000,0.0,0.0
-144,Tà Hừa,2024-10-21T06:00:00.000,0.0,0.0
-144,Tà Hừa,2024-10-21T07:00:00.000,0.0,0.0
-144,Tà Hừa,2024-10-21T08:00:00.000,0.0,0.0
-144,Tà Hừa,2024-10-21T09:00:00.000,0.0,0.0
-144,Tà Hừa,2024-10-21T10:00:00.000,0.0,0.0
-144,Tà Hừa,2024-10-21T11:00:00.000,0.0,0.0
-144,Tà Hừa,2024-10-21T12:00:00.000,0.0,0.0
-144,Tà Hừa,2024-10-21T13:00:00.000,0.0,0.0
-144,Tà Hừa,2024-10-21T14:00:00.000,0.0,0.0
-144,Tà Hừa,2024-10-21T15:00:00.000,0.0,0.0
-144,Tà Hừa,2024-10-21T16:00:00.000,0.0,0.0
-144,Tà Hừa,2024-10-21T17:00:00.000,0.0,0.0
-144,Tà Hừa,2024-10-21T18:00:00.000,0.0,0.0
-144,Tà Hừa,2024-10-21T19:00:00.000,0.0,0.0
-144,Tà Hừa,2024-10-21T20:00:00.000,0.0,0.0
-144,Tà Hừa,2024-10-21T21:00:00.000,0.0,0.0
-144,Tà Hừa,2024-10-21T22:00:00.000,0.0,0.0
-144,Tà Hừa,2024-10-21T23:00:00.000,0.0,0.0
-144,Tà Hừa,2024-10-22T00:00:00.000,0.0,0.0
-144,Tà Hừa,2024-10-22T01:00:00.000,0.0,0.0
-144,Tà Hừa,2024-10-22T02:00:00.000,0.0,0.0
-144,Tà Hừa,2024-10-22T03:00:00.000,0.0,0.0
-144,Tà Hừa,2024-10-22T04:00:00.000,0.0,0.0
-144,Tà Hừa,2024-10-22T05:00:00.000,0.0,0.0
-144,Tà Hừa,2024-10-22T06:00:00.000,0.0,0.0
-144,Tà Hừa,2024-10-22T07:00:00.000,0.0,0.0
-144,Tà Hừa,2024-10-22T08:00:00.000,0.0,0.0
-144,Tà Hừa,2024-10-22T09:00:00.000,0.0,0.0
-144,Tà Hừa,2024-10-22T10:00:00.000,0.0,0.0
-144,Tà Hừa,2024-10-22T11:00:00.000,0.0,0.0
-144,Tà Hừa,2024-10-22T12:00:00.000,0.0,0.0
-144,Tà Hừa,2024-10-22T13:00:00.000,0.0,0.0
-144,Tà Hừa,2024-10-22T14:00:00.000,0.0,0.0
-144,Tà Hừa,2024-10-22T15:00:00.000,0.0,0.0
-144,Tà Hừa,2024-10-22T16:00:00.000,0.0,0.0
-144,Tà Hừa,2024-10-22T17:00:00.000,0.0,0.0
-144,Tà Hừa,2024-10-22T18:00:00.000,0.0,0.0
-144,Tà Hừa,2024-10-22T19:00:00.000,0.0,0.0
-144,Tà Hừa,2024-10-22T20:00:00.000,0.0,0.0
-144,Tà Hừa,2024-10-22T21:00:00.000,0.0,0.0
-144,Tà Hừa,2024-10-22T22:00:00.000,0.0,0.0
-144,Tà Hừa,2024-10-22T23:00:00.000,0.0,0.0
-144,Tà Hừa,2024-10-23T00:00:00.000,0.0,0.0
-144,Tà Hừa,2024-10-23T01:00:00.000,0.0,0.0
-144,Tà Hừa,2024-10-23T02:00:00.000,0.0,0.0
-144,Tà Hừa,2024-10-23T03:00:00.000,0.0,0.0
-144,Tà Hừa,2024-10-23T04:00:00.000,0.0,0.0
-144,Tà Hừa,2024-10-23T05:00:00.000,0.0,0.0
-144,Tà Hừa,2024-10-23T06:00:00.000,0.0,0.0
-144,Tà Hừa,2024-10-23T07:00:00.000,0.0,0.0
-144,Tà Hừa,2024-10-23T08:00:00.000,0.0,0.0
-144,Tà Hừa,2024-10-23T09:00:00.000,0.0,0.0
-144,Tà Hừa,2024-10-23T10:00:00.000,0.0,0.0
-144,Tà Hừa,2024-10-23T11:00:00.000,0.0,0.0
-144,Tà Hừa,2024-10-23T12:00:00.000,0.0,0.0
-144,Tà Hừa,2024-10-23T13:00:00.000,0.0,0.0
-144,Tà Hừa,2024-10-23T14:00:00.000,0.0,0.0
-144,Tà Hừa,2024-10-23T15:00:00.000,0.0,0.0
-144,Tà Hừa,2024-10-23T16:00:00.000,0.0,0.0
-144,Tà Hừa,2024-10-23T17:00:00.000,0.0,0.0
-144,Tà Hừa,2024-10-23T18:00:00.000,0.0,0.0
-144,Tà Hừa,2024-10-23T19:00:00.000,0.0,0.0
-144,Tà Hừa,2024-10-23T20:00:00.000,0.0,0.0
-144,Tà Hừa,2024-10-23T21:00:00.000,0.0,0.0
-144,Tà Hừa,2024-10-23T22:00:00.000,0.0,0.0
-144,Tà Hừa,2024-10-23T23:00:00.000,0.0,0.0
-144,Tà Hừa,2024-10-24T00:00:00.000,0.0,0.0
-144,Tà Hừa,2024-10-24T01:00:00.000,0.0,0.0
-144,Tà Hừa,2024-10-24T02:00:00.000,0.0,0.0
-144,Tà Hừa,2024-10-24T03:00:00.000,0.0,0.0
-144,Tà Hừa,2024-10-24T04:00:00.000,0.0,0.0
-144,Tà Hừa,2024-10-24T05:00:00.000,0.0,0.0
-144,Tà Hừa,2024-10-24T06:00:00.000,0.0,0.0
-144,Tà Hừa,2024-10-24T07:00:00.000,0.0,0.0
-144,Tà Hừa,2024-10-24T08:00:00.000,0.0,0.0
-144,Tà Hừa,2024-10-24T09:00:00.000,0.0,0.0
-144,Tà Hừa,2024-10-24T10:00:00.000,0.0,0.0
-144,Tà Hừa,2024-10-24T11:00:00.000,0.0,0.0
-144,Tà Hừa,2024-10-24T12:00:00.000,0.0,0.0
-144,Tà Hừa,2024-10-24T13:00:00.000,0.0,0.0
-144,Tà Hừa,2024-10-24T14:00:00.000,0.0,0.0
-144,Tà Hừa,2024-10-24T15:00:00.000,0.0,0.0
-144,Tà Hừa,2024-10-24T16:00:00.000,0.0,0.0
-144,Tà Hừa,2024-10-24T17:00:00.000,0.0,0.0
-144,Tà Hừa,2024-10-24T18:00:00.000,0.0,0.0
-144,Tà Hừa,2024-10-24T19:00:00.000,0.0,0.0
-144,Tà Hừa,2024-10-24T20:00:00.000,0.0,0.0
-144,Tà Hừa,2024-10-24T21:00:00.000,0.0,0.0
-144,Tà Hừa,2024-10-24T22:00:00.000,0.0,0.0
-144,Tà Hừa,2024-10-24T23:00:00.000,0.0,0.0
-144,Tà Hừa,2024-10-25T00:00:00.000,0.0,0.0
-144,Tà Hừa,2024-10-25T01:00:00.000,0.0,0.0
-144,Tà Hừa,2024-10-25T02:00:00.000,0.0,0.0
-144,Tà Hừa,2024-10-25T03:00:00.000,0.0,0.0
-144,Tà Hừa,2024-10-25T04:00:00.000,0.0,0.0
-144,Tà Hừa,2024-10-25T05:00:00.000,0.0,0.0
-144,Tà Hừa,2024-10-25T06:00:00.000,0.0,0.0
-144,Tà Hừa,2024-10-25T07:00:00.000,0.0,0.0
-144,Tà Hừa,2024-10-25T08:00:00.000,0.0,0.0
-144,Tà Hừa,2024-10-25T09:00:00.000,0.0,0.0
-144,Tà Hừa,2024-10-25T10:00:00.000,0.0,0.0
-144,Tà Hừa,2024-10-25T11:00:00.000,0.0,0.0
-144,Tà Hừa,2024-10-25T12:00:00.000,0.0,0.0
-144,Tà Hừa,2024-10-25T13:00:00.000,0.0,0.0
-144,Tà Hừa,2024-10-25T14:00:00.000,0.0,0.0
-144,Tà Hừa,2024-10-25T15:00:00.000,0.0,0.0
-144,Tà Hừa,2024-10-25T16:00:00.000,0.0,0.0
-144,Tà Hừa,2024-10-25T17:00:00.000,0.0,0.0
-144,Tà Hừa,2024-10-25T18:00:00.000,0.0,0.0
-144,Tà Hừa,2024-10-25T19:00:00.000,0.0,0.0
-144,Tà Hừa,2024-10-25T20:00:00.000,0.0,0.0
-144,Tà Hừa,2024-10-25T21:00:00.000,0.0,0.0
-144,Tà Hừa,2024-10-25T22:00:00.000,0.0,0.0
-144,Tà Hừa,2024-10-25T23:00:00.000,0.0,0.0
-144,Tà Hừa,2024-10-26T00:00:00.000,0.0,0.0
-144,Tà Hừa,2024-10-26T01:00:00.000,0.0,0.0
-144,Tà Hừa,2024-10-26T02:00:00.000,0.0,0.0
-144,Tà Hừa,2024-10-26T03:00:00.000,0.0,0.0
-144,Tà Hừa,2024-10-26T04:00:00.000,0.0,0.0
-144,Tà Hừa,2024-10-26T05:00:00.000,0.0,0.0
-144,Tà Hừa,2024-10-26T06:00:00.000,0.0,0.0
-144,Tà Hừa,2024-10-26T07:00:00.000,0.0,0.0
-144,Tà Hừa,2024-10-26T08:00:00.000,0.0,0.0
-144,Tà Hừa,2024-10-26T09:00:00.000,0.0,0.0
-144,Tà Hừa,2024-10-26T10:00:00.000,0.0,0.0
-144,Tà Hừa,2024-10-26T11:00:00.000,0.0,0.0
-144,Tà Hừa,2024-10-26T12:00:00.000,0.0,0.0
-144,Tà Hừa,2024-10-26T13:00:00.000,0.0,0.0
-144,Tà Hừa,2024-10-26T14:00:00.000,0.0,0.0
-144,Tà Hừa,2024-10-26T15:00:00.000,0.0,0.0
-144,Tà Hừa,2024-10-26T16:00:00.000,0.0,0.0
-144,Tà Hừa,2024-10-26T17:00:00.000,0.0,0.0
-144,Tà Hừa,2024-10-26T18:00:00.000,0.0,0.0
-144,Tà Hừa,2024-10-26T19:00:00.000,0.0,0.0
-144,Tà Hừa,2024-10-26T20:00:00.000,0.0,0.0
-144,Tà Hừa,2024-10-26T21:00:00.000,0.0,0.0
-144,Tà Hừa,2024-10-26T22:00:00.000,0.0,0.0
-144,Tà Hừa,2024-10-26T23:00:00.000,0.0,0.0
-144,Tà Hừa,2024-10-27T00:00:00.000,0.0,0.0
-144,Tà Hừa,2024-10-27T01:00:00.000,0.0,0.0
-144,Tà Hừa,2024-10-27T02:00:00.000,0.0,0.0
-144,Tà Hừa,2024-10-27T03:00:00.000,0.0,0.0
-144,Tà Hừa,2024-10-27T04:00:00.000,0.0,0.0
-144,Tà Hừa,2024-10-27T05:00:00.000,0.0,0.0
-144,Tà Hừa,2024-10-27T06:00:00.000,0.0,0.0
-144,Tà Hừa,2024-10-27T07:00:00.000,0.0,0.0
-144,Tà Hừa,2024-10-27T08:00:00.000,0.0,0.0
-144,Tà Hừa,2024-10-27T09:00:00.000,0.0,0.0
-144,Tà Hừa,2024-10-27T10:00:00.000,0.0,0.0
-144,Tà Hừa,2024-10-27T11:00:00.000,0.0,0.0
-144,Tà Hừa,2024-10-27T12:00:00.000,0.0,0.0
-144,Tà Hừa,2024-10-27T13:00:00.000,0.0,0.0
-144,Tà Hừa,2024-10-27T14:00:00.000,0.0,0.0
-144,Tà Hừa,2024-10-27T15:00:00.000,0.0,0.0
-144,Tà Hừa,2024-10-27T16:00:00.000,0.0,0.0
-144,Tà Hừa,2024-10-27T17:00:00.000,0.0,0.0
-144,Tà Hừa,2024-10-27T18:00:00.000,0.0,0.0
-144,Tà Hừa,2024-10-27T19:00:00.000,0.0,0.0
-144,Tà Hừa,2024-10-27T20:00:00.000,0.0,0.0
-144,Tà Hừa,2024-10-27T21:00:00.000,0.0,0.0
-144,Tà Hừa,2024-10-27T22:00:00.000,0.0,0.0
-144,Tà Hừa,2024-10-27T23:00:00.000,0.0,0.0
-144,Tà Hừa,2024-10-28T00:00:00.000,0.0,0.0
-144,Tà Hừa,2024-10-28T01:00:00.000,0.0,0.0
-144,Tà Hừa,2024-10-28T02:00:00.000,0.0,0.0
-144,Tà Hừa,2024-10-28T03:00:00.000,0.0,0.0
-144,Tà Hừa,2024-10-28T04:00:00.000,0.0,0.0
-144,Tà Hừa,2024-10-28T05:00:00.000,0.20000000298023224,0.20000000298023224
-144,Tà Hừa,2024-10-28T06:00:00.000,0.0,0.20000000298023224
-144,Tà Hừa,2024-10-28T07:00:00.000,0.20000000298023224,0.4000000059604645
-144,Tà Hừa,2024-10-28T08:00:00.000,0.0,0.4000000059604645
-144,Tà Hừa,2024-10-28T09:00:00.000,0.0,0.4000000059604645
-144,Tà Hừa,2024-10-28T10:00:00.000,0.0,0.4000000059604645
-144,Tà Hừa,2024-10-28T11:00:00.000,0.0,0.4000000059604645
-144,Tà Hừa,2024-10-28T12:00:00.000,0.0,0.4000000059604645
-144,Tà Hừa,2024-10-28T13:00:00.000,0.0,0.4000000059604645
-144,Tà Hừa,2024-10-28T14:00:00.000,0.0,0.4000000059604645
-144,Tà Hừa,2024-10-28T15:00:00.000,0.0,0.4000000059604645
-144,Tà Hừa,2024-10-28T16:00:00.000,0.0,0.4000000059604645
-144,Tà Hừa,2024-10-28T17:00:00.000,0.0,0.4000000059604645
-144,Tà Hừa,2024-10-28T18:00:00.000,0.0,0.4000000059604645
-144,Tà Hừa,2024-10-28T19:00:00.000,0.0,0.4000000059604645
-144,Tà Hừa,2024-10-28T20:00:00.000,0.0,0.4000000059604645
-144,Tà Hừa,2024-10-28T21:00:00.000,0.0,0.4000000059604645
-144,Tà Hừa,2024-10-28T22:00:00.000,0.0,0.4000000059604645
-144,Tà Hừa,2024-10-28T23:00:00.000,0.0,0.4000000059604645
-144,Tà Hừa,2024-10-29T00:00:00.000,0.0,0.0
-144,Tà Hừa,2024-10-29T01:00:00.000,0.0,0.0
-144,Tà Hừa,2024-10-29T02:00:00.000,0.0,0.0
-144,Tà Hừa,2024-10-29T03:00:00.000,0.0,0.0
-144,Tà Hừa,2024-10-29T04:00:00.000,0.0,0.0
-144,Tà Hừa,2024-10-29T05:00:00.000,0.0,0.0
-144,Tà Hừa,2024-10-29T06:00:00.000,0.0,0.0
-144,Tà Hừa,2024-10-29T07:00:00.000,0.0,0.0
-144,Tà Hừa,2024-10-29T08:00:00.000,0.0,0.0
-144,Tà Hừa,2024-10-29T09:00:00.000,0.0,0.0
-144,Tà Hừa,2024-10-29T10:00:00.000,0.0,0.0
-144,Tà Hừa,2024-10-29T11:00:00.000,0.0,0.0
-144,Tà Hừa,2024-10-29T12:00:00.000,0.0,0.0
-144,Tà Hừa,2024-10-29T13:00:00.000,0.0,0.0
-144,Tà Hừa,2024-10-29T14:00:00.000,0.0,0.0
-144,Tà Hừa,2024-10-29T15:00:00.000,0.0,0.0
-144,Tà Hừa,2024-10-29T16:00:00.000,0.0,0.0
-144,Tà Hừa,2024-10-29T17:00:00.000,0.0,0.0
-144,Tà Hừa,2024-10-29T18:00:00.000,0.0,0.0
-144,Tà Hừa,2024-10-29T19:00:00.000,0.0,0.0
-144,Tà Hừa,2024-10-29T20:00:00.000,0.0,0.0
-144,Tà Hừa,2024-10-29T21:00:00.000,0.0,0.0
-144,Tà Hừa,2024-10-29T22:00:00.000,0.0,0.0
-144,Tà Hừa,2024-10-29T23:00:00.000,0.0,0.0
-144,Tà Hừa,2024-10-30T00:00:00.000,0.0,0.0
-144,Tà Hừa,2024-10-30T01:00:00.000,0.0,0.0
-144,Tà Hừa,2024-10-30T02:00:00.000,0.0,0.0
-144,Tà Hừa,2024-10-30T03:00:00.000,0.0,0.0
-144,Tà Hừa,2024-10-30T04:00:00.000,0.0,0.0
-144,Tà Hừa,2024-10-30T05:00:00.000,0.0,0.0
-144,Tà Hừa,2024-10-30T06:00:00.000,0.0,0.0
-144,Tà Hừa,2024-10-30T07:00:00.000,0.0,0.0
-144,Tà Hừa,2024-10-30T08:00:00.000,0.0,0.0
-144,Tà Hừa,2024-10-30T09:00:00.000,0.0,0.0
-144,Tà Hừa,2024-10-30T10:00:00.000,0.0,0.0
-144,Tà Hừa,2024-10-30T11:00:00.000,0.0,0.0
-144,Tà Hừa,2024-10-30T12:00:00.000,0.0,0.0
-144,Tà Hừa,2024-10-30T13:00:00.000,0.0,0.0
-144,Tà Hừa,2024-10-30T14:00:00.000,0.0,0.0
-144,Tà Hừa,2024-10-30T15:00:00.000,0.0,0.0
-144,Tà Hừa,2024-10-30T16:00:00.000,0.0,0.0
-144,Tà Hừa,2024-10-30T17:00:00.000,0.0,0.0
-144,Tà Hừa,2024-10-30T18:00:00.000,0.0,0.0
-144,Tà Hừa,2024-10-30T19:00:00.000,0.0,0.0
-144,Tà Hừa,2024-10-30T20:00:00.000,0.0,0.0
-144,Tà Hừa,2024-10-30T21:00:00.000,0.0,0.0
-144,Tà Hừa,2024-10-30T22:00:00.000,0.0,0.0
-144,Tà Hừa,2024-10-30T23:00:00.000,0.0,0.0
-144,Tà Hừa,2024-10-31T00:00:00.000,0.0,0.0
-144,Tà Hừa,2024-10-31T01:00:00.000,0.0,0.0
-144,Tà Hừa,2024-10-31T02:00:00.000,0.0,0.0
-144,Tà Hừa,2024-10-31T03:00:00.000,0.0,0.0
-144,Tà Hừa,2024-10-31T04:00:00.000,0.0,0.0
-144,Tà Hừa,2024-10-31T05:00:00.000,0.0,0.0
-144,Tà Hừa,2024-10-31T06:00:00.000,0.0,0.0
-144,Tà Hừa,2024-10-31T07:00:00.000,0.0,0.0
-144,Tà Hừa,2024-10-31T08:00:00.000,0.0,0.0
-144,Tà Hừa,2024-10-31T09:00:00.000,0.0,0.0
-144,Tà Hừa,2024-10-31T10:00:00.000,0.0,0.0
-144,Tà Hừa,2024-10-31T11:00:00.000,0.0,0.0
-144,Tà Hừa,2024-10-31T12:00:00.000,0.0,0.0
-144,Tà Hừa,2024-10-31T13:00:00.000,0.0,0.0
-144,Tà Hừa,2024-10-31T14:00:00.000,0.0,0.0
-144,Tà Hừa,2024-10-31T15:00:00.000,0.0,0.0
-144,Tà Hừa,2024-10-31T16:00:00.000,0.0,0.0
-144,Tà Hừa,2024-10-31T17:00:00.000,0.0,0.0
-144,Tà Hừa,2024-10-31T18:00:00.000,0.0,0.0
-144,Tà Hừa,2024-10-31T19:00:00.000,0.0,0.0
-144,Tà Hừa,2024-10-31T20:00:00.000,0.0,0.0
-144,Tà Hừa,2024-10-31T21:00:00.000,0.0,0.0
-144,Tà Hừa,2024-10-31T22:00:00.000,0.0,0.0
-144,Tà Hừa,2024-10-31T23:00:00.000,0.0,0.0
-144,Tà Hừa,2024-11-01T00:00:00.000,0.0,0.0
-144,Tà Hừa,2024-11-01T01:00:00.000,0.0,0.0
-144,Tà Hừa,2024-11-01T02:00:00.000,0.0,0.0
-144,Tà Hừa,2024-11-01T03:00:00.000,0.0,0.0
-144,Tà Hừa,2024-11-01T04:00:00.000,0.0,0.0
-144,Tà Hừa,2024-11-01T05:00:00.000,0.0,0.0
-144,Tà Hừa,2024-11-01T06:00:00.000,0.0,0.0
-144,Tà Hừa,2024-11-01T07:00:00.000,0.0,0.0
-144,Tà Hừa,2024-11-01T08:00:00.000,0.0,0.0
-144,Tà Hừa,2024-11-01T09:00:00.000,0.0,0.0
-144,Tà Hừa,2024-11-01T10:00:00.000,0.0,0.0
-144,Tà Hừa,2024-11-01T11:00:00.000,0.0,0.0
-144,Tà Hừa,2024-11-01T12:00:00.000,0.0,0.0
-144,Tà Hừa,2024-11-01T13:00:00.000,0.0,0.0
-144,Tà Hừa,2024-11-01T14:00:00.000,0.0,0.0
-144,Tà Hừa,2024-11-01T15:00:00.000,0.0,0.0
-144,Tà Hừa,2024-11-01T16:00:00.000,0.0,0.0
-144,Tà Hừa,2024-11-01T17:00:00.000,0.0,0.0
-144,Tà Hừa,2024-11-01T18:00:00.000,0.0,0.0
-144,Tà Hừa,2024-11-01T19:00:00.000,0.0,0.0
-144,Tà Hừa,2024-11-01T20:00:00.000,0.0,0.0
-144,Tà Hừa,2024-11-01T21:00:00.000,0.0,0.0
-144,Tà Hừa,2024-11-01T22:00:00.000,0.0,0.0
-144,Tà Hừa,2024-11-01T23:00:00.000,0.0,0.0
-144,Tà Hừa,2024-11-02T00:00:00.000,0.0,0.0
-144,Tà Hừa,2024-11-02T01:00:00.000,0.0,0.0
-144,Tà Hừa,2024-11-02T02:00:00.000,0.0,0.0
-144,Tà Hừa,2024-11-02T03:00:00.000,0.0,0.0
-144,Tà Hừa,2024-11-02T04:00:00.000,0.0,0.0
-144,Tà Hừa,2024-11-02T05:00:00.000,0.0,0.0
-144,Tà Hừa,2024-11-02T06:00:00.000,0.0,0.0
-144,Tà Hừa,2024-11-02T07:00:00.000,0.0,0.0
-144,Tà Hừa,2024-11-02T08:00:00.000,0.0,0.0
-144,Tà Hừa,2024-11-02T09:00:00.000,0.0,0.0
-144,Tà Hừa,2024-11-02T10:00:00.000,0.0,0.0
-144,Tà Hừa,2024-11-02T11:00:00.000,0.0,0.0
-144,Tà Hừa,2024-11-02T12:00:00.000,0.0,0.0
-144,Tà Hừa,2024-11-02T13:00:00.000,0.0,0.0
-144,Tà Hừa,2024-11-02T14:00:00.000,0.0,0.0
-144,Tà Hừa,2024-11-02T15:00:00.000,0.0,0.0
-144,Tà Hừa,2024-11-02T16:00:00.000,0.0,0.0
-144,Tà Hừa,2024-11-02T17:00:00.000,0.0,0.0
-144,Tà Hừa,2024-11-02T18:00:00.000,0.0,0.0
-144,Tà Hừa,2024-11-02T19:00:00.000,0.0,0.0
-144,Tà Hừa,2024-11-02T20:00:00.000,0.0,0.0
-144,Tà Hừa,2024-11-02T21:00:00.000,0.0,0.0
-144,Tà Hừa,2024-11-02T22:00:00.000,0.0,0.0
-144,Tà Hừa,2024-11-02T23:00:00.000,0.0,0.0
-144,Tà Hừa,2024-11-03T00:00:00.000,0.0,0.0
-144,Tà Hừa,2024-11-03T01:00:00.000,0.0,0.0
-144,Tà Hừa,2024-11-03T02:00:00.000,0.0,0.0
-144,Tà Hừa,2024-11-03T03:00:00.000,0.0,0.0
-144,Tà Hừa,2024-11-03T04:00:00.000,0.0,0.0
-144,Tà Hừa,2024-11-03T05:00:00.000,0.0,0.0
-144,Tà Hừa,2024-11-03T06:00:00.000,0.0,0.0
-144,Tà Hừa,2024-11-03T07:00:00.000,0.0,0.0
-144,Tà Hừa,2024-11-03T08:00:00.000,0.0,0.0
-144,Tà Hừa,2024-11-03T09:00:00.000,0.0,0.0
-144,Tà Hừa,2024-11-03T10:00:00.000,0.0,0.0
-144,Tà Hừa,2024-11-03T11:00:00.000,0.0,0.0
-144,Tà Hừa,2024-11-03T12:00:00.000,0.0,0.0
-144,Tà Hừa,2024-11-03T13:00:00.000,0.0,0.0
-144,Tà Hừa,2024-11-03T14:00:00.000,0.0,0.0
-144,Tà Hừa,2024-11-03T15:00:00.000,0.0,0.0
-144,Tà Hừa,2024-11-03T16:00:00.000,0.0,0.0
-144,Tà Hừa,2024-11-03T17:00:00.000,0.0,0.0
-144,Tà Hừa,2024-11-03T18:00:00.000,0.0,0.0
-144,Tà Hừa,2024-11-03T19:00:00.000,0.0,0.0
-144,Tà Hừa,2024-11-03T20:00:00.000,0.0,0.0
-144,Tà Hừa,2024-11-03T21:00:00.000,0.0,0.0
-144,Tà Hừa,2024-11-03T22:00:00.000,0.0,0.0
-144,Tà Hừa,2024-11-03T23:00:00.000,0.0,0.0
-144,Tà Hừa,2024-11-04T00:00:00.000,0.0,0.0
-144,Tà Hừa,2024-11-04T01:00:00.000,0.0,0.0
-144,Tà Hừa,2024-11-04T02:00:00.000,0.0,0.0
-144,Tà Hừa,2024-11-04T03:00:00.000,0.0,0.0
-144,Tà Hừa,2024-11-04T04:00:00.000,0.0,0.0
-144,Tà Hừa,2024-11-04T05:00:00.000,0.0,0.0
-144,Tà Hừa,2024-11-04T06:00:00.000,0.0,0.0
-144,Tà Hừa,2024-11-04T07:00:00.000,0.0,0.0
-144,Tà Hừa,2024-11-04T08:00:00.000,0.0,0.0
-144,Tà Hừa,2024-11-04T09:00:00.000,0.0,0.0
-144,Tà Hừa,2024-11-04T10:00:00.000,0.0,0.0
-144,Tà Hừa,2024-11-04T11:00:00.000,0.0,0.0
-144,Tà Hừa,2024-11-04T12:00:00.000,0.0,0.0
-144,Tà Hừa,2024-11-04T13:00:00.000,0.0,0.0
-144,Tà Hừa,2024-11-04T14:00:00.000,0.0,0.0
-144,Tà Hừa,2024-11-04T15:00:00.000,0.0,0.0
-144,Tà Hừa,2024-11-04T16:00:00.000,0.0,0.0
-144,Tà Hừa,2024-11-04T17:00:00.000,0.0,0.0
-144,Tà Hừa,2024-11-04T18:00:00.000,0.0,0.0
-144,Tà Hừa,2024-11-04T19:00:00.000,0.0,0.0
-144,Tà Hừa,2024-11-04T20:00:00.000,0.0,0.0
-144,Tà Hừa,2024-11-04T21:00:00.000,0.0,0.0
-144,Tà Hừa,2024-11-04T22:00:00.000,0.0,0.0
-144,Tà Hừa,2024-11-04T23:00:00.000,0.0,0.0
-144,Tà Hừa,2024-11-05T00:00:00.000,0.0,0.0
-144,Tà Hừa,2024-11-05T01:00:00.000,0.0,0.0
-144,Tà Hừa,2024-11-05T02:00:00.000,0.0,0.0
-144,Tà Hừa,2024-11-05T03:00:00.000,0.0,0.0
-144,Tà Hừa,2024-11-05T04:00:00.000,0.0,0.0
-144,Tà Hừa,2024-11-05T05:00:00.000,0.0,0.0
-144,Tà Hừa,2024-11-05T06:00:00.000,0.0,0.0
-144,Tà Hừa,2024-11-05T07:00:00.000,0.0,0.0
-144,Tà Hừa,2024-11-05T08:00:00.000,0.0,0.0
-144,Tà Hừa,2024-11-05T09:00:00.000,0.0,0.0
-144,Tà Hừa,2024-11-05T10:00:00.000,0.0,0.0
-144,Tà Hừa,2024-11-05T11:00:00.000,0.0,0.0
-144,Tà Hừa,2024-11-05T12:00:00.000,0.0,0.0
-144,Tà Hừa,2024-11-05T13:00:00.000,0.0,0.0
-144,Tà Hừa,2024-11-05T14:00:00.000,0.0,0.0
-144,Tà Hừa,2024-11-05T15:00:00.000,0.0,0.0
-144,Tà Hừa,2024-11-05T16:00:00.000,0.0,0.0
-144,Tà Hừa,2024-11-05T17:00:00.000,0.0,0.0
-144,Tà Hừa,2024-11-05T18:00:00.000,0.0,0.0
-144,Tà Hừa,2024-11-05T19:00:00.000,0.0,0.0
-144,Tà Hừa,2024-11-05T20:00:00.000,0.0,0.0
-144,Tà Hừa,2024-11-05T21:00:00.000,0.0,0.0
-144,Tà Hừa,2024-11-05T22:00:00.000,0.0,0.0
-144,Tà Hừa,2024-11-05T23:00:00.000,0.0,0.0
-144,Tà Hừa,2024-11-06T00:00:00.000,0.0,0.0
-144,Tà Hừa,2024-11-06T01:00:00.000,0.0,0.0
-144,Tà Hừa,2024-11-06T02:00:00.000,0.0,0.0
-144,Tà Hừa,2024-11-06T03:00:00.000,0.0,0.0
-144,Tà Hừa,2024-11-06T04:00:00.000,0.0,0.0
-144,Tà Hừa,2024-11-06T05:00:00.000,0.0,0.0
-144,Tà Hừa,2024-11-06T06:00:00.000,0.0,0.0
-144,Tà Hừa,2024-11-06T07:00:00.000,0.0,0.0
-144,Tà Hừa,2024-11-06T08:00:00.000,0.0,0.0
-144,Tà Hừa,2024-11-06T09:00:00.000,0.0,0.0
-144,Tà Hừa,2024-11-06T10:00:00.000,0.0,0.0
-144,Tà Hừa,2024-11-06T11:00:00.000,,0.0
-144,Tà Hừa,2024-11-06T12:00:00.000,,0.0
-144,Tà Hừa,2024-11-06T13:00:00.000,,0.0
-144,Tà Hừa,2024-11-06T14:00:00.000,0.0,0.0
-144,Tà Hừa,2024-11-06T15:00:00.000,0.0,0.0
-144,Tà Hừa,2024-11-06T16:00:00.000,0.0,0.0
-144,Tà Hừa,2024-11-06T17:00:00.000,0.0,0.0
-144,Tà Hừa,2024-11-06T18:00:00.000,0.0,0.0
-144,Tà Hừa,2024-11-06T19:00:00.000,0.0,0.0
-144,Tà Hừa,2024-11-06T20:00:00.000,0.0,0.0
-144,Tà Hừa,2024-11-06T21:00:00.000,0.0,0.0
-144,Tà Hừa,2024-11-06T22:00:00.000,0.0,0.0
-144,Tà Hừa,2024-11-06T23:00:00.000,0.0,0.0
-144,Tà Hừa,2024-11-07T00:00:00.000,0.0,0.0
-144,Tà Hừa,2024-11-07T01:00:00.000,0.0,0.0
-144,Tà Hừa,2024-11-07T02:00:00.000,0.0,0.0
-144,Tà Hừa,2024-11-07T03:00:00.000,0.0,0.0
-144,Tà Hừa,2024-11-07T04:00:00.000,0.0,0.0
-144,Tà Hừa,2024-11-07T05:00:00.000,0.0,0.0
-144,Tà Hừa,2024-11-07T06:00:00.000,0.0,0.0
-144,Tà Hừa,2024-11-07T07:00:00.000,0.0,0.0
-144,Tà Hừa,2024-11-07T08:00:00.000,0.0,0.0
-144,Tà Hừa,2024-11-07T09:00:00.000,0.0,0.0
-144,Tà Hừa,2024-11-07T10:00:00.000,0.20000000298023224,0.20000000298023224
-144,Tà Hừa,2024-11-07T11:00:00.000,0.0,0.20000000298023224
-144,Tà Hừa,2024-11-07T12:00:00.000,0.0,0.20000000298023224
-144,Tà Hừa,2024-11-07T13:00:00.000,0.0,0.20000000298023224
-144,Tà Hừa,2024-11-07T14:00:00.000,0.0,0.20000000298023224
-144,Tà Hừa,2024-11-07T15:00:00.000,0.0,0.20000000298023224
-144,Tà Hừa,2024-11-07T16:00:00.000,0.0,0.20000000298023224
-144,Tà Hừa,2024-11-07T17:00:00.000,0.0,0.20000000298023224
-144,Tà Hừa,2024-11-07T18:00:00.000,0.0,0.20000000298023224
-144,Tà Hừa,2024-11-07T19:00:00.000,0.0,0.20000000298023224
-144,Tà Hừa,2024-11-07T20:00:00.000,0.0,0.20000000298023224
-144,Tà Hừa,2024-11-07T21:00:00.000,0.0,0.20000000298023224
-144,Tà Hừa,2024-11-07T22:00:00.000,0.0,0.20000000298023224
-144,Tà Hừa,2024-11-07T23:00:00.000,0.0,0.20000000298023224
-144,Tà Hừa,2024-11-08T00:00:00.000,0.0,0.0
-144,Tà Hừa,2024-11-08T01:00:00.000,0.0,0.0
-144,Tà Hừa,2024-11-08T02:00:00.000,0.0,0.0
-144,Tà Hừa,2024-11-08T03:00:00.000,0.0,0.0
-144,Tà Hừa,2024-11-08T04:00:00.000,0.0,0.0
-144,Tà Hừa,2024-11-08T05:00:00.000,0.0,0.0
-144,Tà Hừa,2024-11-08T06:00:00.000,0.0,0.0
-144,Tà Hừa,2024-11-08T07:00:00.000,0.0,0.0
-144,Tà Hừa,2024-11-08T08:00:00.000,0.0,0.0
-144,Tà Hừa,2024-11-08T09:00:00.000,0.0,0.0
-144,Tà Hừa,2024-11-08T10:00:00.000,0.0,0.0
-144,Tà Hừa,2024-11-08T11:00:00.000,0.0,0.0
-144,Tà Hừa,2024-11-08T12:00:00.000,0.0,0.0
-144,Tà Hừa,2024-11-08T13:00:00.000,0.0,0.0
-144,Tà Hừa,2024-11-08T14:00:00.000,0.0,0.0
-144,Tà Hừa,2024-11-08T15:00:00.000,0.0,0.0
-144,Tà Hừa,2024-11-08T16:00:00.000,0.0,0.0
-144,Tà Hừa,2024-11-08T17:00:00.000,0.0,0.0
-144,Tà Hừa,2024-11-08T18:00:00.000,0.0,0.0
-144,Tà Hừa,2024-11-08T19:00:00.000,0.0,0.0
-144,Tà Hừa,2024-11-08T20:00:00.000,0.0,0.0
-144,Tà Hừa,2024-11-08T21:00:00.000,0.0,0.0
-144,Tà Hừa,2024-11-08T22:00:00.000,0.0,0.0
-144,Tà Hừa,2024-11-08T23:00:00.000,0.0,0.0
-144,Tà Hừa,2024-11-09T00:00:00.000,0.0,0.0
-144,Tà Hừa,2024-11-09T01:00:00.000,0.0,0.0
-144,Tà Hừa,2024-11-09T02:00:00.000,0.0,0.0
-144,Tà Hừa,2024-11-09T03:00:00.000,0.0,0.0
-144,Tà Hừa,2024-11-09T04:00:00.000,0.0,0.0
-144,Tà Hừa,2024-11-09T05:00:00.000,0.0,0.0
-144,Tà Hừa,2024-11-09T06:00:00.000,0.0,0.0
-144,Tà Hừa,2024-11-09T07:00:00.000,0.0,0.0
-144,Tà Hừa,2024-11-09T08:00:00.000,0.0,0.0
-144,Tà Hừa,2024-11-09T09:00:00.000,0.0,0.0
-144,Tà Hừa,2024-11-09T10:00:00.000,0.0,0.0
-144,Tà Hừa,2024-11-09T11:00:00.000,0.0,0.0
-144,Tà Hừa,2024-11-09T12:00:00.000,0.0,0.0
-144,Tà Hừa,2024-11-09T13:00:00.000,0.0,0.0
-144,Tà Hừa,2024-11-09T14:00:00.000,0.0,0.0
-144,Tà Hừa,2024-11-09T15:00:00.000,0.0,0.0
-144,Tà Hừa,2024-11-09T16:00:00.000,0.0,0.0
-144,Tà Hừa,2024-11-09T17:00:00.000,0.0,0.0
-144,Tà Hừa,2024-11-09T18:00:00.000,0.0,0.0
-144,Tà Hừa,2024-11-09T19:00:00.000,0.0,0.0
-144,Tà Hừa,2024-11-09T20:00:00.000,0.0,0.0
-144,Tà Hừa,2024-11-09T21:00:00.000,0.0,0.0
-144,Tà Hừa,2024-11-09T22:00:00.000,0.0,0.0
-144,Tà Hừa,2024-11-09T23:00:00.000,0.0,0.0
-144,Tà Hừa,2024-11-10T00:00:00.000,0.0,0.0
-144,Tà Hừa,2024-11-10T01:00:00.000,0.0,0.0
-144,Tà Hừa,2024-11-10T02:00:00.000,0.0,0.0
-144,Tà Hừa,2024-11-10T03:00:00.000,0.0,0.0
-144,Tà Hừa,2024-11-10T04:00:00.000,0.0,0.0
-144,Tà Hừa,2024-11-10T05:00:00.000,0.0,0.0
-144,Tà Hừa,2024-11-10T06:00:00.000,0.0,0.0
-144,Tà Hừa,2024-11-10T07:00:00.000,0.0,0.0
-144,Tà Hừa,2024-11-10T08:00:00.000,0.0,0.0
-144,Tà Hừa,2024-11-10T09:00:00.000,0.0,0.0
-144,Tà Hừa,2024-11-10T10:00:00.000,0.0,0.0
-144,Tà Hừa,2024-11-10T11:00:00.000,0.0,0.0
-144,Tà Hừa,2024-11-10T12:00:00.000,0.0,0.0
-144,Tà Hừa,2024-11-10T13:00:00.000,0.0,0.0
-144,Tà Hừa,2024-11-10T14:00:00.000,0.0,0.0
-144,Tà Hừa,2024-11-10T15:00:00.000,0.0,0.0
-144,Tà Hừa,2024-11-10T16:00:00.000,0.0,0.0
-144,Tà Hừa,2024-11-10T17:00:00.000,0.0,0.0
-144,Tà Hừa,2024-11-10T18:00:00.000,0.0,0.0
-144,Tà Hừa,2024-11-10T19:00:00.000,0.0,0.0
-144,Tà Hừa,2024-11-10T20:00:00.000,0.0,0.0
-144,Tà Hừa,2024-11-10T21:00:00.000,0.0,0.0
-144,Tà Hừa,2024-11-10T22:00:00.000,0.0,0.0
-144,Tà Hừa,2024-11-10T23:00:00.000,0.0,0.0
-144,Tà Hừa,2024-11-11T00:00:00.000,0.0,0.0
-144,Tà Hừa,2024-11-11T01:00:00.000,0.0,0.0
-144,Tà Hừa,2024-11-11T02:00:00.000,0.0,0.0
-144,Tà Hừa,2024-11-11T03:00:00.000,0.0,0.0
-144,Tà Hừa,2024-11-11T04:00:00.000,0.0,0.0
-144,Tà Hừa,2024-11-11T05:00:00.000,0.0,0.0
-144,Tà Hừa,2024-11-11T06:00:00.000,0.0,0.0
-144,Tà Hừa,2024-11-11T07:00:00.000,0.0,0.0
-144,Tà Hừa,2024-11-11T08:00:00.000,0.0,0.0
-144,Tà Hừa,2024-11-11T09:00:00.000,0.0,0.0
-144,Tà Hừa,2024-11-11T10:00:00.000,0.0,0.0
-144,Tà Hừa,2024-11-11T11:00:00.000,0.0,0.0
-144,Tà Hừa,2024-11-11T12:00:00.000,0.0,0.0
-144,Tà Hừa,2024-11-11T13:00:00.000,0.0,0.0
-144,Tà Hừa,2024-11-11T14:00:00.000,0.0,0.0
-144,Tà Hừa,2024-11-11T15:00:00.000,0.0,0.0
-144,Tà Hừa,2024-11-11T16:00:00.000,0.0,0.0
-144,Tà Hừa,2024-11-11T17:00:00.000,0.0,0.0
-144,Tà Hừa,2024-11-11T18:00:00.000,0.0,0.0
-144,Tà Hừa,2024-11-11T19:00:00.000,0.0,0.0
-144,Tà Hừa,2024-11-11T20:00:00.000,0.0,0.0
-144,Tà Hừa,2024-11-11T21:00:00.000,0.0,0.0
-144,Tà Hừa,2024-11-11T22:00:00.000,0.0,0.0
-144,Tà Hừa,2024-11-11T23:00:00.000,0.0,0.0
-144,Tà Hừa,2024-11-12T00:00:00.000,0.0,0.0
-144,Tà Hừa,2024-11-12T01:00:00.000,0.0,0.0
-144,Tà Hừa,2024-11-12T02:00:00.000,0.0,0.0
-144,Tà Hừa,2024-11-12T03:00:00.000,0.0,0.0
-144,Tà Hừa,2024-11-12T04:00:00.000,0.0,0.0
-144,Tà Hừa,2024-11-12T05:00:00.000,0.0,0.0
-144,Tà Hừa,2024-11-12T06:00:00.000,0.0,0.0
-144,Tà Hừa,2024-11-12T07:00:00.000,0.0,0.0
-144,Tà Hừa,2024-11-12T08:00:00.000,0.0,0.0
-144,Tà Hừa,2024-11-12T09:00:00.000,0.0,0.0
-144,Tà Hừa,2024-11-12T10:00:00.000,0.0,0.0
-144,Tà Hừa,2024-11-12T11:00:00.000,0.0,0.0
-144,Tà Hừa,2024-11-12T12:00:00.000,0.0,0.0
-144,Tà Hừa,2024-11-12T13:00:00.000,0.0,0.0
-144,Tà Hừa,2024-11-12T14:00:00.000,0.0,0.0
-144,Tà Hừa,2024-11-12T15:00:00.000,0.0,0.0
-144,Tà Hừa,2024-11-12T16:00:00.000,0.0,0.0
-144,Tà Hừa,2024-11-12T17:00:00.000,0.0,0.0
-144,Tà Hừa,2024-11-12T18:00:00.000,0.0,0.0
-144,Tà Hừa,2024-11-12T19:00:00.000,0.0,0.0
-144,Tà Hừa,2024-11-12T20:00:00.000,0.0,0.0
-144,Tà Hừa,2024-11-12T21:00:00.000,0.0,0.0
-144,Tà Hừa,2024-11-12T22:00:00.000,0.0,0.0
-144,Tà Hừa,2024-11-12T23:00:00.000,0.0,0.0
-144,Tà Hừa,2024-11-13T00:00:00.000,0.0,0.0
-144,Tà Hừa,2024-11-13T01:00:00.000,0.0,0.0
-144,Tà Hừa,2024-11-13T02:00:00.000,0.0,0.0
-144,Tà Hừa,2024-11-13T03:00:00.000,0.0,0.0
-144,Tà Hừa,2024-11-13T04:00:00.000,0.0,0.0
-144,Tà Hừa,2024-11-13T05:00:00.000,0.0,0.0
-144,Tà Hừa,2024-11-13T06:00:00.000,0.0,0.0
-144,Tà Hừa,2024-11-13T07:00:00.000,0.0,0.0
-144,Tà Hừa,2024-11-13T08:00:00.000,0.0,0.0
-144,Tà Hừa,2024-11-13T09:00:00.000,0.0,0.0
-144,Tà Hừa,2024-11-13T10:00:00.000,0.0,0.0
-144,Tà Hừa,2024-11-13T11:00:00.000,0.0,0.0
-144,Tà Hừa,2024-11-13T12:00:00.000,0.0,0.0
-144,Tà Hừa,2024-11-13T13:00:00.000,0.0,0.0
-144,Tà Hừa,2024-11-13T14:00:00.000,0.0,0.0
-144,Tà Hừa,2024-11-13T15:00:00.000,0.0,0.0
-144,Tà Hừa,2024-11-13T16:00:00.000,0.0,0.0
-144,Tà Hừa,2024-11-13T17:00:00.000,0.0,0.0
-144,Tà Hừa,2024-11-13T18:00:00.000,0.0,0.0
-144,Tà Hừa,2024-11-13T19:00:00.000,0.0,0.0
-144,Tà Hừa,2024-11-13T20:00:00.000,0.0,0.0
-144,Tà Hừa,2024-11-13T21:00:00.000,0.0,0.0
-144,Tà Hừa,2024-11-13T22:00:00.000,0.0,0.0
-144,Tà Hừa,2024-11-13T23:00:00.000,0.0,0.0
-144,Tà Hừa,2024-11-14T00:00:00.000,0.0,0.0
-144,Tà Hừa,2024-11-14T01:00:00.000,0.0,0.0
-144,Tà Hừa,2024-11-14T02:00:00.000,0.0,0.0
-144,Tà Hừa,2024-11-14T03:00:00.000,0.0,0.0
-144,Tà Hừa,2024-11-14T04:00:00.000,0.0,0.0
-144,Tà Hừa,2024-11-14T05:00:00.000,0.0,0.0
-144,Tà Hừa,2024-11-14T06:00:00.000,0.0,0.0
-144,Tà Hừa,2024-11-14T07:00:00.000,0.0,0.0
-144,Tà Hừa,2024-11-14T08:00:00.000,0.0,0.0
-144,Tà Hừa,2024-11-14T09:00:00.000,0.0,0.0
-144,Tà Hừa,2024-11-14T10:00:00.000,0.0,0.0
-144,Tà Hừa,2024-11-14T11:00:00.000,0.0,0.0
-144,Tà Hừa,2024-11-14T12:00:00.000,0.0,0.0
-144,Tà Hừa,2024-11-14T13:00:00.000,0.0,0.0
-144,Tà Hừa,2024-11-14T14:00:00.000,0.0,0.0
-144,Tà Hừa,2024-11-14T15:00:00.000,0.0,0.0
-144,Tà Hừa,2024-11-14T16:00:00.000,0.0,0.0
-144,Tà Hừa,2024-11-14T17:00:00.000,0.0,0.0
-144,Tà Hừa,2024-11-14T18:00:00.000,0.0,0.0
-144,Tà Hừa,2024-11-14T19:00:00.000,0.0,0.0
-144,Tà Hừa,2024-11-14T20:00:00.000,0.0,0.0
-144,Tà Hừa,2024-11-14T21:00:00.000,0.0,0.0
-144,Tà Hừa,2024-11-14T22:00:00.000,0.0,0.0
-144,Tà Hừa,2024-11-14T23:00:00.000,0.0,0.0
-144,Tà Hừa,2024-11-15T00:00:00.000,0.0,0.0
-144,Tà Hừa,2024-11-15T01:00:00.000,0.0,0.0
-144,Tà Hừa,2024-11-15T02:00:00.000,0.0,0.0
-144,Tà Hừa,2024-11-15T03:00:00.000,0.0,0.0
-144,Tà Hừa,2024-11-15T04:00:00.000,0.0,0.0
-144,Tà Hừa,2024-11-15T05:00:00.000,0.0,0.0
-144,Tà Hừa,2024-11-15T06:00:00.000,0.0,0.0
-144,Tà Hừa,2024-11-15T07:00:00.000,0.0,0.0
-144,Tà Hừa,2024-11-15T08:00:00.000,0.0,0.0
-144,Tà Hừa,2024-11-15T09:00:00.000,0.0,0.0
-144,Tà Hừa,2024-11-15T10:00:00.000,0.0,0.0
-144,Tà Hừa,2024-11-15T11:00:00.000,0.0,0.0
-144,Tà Hừa,2024-11-15T12:00:00.000,0.0,0.0
-144,Tà Hừa,2024-11-15T13:00:00.000,0.0,0.0
-144,Tà Hừa,2024-11-15T14:00:00.000,0.0,0.0
-144,Tà Hừa,2024-11-15T15:00:00.000,0.0,0.0
-144,Tà Hừa,2024-11-15T16:00:00.000,0.0,0.0
-144,Tà Hừa,2024-11-15T17:00:00.000,0.0,0.0
-144,Tà Hừa,2024-11-15T18:00:00.000,0.0,0.0
-144,Tà Hừa,2024-11-15T19:00:00.000,0.0,0.0
-144,Tà Hừa,2024-11-15T20:00:00.000,0.0,0.0
-144,Tà Hừa,2024-11-15T21:00:00.000,0.0,0.0
-144,Tà Hừa,2024-11-15T22:00:00.000,0.0,0.0
-144,Tà Hừa,2024-11-15T23:00:00.000,0.0,0.0
-144,Tà Hừa,2024-11-16T00:00:00.000,0.0,0.0
-144,Tà Hừa,2024-11-16T01:00:00.000,0.0,0.0
-144,Tà Hừa,2024-11-16T02:00:00.000,0.0,0.0
-144,Tà Hừa,2024-11-16T03:00:00.000,0.0,0.0
-144,Tà Hừa,2024-11-16T04:00:00.000,0.0,0.0
-144,Tà Hừa,2024-11-16T05:00:00.000,0.0,0.0
-144,Tà Hừa,2024-11-16T06:00:00.000,0.0,0.0
-144,Tà Hừa,2024-11-16T07:00:00.000,0.0,0.0
-144,Tà Hừa,2024-11-16T08:00:00.000,0.0,0.0
-144,Tà Hừa,2024-11-16T09:00:00.000,0.0,0.0
-144,Tà Hừa,2024-11-16T10:00:00.000,0.0,0.0
-144,Tà Hừa,2024-11-16T11:00:00.000,0.0,0.0
-144,Tà Hừa,2024-11-16T12:00:00.000,0.0,0.0
-144,Tà Hừa,2024-11-16T13:00:00.000,0.0,0.0
-144,Tà Hừa,2024-11-16T14:00:00.000,0.0,0.0
-144,Tà Hừa,2024-11-16T15:00:00.000,0.0,0.0
-144,Tà Hừa,2024-11-16T16:00:00.000,0.0,0.0
-144,Tà Hừa,2024-11-16T17:00:00.000,0.0,0.0
-144,Tà Hừa,2024-11-16T18:00:00.000,0.0,0.0
-144,Tà Hừa,2024-11-16T19:00:00.000,0.0,0.0
-144,Tà Hừa,2024-11-16T20:00:00.000,0.0,0.0
-144,Tà Hừa,2024-11-16T21:00:00.000,0.0,0.0
-144,Tà Hừa,2024-11-16T22:00:00.000,0.0,0.0
-144,Tà Hừa,2024-11-16T23:00:00.000,0.0,0.0
-144,Tà Hừa,2024-11-17T00:00:00.000,0.0,0.0
-144,Tà Hừa,2024-11-17T01:00:00.000,0.0,0.0
-144,Tà Hừa,2024-11-17T02:00:00.000,0.0,0.0
-144,Tà Hừa,2024-11-17T03:00:00.000,0.0,0.0
-144,Tà Hừa,2024-11-17T04:00:00.000,0.0,0.0
-144,Tà Hừa,2024-11-17T05:00:00.000,0.0,0.0
-144,Tà Hừa,2024-11-17T06:00:00.000,0.0,0.0
-144,Tà Hừa,2024-11-17T07:00:00.000,0.0,0.0
-144,Tà Hừa,2024-11-17T08:00:00.000,0.0,0.0
-144,Tà Hừa,2024-11-17T09:00:00.000,0.0,0.0
-144,Tà Hừa,2024-11-17T10:00:00.000,0.0,0.0
-144,Tà Hừa,2024-11-17T11:00:00.000,0.0,0.0
-144,Tà Hừa,2024-11-17T12:00:00.000,0.0,0.0
-144,Tà Hừa,2024-11-17T13:00:00.000,0.0,0.0
-144,Tà Hừa,2024-11-17T14:00:00.000,0.0,0.0
-144,Tà Hừa,2024-11-17T15:00:00.000,0.0,0.0
-144,Tà Hừa,2024-11-17T16:00:00.000,0.0,0.0
-144,Tà Hừa,2024-11-17T17:00:00.000,0.0,0.0
-144,Tà Hừa,2024-11-17T18:00:00.000,0.0,0.0
-144,Tà Hừa,2024-11-17T19:00:00.000,0.0,0.0
-144,Tà Hừa,2024-11-17T20:00:00.000,0.0,0.0
-144,Tà Hừa,2024-11-17T21:00:00.000,0.0,0.0
-144,Tà Hừa,2024-11-17T22:00:00.000,0.0,0.0
-144,Tà Hừa,2024-11-17T23:00:00.000,0.0,0.0
-144,Tà Hừa,2024-11-18T00:00:00.000,0.0,0.0
-144,Tà Hừa,2024-11-18T01:00:00.000,0.0,0.0
-144,Tà Hừa,2024-11-18T02:00:00.000,0.0,0.0
-144,Tà Hừa,2024-11-18T03:00:00.000,0.0,0.0
-144,Tà Hừa,2024-11-18T04:00:00.000,0.0,0.0
-144,Tà Hừa,2024-11-18T05:00:00.000,0.0,0.0
-144,Tà Hừa,2024-11-18T06:00:00.000,0.0,0.0
-144,Tà Hừa,2024-11-18T07:00:00.000,0.0,0.0
-144,Tà Hừa,2024-11-18T08:00:00.000,0.0,0.0
-144,Tà Hừa,2024-11-18T09:00:00.000,0.0,0.0
-144,Tà Hừa,2024-11-18T10:00:00.000,0.0,0.0
-144,Tà Hừa,2024-11-18T11:00:00.000,0.0,0.0
-144,Tà Hừa,2024-11-18T12:00:00.000,0.0,0.0
-144,Tà Hừa,2024-11-18T13:00:00.000,0.0,0.0
-144,Tà Hừa,2024-11-18T14:00:00.000,0.0,0.0
-144,Tà Hừa,2024-11-18T15:00:00.000,0.0,0.0
-144,Tà Hừa,2024-11-18T16:00:00.000,0.0,0.0
-144,Tà Hừa,2024-11-18T17:00:00.000,0.0,0.0
-144,Tà Hừa,2024-11-18T18:00:00.000,0.0,0.0
-144,Tà Hừa,2024-11-18T19:00:00.000,0.0,0.0
-144,Tà Hừa,2024-11-18T20:00:00.000,0.0,0.0
-144,Tà Hừa,2024-11-18T21:00:00.000,0.0,0.0
-144,Tà Hừa,2024-11-18T22:00:00.000,0.0,0.0
-144,Tà Hừa,2024-11-18T23:00:00.000,0.0,0.0
-144,Tà Hừa,2024-11-19T00:00:00.000,0.0,0.0
-144,Tà Hừa,2024-11-19T01:00:00.000,0.0,0.0
-144,Tà Hừa,2024-11-19T02:00:00.000,0.0,0.0
-144,Tà Hừa,2024-11-19T03:00:00.000,0.0,0.0
-144,Tà Hừa,2024-11-19T04:00:00.000,0.0,0.0
-144,Tà Hừa,2024-11-19T05:00:00.000,0.0,0.0
-144,Tà Hừa,2024-11-19T06:00:00.000,0.0,0.0
-144,Tà Hừa,2024-11-19T07:00:00.000,0.0,0.0
-144,Tà Hừa,2024-11-19T08:00:00.000,0.0,0.0
-144,Tà Hừa,2024-11-19T09:00:00.000,0.0,0.0
-144,Tà Hừa,2024-11-19T10:00:00.000,0.0,0.0
-144,Tà Hừa,2024-11-19T11:00:00.000,0.0,0.0
-144,Tà Hừa,2024-11-19T12:00:00.000,0.0,0.0
-144,Tà Hừa,2024-11-19T13:00:00.000,0.0,0.0
-144,Tà Hừa,2024-11-19T14:00:00.000,0.0,0.0
-144,Tà Hừa,2024-11-19T15:00:00.000,0.0,0.0
-144,Tà Hừa,2024-11-19T16:00:00.000,0.0,0.0
-144,Tà Hừa,2024-11-19T17:00:00.000,0.0,0.0
-144,Tà Hừa,2024-11-19T18:00:00.000,0.0,0.0
-144,Tà Hừa,2024-11-19T19:00:00.000,0.0,0.0
-144,Tà Hừa,2024-11-19T20:00:00.000,0.0,0.0
-144,Tà Hừa,2024-11-19T21:00:00.000,0.0,0.0
-144,Tà Hừa,2024-11-19T22:00:00.000,0.0,0.0
-144,Tà Hừa,2024-11-19T23:00:00.000,0.0,0.0
-144,Tà Hừa,2024-11-20T00:00:00.000,0.0,0.0
-144,Tà Hừa,2024-11-20T01:00:00.000,0.0,0.0
-144,Tà Hừa,2024-11-20T02:00:00.000,0.0,0.0
-144,Tà Hừa,2024-11-20T03:00:00.000,0.0,0.0
-144,Tà Hừa,2024-11-20T04:00:00.000,0.0,0.0
-144,Tà Hừa,2024-11-20T05:00:00.000,0.0,0.0
-144,Tà Hừa,2024-11-20T06:00:00.000,0.0,0.0
-144,Tà Hừa,2024-11-20T07:00:00.000,0.0,0.0
-144,Tà Hừa,2024-11-20T08:00:00.000,0.0,0.0
-144,Tà Hừa,2024-11-20T09:00:00.000,0.0,0.0
-144,Tà Hừa,2024-11-20T10:00:00.000,0.0,0.0
-144,Tà Hừa,2024-11-20T11:00:00.000,0.0,0.0
-144,Tà Hừa,2024-11-20T12:00:00.000,0.0,0.0
-144,Tà Hừa,2024-11-20T13:00:00.000,0.0,0.0
-144,Tà Hừa,2024-11-20T14:00:00.000,0.0,0.0
-144,Tà Hừa,2024-11-20T15:00:00.000,0.0,0.0
-144,Tà Hừa,2024-11-20T16:00:00.000,0.0,0.0
-144,Tà Hừa,2024-11-20T17:00:00.000,0.0,0.0
-144,Tà Hừa,2024-11-20T18:00:00.000,0.0,0.0
-144,Tà Hừa,2024-11-20T19:00:00.000,0.0,0.0
-144,Tà Hừa,2024-11-20T20:00:00.000,0.0,0.0
-144,Tà Hừa,2024-11-20T21:00:00.000,0.0,0.0
-144,Tà Hừa,2024-11-20T22:00:00.000,0.0,0.0
-144,Tà Hừa,2024-11-20T23:00:00.000,0.0,0.0
-144,Tà Hừa,2024-11-21T00:00:00.000,0.0,0.0
-144,Tà Hừa,2024-11-21T01:00:00.000,0.0,0.0
-144,Tà Hừa,2024-11-21T02:00:00.000,0.0,0.0
-144,Tà Hừa,2024-11-21T03:00:00.000,0.0,0.0
-144,Tà Hừa,2024-11-21T04:00:00.000,0.0,0.0
-144,Tà Hừa,2024-11-21T05:00:00.000,0.0,0.0
-144,Tà Hừa,2024-11-21T06:00:00.000,0.0,0.0
-144,Tà Hừa,2024-11-21T07:00:00.000,0.0,0.0
-144,Tà Hừa,2024-11-21T08:00:00.000,0.0,0.0
-144,Tà Hừa,2024-11-21T09:00:00.000,0.0,0.0
-144,Tà Hừa,2024-11-21T10:00:00.000,0.0,0.0
-144,Tà Hừa,2024-11-21T11:00:00.000,0.0,0.0
-144,Tà Hừa,2024-11-21T12:00:00.000,0.0,0.0
-144,Tà Hừa,2024-11-21T13:00:00.000,0.0,0.0
-144,Tà Hừa,2024-11-21T14:00:00.000,0.0,0.0
-144,Tà Hừa,2024-11-21T15:00:00.000,0.0,0.0
-144,Tà Hừa,2024-11-21T16:00:00.000,0.0,0.0
-144,Tà Hừa,2024-11-21T17:00:00.000,0.0,0.0
-144,Tà Hừa,2024-11-21T18:00:00.000,0.0,0.0
-144,Tà Hừa,2024-11-21T19:00:00.000,0.0,0.0
-144,Tà Hừa,2024-11-21T20:00:00.000,0.0,0.0
-144,Tà Hừa,2024-11-21T21:00:00.000,0.0,0.0
-144,Tà Hừa,2024-11-21T22:00:00.000,0.0,0.0
-144,Tà Hừa,2024-11-21T23:00:00.000,0.0,0.0
-144,Tà Hừa,2024-11-22T00:00:00.000,0.0,0.0
-144,Tà Hừa,2024-11-22T01:00:00.000,0.0,0.0
-144,Tà Hừa,2024-11-22T02:00:00.000,0.0,0.0
-144,Tà Hừa,2024-11-22T03:00:00.000,0.0,0.0
-144,Tà Hừa,2024-11-22T04:00:00.000,0.0,0.0
-144,Tà Hừa,2024-11-22T05:00:00.000,0.0,0.0
-144,Tà Hừa,2024-11-22T06:00:00.000,0.0,0.0
-144,Tà Hừa,2024-11-22T07:00:00.000,0.0,0.0
-144,Tà Hừa,2024-11-22T08:00:00.000,0.0,0.0
-144,Tà Hừa,2024-11-22T09:00:00.000,0.0,0.0
-144,Tà Hừa,2024-11-22T10:00:00.000,0.0,0.0
-144,Tà Hừa,2024-11-22T11:00:00.000,0.0,0.0
-144,Tà Hừa,2024-11-22T12:00:00.000,0.0,0.0
-144,Tà Hừa,2024-11-22T13:00:00.000,0.0,0.0
-144,Tà Hừa,2024-11-22T14:00:00.000,0.0,0.0
-144,Tà Hừa,2024-11-22T15:00:00.000,0.0,0.0
-144,Tà Hừa,2024-11-22T16:00:00.000,0.0,0.0
-144,Tà Hừa,2024-11-22T17:00:00.000,0.0,0.0
-144,Tà Hừa,2024-11-22T18:00:00.000,0.0,0.0
-144,Tà Hừa,2024-11-22T19:00:00.000,0.0,0.0
-144,Tà Hừa,2024-11-22T20:00:00.000,0.0,0.0
-144,Tà Hừa,2024-11-22T21:00:00.000,0.0,0.0
-144,Tà Hừa,2024-11-22T22:00:00.000,0.0,0.0
-144,Tà Hừa,2024-11-22T23:00:00.000,0.0,0.0
-144,Tà Hừa,2024-11-23T00:00:00.000,0.0,0.0
-144,Tà Hừa,2024-11-23T01:00:00.000,0.0,0.0
-144,Tà Hừa,2024-11-23T02:00:00.000,0.0,0.0
-144,Tà Hừa,2024-11-23T03:00:00.000,0.0,0.0
-144,Tà Hừa,2024-11-23T04:00:00.000,0.0,0.0
-144,Tà Hừa,2024-11-23T05:00:00.000,0.0,0.0
-144,Tà Hừa,2024-11-23T06:00:00.000,0.0,0.0
-144,Tà Hừa,2024-11-23T07:00:00.000,0.0,0.0
-144,Tà Hừa,2024-11-23T08:00:00.000,0.0,0.0
-144,Tà Hừa,2024-11-23T09:00:00.000,0.0,0.0
-144,Tà Hừa,2024-11-23T10:00:00.000,0.0,0.0
-144,Tà Hừa,2024-11-23T11:00:00.000,0.0,0.0
-144,Tà Hừa,2024-11-23T12:00:00.000,0.0,0.0
-144,Tà Hừa,2024-11-23T13:00:00.000,0.0,0.0
-144,Tà Hừa,2024-11-23T14:00:00.000,0.0,0.0
-144,Tà Hừa,2024-11-23T15:00:00.000,0.0,0.0
-144,Tà Hừa,2024-11-23T16:00:00.000,0.0,0.0
-144,Tà Hừa,2024-11-23T17:00:00.000,0.0,0.0
-144,Tà Hừa,2024-11-23T18:00:00.000,0.0,0.0
-144,Tà Hừa,2024-11-23T19:00:00.000,0.0,0.0
-144,Tà Hừa,2024-11-23T20:00:00.000,0.0,0.0
-144,Tà Hừa,2024-11-23T21:00:00.000,0.0,0.0
-144,Tà Hừa,2024-11-23T22:00:00.000,0.0,0.0
-144,Tà Hừa,2024-11-23T23:00:00.000,0.0,0.0
-144,Tà Hừa,2024-11-24T00:00:00.000,0.0,0.0
-144,Tà Hừa,2024-11-24T01:00:00.000,0.0,0.0
-144,Tà Hừa,2024-11-24T02:00:00.000,0.0,0.0
-144,Tà Hừa,2024-11-24T03:00:00.000,0.0,0.0
-144,Tà Hừa,2024-11-24T04:00:00.000,0.0,0.0
-144,Tà Hừa,2024-11-24T05:00:00.000,0.0,0.0
-144,Tà Hừa,2024-11-24T06:00:00.000,0.0,0.0
-144,Tà Hừa,2024-11-24T07:00:00.000,0.0,0.0
-144,Tà Hừa,2024-11-24T08:00:00.000,0.0,0.0
-144,Tà Hừa,2024-11-24T09:00:00.000,0.0,0.0
-144,Tà Hừa,2024-11-24T10:00:00.000,0.0,0.0
-144,Tà Hừa,2024-11-24T11:00:00.000,0.0,0.0
-144,Tà Hừa,2024-11-24T12:00:00.000,0.0,0.0
-144,Tà Hừa,2024-11-24T13:00:00.000,0.0,0.0
-144,Tà Hừa,2024-11-24T14:00:00.000,0.0,0.0
-144,Tà Hừa,2024-11-24T15:00:00.000,0.0,0.0
-144,Tà Hừa,2024-11-24T16:00:00.000,0.0,0.0
-144,Tà Hừa,2024-11-24T17:00:00.000,0.0,0.0
-144,Tà Hừa,2024-11-24T18:00:00.000,0.0,0.0
-144,Tà Hừa,2024-11-24T19:00:00.000,0.0,0.0
-144,Tà Hừa,2024-11-24T20:00:00.000,0.0,0.0
-144,Tà Hừa,2024-11-24T21:00:00.000,0.0,0.0
-144,Tà Hừa,2024-11-24T22:00:00.000,0.0,0.0
-144,Tà Hừa,2024-11-24T23:00:00.000,0.0,0.0
-144,Tà Hừa,2024-11-25T00:00:00.000,0.0,0.0
-144,Tà Hừa,2024-11-25T01:00:00.000,0.0,0.0
-144,Tà Hừa,2024-11-25T02:00:00.000,0.0,0.0
-144,Tà Hừa,2024-11-25T03:00:00.000,0.0,0.0
-144,Tà Hừa,2024-11-25T04:00:00.000,0.0,0.0
-144,Tà Hừa,2024-11-25T05:00:00.000,0.0,0.0
-144,Tà Hừa,2024-11-25T06:00:00.000,0.0,0.0
-144,Tà Hừa,2024-11-25T07:00:00.000,0.0,0.0
-144,Tà Hừa,2024-11-25T08:00:00.000,0.0,0.0
-144,Tà Hừa,2024-11-25T09:00:00.000,0.0,0.0
-144,Tà Hừa,2024-11-25T10:00:00.000,0.0,0.0
-144,Tà Hừa,2024-11-25T11:00:00.000,0.0,0.0
-144,Tà Hừa,2024-11-25T12:00:00.000,0.0,0.0
-144,Tà Hừa,2024-11-25T13:00:00.000,0.0,0.0
-144,Tà Hừa,2024-11-25T14:00:00.000,0.0,0.0
-144,Tà Hừa,2024-11-25T15:00:00.000,0.0,0.0
-144,Tà Hừa,2024-11-25T16:00:00.000,0.0,0.0
-144,Tà Hừa,2024-11-25T17:00:00.000,0.0,0.0
-144,Tà Hừa,2024-11-25T18:00:00.000,0.0,0.0
-144,Tà Hừa,2024-11-25T19:00:00.000,0.0,0.0
-144,Tà Hừa,2024-11-25T20:00:00.000,0.0,0.0
-144,Tà Hừa,2024-11-25T21:00:00.000,0.0,0.0
-144,Tà Hừa,2024-11-25T22:00:00.000,0.0,0.0
-144,Tà Hừa,2024-11-25T23:00:00.000,0.0,0.0
-144,Tà Hừa,2024-11-26T00:00:00.000,0.0,0.0
-144,Tà Hừa,2024-11-26T01:00:00.000,0.0,0.0
-144,Tà Hừa,2024-11-26T02:00:00.000,0.0,0.0
-144,Tà Hừa,2024-11-26T03:00:00.000,0.0,0.0
-144,Tà Hừa,2024-11-26T04:00:00.000,0.0,0.0
-144,Tà Hừa,2024-11-26T05:00:00.000,0.0,0.0
-144,Tà Hừa,2024-11-26T06:00:00.000,0.0,0.0
-144,Tà Hừa,2024-11-26T07:00:00.000,0.0,0.0
-144,Tà Hừa,2024-11-26T08:00:00.000,0.0,0.0
-144,Tà Hừa,2024-11-26T09:00:00.000,0.0,0.0
-144,Tà Hừa,2024-11-26T10:00:00.000,0.0,0.0
-144,Tà Hừa,2024-11-26T11:00:00.000,0.0,0.0
-144,Tà Hừa,2024-11-26T12:00:00.000,0.0,0.0
-144,Tà Hừa,2024-11-26T13:00:00.000,0.0,0.0
-144,Tà Hừa,2024-11-26T14:00:00.000,0.0,0.0
-144,Tà Hừa,2024-11-26T15:00:00.000,0.0,0.0
-144,Tà Hừa,2024-11-26T16:00:00.000,0.0,0.0
-144,Tà Hừa,2024-11-26T17:00:00.000,0.0,0.0
-144,Tà Hừa,2024-11-26T18:00:00.000,0.0,0.0
-144,Tà Hừa,2024-11-26T19:00:00.000,0.0,0.0
-144,Tà Hừa,2024-11-26T20:00:00.000,0.0,0.0
-144,Tà Hừa,2024-11-26T21:00:00.000,0.0,0.0
-144,Tà Hừa,2024-11-26T22:00:00.000,0.0,0.0
-144,Tà Hừa,2024-11-26T23:00:00.000,0.0,0.0
-144,Tà Hừa,2024-11-27T00:00:00.000,0.0,0.0
-144,Tà Hừa,2024-11-27T01:00:00.000,0.0,0.0
-144,Tà Hừa,2024-11-27T02:00:00.000,0.0,0.0
-144,Tà Hừa,2024-11-27T03:00:00.000,0.0,0.0
-144,Tà Hừa,2024-11-27T04:00:00.000,0.0,0.0
-144,Tà Hừa,2024-11-27T05:00:00.000,0.0,0.0
-144,Tà Hừa,2024-11-27T06:00:00.000,0.0,0.0
-144,Tà Hừa,2024-11-27T07:00:00.000,0.0,0.0
-144,Tà Hừa,2024-11-27T08:00:00.000,0.0,0.0
-144,Tà Hừa,2024-11-27T09:00:00.000,0.0,0.0
-144,Tà Hừa,2024-11-27T10:00:00.000,0.0,0.0
-144,Tà Hừa,2024-11-27T11:00:00.000,0.0,0.0
-144,Tà Hừa,2024-11-27T12:00:00.000,0.0,0.0
-144,Tà Hừa,2024-11-27T13:00:00.000,0.0,0.0
-144,Tà Hừa,2024-11-27T14:00:00.000,0.0,0.0
-144,Tà Hừa,2024-11-27T15:00:00.000,0.20000000298023224,0.20000000298023224
-144,Tà Hừa,2024-11-27T16:00:00.000,0.0,0.20000000298023224
-144,Tà Hừa,2024-11-27T17:00:00.000,0.0,0.20000000298023224
-144,Tà Hừa,2024-11-27T18:00:00.000,0.0,0.20000000298023224
-144,Tà Hừa,2024-11-27T19:00:00.000,0.0,0.20000000298023224
-144,Tà Hừa,2024-11-27T20:00:00.000,0.0,0.20000000298023224
-144,Tà Hừa,2024-11-27T21:00:00.000,0.0,0.20000000298023224
-144,Tà Hừa,2024-11-27T22:00:00.000,0.0,0.20000000298023224
-144,Tà Hừa,2024-11-27T23:00:00.000,0.0,0.20000000298023224
-144,Tà Hừa,2024-11-28T00:00:00.000,0.0,0.0
-144,Tà Hừa,2024-11-28T01:00:00.000,0.0,0.0
-144,Tà Hừa,2024-11-28T02:00:00.000,0.0,0.0
-144,Tà Hừa,2024-11-28T03:00:00.000,0.0,0.0
-144,Tà Hừa,2024-11-28T04:00:00.000,0.4000000059604645,0.4000000059604645
-144,Tà Hừa,2024-11-28T05:00:00.000,0.0,0.4000000059604645
-144,Tà Hừa,2024-11-28T06:00:00.000,0.0,0.4000000059604645
-144,Tà Hừa,2024-11-28T07:00:00.000,0.0,0.4000000059604645
-144,Tà Hừa,2024-11-28T08:00:00.000,0.0,0.4000000059604645
-144,Tà Hừa,2024-11-28T09:00:00.000,0.0,0.4000000059604645
-144,Tà Hừa,2024-11-28T10:00:00.000,0.0,0.4000000059604645
-144,Tà Hừa,2024-11-28T11:00:00.000,0.0,0.4000000059604645
-144,Tà Hừa,2024-11-28T12:00:00.000,0.0,0.4000000059604645
-144,Tà Hừa,2024-11-28T13:00:00.000,0.0,0.4000000059604645
-144,Tà Hừa,2024-11-28T14:00:00.000,0.0,0.4000000059604645
-144,Tà Hừa,2024-11-28T15:00:00.000,0.0,0.4000000059604645
-144,Tà Hừa,2024-11-28T16:00:00.000,0.0,0.4000000059604645
-144,Tà Hừa,2024-11-28T17:00:00.000,0.0,0.4000000059604645
-144,Tà Hừa,2024-11-28T18:00:00.000,0.0,0.4000000059604645
-144,Tà Hừa,2024-11-28T19:00:00.000,0.0,0.4000000059604645
-144,Tà Hừa,2024-11-28T20:00:00.000,0.0,0.4000000059604645
-144,Tà Hừa,2024-11-28T21:00:00.000,0.0,0.4000000059604645
-144,Tà Hừa,2024-11-28T22:00:00.000,0.0,0.4000000059604645
-144,Tà Hừa,2024-11-28T23:00:00.000,0.0,0.4000000059604645
-144,Tà Hừa,2024-11-29T00:00:00.000,0.0,0.0
-144,Tà Hừa,2024-11-29T01:00:00.000,0.0,0.0
-144,Tà Hừa,2024-11-29T02:00:00.000,0.0,0.0
-144,Tà Hừa,2024-11-29T03:00:00.000,0.0,0.0
-144,Tà Hừa,2024-11-29T04:00:00.000,0.0,0.0
-144,Tà Hừa,2024-11-29T05:00:00.000,0.0,0.0
-144,Tà Hừa,2024-11-29T06:00:00.000,0.0,0.0
-144,Tà Hừa,2024-11-29T07:00:00.000,0.0,0.0
-144,Tà Hừa,2024-11-29T08:00:00.000,0.0,0.0
-144,Tà Hừa,2024-11-29T09:00:00.000,0.0,0.0
-144,Tà Hừa,2024-11-29T10:00:00.000,0.0,0.0
-144,Tà Hừa,2024-11-29T11:00:00.000,0.0,0.0
-144,Tà Hừa,2024-11-29T12:00:00.000,0.0,0.0
-144,Tà Hừa,2024-11-29T13:00:00.000,0.0,0.0
-144,Tà Hừa,2024-11-29T14:00:00.000,0.0,0.0
-144,Tà Hừa,2024-11-29T15:00:00.000,0.0,0.0
-144,Tà Hừa,2024-11-29T16:00:00.000,0.0,0.0
-144,Tà Hừa,2024-11-29T17:00:00.000,0.0,0.0
-144,Tà Hừa,2024-11-29T18:00:00.000,0.0,0.0
-144,Tà Hừa,2024-11-29T19:00:00.000,0.0,0.0
-144,Tà Hừa,2024-11-29T20:00:00.000,0.0,0.0
-144,Tà Hừa,2024-11-29T21:00:00.000,0.0,0.0
-144,Tà Hừa,2024-11-29T22:00:00.000,0.0,0.0
-144,Tà Hừa,2024-11-29T23:00:00.000,0.0,0.0
-144,Tà Hừa,2024-11-30T00:00:00.000,0.0,0.0
-144,Tà Hừa,2024-11-30T01:00:00.000,0.0,0.0
-144,Tà Hừa,2024-11-30T02:00:00.000,0.0,0.0
-144,Tà Hừa,2024-11-30T03:00:00.000,0.0,0.0
-144,Tà Hừa,2024-11-30T04:00:00.000,0.0,0.0
-144,Tà Hừa,2024-11-30T05:00:00.000,0.0,0.0
-144,Tà Hừa,2024-11-30T06:00:00.000,0.0,0.0
-144,Tà Hừa,2024-11-30T07:00:00.000,0.0,0.0
-144,Tà Hừa,2024-11-30T08:00:00.000,0.0,0.0
-144,Tà Hừa,2024-11-30T09:00:00.000,0.0,0.0
-144,Tà Hừa,2024-11-30T10:00:00.000,0.0,0.0
-144,Tà Hừa,2024-11-30T11:00:00.000,0.0,0.0
-144,Tà Hừa,2024-11-30T12:00:00.000,0.0,0.0
-144,Tà Hừa,2024-11-30T13:00:00.000,0.0,0.0
-144,Tà Hừa,2024-11-30T14:00:00.000,0.0,0.0
-144,Tà Hừa,2024-11-30T15:00:00.000,0.0,0.0
-144,Tà Hừa,2024-11-30T16:00:00.000,0.0,0.0
-144,Tà Hừa,2024-11-30T17:00:00.000,0.0,0.0
-144,Tà Hừa,2024-11-30T18:00:00.000,0.0,0.0
-144,Tà Hừa,2024-11-30T19:00:00.000,0.0,0.0
-144,Tà Hừa,2024-11-30T20:00:00.000,0.0,0.0
-144,Tà Hừa,2024-11-30T21:00:00.000,0.0,0.0
-144,Tà Hừa,2024-11-30T22:00:00.000,0.0,0.0
-144,Tà Hừa,2024-11-30T23:00:00.000,0.0,0.0
-144,Tà Hừa,2024-12-01T00:00:00.000,0.0,0.0
-144,Tà Hừa,2024-12-01T01:00:00.000,0.0,0.0
-144,Tà Hừa,2024-12-01T02:00:00.000,0.0,0.0
-144,Tà Hừa,2024-12-01T03:00:00.000,0.0,0.0
-144,Tà Hừa,2024-12-01T04:00:00.000,0.0,0.0
-144,Tà Hừa,2024-12-01T05:00:00.000,0.0,0.0
-144,Tà Hừa,2024-12-01T06:00:00.000,0.0,0.0
-144,Tà Hừa,2024-12-01T07:00:00.000,0.0,0.0
-144,Tà Hừa,2024-12-01T08:00:00.000,0.0,0.0
-144,Tà Hừa,2024-12-01T09:00:00.000,0.0,0.0
-144,Tà Hừa,2024-12-01T10:00:00.000,0.0,0.0
-144,Tà Hừa,2024-12-01T11:00:00.000,0.0,0.0
-144,Tà Hừa,2024-12-01T12:00:00.000,0.0,0.0
-144,Tà Hừa,2024-12-01T13:00:00.000,0.0,0.0
-144,Tà Hừa,2024-12-01T14:00:00.000,0.0,0.0
-144,Tà Hừa,2024-12-01T15:00:00.000,0.0,0.0
-144,Tà Hừa,2024-12-01T16:00:00.000,0.0,0.0
-144,Tà Hừa,2024-12-01T17:00:00.000,0.0,0.0
-144,Tà Hừa,2024-12-01T18:00:00.000,0.0,0.0
-144,Tà Hừa,2024-12-01T19:00:00.000,0.0,0.0
-144,Tà Hừa,2024-12-01T20:00:00.000,0.0,0.0
-144,Tà Hừa,2024-12-01T21:00:00.000,0.0,0.0
-144,Tà Hừa,2024-12-01T22:00:00.000,0.0,0.0
-144,Tà Hừa,2024-12-01T23:00:00.000,0.0,0.0
-144,Tà Hừa,2024-12-02T00:00:00.000,0.0,0.0
-144,Tà Hừa,2024-12-02T01:00:00.000,0.0,0.0
-144,Tà Hừa,2024-12-02T02:00:00.000,0.0,0.0
-144,Tà Hừa,2024-12-02T03:00:00.000,0.0,0.0
-144,Tà Hừa,2024-12-02T04:00:00.000,0.0,0.0
-144,Tà Hừa,2024-12-02T05:00:00.000,0.0,0.0
-144,Tà Hừa,2024-12-02T06:00:00.000,0.0,0.0
-144,Tà Hừa,2024-12-02T07:00:00.000,0.0,0.0
-144,Tà Hừa,2024-12-02T08:00:00.000,0.0,0.0
-144,Tà Hừa,2024-12-02T09:00:00.000,0.0,0.0
-144,Tà Hừa,2024-12-02T10:00:00.000,0.0,0.0
-144,Tà Hừa,2024-12-02T11:00:00.000,0.0,0.0
-144,Tà Hừa,2024-12-02T12:00:00.000,0.0,0.0
-144,Tà Hừa,2024-12-02T13:00:00.000,0.0,0.0
-144,Tà Hừa,2024-12-02T14:00:00.000,0.0,0.0
-144,Tà Hừa,2024-12-02T15:00:00.000,0.0,0.0
-144,Tà Hừa,2024-12-02T16:00:00.000,0.0,0.0
-144,Tà Hừa,2024-12-02T17:00:00.000,0.0,0.0
-144,Tà Hừa,2024-12-02T18:00:00.000,0.0,0.0
-144,Tà Hừa,2024-12-02T19:00:00.000,0.0,0.0
-144,Tà Hừa,2024-12-02T20:00:00.000,0.0,0.0
-144,Tà Hừa,2024-12-02T21:00:00.000,0.0,0.0
-144,Tà Hừa,2024-12-02T22:00:00.000,0.0,0.0
-144,Tà Hừa,2024-12-02T23:00:00.000,0.0,0.0
-144,Tà Hừa,2024-12-03T00:00:00.000,0.0,0.0
-144,Tà Hừa,2024-12-03T01:00:00.000,0.0,0.0
-144,Tà Hừa,2024-12-03T02:00:00.000,0.0,0.0
-144,Tà Hừa,2024-12-03T03:00:00.000,0.0,0.0
-144,Tà Hừa,2024-12-03T04:00:00.000,0.0,0.0
-144,Tà Hừa,2024-12-03T05:00:00.000,0.0,0.0
-144,Tà Hừa,2024-12-03T06:00:00.000,0.0,0.0
-144,Tà Hừa,2024-12-03T07:00:00.000,0.0,0.0
-144,Tà Hừa,2024-12-03T08:00:00.000,0.0,0.0
-144,Tà Hừa,2024-12-03T09:00:00.000,0.0,0.0
-144,Tà Hừa,2024-12-03T10:00:00.000,0.0,0.0
-144,Tà Hừa,2024-12-03T11:00:00.000,0.0,0.0
-144,Tà Hừa,2024-12-03T12:00:00.000,0.0,0.0
-144,Tà Hừa,2024-12-03T13:00:00.000,0.0,0.0
-144,Tà Hừa,2024-12-03T14:00:00.000,0.0,0.0
-144,Tà Hừa,2024-12-03T15:00:00.000,0.0,0.0
-144,Tà Hừa,2024-12-03T16:00:00.000,0.0,0.0
-144,Tà Hừa,2024-12-03T17:00:00.000,0.0,0.0
-144,Tà Hừa,2024-12-03T18:00:00.000,0.0,0.0
-144,Tà Hừa,2024-12-03T19:00:00.000,0.0,0.0
-144,Tà Hừa,2024-12-03T20:00:00.000,0.0,0.0
-144,Tà Hừa,2024-12-03T21:00:00.000,0.0,0.0
-144,Tà Hừa,2024-12-03T22:00:00.000,0.0,0.0
-144,Tà Hừa,2024-12-03T23:00:00.000,0.0,0.0
-144,Tà Hừa,2024-12-04T00:00:00.000,0.0,0.0
-144,Tà Hừa,2024-12-04T01:00:00.000,0.0,0.0
-144,Tà Hừa,2024-12-04T02:00:00.000,0.0,0.0
-144,Tà Hừa,2024-12-04T03:00:00.000,0.0,0.0
-144,Tà Hừa,2024-12-04T04:00:00.000,0.0,0.0
-144,Tà Hừa,2024-12-04T05:00:00.000,0.0,0.0
-144,Tà Hừa,2024-12-04T06:00:00.000,0.0,0.0
-144,Tà Hừa,2024-12-04T07:00:00.000,0.0,0.0
-144,Tà Hừa,2024-12-04T08:00:00.000,0.0,0.0
-144,Tà Hừa,2024-12-04T09:00:00.000,0.0,0.0
-144,Tà Hừa,2024-12-04T10:00:00.000,0.0,0.0
-144,Tà Hừa,2024-12-04T11:00:00.000,0.0,0.0
-144,Tà Hừa,2024-12-04T12:00:00.000,0.0,0.0
-144,Tà Hừa,2024-12-04T13:00:00.000,0.0,0.0
-144,Tà Hừa,2024-12-04T14:00:00.000,0.0,0.0
-144,Tà Hừa,2024-12-04T15:00:00.000,0.0,0.0
-144,Tà Hừa,2024-12-04T16:00:00.000,0.0,0.0
-144,Tà Hừa,2024-12-04T17:00:00.000,0.0,0.0
-144,Tà Hừa,2024-12-04T18:00:00.000,0.0,0.0
-144,Tà Hừa,2024-12-04T19:00:00.000,0.0,0.0
-144,Tà Hừa,2024-12-04T20:00:00.000,0.0,0.0
-144,Tà Hừa,2024-12-04T21:00:00.000,0.0,0.0
-144,Tà Hừa,2024-12-04T22:00:00.000,0.0,0.0
-144,Tà Hừa,2024-12-04T23:00:00.000,0.0,0.0
-144,Tà Hừa,2024-12-05T00:00:00.000,0.0,0.0
-144,Tà Hừa,2024-12-05T01:00:00.000,0.0,0.0
-144,Tà Hừa,2024-12-05T02:00:00.000,0.0,0.0
-144,Tà Hừa,2024-12-05T03:00:00.000,0.0,0.0
-144,Tà Hừa,2024-12-05T04:00:00.000,0.0,0.0
-144,Tà Hừa,2024-12-05T05:00:00.000,0.0,0.0
-144,Tà Hừa,2024-12-05T06:00:00.000,0.0,0.0
-144,Tà Hừa,2024-12-05T07:00:00.000,0.0,0.0
-144,Tà Hừa,2024-12-05T08:00:00.000,1.2000000476837158,1.2000000476837158
-144,Tà Hừa,2024-12-05T09:00:00.000,0.4000000059604645,1.6000000536441803
-144,Tà Hừa,2024-12-05T10:00:00.000,0.0,1.6000000536441803
-144,Tà Hừa,2024-12-05T11:00:00.000,0.0,1.6000000536441803
-144,Tà Hừa,2024-12-05T12:00:00.000,0.0,1.6000000536441803
-144,Tà Hừa,2024-12-05T13:00:00.000,0.0,1.6000000536441803
-144,Tà Hừa,2024-12-05T14:00:00.000,0.0,1.6000000536441803
-144,Tà Hừa,2024-12-05T15:00:00.000,0.20000000298023224,1.8000000566244125
-144,Tà Hừa,2024-12-05T16:00:00.000,0.20000000298023224,2.0000000596046448
-144,Tà Hừa,2024-12-05T17:00:00.000,2.0,4.000000059604645
-144,Tà Hừa,2024-12-05T18:00:00.000,2.200000047683716,6.200000107288361
-144,Tà Hừa,2024-12-05T19:00:00.000,4.0,10.20000010728836
-144,Tà Hừa,2024-12-05T20:00:00.000,0.0,10.20000010728836
-144,Tà Hừa,2024-12-05T21:00:00.000,0.0,10.20000010728836
-144,Tà Hừa,2024-12-05T22:00:00.000,0.0,10.20000010728836
-144,Tà Hừa,2024-12-05T23:00:00.000,0.0,10.20000010728836
-144,Tà Hừa,2024-12-06T00:00:00.000,0.0,0.0
-144,Tà Hừa,2024-12-06T01:00:00.000,0.0,0.0
-144,Tà Hừa,2024-12-06T02:00:00.000,0.0,0.0
-144,Tà Hừa,2024-12-06T03:00:00.000,0.0,0.0
-144,Tà Hừa,2024-12-06T04:00:00.000,0.0,0.0
-144,Tà Hừa,2024-12-06T05:00:00.000,0.0,0.0
-144,Tà Hừa,2024-12-06T06:00:00.000,0.0,0.0
-144,Tà Hừa,2024-12-06T07:00:00.000,0.0,0.0
-144,Tà Hừa,2024-12-06T08:00:00.000,0.0,0.0
-144,Tà Hừa,2024-12-06T09:00:00.000,0.0,0.0
-144,Tà Hừa,2024-12-06T10:00:00.000,0.0,0.0
-144,Tà Hừa,2024-12-06T11:00:00.000,0.0,0.0
-144,Tà Hừa,2024-12-06T12:00:00.000,0.0,0.0
-144,Tà Hừa,2024-12-06T13:00:00.000,0.0,0.0
-144,Tà Hừa,2024-12-06T14:00:00.000,0.0,0.0
-144,Tà Hừa,2024-12-06T15:00:00.000,0.0,0.0
-144,Tà Hừa,2024-12-06T16:00:00.000,0.0,0.0
-144,Tà Hừa,2024-12-06T17:00:00.000,0.0,0.0
-144,Tà Hừa,2024-12-06T18:00:00.000,0.0,0.0
-144,Tà Hừa,2024-12-06T19:00:00.000,0.0,0.0
-144,Tà Hừa,2024-12-06T20:00:00.000,0.0,0.0
-144,Tà Hừa,2024-12-06T21:00:00.000,0.0,0.0
-144,Tà Hừa,2024-12-06T22:00:00.000,0.0,0.0
-144,Tà Hừa,2024-12-06T23:00:00.000,0.0,0.0
-144,Tà Hừa,2024-12-07T00:00:00.000,0.0,0.0
-144,Tà Hừa,2024-12-07T01:00:00.000,0.0,0.0
-144,Tà Hừa,2024-12-07T02:00:00.000,0.0,0.0
-144,Tà Hừa,2024-12-07T03:00:00.000,0.0,0.0
-144,Tà Hừa,2024-12-07T04:00:00.000,0.0,0.0
-144,Tà Hừa,2024-12-07T05:00:00.000,0.0,0.0
-144,Tà Hừa,2024-12-07T06:00:00.000,0.0,0.0
-144,Tà Hừa,2024-12-07T07:00:00.000,0.0,0.0
-144,Tà Hừa,2024-12-07T08:00:00.000,0.0,0.0
-144,Tà Hừa,2024-12-07T09:00:00.000,0.0,0.0
-144,Tà Hừa,2024-12-07T10:00:00.000,0.0,0.0
-144,Tà Hừa,2024-12-07T11:00:00.000,0.0,0.0
-144,Tà Hừa,2024-12-07T12:00:00.000,0.0,0.0
-144,Tà Hừa,2024-12-07T13:00:00.000,0.0,0.0
-144,Tà Hừa,2024-12-07T14:00:00.000,0.0,0.0
-144,Tà Hừa,2024-12-07T15:00:00.000,0.0,0.0
-144,Tà Hừa,2024-12-07T16:00:00.000,0.0,0.0
-144,Tà Hừa,2024-12-07T17:00:00.000,0.0,0.0
-144,Tà Hừa,2024-12-07T18:00:00.000,0.0,0.0
-144,Tà Hừa,2024-12-07T19:00:00.000,0.0,0.0
-144,Tà Hừa,2024-12-07T20:00:00.000,0.0,0.0
-144,Tà Hừa,2024-12-07T21:00:00.000,0.0,0.0
-144,Tà Hừa,2024-12-07T22:00:00.000,0.0,0.0
-144,Tà Hừa,2024-12-07T23:00:00.000,0.0,0.0
-144,Tà Hừa,2024-12-08T00:00:00.000,0.0,0.0
-144,Tà Hừa,2024-12-08T01:00:00.000,0.0,0.0
-144,Tà Hừa,2024-12-08T02:00:00.000,0.0,0.0
-144,Tà Hừa,2024-12-08T03:00:00.000,0.0,0.0
-144,Tà Hừa,2024-12-08T04:00:00.000,0.0,0.0
-144,Tà Hừa,2024-12-08T05:00:00.000,0.0,0.0
-144,Tà Hừa,2024-12-08T06:00:00.000,0.0,0.0
-144,Tà Hừa,2024-12-08T07:00:00.000,0.0,0.0
-144,Tà Hừa,2024-12-08T08:00:00.000,0.0,0.0
-144,Tà Hừa,2024-12-08T09:00:00.000,0.0,0.0
-144,Tà Hừa,2024-12-08T10:00:00.000,0.0,0.0
-144,Tà Hừa,2024-12-08T11:00:00.000,0.0,0.0
-144,Tà Hừa,2024-12-08T12:00:00.000,0.0,0.0
-144,Tà Hừa,2024-12-08T13:00:00.000,0.0,0.0
-144,Tà Hừa,2024-12-08T14:00:00.000,0.0,0.0
-144,Tà Hừa,2024-12-08T15:00:00.000,0.0,0.0
-144,Tà Hừa,2024-12-08T16:00:00.000,0.0,0.0
-144,Tà Hừa,2024-12-08T17:00:00.000,0.0,0.0
-144,Tà Hừa,2024-12-08T18:00:00.000,0.0,0.0
-144,Tà Hừa,2024-12-08T19:00:00.000,0.0,0.0
-144,Tà Hừa,2024-12-08T20:00:00.000,0.0,0.0
-144,Tà Hừa,2024-12-08T21:00:00.000,0.0,0.0
-144,Tà Hừa,2024-12-08T22:00:00.000,0.0,0.0
-144,Tà Hừa,2024-12-08T23:00:00.000,0.0,0.0
-144,Tà Hừa,2024-12-09T00:00:00.000,0.0,0.0
-144,Tà Hừa,2024-12-09T01:00:00.000,0.0,0.0
-144,Tà Hừa,2024-12-09T02:00:00.000,0.0,0.0
-144,Tà Hừa,2024-12-09T03:00:00.000,0.0,0.0
-144,Tà Hừa,2024-12-09T04:00:00.000,0.0,0.0
-144,Tà Hừa,2024-12-09T05:00:00.000,0.0,0.0
-144,Tà Hừa,2024-12-09T06:00:00.000,0.0,0.0
-144,Tà Hừa,2024-12-09T07:00:00.000,0.0,0.0
-144,Tà Hừa,2024-12-09T08:00:00.000,0.0,0.0
-144,Tà Hừa,2024-12-09T09:00:00.000,0.0,0.0
-144,Tà Hừa,2024-12-09T10:00:00.000,0.0,0.0
-144,Tà Hừa,2024-12-09T11:00:00.000,0.0,0.0
-144,Tà Hừa,2024-12-09T12:00:00.000,0.0,0.0
-144,Tà Hừa,2024-12-09T13:00:00.000,0.0,0.0
-144,Tà Hừa,2024-12-09T14:00:00.000,0.0,0.0
-144,Tà Hừa,2024-12-09T15:00:00.000,0.0,0.0
-144,Tà Hừa,2024-12-09T16:00:00.000,0.0,0.0
-144,Tà Hừa,2024-12-09T17:00:00.000,0.0,0.0
-144,Tà Hừa,2024-12-09T18:00:00.000,0.0,0.0
-144,Tà Hừa,2024-12-09T19:00:00.000,0.0,0.0
-144,Tà Hừa,2024-12-09T20:00:00.000,0.0,0.0
-144,Tà Hừa,2024-12-09T21:00:00.000,0.0,0.0
-144,Tà Hừa,2024-12-09T22:00:00.000,0.0,0.0
-144,Tà Hừa,2024-12-09T23:00:00.000,0.0,0.0
-144,Tà Hừa,2024-12-10T00:00:00.000,0.0,0.0
-144,Tà Hừa,2024-12-10T01:00:00.000,0.0,0.0
-144,Tà Hừa,2024-12-10T02:00:00.000,0.0,0.0
-144,Tà Hừa,2024-12-10T03:00:00.000,0.0,0.0
-144,Tà Hừa,2024-12-10T04:00:00.000,0.0,0.0
-144,Tà Hừa,2024-12-10T05:00:00.000,0.0,0.0
-144,Tà Hừa,2024-12-10T06:00:00.000,0.0,0.0
-144,Tà Hừa,2024-12-10T07:00:00.000,0.0,0.0
-144,Tà Hừa,2024-12-10T08:00:00.000,0.0,0.0
-144,Tà Hừa,2024-12-10T09:00:00.000,0.0,0.0
-144,Tà Hừa,2024-12-10T10:00:00.000,0.0,0.0
-144,Tà Hừa,2024-12-10T11:00:00.000,0.0,0.0
-144,Tà Hừa,2024-12-10T12:00:00.000,0.0,0.0
-144,Tà Hừa,2024-12-10T13:00:00.000,0.0,0.0
-144,Tà Hừa,2024-12-10T14:00:00.000,0.0,0.0
-144,Tà Hừa,2024-12-10T15:00:00.000,0.0,0.0
-144,Tà Hừa,2024-12-10T16:00:00.000,0.0,0.0
-144,Tà Hừa,2024-12-10T17:00:00.000,0.0,0.0
-144,Tà Hừa,2024-12-10T18:00:00.000,0.0,0.0
-144,Tà Hừa,2024-12-10T19:00:00.000,0.0,0.0
-144,Tà Hừa,2024-12-10T20:00:00.000,0.0,0.0
-144,Tà Hừa,2024-12-10T21:00:00.000,0.0,0.0
-144,Tà Hừa,2024-12-10T22:00:00.000,0.0,0.0
-144,Tà Hừa,2024-12-10T23:00:00.000,0.0,0.0
-144,Tà Hừa,2024-12-11T00:00:00.000,0.0,0.0
-144,Tà Hừa,2024-12-11T01:00:00.000,0.0,0.0
-144,Tà Hừa,2024-12-11T02:00:00.000,0.0,0.0
-144,Tà Hừa,2024-12-11T03:00:00.000,0.0,0.0
-144,Tà Hừa,2024-12-11T04:00:00.000,0.0,0.0
-144,Tà Hừa,2024-12-11T05:00:00.000,0.0,0.0
-144,Tà Hừa,2024-12-11T06:00:00.000,0.0,0.0
-144,Tà Hừa,2024-12-11T07:00:00.000,0.0,0.0
-144,Tà Hừa,2024-12-11T08:00:00.000,0.0,0.0
-144,Tà Hừa,2024-12-11T09:00:00.000,0.0,0.0
-144,Tà Hừa,2024-12-11T10:00:00.000,0.0,0.0
-144,Tà Hừa,2024-12-11T11:00:00.000,0.0,0.0
-144,Tà Hừa,2024-12-11T12:00:00.000,0.0,0.0
-144,Tà Hừa,2024-12-11T13:00:00.000,0.0,0.0
-144,Tà Hừa,2024-12-11T14:00:00.000,0.0,0.0
-144,Tà Hừa,2024-12-11T15:00:00.000,0.0,0.0
-144,Tà Hừa,2024-12-11T16:00:00.000,0.0,0.0
-144,Tà Hừa,2024-12-11T17:00:00.000,0.0,0.0
-144,Tà Hừa,2024-12-11T18:00:00.000,0.0,0.0
-144,Tà Hừa,2024-12-11T19:00:00.000,0.0,0.0
-144,Tà Hừa,2024-12-11T20:00:00.000,0.0,0.0
-144,Tà Hừa,2024-12-11T21:00:00.000,0.0,0.0
-144,Tà Hừa,2024-12-11T22:00:00.000,0.0,0.0
-144,Tà Hừa,2024-12-11T23:00:00.000,0.0,0.0
-144,Tà Hừa,2024-12-12T00:00:00.000,0.0,0.0
-144,Tà Hừa,2024-12-12T01:00:00.000,0.0,0.0
-144,Tà Hừa,2024-12-12T02:00:00.000,0.0,0.0
-144,Tà Hừa,2024-12-12T03:00:00.000,0.0,0.0
-144,Tà Hừa,2024-12-12T04:00:00.000,0.0,0.0
-144,Tà Hừa,2024-12-12T05:00:00.000,0.0,0.0
-144,Tà Hừa,2024-12-12T06:00:00.000,0.0,0.0
-144,Tà Hừa,2024-12-12T07:00:00.000,0.0,0.0
-144,Tà Hừa,2024-12-12T08:00:00.000,0.0,0.0
-144,Tà Hừa,2024-12-12T09:00:00.000,0.0,0.0
-144,Tà Hừa,2024-12-12T10:00:00.000,0.0,0.0
-144,Tà Hừa,2024-12-12T11:00:00.000,0.0,0.0
-144,Tà Hừa,2024-12-12T12:00:00.000,0.0,0.0
-144,Tà Hừa,2024-12-12T13:00:00.000,0.0,0.0
-144,Tà Hừa,2024-12-12T14:00:00.000,0.0,0.0
-144,Tà Hừa,2024-12-12T15:00:00.000,0.0,0.0
-144,Tà Hừa,2024-12-12T16:00:00.000,0.0,0.0
-144,Tà Hừa,2024-12-12T17:00:00.000,0.0,0.0
-144,Tà Hừa,2024-12-12T18:00:00.000,0.0,0.0
-144,Tà Hừa,2024-12-12T19:00:00.000,0.0,0.0
-144,Tà Hừa,2024-12-12T20:00:00.000,0.0,0.0
-144,Tà Hừa,2024-12-12T21:00:00.000,0.0,0.0
-144,Tà Hừa,2024-12-12T22:00:00.000,0.0,0.0
-144,Tà Hừa,2024-12-12T23:00:00.000,0.0,0.0
-144,Tà Hừa,2024-12-13T00:00:00.000,0.0,0.0
-144,Tà Hừa,2024-12-13T01:00:00.000,0.0,0.0
-144,Tà Hừa,2024-12-13T02:00:00.000,0.0,0.0
-144,Tà Hừa,2024-12-13T03:00:00.000,0.0,0.0
-144,Tà Hừa,2024-12-13T04:00:00.000,0.0,0.0
-144,Tà Hừa,2024-12-13T05:00:00.000,0.0,0.0
-144,Tà Hừa,2024-12-13T06:00:00.000,0.0,0.0
-144,Tà Hừa,2024-12-13T07:00:00.000,0.0,0.0
-144,Tà Hừa,2024-12-13T08:00:00.000,0.0,0.0
-144,Tà Hừa,2024-12-13T09:00:00.000,0.0,0.0
-144,Tà Hừa,2024-12-13T10:00:00.000,0.0,0.0
-144,Tà Hừa,2024-12-13T11:00:00.000,0.0,0.0
-144,Tà Hừa,2024-12-13T12:00:00.000,0.0,0.0
-144,Tà Hừa,2024-12-13T13:00:00.000,0.0,0.0
-144,Tà Hừa,2024-12-13T14:00:00.000,0.0,0.0
-144,Tà Hừa,2024-12-13T15:00:00.000,0.0,0.0
-144,Tà Hừa,2024-12-13T16:00:00.000,0.0,0.0
-144,Tà Hừa,2024-12-13T17:00:00.000,0.0,0.0
-144,Tà Hừa,2024-12-13T18:00:00.000,0.0,0.0
-144,Tà Hừa,2024-12-13T19:00:00.000,0.0,0.0
-144,Tà Hừa,2024-12-13T20:00:00.000,0.0,0.0
-144,Tà Hừa,2024-12-13T21:00:00.000,0.0,0.0
-144,Tà Hừa,2024-12-13T22:00:00.000,0.0,0.0
-144,Tà Hừa,2024-12-13T23:00:00.000,0.0,0.0
-144,Tà Hừa,2024-12-14T00:00:00.000,0.0,0.0
-144,Tà Hừa,2024-12-14T01:00:00.000,0.0,0.0
-144,Tà Hừa,2024-12-14T02:00:00.000,0.0,0.0
-144,Tà Hừa,2024-12-14T03:00:00.000,0.0,0.0
-144,Tà Hừa,2024-12-14T04:00:00.000,0.0,0.0
-144,Tà Hừa,2024-12-14T05:00:00.000,0.0,0.0
-144,Tà Hừa,2024-12-14T06:00:00.000,0.0,0.0
-144,Tà Hừa,2024-12-14T07:00:00.000,0.0,0.0
-144,Tà Hừa,2024-12-14T08:00:00.000,0.0,0.0
-144,Tà Hừa,2024-12-14T09:00:00.000,0.0,0.0
-144,Tà Hừa,2024-12-14T10:00:00.000,0.0,0.0
-144,Tà Hừa,2024-12-14T11:00:00.000,0.0,0.0
-144,Tà Hừa,2024-12-14T12:00:00.000,0.0,0.0
-144,Tà Hừa,2024-12-14T13:00:00.000,0.0,0.0
-144,Tà Hừa,2024-12-14T14:00:00.000,0.0,0.0
-144,Tà Hừa,2024-12-14T15:00:00.000,0.0,0.0
-144,Tà Hừa,2024-12-14T16:00:00.000,0.0,0.0
-144,Tà Hừa,2024-12-14T17:00:00.000,0.0,0.0
-144,Tà Hừa,2024-12-14T18:00:00.000,0.0,0.0
-144,Tà Hừa,2024-12-14T19:00:00.000,0.0,0.0
-144,Tà Hừa,2024-12-14T20:00:00.000,0.0,0.0
-144,Tà Hừa,2024-12-14T21:00:00.000,0.0,0.0
-144,Tà Hừa,2024-12-14T22:00:00.000,0.0,0.0
-144,Tà Hừa,2024-12-14T23:00:00.000,0.0,0.0
-144,Tà Hừa,2024-12-15T00:00:00.000,0.0,0.0
-144,Tà Hừa,2024-12-15T01:00:00.000,0.0,0.0
-144,Tà Hừa,2024-12-15T02:00:00.000,0.0,0.0
-144,Tà Hừa,2024-12-15T03:00:00.000,0.0,0.0
-144,Tà Hừa,2024-12-15T04:00:00.000,0.0,0.0
-144,Tà Hừa,2024-12-15T05:00:00.000,0.0,0.0
-144,Tà Hừa,2024-12-15T06:00:00.000,0.0,0.0
-144,Tà Hừa,2024-12-15T07:00:00.000,0.0,0.0
-144,Tà Hừa,2024-12-15T08:00:00.000,0.0,0.0
-144,Tà Hừa,2024-12-15T09:00:00.000,0.0,0.0
-144,Tà Hừa,2024-12-15T10:00:00.000,0.0,0.0
-144,Tà Hừa,2024-12-15T11:00:00.000,0.0,0.0
-144,Tà Hừa,2024-12-15T12:00:00.000,0.0,0.0
-144,Tà Hừa,2024-12-15T13:00:00.000,0.0,0.0
-144,Tà Hừa,2024-12-15T14:00:00.000,0.0,0.0
-144,Tà Hừa,2024-12-15T15:00:00.000,0.0,0.0
-144,Tà Hừa,2024-12-15T16:00:00.000,0.0,0.0
-144,Tà Hừa,2024-12-15T17:00:00.000,0.0,0.0
-144,Tà Hừa,2024-12-15T18:00:00.000,0.0,0.0
-144,Tà Hừa,2024-12-15T19:00:00.000,0.0,0.0
-144,Tà Hừa,2024-12-15T20:00:00.000,0.0,0.0
-144,Tà Hừa,2024-12-15T21:00:00.000,0.0,0.0
-144,Tà Hừa,2024-12-15T22:00:00.000,0.0,0.0
-144,Tà Hừa,2024-12-15T23:00:00.000,0.0,0.0
-144,Tà Hừa,2024-12-16T00:00:00.000,0.0,0.0
-144,Tà Hừa,2024-12-16T01:00:00.000,0.0,0.0
-144,Tà Hừa,2024-12-16T02:00:00.000,0.0,0.0
-144,Tà Hừa,2024-12-16T03:00:00.000,0.0,0.0
-144,Tà Hừa,2024-12-16T04:00:00.000,0.0,0.0
-144,Tà Hừa,2024-12-16T05:00:00.000,0.0,0.0
-144,Tà Hừa,2024-12-16T06:00:00.000,0.0,0.0
-144,Tà Hừa,2024-12-16T07:00:00.000,0.0,0.0
-144,Tà Hừa,2024-12-16T08:00:00.000,0.0,0.0
-144,Tà Hừa,2024-12-16T09:00:00.000,0.0,0.0
-144,Tà Hừa,2024-12-16T10:00:00.000,0.0,0.0
-144,Tà Hừa,2024-12-16T11:00:00.000,0.0,0.0
-144,Tà Hừa,2024-12-16T12:00:00.000,0.0,0.0
-144,Tà Hừa,2024-12-16T13:00:00.000,0.0,0.0
-144,Tà Hừa,2024-12-16T14:00:00.000,0.0,0.0
-144,Tà Hừa,2024-12-16T15:00:00.000,0.0,0.0
-144,Tà Hừa,2024-12-16T16:00:00.000,0.0,0.0
-144,Tà Hừa,2024-12-16T17:00:00.000,0.0,0.0
-144,Tà Hừa,2024-12-16T18:00:00.000,0.0,0.0
-144,Tà Hừa,2024-12-16T19:00:00.000,0.0,0.0
-144,Tà Hừa,2024-12-16T20:00:00.000,0.0,0.0
-144,Tà Hừa,2024-12-16T21:00:00.000,0.0,0.0
-144,Tà Hừa,2024-12-16T22:00:00.000,0.0,0.0
-144,Tà Hừa,2024-12-16T23:00:00.000,0.0,0.0
-144,Tà Hừa,2024-12-17T00:00:00.000,0.0,0.0
-144,Tà Hừa,2024-12-17T01:00:00.000,0.0,0.0
-144,Tà Hừa,2024-12-17T02:00:00.000,0.0,0.0
-144,Tà Hừa,2024-12-17T03:00:00.000,0.0,0.0
-144,Tà Hừa,2024-12-17T04:00:00.000,0.0,0.0
-144,Tà Hừa,2024-12-17T05:00:00.000,0.0,0.0
-144,Tà Hừa,2024-12-17T06:00:00.000,0.0,0.0
-144,Tà Hừa,2024-12-17T07:00:00.000,0.0,0.0
-144,Tà Hừa,2024-12-17T08:00:00.000,0.0,0.0
-144,Tà Hừa,2024-12-17T09:00:00.000,0.0,0.0
-144,Tà Hừa,2024-12-17T10:00:00.000,0.0,0.0
-144,Tà Hừa,2024-12-17T11:00:00.000,0.0,0.0
-144,Tà Hừa,2024-12-17T12:00:00.000,0.0,0.0
-144,Tà Hừa,2024-12-17T13:00:00.000,0.0,0.0
-144,Tà Hừa,2024-12-17T14:00:00.000,0.0,0.0
-144,Tà Hừa,2024-12-17T15:00:00.000,0.0,0.0
-144,Tà Hừa,2024-12-17T16:00:00.000,0.0,0.0
-144,Tà Hừa,2024-12-17T17:00:00.000,0.0,0.0
-144,Tà Hừa,2024-12-17T18:00:00.000,0.0,0.0
-144,Tà Hừa,2024-12-17T19:00:00.000,0.0,0.0
-144,Tà Hừa,2024-12-17T20:00:00.000,0.0,0.0
-144,Tà Hừa,2024-12-17T21:00:00.000,0.0,0.0
-144,Tà Hừa,2024-12-17T22:00:00.000,0.0,0.0
-144,Tà Hừa,2024-12-17T23:00:00.000,0.0,0.0
-144,Tà Hừa,2024-12-18T00:00:00.000,0.0,0.0
-144,Tà Hừa,2024-12-18T01:00:00.000,0.0,0.0
-144,Tà Hừa,2024-12-18T02:00:00.000,0.0,0.0
-144,Tà Hừa,2024-12-18T03:00:00.000,0.0,0.0
-144,Tà Hừa,2024-12-18T04:00:00.000,0.0,0.0
-144,Tà Hừa,2024-12-18T05:00:00.000,0.0,0.0
-144,Tà Hừa,2024-12-18T06:00:00.000,0.0,0.0
-144,Tà Hừa,2024-12-18T07:00:00.000,0.0,0.0
-144,Tà Hừa,2024-12-18T08:00:00.000,0.0,0.0
-144,Tà Hừa,2024-12-18T09:00:00.000,0.0,0.0
-144,Tà Hừa,2024-12-18T10:00:00.000,0.0,0.0
-144,Tà Hừa,2024-12-18T11:00:00.000,0.0,0.0
-144,Tà Hừa,2024-12-18T12:00:00.000,0.0,0.0
-144,Tà Hừa,2024-12-18T13:00:00.000,0.0,0.0
-144,Tà Hừa,2024-12-18T14:00:00.000,0.0,0.0
-144,Tà Hừa,2024-12-18T15:00:00.000,0.0,0.0
-144,Tà Hừa,2024-12-18T16:00:00.000,0.0,0.0
-144,Tà Hừa,2024-12-18T17:00:00.000,0.0,0.0
-144,Tà Hừa,2024-12-18T18:00:00.000,0.0,0.0
-144,Tà Hừa,2024-12-18T19:00:00.000,0.0,0.0
-144,Tà Hừa,2024-12-18T20:00:00.000,0.0,0.0
-144,Tà Hừa,2024-12-18T21:00:00.000,0.0,0.0
-144,Tà Hừa,2024-12-18T22:00:00.000,0.0,0.0
-144,Tà Hừa,2024-12-18T23:00:00.000,0.0,0.0
-144,Tà Hừa,2024-12-19T00:00:00.000,0.0,0.0
-144,Tà Hừa,2024-12-19T01:00:00.000,0.0,0.0
-144,Tà Hừa,2024-12-19T02:00:00.000,0.0,0.0
-144,Tà Hừa,2024-12-19T03:00:00.000,0.0,0.0
-144,Tà Hừa,2024-12-19T04:00:00.000,0.0,0.0
-144,Tà Hừa,2024-12-19T05:00:00.000,0.0,0.0
-144,Tà Hừa,2024-12-19T06:00:00.000,0.0,0.0
-144,Tà Hừa,2024-12-19T07:00:00.000,0.0,0.0
-144,Tà Hừa,2024-12-19T08:00:00.000,0.0,0.0
-144,Tà Hừa,2024-12-19T09:00:00.000,0.0,0.0
-144,Tà Hừa,2024-12-19T10:00:00.000,0.0,0.0
-144,Tà Hừa,2024-12-19T11:00:00.000,0.0,0.0
-144,Tà Hừa,2024-12-19T12:00:00.000,0.0,0.0
-144,Tà Hừa,2024-12-19T13:00:00.000,0.0,0.0
-144,Tà Hừa,2024-12-19T14:00:00.000,0.0,0.0
-144,Tà Hừa,2024-12-19T15:00:00.000,0.0,0.0
-144,Tà Hừa,2024-12-19T16:00:00.000,0.0,0.0
-144,Tà Hừa,2024-12-19T17:00:00.000,0.0,0.0
-144,Tà Hừa,2024-12-19T18:00:00.000,0.0,0.0
-144,Tà Hừa,2024-12-19T19:00:00.000,0.0,0.0
-144,Tà Hừa,2024-12-19T20:00:00.000,0.0,0.0
-144,Tà Hừa,2024-12-19T21:00:00.000,0.0,0.0
-144,Tà Hừa,2024-12-19T22:00:00.000,0.0,0.0
-144,Tà Hừa,2024-12-19T23:00:00.000,0.0,0.0
-144,Tà Hừa,2024-12-20T00:00:00.000,0.0,0.0
-144,Tà Hừa,2024-12-20T01:00:00.000,0.0,0.0
-144,Tà Hừa,2024-12-20T02:00:00.000,0.0,0.0
-144,Tà Hừa,2024-12-20T03:00:00.000,0.0,0.0
-144,Tà Hừa,2024-12-20T04:00:00.000,0.0,0.0
-144,Tà Hừa,2024-12-20T05:00:00.000,0.0,0.0
-144,Tà Hừa,2024-12-20T06:00:00.000,0.0,0.0
-144,Tà Hừa,2024-12-20T07:00:00.000,0.0,0.0
-144,Tà Hừa,2024-12-20T08:00:00.000,0.0,0.0
-144,Tà Hừa,2024-12-20T09:00:00.000,0.0,0.0
-144,Tà Hừa,2024-12-20T10:00:00.000,0.0,0.0
-144,Tà Hừa,2024-12-20T11:00:00.000,0.0,0.0
-144,Tà Hừa,2024-12-20T12:00:00.000,0.0,0.0
-144,Tà Hừa,2024-12-20T13:00:00.000,0.0,0.0
-144,Tà Hừa,2024-12-20T14:00:00.000,0.0,0.0
-144,Tà Hừa,2024-12-20T15:00:00.000,0.0,0.0
-144,Tà Hừa,2024-12-20T16:00:00.000,0.0,0.0
-144,Tà Hừa,2024-12-20T17:00:00.000,0.0,0.0
-144,Tà Hừa,2024-12-20T18:00:00.000,0.0,0.0
-144,Tà Hừa,2024-12-20T19:00:00.000,0.0,0.0
-144,Tà Hừa,2024-12-20T20:00:00.000,0.0,0.0
-144,Tà Hừa,2024-12-20T21:00:00.000,0.0,0.0
-144,Tà Hừa,2024-12-20T22:00:00.000,0.0,0.0
-144,Tà Hừa,2024-12-20T23:00:00.000,0.0,0.0
-144,Tà Hừa,2024-12-21T00:00:00.000,0.0,0.0
-144,Tà Hừa,2024-12-21T01:00:00.000,0.0,0.0
-144,Tà Hừa,2024-12-21T02:00:00.000,0.0,0.0
-144,Tà Hừa,2024-12-21T03:00:00.000,0.0,0.0
-144,Tà Hừa,2024-12-21T04:00:00.000,0.0,0.0
-144,Tà Hừa,2024-12-21T05:00:00.000,0.0,0.0
-144,Tà Hừa,2024-12-21T06:00:00.000,0.0,0.0
-144,Tà Hừa,2024-12-21T07:00:00.000,0.0,0.0
-144,Tà Hừa,2024-12-21T08:00:00.000,0.0,0.0
-144,Tà Hừa,2024-12-21T09:00:00.000,0.0,0.0
-144,Tà Hừa,2024-12-21T10:00:00.000,0.0,0.0
-144,Tà Hừa,2024-12-21T11:00:00.000,0.0,0.0
-144,Tà Hừa,2024-12-21T12:00:00.000,0.0,0.0
-144,Tà Hừa,2024-12-21T13:00:00.000,0.0,0.0
-144,Tà Hừa,2024-12-21T14:00:00.000,0.0,0.0
-144,Tà Hừa,2024-12-21T15:00:00.000,0.0,0.0
-144,Tà Hừa,2024-12-21T16:00:00.000,0.0,0.0
-144,Tà Hừa,2024-12-21T17:00:00.000,0.0,0.0
-144,Tà Hừa,2024-12-21T18:00:00.000,0.0,0.0
-144,Tà Hừa,2024-12-21T19:00:00.000,0.0,0.0
-144,Tà Hừa,2024-12-21T20:00:00.000,0.0,0.0
-144,Tà Hừa,2024-12-21T21:00:00.000,0.0,0.0
-144,Tà Hừa,2024-12-21T22:00:00.000,0.0,0.0
-144,Tà Hừa,2024-12-21T23:00:00.000,0.0,0.0
-144,Tà Hừa,2024-12-22T00:00:00.000,0.0,0.0
-144,Tà Hừa,2024-12-22T01:00:00.000,0.0,0.0
-144,Tà Hừa,2024-12-22T02:00:00.000,0.0,0.0
-144,Tà Hừa,2024-12-22T03:00:00.000,0.0,0.0
-144,Tà Hừa,2024-12-22T04:00:00.000,0.0,0.0
-144,Tà Hừa,2024-12-22T05:00:00.000,0.0,0.0
-144,Tà Hừa,2024-12-22T06:00:00.000,0.0,0.0
-144,Tà Hừa,2024-12-22T07:00:00.000,0.0,0.0
-144,Tà Hừa,2024-12-22T08:00:00.000,0.0,0.0
-144,Tà Hừa,2024-12-22T09:00:00.000,0.0,0.0
-144,Tà Hừa,2024-12-22T10:00:00.000,0.0,0.0
-144,Tà Hừa,2024-12-22T11:00:00.000,0.0,0.0
-144,Tà Hừa,2024-12-22T12:00:00.000,0.0,0.0
-144,Tà Hừa,2024-12-22T13:00:00.000,0.0,0.0
-144,Tà Hừa,2024-12-22T14:00:00.000,0.0,0.0
-144,Tà Hừa,2024-12-22T15:00:00.000,0.0,0.0
-144,Tà Hừa,2024-12-22T16:00:00.000,0.0,0.0
-144,Tà Hừa,2024-12-22T17:00:00.000,0.0,0.0
-144,Tà Hừa,2024-12-22T18:00:00.000,0.0,0.0
-144,Tà Hừa,2024-12-22T19:00:00.000,0.0,0.0
-144,Tà Hừa,2024-12-22T20:00:00.000,0.0,0.0
-144,Tà Hừa,2024-12-22T21:00:00.000,0.0,0.0
-144,Tà Hừa,2024-12-22T22:00:00.000,0.0,0.0
-144,Tà Hừa,2024-12-22T23:00:00.000,0.0,0.0
-144,Tà Hừa,2024-12-23T00:00:00.000,0.0,0.0
-144,Tà Hừa,2024-12-23T01:00:00.000,0.0,0.0
-144,Tà Hừa,2024-12-23T02:00:00.000,0.0,0.0
-144,Tà Hừa,2024-12-23T03:00:00.000,0.0,0.0
-144,Tà Hừa,2024-12-23T04:00:00.000,0.0,0.0
-144,Tà Hừa,2024-12-23T05:00:00.000,0.0,0.0
-144,Tà Hừa,2024-12-23T06:00:00.000,0.0,0.0
-144,Tà Hừa,2024-12-23T07:00:00.000,0.0,0.0
-144,Tà Hừa,2024-12-23T08:00:00.000,0.0,0.0
-144,Tà Hừa,2024-12-23T09:00:00.000,0.0,0.0
-144,Tà Hừa,2024-12-23T10:00:00.000,0.0,0.0
-144,Tà Hừa,2024-12-23T11:00:00.000,0.0,0.0
-144,Tà Hừa,2024-12-23T12:00:00.000,0.0,0.0
-144,Tà Hừa,2024-12-23T13:00:00.000,0.0,0.0
-144,Tà Hừa,2024-12-23T14:00:00.000,0.0,0.0
-144,Tà Hừa,2024-12-23T15:00:00.000,0.0,0.0
-144,Tà Hừa,2024-12-23T16:00:00.000,0.0,0.0
-144,Tà Hừa,2024-12-23T17:00:00.000,0.0,0.0
-144,Tà Hừa,2024-12-23T18:00:00.000,0.0,0.0
-144,Tà Hừa,2024-12-23T19:00:00.000,0.0,0.0
-144,Tà Hừa,2024-12-23T20:00:00.000,0.0,0.0
-144,Tà Hừa,2024-12-23T21:00:00.000,0.0,0.0
-144,Tà Hừa,2024-12-23T22:00:00.000,0.0,0.0
-144,Tà Hừa,2024-12-23T23:00:00.000,0.0,0.0
-144,Tà Hừa,2024-12-24T00:00:00.000,0.0,0.0
-144,Tà Hừa,2024-12-24T01:00:00.000,0.0,0.0
-144,Tà Hừa,2024-12-24T02:00:00.000,0.0,0.0
-144,Tà Hừa,2024-12-24T03:00:00.000,0.0,0.0
-144,Tà Hừa,2024-12-24T04:00:00.000,0.0,0.0
-144,Tà Hừa,2024-12-24T05:00:00.000,0.0,0.0
-144,Tà Hừa,2024-12-24T06:00:00.000,0.0,0.0
-144,Tà Hừa,2024-12-24T07:00:00.000,0.0,0.0
-144,Tà Hừa,2024-12-24T08:00:00.000,0.0,0.0
-144,Tà Hừa,2024-12-24T09:00:00.000,0.0,0.0
-144,Tà Hừa,2024-12-24T10:00:00.000,0.0,0.0
-144,Tà Hừa,2024-12-24T11:00:00.000,0.0,0.0
-144,Tà Hừa,2024-12-24T12:00:00.000,0.0,0.0
-144,Tà Hừa,2024-12-24T13:00:00.000,0.0,0.0
-144,Tà Hừa,2024-12-24T14:00:00.000,0.0,0.0
-144,Tà Hừa,2024-12-24T15:00:00.000,0.0,0.0
-144,Tà Hừa,2024-12-24T16:00:00.000,0.0,0.0
-144,Tà Hừa,2024-12-24T17:00:00.000,0.0,0.0
-144,Tà Hừa,2024-12-24T18:00:00.000,0.0,0.0
-144,Tà Hừa,2024-12-24T19:00:00.000,0.0,0.0
-144,Tà Hừa,2024-12-24T20:00:00.000,0.0,0.0
-144,Tà Hừa,2024-12-24T21:00:00.000,0.0,0.0
-144,Tà Hừa,2024-12-24T22:00:00.000,0.0,0.0
-144,Tà Hừa,2024-12-24T23:00:00.000,0.0,0.0
-144,Tà Hừa,2024-12-25T00:00:00.000,0.0,0.0
-144,Tà Hừa,2024-12-25T01:00:00.000,0.0,0.0
-144,Tà Hừa,2024-12-25T02:00:00.000,0.0,0.0
-144,Tà Hừa,2024-12-25T03:00:00.000,0.0,0.0
-144,Tà Hừa,2024-12-25T04:00:00.000,0.0,0.0
-144,Tà Hừa,2024-12-25T05:00:00.000,0.0,0.0
-144,Tà Hừa,2024-12-25T06:00:00.000,0.0,0.0
-144,Tà Hừa,2024-12-25T07:00:00.000,0.0,0.0
-144,Tà Hừa,2024-12-25T08:00:00.000,0.0,0.0
-144,Tà Hừa,2024-12-25T09:00:00.000,0.0,0.0
-144,Tà Hừa,2024-12-25T10:00:00.000,0.0,0.0
-144,Tà Hừa,2024-12-25T11:00:00.000,0.0,0.0
-144,Tà Hừa,2024-12-25T12:00:00.000,0.0,0.0
-144,Tà Hừa,2024-12-25T13:00:00.000,0.0,0.0
-144,Tà Hừa,2024-12-25T14:00:00.000,0.0,0.0
-144,Tà Hừa,2024-12-25T15:00:00.000,0.0,0.0
-144,Tà Hừa,2024-12-25T16:00:00.000,0.0,0.0
-144,Tà Hừa,2024-12-25T17:00:00.000,0.0,0.0
-144,Tà Hừa,2024-12-25T18:00:00.000,0.0,0.0
-144,Tà Hừa,2024-12-25T19:00:00.000,0.0,0.0
-144,Tà Hừa,2024-12-25T20:00:00.000,0.0,0.0
-144,Tà Hừa,2024-12-25T21:00:00.000,0.0,0.0
-144,Tà Hừa,2024-12-25T22:00:00.000,0.0,0.0
-144,Tà Hừa,2024-12-25T23:00:00.000,0.0,0.0
-144,Tà Hừa,2024-12-26T00:00:00.000,0.0,0.0
-144,Tà Hừa,2024-12-26T01:00:00.000,0.0,0.0
-144,Tà Hừa,2024-12-26T02:00:00.000,0.0,0.0
-144,Tà Hừa,2024-12-26T03:00:00.000,0.0,0.0
-144,Tà Hừa,2024-12-26T04:00:00.000,0.0,0.0
-144,Tà Hừa,2024-12-26T05:00:00.000,0.0,0.0
-144,Tà Hừa,2024-12-26T06:00:00.000,0.0,0.0
-144,Tà Hừa,2024-12-26T07:00:00.000,0.0,0.0
-144,Tà Hừa,2024-12-26T08:00:00.000,0.0,0.0
-144,Tà Hừa,2024-12-26T09:00:00.000,0.0,0.0
-144,Tà Hừa,2024-12-26T10:00:00.000,0.0,0.0
-144,Tà Hừa,2024-12-26T11:00:00.000,0.0,0.0
-144,Tà Hừa,2024-12-26T12:00:00.000,0.0,0.0
-144,Tà Hừa,2024-12-26T13:00:00.000,0.0,0.0
-144,Tà Hừa,2024-12-26T14:00:00.000,0.0,0.0
-144,Tà Hừa,2024-12-26T15:00:00.000,0.0,0.0
-144,Tà Hừa,2024-12-26T16:00:00.000,0.0,0.0
-144,Tà Hừa,2024-12-26T17:00:00.000,0.0,0.0
-144,Tà Hừa,2024-12-26T18:00:00.000,0.0,0.0
-144,Tà Hừa,2024-12-26T19:00:00.000,0.0,0.0
-144,Tà Hừa,2024-12-26T20:00:00.000,0.0,0.0
-144,Tà Hừa,2024-12-26T21:00:00.000,0.0,0.0
-144,Tà Hừa,2024-12-26T22:00:00.000,0.0,0.0
-144,Tà Hừa,2024-12-26T23:00:00.000,0.0,0.0
-144,Tà Hừa,2024-12-27T00:00:00.000,0.0,0.0
-144,Tà Hừa,2024-12-27T01:00:00.000,0.0,0.0
-144,Tà Hừa,2024-12-27T02:00:00.000,0.0,0.0
-144,Tà Hừa,2024-12-27T03:00:00.000,0.0,0.0
-144,Tà Hừa,2024-12-27T04:00:00.000,0.0,0.0
-144,Tà Hừa,2024-12-27T05:00:00.000,0.0,0.0
-144,Tà Hừa,2024-12-27T06:00:00.000,0.0,0.0
-144,Tà Hừa,2024-12-27T07:00:00.000,0.0,0.0
-144,Tà Hừa,2024-12-27T08:00:00.000,0.0,0.0
-144,Tà Hừa,2024-12-27T09:00:00.000,0.0,0.0
-144,Tà Hừa,2024-12-27T10:00:00.000,0.0,0.0
-144,Tà Hừa,2024-12-27T11:00:00.000,0.0,0.0
-144,Tà Hừa,2024-12-27T12:00:00.000,0.0,0.0
-144,Tà Hừa,2024-12-27T13:00:00.000,0.0,0.0
-144,Tà Hừa,2024-12-27T14:00:00.000,0.0,0.0
-144,Tà Hừa,2024-12-27T15:00:00.000,0.0,0.0
-144,Tà Hừa,2024-12-27T16:00:00.000,0.0,0.0
-144,Tà Hừa,2024-12-27T17:00:00.000,0.0,0.0
-144,Tà Hừa,2024-12-27T18:00:00.000,0.0,0.0
-144,Tà Hừa,2024-12-27T19:00:00.000,0.0,0.0
-144,Tà Hừa,2024-12-27T20:00:00.000,0.0,0.0
-144,Tà Hừa,2024-12-27T21:00:00.000,0.0,0.0
-144,Tà Hừa,2024-12-27T22:00:00.000,0.0,0.0
-144,Tà Hừa,2024-12-27T23:00:00.000,0.0,0.0
-144,Tà Hừa,2024-12-28T00:00:00.000,0.0,0.0
-144,Tà Hừa,2024-12-28T01:00:00.000,0.0,0.0
-144,Tà Hừa,2024-12-28T02:00:00.000,0.0,0.0
-144,Tà Hừa,2024-12-28T03:00:00.000,0.0,0.0
-144,Tà Hừa,2024-12-28T04:00:00.000,0.0,0.0
-144,Tà Hừa,2024-12-28T05:00:00.000,0.0,0.0
-144,Tà Hừa,2024-12-28T06:00:00.000,0.0,0.0
-144,Tà Hừa,2024-12-28T07:00:00.000,0.0,0.0
-144,Tà Hừa,2024-12-28T08:00:00.000,0.0,0.0
-144,Tà Hừa,2024-12-28T09:00:00.000,0.0,0.0
-144,Tà Hừa,2024-12-28T10:00:00.000,0.0,0.0
-144,Tà Hừa,2024-12-28T11:00:00.000,0.0,0.0
-144,Tà Hừa,2024-12-28T12:00:00.000,0.0,0.0
-144,Tà Hừa,2024-12-28T13:00:00.000,0.0,0.0
-144,Tà Hừa,2024-12-28T14:00:00.000,0.0,0.0
-144,Tà Hừa,2024-12-28T15:00:00.000,0.0,0.0
-144,Tà Hừa,2024-12-28T16:00:00.000,0.0,0.0
-144,Tà Hừa,2024-12-28T17:00:00.000,0.0,0.0
-144,Tà Hừa,2024-12-28T18:00:00.000,0.0,0.0
-144,Tà Hừa,2024-12-28T19:00:00.000,0.0,0.0
-144,Tà Hừa,2024-12-28T20:00:00.000,0.0,0.0
-144,Tà Hừa,2024-12-28T21:00:00.000,0.0,0.0
-144,Tà Hừa,2024-12-28T22:00:00.000,0.0,0.0
-144,Tà Hừa,2024-12-28T23:00:00.000,0.0,0.0
-144,Tà Hừa,2024-12-29T00:00:00.000,0.0,0.0
-144,Tà Hừa,2024-12-29T01:00:00.000,0.0,0.0
-144,Tà Hừa,2024-12-29T02:00:00.000,0.0,0.0
-144,Tà Hừa,2024-12-29T03:00:00.000,0.0,0.0
-144,Tà Hừa,2024-12-29T04:00:00.000,0.0,0.0
-144,Tà Hừa,2024-12-29T05:00:00.000,0.0,0.0
-144,Tà Hừa,2024-12-29T06:00:00.000,0.0,0.0
-144,Tà Hừa,2024-12-29T07:00:00.000,0.0,0.0
-144,Tà Hừa,2024-12-29T08:00:00.000,0.0,0.0
-144,Tà Hừa,2024-12-29T09:00:00.000,0.0,0.0
-144,Tà Hừa,2024-12-29T10:00:00.000,0.0,0.0
-144,Tà Hừa,2024-12-29T11:00:00.000,0.0,0.0
-144,Tà Hừa,2024-12-29T12:00:00.000,0.0,0.0
-144,Tà Hừa,2024-12-29T13:00:00.000,0.0,0.0
-144,Tà Hừa,2024-12-29T14:00:00.000,0.0,0.0
-144,Tà Hừa,2024-12-29T15:00:00.000,0.0,0.0
-144,Tà Hừa,2024-12-29T16:00:00.000,0.0,0.0
-144,Tà Hừa,2024-12-29T17:00:00.000,0.0,0.0
-144,Tà Hừa,2024-12-29T18:00:00.000,0.0,0.0
-144,Tà Hừa,2024-12-29T19:00:00.000,0.0,0.0
-144,Tà Hừa,2024-12-29T20:00:00.000,0.0,0.0
-144,Tà Hừa,2024-12-29T21:00:00.000,0.0,0.0
-144,Tà Hừa,2024-12-29T22:00:00.000,0.0,0.0
-144,Tà Hừa,2024-12-29T23:00:00.000,0.0,0.0
-144,Tà Hừa,2024-12-30T00:00:00.000,0.0,0.0
-144,Tà Hừa,2024-12-30T01:00:00.000,0.0,0.0
-144,Tà Hừa,2024-12-30T02:00:00.000,0.0,0.0
-144,Tà Hừa,2024-12-30T03:00:00.000,0.0,0.0
-144,Tà Hừa,2024-12-30T04:00:00.000,0.0,0.0
-144,Tà Hừa,2024-12-30T05:00:00.000,0.0,0.0
-144,Tà Hừa,2024-12-30T06:00:00.000,0.0,0.0
-144,Tà Hừa,2024-12-30T07:00:00.000,0.0,0.0
-144,Tà Hừa,2024-12-30T08:00:00.000,0.0,0.0
-144,Tà Hừa,2024-12-30T09:00:00.000,0.0,0.0
-144,Tà Hừa,2024-12-30T10:00:00.000,0.0,0.0
-144,Tà Hừa,2024-12-30T11:00:00.000,0.0,0.0
-144,Tà Hừa,2024-12-30T12:00:00.000,0.0,0.0
-144,Tà Hừa,2024-12-30T13:00:00.000,0.0,0.0
-144,Tà Hừa,2024-12-30T14:00:00.000,0.0,0.0
-144,Tà Hừa,2024-12-30T15:00:00.000,0.0,0.0
-144,Tà Hừa,2024-12-30T16:00:00.000,0.0,0.0
-144,Tà Hừa,2024-12-30T17:00:00.000,0.0,0.0
-144,Tà Hừa,2024-12-30T18:00:00.000,0.0,0.0
-144,Tà Hừa,2024-12-30T19:00:00.000,0.0,0.0
-144,Tà Hừa,2024-12-30T20:00:00.000,0.0,0.0
-144,Tà Hừa,2024-12-30T21:00:00.000,0.0,0.0
-144,Tà Hừa,2024-12-30T22:00:00.000,0.0,0.0
-144,Tà Hừa,2024-12-30T23:00:00.000,0.0,0.0
-144,Tà Hừa,2024-12-31T00:00:00.000,0.0,0.0
-144,Tà Hừa,2024-12-31T01:00:00.000,0.0,0.0
-144,Tà Hừa,2024-12-31T02:00:00.000,0.0,0.0
-144,Tà Hừa,2024-12-31T03:00:00.000,0.0,0.0
-144,Tà Hừa,2024-12-31T04:00:00.000,0.0,0.0
-144,Tà Hừa,2024-12-31T05:00:00.000,0.0,0.0
-144,Tà Hừa,2024-12-31T06:00:00.000,0.0,0.0
-144,Tà Hừa,2024-12-31T07:00:00.000,0.0,0.0
-144,Tà Hừa,2024-12-31T08:00:00.000,0.0,0.0
-144,Tà Hừa,2024-12-31T09:00:00.000,0.0,0.0
-144,Tà Hừa,2024-12-31T10:00:00.000,0.0,0.0
-144,Tà Hừa,2024-12-31T11:00:00.000,0.0,0.0
-144,Tà Hừa,2024-12-31T12:00:00.000,0.0,0.0
-144,Tà Hừa,2024-12-31T13:00:00.000,0.0,0.0
-144,Tà Hừa,2024-12-31T14:00:00.000,0.0,0.0
-144,Tà Hừa,2024-12-31T15:00:00.000,0.0,0.0
-144,Tà Hừa,2024-12-31T16:00:00.000,0.0,0.0
-144,Tà Hừa,2024-12-31T17:00:00.000,0.0,0.0
-144,Tà Hừa,2024-12-31T18:00:00.000,0.0,0.0
-144,Tà Hừa,2024-12-31T19:00:00.000,0.0,0.0
-144,Tà Hừa,2024-12-31T20:00:00.000,0.0,0.0
-144,Tà Hừa,2024-12-31T21:00:00.000,0.0,0.0
-144,Tà Hừa,2024-12-31T22:00:00.000,0.0,0.0
-144,Tà Hừa,2024-12-31T23:00:00.000,0.0,0.0
-144,Tà Hừa,2025-01-01T00:00:00.000,0.0,0.0
-144,Tà Hừa,2025-01-01T01:00:00.000,0.0,0.0
-144,Tà Hừa,2025-01-01T02:00:00.000,0.0,0.0
-144,Tà Hừa,2025-01-01T03:00:00.000,0.0,0.0
-144,Tà Hừa,2025-01-01T04:00:00.000,0.0,0.0
-144,Tà Hừa,2025-01-01T05:00:00.000,0.0,0.0
-144,Tà Hừa,2025-01-01T06:00:00.000,0.0,0.0
-144,Tà Hừa,2025-01-01T07:00:00.000,0.0,0.0
-144,Tà Hừa,2025-01-01T08:00:00.000,0.0,0.0
-144,Tà Hừa,2025-01-01T09:00:00.000,0.0,0.0
-144,Tà Hừa,2025-01-01T10:00:00.000,0.0,0.0
-144,Tà Hừa,2025-01-01T11:00:00.000,0.0,0.0
-144,Tà Hừa,2025-01-01T12:00:00.000,0.0,0.0
-144,Tà Hừa,2025-01-01T13:00:00.000,0.0,0.0
-144,Tà Hừa,2025-01-01T14:00:00.000,0.0,0.0
-144,Tà Hừa,2025-01-01T15:00:00.000,0.0,0.0
-144,Tà Hừa,2025-01-01T16:00:00.000,0.0,0.0
-144,Tà Hừa,2025-01-01T17:00:00.000,0.0,0.0
-144,Tà Hừa,2025-01-01T18:00:00.000,0.0,0.0
-144,Tà Hừa,2025-01-01T19:00:00.000,0.0,0.0
-144,Tà Hừa,2025-01-01T20:00:00.000,0.0,0.0
-144,Tà Hừa,2025-01-01T21:00:00.000,0.0,0.0
-144,Tà Hừa,2025-01-01T22:00:00.000,0.0,0.0
-144,Tà Hừa,2025-01-01T23:00:00.000,0.0,0.0
-144,Tà Hừa,2025-01-02T00:00:00.000,0.0,0.0
-144,Tà Hừa,2025-01-02T01:00:00.000,0.0,0.0
-144,Tà Hừa,2025-01-02T02:00:00.000,0.0,0.0
-144,Tà Hừa,2025-01-02T03:00:00.000,0.0,0.0
-144,Tà Hừa,2025-01-02T04:00:00.000,0.0,0.0
-144,Tà Hừa,2025-01-02T05:00:00.000,0.0,0.0
-144,Tà Hừa,2025-01-02T06:00:00.000,0.0,0.0
-144,Tà Hừa,2025-01-02T07:00:00.000,0.0,0.0
-144,Tà Hừa,2025-01-02T08:00:00.000,0.0,0.0
-144,Tà Hừa,2025-01-02T09:00:00.000,0.0,0.0
-144,Tà Hừa,2025-01-02T10:00:00.000,0.0,0.0
-144,Tà Hừa,2025-01-02T11:00:00.000,0.0,0.0
-144,Tà Hừa,2025-01-02T12:00:00.000,0.0,0.0
-144,Tà Hừa,2025-01-02T13:00:00.000,0.0,0.0
-144,Tà Hừa,2025-01-02T14:00:00.000,0.0,0.0
-144,Tà Hừa,2025-01-02T15:00:00.000,0.0,0.0
-144,Tà Hừa,2025-01-02T16:00:00.000,0.0,0.0
-144,Tà Hừa,2025-01-02T17:00:00.000,0.0,0.0
-144,Tà Hừa,2025-01-02T18:00:00.000,0.0,0.0
-144,Tà Hừa,2025-01-02T19:00:00.000,0.0,0.0
-144,Tà Hừa,2025-01-02T20:00:00.000,0.0,0.0
-144,Tà Hừa,2025-01-02T21:00:00.000,0.0,0.0
-144,Tà Hừa,2025-01-02T22:00:00.000,0.0,0.0
-144,Tà Hừa,2025-01-02T23:00:00.000,0.0,0.0
-144,Tà Hừa,2025-01-03T00:00:00.000,0.0,0.0
-144,Tà Hừa,2025-01-03T01:00:00.000,0.0,0.0
-144,Tà Hừa,2025-01-03T02:00:00.000,0.0,0.0
-144,Tà Hừa,2025-01-03T03:00:00.000,0.0,0.0
-144,Tà Hừa,2025-01-03T04:00:00.000,0.0,0.0
-144,Tà Hừa,2025-01-03T05:00:00.000,0.0,0.0
-144,Tà Hừa,2025-01-03T06:00:00.000,0.0,0.0
-144,Tà Hừa,2025-01-03T07:00:00.000,0.0,0.0
-144,Tà Hừa,2025-01-03T08:00:00.000,0.0,0.0
-144,Tà Hừa,2025-01-03T09:00:00.000,0.0,0.0
-144,Tà Hừa,2025-01-03T10:00:00.000,0.0,0.0
-144,Tà Hừa,2025-01-03T11:00:00.000,0.0,0.0
-144,Tà Hừa,2025-01-03T12:00:00.000,0.0,0.0
-144,Tà Hừa,2025-01-03T13:00:00.000,0.0,0.0
-144,Tà Hừa,2025-01-03T14:00:00.000,0.0,0.0
-144,Tà Hừa,2025-01-03T15:00:00.000,0.0,0.0
-144,Tà Hừa,2025-01-03T16:00:00.000,0.0,0.0
-144,Tà Hừa,2025-01-03T17:00:00.000,0.0,0.0
-144,Tà Hừa,2025-01-03T18:00:00.000,0.0,0.0
-144,Tà Hừa,2025-01-03T19:00:00.000,0.0,0.0
-144,Tà Hừa,2025-01-03T20:00:00.000,0.0,0.0
-144,Tà Hừa,2025-01-03T21:00:00.000,0.0,0.0
-144,Tà Hừa,2025-01-03T22:00:00.000,0.0,0.0
-144,Tà Hừa,2025-01-03T23:00:00.000,0.0,0.0
-144,Tà Hừa,2025-01-04T00:00:00.000,0.0,0.0
-144,Tà Hừa,2025-01-04T01:00:00.000,0.0,0.0
-144,Tà Hừa,2025-01-04T02:00:00.000,0.0,0.0
-144,Tà Hừa,2025-01-04T03:00:00.000,0.0,0.0
-144,Tà Hừa,2025-01-04T04:00:00.000,0.0,0.0
-144,Tà Hừa,2025-01-04T05:00:00.000,0.0,0.0
-144,Tà Hừa,2025-01-04T06:00:00.000,0.0,0.0
-144,Tà Hừa,2025-01-04T07:00:00.000,0.0,0.0
-144,Tà Hừa,2025-01-04T08:00:00.000,0.0,0.0
-144,Tà Hừa,2025-01-04T09:00:00.000,0.0,0.0
-144,Tà Hừa,2025-01-04T10:00:00.000,0.0,0.0
-144,Tà Hừa,2025-01-04T11:00:00.000,0.0,0.0
-144,Tà Hừa,2025-01-04T12:00:00.000,0.0,0.0
-144,Tà Hừa,2025-01-04T13:00:00.000,0.0,0.0
-144,Tà Hừa,2025-01-04T14:00:00.000,0.0,0.0
-144,Tà Hừa,2025-01-04T15:00:00.000,0.0,0.0
-144,Tà Hừa,2025-01-04T16:00:00.000,0.0,0.0
-144,Tà Hừa,2025-01-04T17:00:00.000,0.0,0.0
-144,Tà Hừa,2025-01-04T18:00:00.000,0.0,0.0
-144,Tà Hừa,2025-01-04T19:00:00.000,0.0,0.0
-144,Tà Hừa,2025-01-04T20:00:00.000,0.0,0.0
-144,Tà Hừa,2025-01-04T21:00:00.000,0.0,0.0
-144,Tà Hừa,2025-01-04T22:00:00.000,0.0,0.0
-144,Tà Hừa,2025-01-04T23:00:00.000,0.0,0.0
-144,Tà Hừa,2025-01-05T00:00:00.000,0.0,0.0
-144,Tà Hừa,2025-01-05T01:00:00.000,0.0,0.0
-144,Tà Hừa,2025-01-05T02:00:00.000,0.0,0.0
-144,Tà Hừa,2025-01-05T03:00:00.000,0.0,0.0
-144,Tà Hừa,2025-01-05T04:00:00.000,0.0,0.0
-144,Tà Hừa,2025-01-05T05:00:00.000,0.0,0.0
-144,Tà Hừa,2025-01-05T06:00:00.000,0.0,0.0
-144,Tà Hừa,2025-01-05T07:00:00.000,0.0,0.0
-144,Tà Hừa,2025-01-05T08:00:00.000,0.0,0.0
-144,Tà Hừa,2025-01-05T09:00:00.000,0.0,0.0
-144,Tà Hừa,2025-01-05T10:00:00.000,0.0,0.0
-144,Tà Hừa,2025-01-05T11:00:00.000,0.0,0.0
-144,Tà Hừa,2025-01-05T12:00:00.000,0.0,0.0
-144,Tà Hừa,2025-01-05T13:00:00.000,0.0,0.0
-144,Tà Hừa,2025-01-05T14:00:00.000,0.0,0.0
-144,Tà Hừa,2025-01-05T15:00:00.000,0.0,0.0
-144,Tà Hừa,2025-01-05T16:00:00.000,0.0,0.0
-144,Tà Hừa,2025-01-05T17:00:00.000,0.0,0.0
-144,Tà Hừa,2025-01-05T18:00:00.000,0.0,0.0
-144,Tà Hừa,2025-01-05T19:00:00.000,0.0,0.0
-144,Tà Hừa,2025-01-05T20:00:00.000,0.0,0.0
-144,Tà Hừa,2025-01-05T21:00:00.000,0.0,0.0
-144,Tà Hừa,2025-01-05T22:00:00.000,0.0,0.0
-144,Tà Hừa,2025-01-05T23:00:00.000,0.0,0.0
-144,Tà Hừa,2025-01-06T00:00:00.000,0.0,0.0
-144,Tà Hừa,2025-01-06T01:00:00.000,0.0,0.0
-144,Tà Hừa,2025-01-06T02:00:00.000,0.0,0.0
-144,Tà Hừa,2025-01-06T03:00:00.000,0.0,0.0
-144,Tà Hừa,2025-01-06T04:00:00.000,0.0,0.0
-144,Tà Hừa,2025-01-06T05:00:00.000,0.0,0.0
-144,Tà Hừa,2025-01-06T06:00:00.000,0.0,0.0
-144,Tà Hừa,2025-01-06T07:00:00.000,0.0,0.0
-144,Tà Hừa,2025-01-06T08:00:00.000,0.0,0.0
-144,Tà Hừa,2025-01-06T09:00:00.000,0.0,0.0
-144,Tà Hừa,2025-01-06T10:00:00.000,0.0,0.0
-144,Tà Hừa,2025-01-06T11:00:00.000,0.0,0.0
-144,Tà Hừa,2025-01-06T12:00:00.000,0.0,0.0
-144,Tà Hừa,2025-01-06T13:00:00.000,0.0,0.0
-144,Tà Hừa,2025-01-06T14:00:00.000,0.0,0.0
-144,Tà Hừa,2025-01-06T15:00:00.000,0.0,0.0
-144,Tà Hừa,2025-01-06T16:00:00.000,0.0,0.0
-144,Tà Hừa,2025-01-06T17:00:00.000,0.0,0.0
-144,Tà Hừa,2025-01-06T18:00:00.000,0.0,0.0
-144,Tà Hừa,2025-01-06T19:00:00.000,0.0,0.0
-144,Tà Hừa,2025-01-06T20:00:00.000,0.0,0.0
-144,Tà Hừa,2025-01-06T21:00:00.000,0.0,0.0
-144,Tà Hừa,2025-01-06T22:00:00.000,0.0,0.0
-144,Tà Hừa,2025-01-06T23:00:00.000,0.0,0.0
-144,Tà Hừa,2025-01-07T00:00:00.000,0.0,0.0
-144,Tà Hừa,2025-01-07T01:00:00.000,0.0,0.0
-144,Tà Hừa,2025-01-07T02:00:00.000,0.0,0.0
-144,Tà Hừa,2025-01-07T03:00:00.000,0.0,0.0
-144,Tà Hừa,2025-01-07T04:00:00.000,0.0,0.0
-144,Tà Hừa,2025-01-07T05:00:00.000,0.0,0.0
-144,Tà Hừa,2025-01-07T06:00:00.000,0.0,0.0
-144,Tà Hừa,2025-01-07T07:00:00.000,0.0,0.0
-144,Tà Hừa,2025-01-07T08:00:00.000,0.0,0.0
-144,Tà Hừa,2025-01-07T09:00:00.000,0.0,0.0
-144,Tà Hừa,2025-01-07T10:00:00.000,0.0,0.0
-144,Tà Hừa,2025-01-07T11:00:00.000,0.0,0.0
-144,Tà Hừa,2025-01-07T12:00:00.000,0.0,0.0
-144,Tà Hừa,2025-01-07T13:00:00.000,0.0,0.0
-144,Tà Hừa,2025-01-07T14:00:00.000,0.0,0.0
-144,Tà Hừa,2025-01-07T15:00:00.000,0.0,0.0
-144,Tà Hừa,2025-01-07T16:00:00.000,0.0,0.0
-144,Tà Hừa,2025-01-07T17:00:00.000,0.0,0.0
-144,Tà Hừa,2025-01-07T18:00:00.000,0.0,0.0
-144,Tà Hừa,2025-01-07T19:00:00.000,0.0,0.0
-144,Tà Hừa,2025-01-07T20:00:00.000,0.0,0.0
-144,Tà Hừa,2025-01-07T21:00:00.000,0.0,0.0
-144,Tà Hừa,2025-01-07T22:00:00.000,0.0,0.0
-144,Tà Hừa,2025-01-07T23:00:00.000,0.0,0.0
-144,Tà Hừa,2025-01-08T00:00:00.000,0.0,0.0
-144,Tà Hừa,2025-01-08T01:00:00.000,0.0,0.0
-144,Tà Hừa,2025-01-08T02:00:00.000,0.0,0.0
-144,Tà Hừa,2025-01-08T03:00:00.000,0.0,0.0
-144,Tà Hừa,2025-01-08T04:00:00.000,0.0,0.0
-144,Tà Hừa,2025-01-08T05:00:00.000,0.0,0.0
-144,Tà Hừa,2025-01-08T06:00:00.000,0.0,0.0
-144,Tà Hừa,2025-01-08T07:00:00.000,0.0,0.0
-144,Tà Hừa,2025-01-08T08:00:00.000,0.0,0.0
-144,Tà Hừa,2025-01-08T09:00:00.000,0.0,0.0
-144,Tà Hừa,2025-01-08T10:00:00.000,0.0,0.0
-144,Tà Hừa,2025-01-08T11:00:00.000,0.0,0.0
-144,Tà Hừa,2025-01-08T12:00:00.000,0.0,0.0
-144,Tà Hừa,2025-01-08T13:00:00.000,0.0,0.0
-144,Tà Hừa,2025-01-08T14:00:00.000,0.0,0.0
-144,Tà Hừa,2025-01-08T15:00:00.000,0.0,0.0
-144,Tà Hừa,2025-01-08T16:00:00.000,0.0,0.0
-144,Tà Hừa,2025-01-08T17:00:00.000,0.0,0.0
-144,Tà Hừa,2025-01-08T18:00:00.000,0.0,0.0
-144,Tà Hừa,2025-01-08T19:00:00.000,0.0,0.0
-144,Tà Hừa,2025-01-08T20:00:00.000,0.0,0.0
-144,Tà Hừa,2025-01-08T21:00:00.000,0.0,0.0
-144,Tà Hừa,2025-01-08T22:00:00.000,0.0,0.0
-144,Tà Hừa,2025-01-08T23:00:00.000,0.0,0.0
-144,Tà Hừa,2025-01-09T00:00:00.000,0.0,0.0
-144,Tà Hừa,2025-01-09T01:00:00.000,0.0,0.0
-144,Tà Hừa,2025-01-09T02:00:00.000,0.0,0.0
-144,Tà Hừa,2025-01-09T03:00:00.000,0.0,0.0
-144,Tà Hừa,2025-01-09T04:00:00.000,0.0,0.0
-144,Tà Hừa,2025-01-09T05:00:00.000,0.0,0.0
-144,Tà Hừa,2025-01-09T06:00:00.000,0.0,0.0
-144,Tà Hừa,2025-01-09T07:00:00.000,0.0,0.0
-144,Tà Hừa,2025-01-09T08:00:00.000,0.0,0.0
-144,Tà Hừa,2025-01-09T09:00:00.000,0.0,0.0
-144,Tà Hừa,2025-01-09T10:00:00.000,0.0,0.0
-144,Tà Hừa,2025-01-09T11:00:00.000,0.0,0.0
-144,Tà Hừa,2025-01-09T12:00:00.000,0.0,0.0
-144,Tà Hừa,2025-01-09T13:00:00.000,0.0,0.0
-144,Tà Hừa,2025-01-09T14:00:00.000,0.0,0.0
-144,Tà Hừa,2025-01-09T15:00:00.000,0.0,0.0
-144,Tà Hừa,2025-01-09T16:00:00.000,0.0,0.0
-144,Tà Hừa,2025-01-09T17:00:00.000,0.0,0.0
-144,Tà Hừa,2025-01-09T18:00:00.000,0.0,0.0
-144,Tà Hừa,2025-01-09T19:00:00.000,0.0,0.0
-144,Tà Hừa,2025-01-09T20:00:00.000,0.0,0.0
-144,Tà Hừa,2025-01-09T21:00:00.000,0.0,0.0
-144,Tà Hừa,2025-01-09T22:00:00.000,0.0,0.0
-144,Tà Hừa,2025-01-09T23:00:00.000,0.0,0.0
-144,Tà Hừa,2025-01-10T00:00:00.000,0.0,0.0
-144,Tà Hừa,2025-01-10T01:00:00.000,0.0,0.0
-144,Tà Hừa,2025-01-10T02:00:00.000,0.0,0.0
-144,Tà Hừa,2025-01-10T03:00:00.000,0.0,0.0
-144,Tà Hừa,2025-01-10T04:00:00.000,0.0,0.0
-144,Tà Hừa,2025-01-10T05:00:00.000,0.0,0.0
-144,Tà Hừa,2025-01-10T06:00:00.000,0.0,0.0
-144,Tà Hừa,2025-01-10T07:00:00.000,0.0,0.0
-144,Tà Hừa,2025-01-10T08:00:00.000,0.0,0.0
-144,Tà Hừa,2025-01-10T09:00:00.000,0.0,0.0
-144,Tà Hừa,2025-01-10T10:00:00.000,0.0,0.0
-144,Tà Hừa,2025-01-10T11:00:00.000,0.0,0.0
-144,Tà Hừa,2025-01-10T12:00:00.000,0.0,0.0
-144,Tà Hừa,2025-01-10T13:00:00.000,0.0,0.0
-144,Tà Hừa,2025-01-10T14:00:00.000,0.0,0.0
-144,Tà Hừa,2025-01-10T15:00:00.000,0.0,0.0
-144,Tà Hừa,2025-01-10T16:00:00.000,0.0,0.0
-144,Tà Hừa,2025-01-10T17:00:00.000,0.0,0.0
-144,Tà Hừa,2025-01-10T18:00:00.000,0.0,0.0
-144,Tà Hừa,2025-01-10T19:00:00.000,0.0,0.0
-144,Tà Hừa,2025-01-10T20:00:00.000,0.0,0.0
-144,Tà Hừa,2025-01-10T21:00:00.000,0.0,0.0
-144,Tà Hừa,2025-01-10T22:00:00.000,0.0,0.0
-144,Tà Hừa,2025-01-10T23:00:00.000,0.0,0.0
-144,Tà Hừa,2025-01-11T00:00:00.000,0.0,0.0
-144,Tà Hừa,2025-01-11T01:00:00.000,0.0,0.0
-144,Tà Hừa,2025-01-11T02:00:00.000,0.0,0.0
-144,Tà Hừa,2025-01-11T03:00:00.000,0.0,0.0
-144,Tà Hừa,2025-01-11T04:00:00.000,0.0,0.0
-144,Tà Hừa,2025-01-11T05:00:00.000,0.0,0.0
-144,Tà Hừa,2025-01-11T06:00:00.000,0.0,0.0
-144,Tà Hừa,2025-01-11T07:00:00.000,0.0,0.0
-144,Tà Hừa,2025-01-11T08:00:00.000,0.0,0.0
-144,Tà Hừa,2025-01-11T09:00:00.000,0.0,0.0
-144,Tà Hừa,2025-01-11T10:00:00.000,0.0,0.0
-144,Tà Hừa,2025-01-11T11:00:00.000,0.0,0.0
-144,Tà Hừa,2025-01-11T12:00:00.000,0.0,0.0
-144,Tà Hừa,2025-01-11T13:00:00.000,0.0,0.0
-144,Tà Hừa,2025-01-11T14:00:00.000,0.0,0.0
-144,Tà Hừa,2025-01-11T15:00:00.000,0.0,0.0
-144,Tà Hừa,2025-01-11T16:00:00.000,0.0,0.0
-144,Tà Hừa,2025-01-11T17:00:00.000,0.0,0.0
-144,Tà Hừa,2025-01-11T18:00:00.000,0.0,0.0
-144,Tà Hừa,2025-01-11T19:00:00.000,0.0,0.0
-144,Tà Hừa,2025-01-11T20:00:00.000,0.0,0.0
-144,Tà Hừa,2025-01-11T21:00:00.000,0.0,0.0
-144,Tà Hừa,2025-01-11T22:00:00.000,0.0,0.0
-144,Tà Hừa,2025-01-11T23:00:00.000,0.0,0.0
-144,Tà Hừa,2025-01-12T00:00:00.000,0.0,0.0
-144,Tà Hừa,2025-01-12T01:00:00.000,0.0,0.0
-144,Tà Hừa,2025-01-12T02:00:00.000,0.0,0.0
-144,Tà Hừa,2025-01-12T03:00:00.000,0.0,0.0
-144,Tà Hừa,2025-01-12T04:00:00.000,0.0,0.0
-144,Tà Hừa,2025-01-12T05:00:00.000,0.0,0.0
-144,Tà Hừa,2025-01-12T06:00:00.000,0.0,0.0
-144,Tà Hừa,2025-01-12T07:00:00.000,0.0,0.0
-144,Tà Hừa,2025-01-12T08:00:00.000,0.0,0.0
-144,Tà Hừa,2025-01-12T09:00:00.000,0.0,0.0
-144,Tà Hừa,2025-01-12T10:00:00.000,0.0,0.0
-144,Tà Hừa,2025-01-12T11:00:00.000,0.0,0.0
-144,Tà Hừa,2025-01-12T12:00:00.000,0.0,0.0
-144,Tà Hừa,2025-01-12T13:00:00.000,0.0,0.0
-144,Tà Hừa,2025-01-12T14:00:00.000,0.0,0.0
-144,Tà Hừa,2025-01-12T15:00:00.000,0.0,0.0
-144,Tà Hừa,2025-01-12T16:00:00.000,0.0,0.0
-144,Tà Hừa,2025-01-12T17:00:00.000,0.0,0.0
-144,Tà Hừa,2025-01-12T18:00:00.000,0.0,0.0
-144,Tà Hừa,2025-01-12T19:00:00.000,0.0,0.0
-144,Tà Hừa,2025-01-12T20:00:00.000,0.0,0.0
-144,Tà Hừa,2025-01-12T21:00:00.000,0.0,0.0
-144,Tà Hừa,2025-01-12T22:00:00.000,0.0,0.0
-144,Tà Hừa,2025-01-12T23:00:00.000,0.0,0.0
-144,Tà Hừa,2025-01-13T00:00:00.000,0.0,0.0
-144,Tà Hừa,2025-01-13T01:00:00.000,0.0,0.0
-144,Tà Hừa,2025-01-13T02:00:00.000,0.0,0.0
-144,Tà Hừa,2025-01-13T03:00:00.000,0.0,0.0
-144,Tà Hừa,2025-01-13T04:00:00.000,0.0,0.0
-144,Tà Hừa,2025-01-13T05:00:00.000,0.0,0.0
-144,Tà Hừa,2025-01-13T06:00:00.000,0.0,0.0
-144,Tà Hừa,2025-01-13T07:00:00.000,0.0,0.0
-144,Tà Hừa,2025-01-13T08:00:00.000,0.0,0.0
-144,Tà Hừa,2025-01-13T09:00:00.000,0.0,0.0
-144,Tà Hừa,2025-01-13T10:00:00.000,0.0,0.0
-144,Tà Hừa,2025-01-13T11:00:00.000,0.0,0.0
-144,Tà Hừa,2025-01-13T12:00:00.000,0.0,0.0
-144,Tà Hừa,2025-01-13T13:00:00.000,0.0,0.0
-144,Tà Hừa,2025-01-13T14:00:00.000,0.0,0.0
-144,Tà Hừa,2025-01-13T15:00:00.000,0.0,0.0
-144,Tà Hừa,2025-01-13T16:00:00.000,0.0,0.0
-144,Tà Hừa,2025-01-13T17:00:00.000,0.0,0.0
-144,Tà Hừa,2025-01-13T18:00:00.000,0.0,0.0
-144,Tà Hừa,2025-01-13T19:00:00.000,0.0,0.0
-144,Tà Hừa,2025-01-13T20:00:00.000,0.0,0.0
-144,Tà Hừa,2025-01-13T21:00:00.000,0.0,0.0
-144,Tà Hừa,2025-01-13T22:00:00.000,0.0,0.0
-144,Tà Hừa,2025-01-13T23:00:00.000,0.0,0.0
-144,Tà Hừa,2025-01-14T00:00:00.000,0.0,0.0
-144,Tà Hừa,2025-01-14T01:00:00.000,0.0,0.0
-144,Tà Hừa,2025-01-14T02:00:00.000,0.0,0.0
-144,Tà Hừa,2025-01-14T03:00:00.000,0.0,0.0
-144,Tà Hừa,2025-01-14T04:00:00.000,0.0,0.0
-144,Tà Hừa,2025-01-14T05:00:00.000,0.0,0.0
-144,Tà Hừa,2025-01-14T06:00:00.000,0.0,0.0
-144,Tà Hừa,2025-01-14T07:00:00.000,0.0,0.0
-144,Tà Hừa,2025-01-14T08:00:00.000,0.0,0.0
-144,Tà Hừa,2025-01-14T09:00:00.000,0.0,0.0
-144,Tà Hừa,2025-01-14T10:00:00.000,0.0,0.0
-144,Tà Hừa,2025-01-14T11:00:00.000,0.0,0.0
-144,Tà Hừa,2025-01-14T12:00:00.000,0.0,0.0
-144,Tà Hừa,2025-01-14T13:00:00.000,0.0,0.0
-144,Tà Hừa,2025-01-14T14:00:00.000,0.0,0.0
-144,Tà Hừa,2025-01-14T15:00:00.000,0.0,0.0
-144,Tà Hừa,2025-01-14T16:00:00.000,0.0,0.0
-144,Tà Hừa,2025-01-14T17:00:00.000,0.0,0.0
-144,Tà Hừa,2025-01-14T18:00:00.000,0.0,0.0
-144,Tà Hừa,2025-01-14T19:00:00.000,0.0,0.0
-144,Tà Hừa,2025-01-14T20:00:00.000,0.0,0.0
-144,Tà Hừa,2025-01-14T21:00:00.000,0.0,0.0
-144,Tà Hừa,2025-01-14T22:00:00.000,0.0,0.0
-144,Tà Hừa,2025-01-14T23:00:00.000,0.0,0.0
-144,Tà Hừa,2025-01-15T00:00:00.000,0.0,0.0
-144,Tà Hừa,2025-01-15T01:00:00.000,0.0,0.0
-144,Tà Hừa,2025-01-15T02:00:00.000,0.0,0.0
-144,Tà Hừa,2025-01-15T03:00:00.000,0.0,0.0
-144,Tà Hừa,2025-01-15T04:00:00.000,0.0,0.0
-144,Tà Hừa,2025-01-15T05:00:00.000,0.0,0.0
-144,Tà Hừa,2025-01-15T06:00:00.000,0.0,0.0
-144,Tà Hừa,2025-01-15T07:00:00.000,0.0,0.0
-144,Tà Hừa,2025-01-15T08:00:00.000,0.0,0.0
-144,Tà Hừa,2025-01-15T09:00:00.000,0.0,0.0
-144,Tà Hừa,2025-01-15T10:00:00.000,0.0,0.0
-144,Tà Hừa,2025-01-15T11:00:00.000,0.0,0.0
-144,Tà Hừa,2025-01-15T12:00:00.000,0.0,0.0
-144,Tà Hừa,2025-01-15T13:00:00.000,0.0,0.0
-144,Tà Hừa,2025-01-15T14:00:00.000,0.0,0.0
-144,Tà Hừa,2025-01-15T15:00:00.000,0.0,0.0
-144,Tà Hừa,2025-01-15T16:00:00.000,0.0,0.0
-144,Tà Hừa,2025-01-15T17:00:00.000,0.0,0.0
-144,Tà Hừa,2025-01-15T18:00:00.000,0.0,0.0
-144,Tà Hừa,2025-01-15T19:00:00.000,0.0,0.0
-144,Tà Hừa,2025-01-15T20:00:00.000,0.0,0.0
-144,Tà Hừa,2025-01-15T21:00:00.000,0.0,0.0
-144,Tà Hừa,2025-01-15T22:00:00.000,0.0,0.0
-144,Tà Hừa,2025-01-15T23:00:00.000,0.0,0.0
-144,Tà Hừa,2025-01-16T00:00:00.000,0.0,0.0
-144,Tà Hừa,2025-01-16T01:00:00.000,0.0,0.0
-144,Tà Hừa,2025-01-16T02:00:00.000,0.0,0.0
-144,Tà Hừa,2025-01-16T03:00:00.000,0.0,0.0
-144,Tà Hừa,2025-01-16T04:00:00.000,0.0,0.0
-144,Tà Hừa,2025-01-16T05:00:00.000,0.0,0.0
-144,Tà Hừa,2025-01-16T06:00:00.000,0.0,0.0
-144,Tà Hừa,2025-01-16T07:00:00.000,0.0,0.0
-144,Tà Hừa,2025-01-16T08:00:00.000,0.0,0.0
-144,Tà Hừa,2025-01-16T09:00:00.000,0.0,0.0
-144,Tà Hừa,2025-01-16T10:00:00.000,0.0,0.0
-144,Tà Hừa,2025-01-16T11:00:00.000,0.0,0.0
-144,Tà Hừa,2025-01-16T12:00:00.000,0.0,0.0
-144,Tà Hừa,2025-01-16T13:00:00.000,0.0,0.0
-144,Tà Hừa,2025-01-16T14:00:00.000,0.0,0.0
-144,Tà Hừa,2025-01-16T15:00:00.000,0.0,0.0
-144,Tà Hừa,2025-01-16T16:00:00.000,0.0,0.0
-144,Tà Hừa,2025-01-16T17:00:00.000,0.0,0.0
-144,Tà Hừa,2025-01-16T18:00:00.000,0.0,0.0
-144,Tà Hừa,2025-01-16T19:00:00.000,0.0,0.0
-144,Tà Hừa,2025-01-16T20:00:00.000,0.0,0.0
-144,Tà Hừa,2025-01-16T21:00:00.000,0.0,0.0
-144,Tà Hừa,2025-01-16T22:00:00.000,0.0,0.0
-144,Tà Hừa,2025-01-16T23:00:00.000,0.0,0.0
-144,Tà Hừa,2025-01-17T00:00:00.000,0.0,0.0
-144,Tà Hừa,2025-01-17T01:00:00.000,0.0,0.0
-144,Tà Hừa,2025-01-17T02:00:00.000,0.0,0.0
-144,Tà Hừa,2025-01-17T03:00:00.000,0.0,0.0
-144,Tà Hừa,2025-01-17T04:00:00.000,0.0,0.0
-144,Tà Hừa,2025-01-17T05:00:00.000,0.0,0.0
-144,Tà Hừa,2025-01-17T06:00:00.000,0.0,0.0
-144,Tà Hừa,2025-01-17T07:00:00.000,0.0,0.0
-144,Tà Hừa,2025-01-17T08:00:00.000,0.0,0.0
-144,Tà Hừa,2025-01-17T09:00:00.000,0.0,0.0
-144,Tà Hừa,2025-01-17T10:00:00.000,0.0,0.0
-144,Tà Hừa,2025-01-17T11:00:00.000,0.0,0.0
-144,Tà Hừa,2025-01-17T12:00:00.000,0.0,0.0
-144,Tà Hừa,2025-01-17T13:00:00.000,0.0,0.0
-144,Tà Hừa,2025-01-17T14:00:00.000,0.0,0.0
-144,Tà Hừa,2025-01-17T15:00:00.000,0.0,0.0
-144,Tà Hừa,2025-01-17T16:00:00.000,0.0,0.0
-144,Tà Hừa,2025-01-17T17:00:00.000,0.0,0.0
-144,Tà Hừa,2025-01-17T18:00:00.000,0.0,0.0
-144,Tà Hừa,2025-01-17T19:00:00.000,0.0,0.0
-144,Tà Hừa,2025-01-17T20:00:00.000,0.0,0.0
-144,Tà Hừa,2025-01-17T21:00:00.000,0.0,0.0
-144,Tà Hừa,2025-01-17T22:00:00.000,0.0,0.0
-144,Tà Hừa,2025-01-17T23:00:00.000,0.0,0.0
-144,Tà Hừa,2025-01-18T00:00:00.000,0.0,0.0
-144,Tà Hừa,2025-01-18T01:00:00.000,0.0,0.0
-144,Tà Hừa,2025-01-18T02:00:00.000,0.0,0.0
-144,Tà Hừa,2025-01-18T03:00:00.000,0.0,0.0
-144,Tà Hừa,2025-01-18T04:00:00.000,0.0,0.0
-144,Tà Hừa,2025-01-18T05:00:00.000,0.0,0.0
-144,Tà Hừa,2025-01-18T06:00:00.000,0.0,0.0
-144,Tà Hừa,2025-01-18T07:00:00.000,0.0,0.0
-144,Tà Hừa,2025-01-18T08:00:00.000,0.0,0.0
-144,Tà Hừa,2025-01-18T09:00:00.000,0.0,0.0
-144,Tà Hừa,2025-01-18T10:00:00.000,0.0,0.0
-144,Tà Hừa,2025-01-18T11:00:00.000,0.0,0.0
-144,Tà Hừa,2025-01-18T12:00:00.000,0.0,0.0
-144,Tà Hừa,2025-01-18T13:00:00.000,0.0,0.0
-144,Tà Hừa,2025-01-18T14:00:00.000,0.0,0.0
-144,Tà Hừa,2025-01-18T15:00:00.000,0.0,0.0
-144,Tà Hừa,2025-01-18T16:00:00.000,0.0,0.0
-144,Tà Hừa,2025-01-18T17:00:00.000,0.0,0.0
-144,Tà Hừa,2025-01-18T18:00:00.000,0.0,0.0
-144,Tà Hừa,2025-01-18T19:00:00.000,0.0,0.0
-144,Tà Hừa,2025-01-18T20:00:00.000,0.0,0.0
-144,Tà Hừa,2025-01-18T21:00:00.000,0.0,0.0
-144,Tà Hừa,2025-01-18T22:00:00.000,0.0,0.0
-144,Tà Hừa,2025-01-18T23:00:00.000,0.0,0.0
-144,Tà Hừa,2025-01-19T00:00:00.000,0.0,0.0
-144,Tà Hừa,2025-01-19T01:00:00.000,0.0,0.0
-144,Tà Hừa,2025-01-19T02:00:00.000,0.0,0.0
-144,Tà Hừa,2025-01-19T03:00:00.000,0.0,0.0
-144,Tà Hừa,2025-01-19T04:00:00.000,0.0,0.0
-144,Tà Hừa,2025-01-19T05:00:00.000,0.0,0.0
-144,Tà Hừa,2025-01-19T06:00:00.000,0.0,0.0
-144,Tà Hừa,2025-01-19T07:00:00.000,0.0,0.0
-144,Tà Hừa,2025-01-19T08:00:00.000,0.0,0.0
-144,Tà Hừa,2025-01-19T09:00:00.000,0.0,0.0
-144,Tà Hừa,2025-01-19T10:00:00.000,0.0,0.0
-144,Tà Hừa,2025-01-19T11:00:00.000,0.0,0.0
-144,Tà Hừa,2025-01-19T12:00:00.000,0.0,0.0
-144,Tà Hừa,2025-01-19T13:00:00.000,0.0,0.0
-144,Tà Hừa,2025-01-19T14:00:00.000,0.0,0.0
-144,Tà Hừa,2025-01-19T15:00:00.000,0.0,0.0
-144,Tà Hừa,2025-01-19T16:00:00.000,0.0,0.0
-144,Tà Hừa,2025-01-19T17:00:00.000,0.0,0.0
-144,Tà Hừa,2025-01-19T18:00:00.000,0.0,0.0
-144,Tà Hừa,2025-01-19T19:00:00.000,0.0,0.0
-144,Tà Hừa,2025-01-19T20:00:00.000,0.0,0.0
-144,Tà Hừa,2025-01-19T21:00:00.000,0.0,0.0
-144,Tà Hừa,2025-01-19T22:00:00.000,0.0,0.0
-144,Tà Hừa,2025-01-19T23:00:00.000,0.0,0.0
-144,Tà Hừa,2025-01-20T00:00:00.000,0.0,0.0
-144,Tà Hừa,2025-01-20T01:00:00.000,0.0,0.0
-144,Tà Hừa,2025-01-20T02:00:00.000,0.0,0.0
-144,Tà Hừa,2025-01-20T03:00:00.000,0.0,0.0
-144,Tà Hừa,2025-01-20T04:00:00.000,0.0,0.0
-144,Tà Hừa,2025-01-20T05:00:00.000,0.0,0.0
-144,Tà Hừa,2025-01-20T06:00:00.000,0.0,0.0
-144,Tà Hừa,2025-01-20T07:00:00.000,0.0,0.0
-144,Tà Hừa,2025-01-20T08:00:00.000,0.0,0.0
-144,Tà Hừa,2025-01-20T09:00:00.000,0.0,0.0
-144,Tà Hừa,2025-01-20T10:00:00.000,0.0,0.0
-144,Tà Hừa,2025-01-20T11:00:00.000,0.0,0.0
-144,Tà Hừa,2025-01-20T12:00:00.000,0.0,0.0
-144,Tà Hừa,2025-01-20T13:00:00.000,0.0,0.0
-144,Tà Hừa,2025-01-20T14:00:00.000,0.0,0.0
-144,Tà Hừa,2025-01-20T15:00:00.000,0.0,0.0
-144,Tà Hừa,2025-01-20T16:00:00.000,0.0,0.0
-144,Tà Hừa,2025-01-20T17:00:00.000,0.0,0.0
-144,Tà Hừa,2025-01-20T18:00:00.000,0.0,0.0
-144,Tà Hừa,2025-01-20T19:00:00.000,0.0,0.0
-144,Tà Hừa,2025-01-20T20:00:00.000,0.0,0.0
-144,Tà Hừa,2025-01-20T21:00:00.000,0.0,0.0
-144,Tà Hừa,2025-01-20T22:00:00.000,0.0,0.0
-144,Tà Hừa,2025-01-20T23:00:00.000,0.0,0.0
-144,Tà Hừa,2025-01-21T00:00:00.000,0.0,0.0
-144,Tà Hừa,2025-01-21T01:00:00.000,0.0,0.0
-144,Tà Hừa,2025-01-21T02:00:00.000,0.0,0.0
-144,Tà Hừa,2025-01-21T03:00:00.000,0.0,0.0
-144,Tà Hừa,2025-01-21T04:00:00.000,0.0,0.0
-144,Tà Hừa,2025-01-21T05:00:00.000,0.0,0.0
-144,Tà Hừa,2025-01-21T06:00:00.000,0.0,0.0
-144,Tà Hừa,2025-01-21T07:00:00.000,0.0,0.0
-144,Tà Hừa,2025-01-21T08:00:00.000,0.0,0.0
-144,Tà Hừa,2025-01-21T09:00:00.000,0.0,0.0
-144,Tà Hừa,2025-01-21T10:00:00.000,0.0,0.0
-144,Tà Hừa,2025-01-21T11:00:00.000,0.0,0.0
-144,Tà Hừa,2025-01-21T12:00:00.000,0.0,0.0
-144,Tà Hừa,2025-01-21T13:00:00.000,0.0,0.0
-144,Tà Hừa,2025-01-21T14:00:00.000,0.0,0.0
-144,Tà Hừa,2025-01-21T15:00:00.000,0.0,0.0
-144,Tà Hừa,2025-01-21T16:00:00.000,0.0,0.0
-144,Tà Hừa,2025-01-21T17:00:00.000,0.0,0.0
-144,Tà Hừa,2025-01-21T18:00:00.000,0.0,0.0
-144,Tà Hừa,2025-01-21T19:00:00.000,0.0,0.0
-144,Tà Hừa,2025-01-21T20:00:00.000,0.0,0.0
-144,Tà Hừa,2025-01-21T21:00:00.000,0.0,0.0
-144,Tà Hừa,2025-01-21T22:00:00.000,0.0,0.0
-144,Tà Hừa,2025-01-21T23:00:00.000,0.0,0.0
-144,Tà Hừa,2025-01-22T00:00:00.000,0.0,0.0
-144,Tà Hừa,2025-01-22T01:00:00.000,0.0,0.0
-144,Tà Hừa,2025-01-22T02:00:00.000,0.0,0.0
-144,Tà Hừa,2025-01-22T03:00:00.000,0.0,0.0
-144,Tà Hừa,2025-01-22T04:00:00.000,0.0,0.0
-144,Tà Hừa,2025-01-22T05:00:00.000,0.0,0.0
-144,Tà Hừa,2025-01-22T06:00:00.000,0.0,0.0
-144,Tà Hừa,2025-01-22T07:00:00.000,0.0,0.0
-144,Tà Hừa,2025-01-22T08:00:00.000,0.0,0.0
-144,Tà Hừa,2025-01-22T09:00:00.000,0.0,0.0
-144,Tà Hừa,2025-01-22T10:00:00.000,0.0,0.0
-144,Tà Hừa,2025-01-22T11:00:00.000,0.0,0.0
-144,Tà Hừa,2025-01-22T12:00:00.000,0.0,0.0
-144,Tà Hừa,2025-01-22T13:00:00.000,0.0,0.0
-144,Tà Hừa,2025-01-22T14:00:00.000,0.0,0.0
-144,Tà Hừa,2025-01-22T15:00:00.000,0.0,0.0
-144,Tà Hừa,2025-01-22T16:00:00.000,0.0,0.0
-144,Tà Hừa,2025-01-22T17:00:00.000,0.0,0.0
-144,Tà Hừa,2025-01-22T18:00:00.000,0.0,0.0
-144,Tà Hừa,2025-01-22T19:00:00.000,0.0,0.0
-144,Tà Hừa,2025-01-22T20:00:00.000,0.0,0.0
-144,Tà Hừa,2025-01-22T21:00:00.000,0.0,0.0
-144,Tà Hừa,2025-01-22T22:00:00.000,0.0,0.0
-144,Tà Hừa,2025-01-22T23:00:00.000,0.0,0.0
-144,Tà Hừa,2025-01-23T00:00:00.000,0.0,0.0
-144,Tà Hừa,2025-01-23T01:00:00.000,0.0,0.0
-144,Tà Hừa,2025-01-23T02:00:00.000,0.0,0.0
-144,Tà Hừa,2025-01-23T03:00:00.000,0.0,0.0
-144,Tà Hừa,2025-01-23T04:00:00.000,0.0,0.0
-144,Tà Hừa,2025-01-23T05:00:00.000,0.0,0.0
-144,Tà Hừa,2025-01-23T06:00:00.000,0.0,0.0
-144,Tà Hừa,2025-01-23T07:00:00.000,0.0,0.0
-144,Tà Hừa,2025-01-23T08:00:00.000,0.0,0.0
-144,Tà Hừa,2025-01-23T09:00:00.000,0.0,0.0
-144,Tà Hừa,2025-01-23T10:00:00.000,0.0,0.0
-144,Tà Hừa,2025-01-23T11:00:00.000,0.0,0.0
-144,Tà Hừa,2025-01-23T12:00:00.000,0.0,0.0
-144,Tà Hừa,2025-01-23T13:00:00.000,0.0,0.0
-144,Tà Hừa,2025-01-23T14:00:00.000,0.0,0.0
-144,Tà Hừa,2025-01-23T15:00:00.000,0.0,0.0
-144,Tà Hừa,2025-01-23T16:00:00.000,0.0,0.0
-144,Tà Hừa,2025-01-23T17:00:00.000,0.0,0.0
-144,Tà Hừa,2025-01-23T18:00:00.000,0.0,0.0
-144,Tà Hừa,2025-01-23T19:00:00.000,0.0,0.0
-144,Tà Hừa,2025-01-23T20:00:00.000,0.0,0.0
-144,Tà Hừa,2025-01-23T21:00:00.000,0.0,0.0
-144,Tà Hừa,2025-01-23T22:00:00.000,0.0,0.0
-144,Tà Hừa,2025-01-23T23:00:00.000,0.0,0.0
-144,Tà Hừa,2025-01-24T00:00:00.000,0.0,0.0
-144,Tà Hừa,2025-01-24T01:00:00.000,0.0,0.0
-144,Tà Hừa,2025-01-24T02:00:00.000,0.0,0.0
-144,Tà Hừa,2025-01-24T03:00:00.000,0.0,0.0
-144,Tà Hừa,2025-01-24T04:00:00.000,0.0,0.0
-144,Tà Hừa,2025-01-24T05:00:00.000,0.0,0.0
-144,Tà Hừa,2025-01-24T06:00:00.000,0.0,0.0
-144,Tà Hừa,2025-01-24T07:00:00.000,0.0,0.0
-144,Tà Hừa,2025-01-24T08:00:00.000,0.0,0.0
-144,Tà Hừa,2025-01-24T09:00:00.000,0.0,0.0
-144,Tà Hừa,2025-01-24T10:00:00.000,0.0,0.0
-144,Tà Hừa,2025-01-24T11:00:00.000,0.0,0.0
-144,Tà Hừa,2025-01-24T12:00:00.000,0.0,0.0
-144,Tà Hừa,2025-01-24T13:00:00.000,0.0,0.0
-144,Tà Hừa,2025-01-24T14:00:00.000,0.0,0.0
-144,Tà Hừa,2025-01-24T15:00:00.000,0.0,0.0
-144,Tà Hừa,2025-01-24T16:00:00.000,0.0,0.0
-144,Tà Hừa,2025-01-24T17:00:00.000,0.0,0.0
-144,Tà Hừa,2025-01-24T18:00:00.000,0.0,0.0
-144,Tà Hừa,2025-01-24T19:00:00.000,0.0,0.0
-144,Tà Hừa,2025-01-24T20:00:00.000,0.0,0.0
-144,Tà Hừa,2025-01-24T21:00:00.000,0.0,0.0
-144,Tà Hừa,2025-01-24T22:00:00.000,0.0,0.0
-144,Tà Hừa,2025-01-24T23:00:00.000,0.0,0.0
-144,Tà Hừa,2025-01-25T00:00:00.000,0.0,0.0
-144,Tà Hừa,2025-01-25T01:00:00.000,0.0,0.0
-144,Tà Hừa,2025-01-25T02:00:00.000,0.0,0.0
-144,Tà Hừa,2025-01-25T03:00:00.000,0.0,0.0
-144,Tà Hừa,2025-01-25T04:00:00.000,0.0,0.0
-144,Tà Hừa,2025-01-25T05:00:00.000,0.0,0.0
-144,Tà Hừa,2025-01-25T06:00:00.000,0.0,0.0
-144,Tà Hừa,2025-01-25T07:00:00.000,0.0,0.0
-144,Tà Hừa,2025-01-25T08:00:00.000,0.0,0.0
-144,Tà Hừa,2025-01-25T09:00:00.000,0.0,0.0
-144,Tà Hừa,2025-01-25T10:00:00.000,0.0,0.0
-144,Tà Hừa,2025-01-25T11:00:00.000,0.0,0.0
-144,Tà Hừa,2025-01-25T12:00:00.000,0.0,0.0
-144,Tà Hừa,2025-01-25T13:00:00.000,0.0,0.0
-144,Tà Hừa,2025-01-25T14:00:00.000,0.0,0.0
-144,Tà Hừa,2025-01-25T15:00:00.000,0.0,0.0
-144,Tà Hừa,2025-01-25T16:00:00.000,0.0,0.0
-144,Tà Hừa,2025-01-25T17:00:00.000,0.0,0.0
-144,Tà Hừa,2025-01-25T18:00:00.000,0.0,0.0
-144,Tà Hừa,2025-01-25T19:00:00.000,0.0,0.0
-144,Tà Hừa,2025-01-25T20:00:00.000,0.0,0.0
-144,Tà Hừa,2025-01-25T21:00:00.000,0.0,0.0
-144,Tà Hừa,2025-01-25T22:00:00.000,0.0,0.0
-144,Tà Hừa,2025-01-25T23:00:00.000,0.0,0.0
-144,Tà Hừa,2025-01-26T00:00:00.000,0.0,0.0
-144,Tà Hừa,2025-01-26T01:00:00.000,0.0,0.0
-144,Tà Hừa,2025-01-26T02:00:00.000,0.0,0.0
-144,Tà Hừa,2025-01-26T03:00:00.000,0.0,0.0
-144,Tà Hừa,2025-01-26T04:00:00.000,0.0,0.0
-144,Tà Hừa,2025-01-26T05:00:00.000,0.0,0.0
-144,Tà Hừa,2025-01-26T06:00:00.000,0.0,0.0
-144,Tà Hừa,2025-01-26T07:00:00.000,0.0,0.0
-144,Tà Hừa,2025-01-26T08:00:00.000,0.0,0.0
-144,Tà Hừa,2025-01-26T09:00:00.000,8.800000190734863,8.800000190734863
-144,Tà Hừa,2025-01-26T10:00:00.000,0.4000000059604645,9.200000196695328
-144,Tà Hừa,2025-01-26T11:00:00.000,0.20000000298023224,9.40000019967556
-144,Tà Hừa,2025-01-26T12:00:00.000,0.0,9.40000019967556
-144,Tà Hừa,2025-01-26T13:00:00.000,0.0,9.40000019967556
-144,Tà Hừa,2025-01-26T14:00:00.000,0.0,9.40000019967556
-144,Tà Hừa,2025-01-26T15:00:00.000,0.0,9.40000019967556
-144,Tà Hừa,2025-01-26T16:00:00.000,0.0,9.40000019967556
-144,Tà Hừa,2025-01-26T17:00:00.000,0.0,9.40000019967556
-144,Tà Hừa,2025-01-26T18:00:00.000,0.0,9.40000019967556
-144,Tà Hừa,2025-01-26T19:00:00.000,0.0,9.40000019967556
-144,Tà Hừa,2025-01-26T20:00:00.000,0.0,9.40000019967556
-144,Tà Hừa,2025-01-26T21:00:00.000,0.0,9.40000019967556
-144,Tà Hừa,2025-01-26T22:00:00.000,0.0,9.40000019967556
-144,Tà Hừa,2025-01-26T23:00:00.000,0.0,9.40000019967556
-144,Tà Hừa,2025-01-27T00:00:00.000,0.0,0.0
-144,Tà Hừa,2025-01-27T01:00:00.000,0.0,0.0
-144,Tà Hừa,2025-01-27T02:00:00.000,0.0,0.0
-144,Tà Hừa,2025-01-27T03:00:00.000,0.0,0.0
-144,Tà Hừa,2025-01-27T04:00:00.000,0.0,0.0
-144,Tà Hừa,2025-01-27T05:00:00.000,0.0,0.0
-144,Tà Hừa,2025-01-27T06:00:00.000,0.0,0.0
-144,Tà Hừa,2025-01-27T07:00:00.000,0.20000000298023224,0.20000000298023224
-144,Tà Hừa,2025-01-27T08:00:00.000,0.0,0.20000000298023224
-144,Tà Hừa,2025-01-27T09:00:00.000,0.0,0.20000000298023224
-144,Tà Hừa,2025-01-27T10:00:00.000,0.0,0.20000000298023224
-144,Tà Hừa,2025-01-27T11:00:00.000,0.0,0.20000000298023224
-144,Tà Hừa,2025-01-27T12:00:00.000,0.0,0.20000000298023224
-144,Tà Hừa,2025-01-27T13:00:00.000,0.0,0.20000000298023224
-144,Tà Hừa,2025-01-27T14:00:00.000,0.0,0.20000000298023224
-144,Tà Hừa,2025-01-27T15:00:00.000,0.0,0.20000000298023224
-144,Tà Hừa,2025-01-27T16:00:00.000,0.0,0.20000000298023224
-144,Tà Hừa,2025-01-27T17:00:00.000,0.0,0.20000000298023224
-144,Tà Hừa,2025-01-27T18:00:00.000,0.0,0.20000000298023224
-144,Tà Hừa,2025-01-27T19:00:00.000,0.0,0.20000000298023224
-144,Tà Hừa,2025-01-27T20:00:00.000,0.0,0.20000000298023224
-144,Tà Hừa,2025-01-27T21:00:00.000,0.0,0.20000000298023224
-144,Tà Hừa,2025-01-27T22:00:00.000,0.0,0.20000000298023224
-144,Tà Hừa,2025-01-27T23:00:00.000,0.0,0.20000000298023224
-144,Tà Hừa,2025-01-28T00:00:00.000,0.0,0.0
-144,Tà Hừa,2025-01-28T01:00:00.000,0.20000000298023224,0.20000000298023224
-144,Tà Hừa,2025-01-28T02:00:00.000,0.0,0.20000000298023224
-144,Tà Hừa,2025-01-28T03:00:00.000,0.0,0.20000000298023224
-144,Tà Hừa,2025-01-28T04:00:00.000,0.800000011920929,1.0000000149011612
-144,Tà Hừa,2025-01-28T05:00:00.000,0.20000000298023224,1.2000000178813934
-144,Tà Hừa,2025-01-28T06:00:00.000,0.0,1.2000000178813934
-144,Tà Hừa,2025-01-28T07:00:00.000,0.0,1.2000000178813934
-144,Tà Hừa,2025-01-28T08:00:00.000,0.0,1.2000000178813934
-144,Tà Hừa,2025-01-28T09:00:00.000,0.0,1.2000000178813934
-144,Tà Hừa,2025-01-28T10:00:00.000,0.0,1.2000000178813934
-144,Tà Hừa,2025-01-28T11:00:00.000,0.0,1.2000000178813934
-144,Tà Hừa,2025-01-28T12:00:00.000,0.4000000059604645,1.600000023841858
-144,Tà Hừa,2025-01-28T13:00:00.000,0.6000000238418579,2.200000047683716
-144,Tà Hừa,2025-01-28T14:00:00.000,0.0,2.200000047683716
-144,Tà Hừa,2025-01-28T15:00:00.000,0.0,2.200000047683716
-144,Tà Hừa,2025-01-28T16:00:00.000,0.0,2.200000047683716
-144,Tà Hừa,2025-01-28T17:00:00.000,0.0,2.200000047683716
-144,Tà Hừa,2025-01-28T18:00:00.000,0.0,2.200000047683716
-144,Tà Hừa,2025-01-28T19:00:00.000,0.0,2.200000047683716
-144,Tà Hừa,2025-01-28T20:00:00.000,0.0,2.200000047683716
-144,Tà Hừa,2025-01-28T21:00:00.000,0.0,2.200000047683716
-144,Tà Hừa,2025-01-28T22:00:00.000,0.0,2.200000047683716
-144,Tà Hừa,2025-01-28T23:00:00.000,0.0,2.200000047683716
-144,Tà Hừa,2025-01-29T00:00:00.000,0.0,0.0
-144,Tà Hừa,2025-01-29T01:00:00.000,0.0,0.0
-144,Tà Hừa,2025-01-29T02:00:00.000,0.0,0.0
-144,Tà Hừa,2025-01-29T03:00:00.000,0.0,0.0
-144,Tà Hừa,2025-01-29T04:00:00.000,0.0,0.0
-144,Tà Hừa,2025-01-29T05:00:00.000,0.4000000059604645,0.4000000059604645
-144,Tà Hừa,2025-01-29T06:00:00.000,0.800000011920929,1.2000000178813934
-144,Tà Hừa,2025-01-29T07:00:00.000,0.0,1.2000000178813934
-144,Tà Hừa,2025-01-29T08:00:00.000,0.20000000298023224,1.4000000208616257
-144,Tà Hừa,2025-01-29T09:00:00.000,0.4000000059604645,1.8000000268220901
-144,Tà Hừa,2025-01-29T10:00:00.000,0.20000000298023224,2.0000000298023224
-144,Tà Hừa,2025-01-29T11:00:00.000,0.0,2.0000000298023224
-144,Tà Hừa,2025-01-29T12:00:00.000,0.0,2.0000000298023224
-144,Tà Hừa,2025-01-29T13:00:00.000,0.0,2.0000000298023224
-144,Tà Hừa,2025-01-29T14:00:00.000,0.0,2.0000000298023224
-144,Tà Hừa,2025-01-29T15:00:00.000,0.0,2.0000000298023224
-144,Tà Hừa,2025-01-29T16:00:00.000,0.0,2.0000000298023224
-144,Tà Hừa,2025-01-29T17:00:00.000,0.0,2.0000000298023224
-144,Tà Hừa,2025-01-29T18:00:00.000,0.0,2.0000000298023224
-144,Tà Hừa,2025-01-29T19:00:00.000,0.0,2.0000000298023224
-144,Tà Hừa,2025-01-29T20:00:00.000,0.0,2.0000000298023224
-144,Tà Hừa,2025-01-29T21:00:00.000,0.0,2.0000000298023224
-144,Tà Hừa,2025-01-29T22:00:00.000,0.0,2.0000000298023224
-144,Tà Hừa,2025-01-29T23:00:00.000,0.0,2.0000000298023224
-144,Tà Hừa,2025-01-30T00:00:00.000,0.0,0.0
-144,Tà Hừa,2025-01-30T01:00:00.000,0.0,0.0
-144,Tà Hừa,2025-01-30T02:00:00.000,0.0,0.0
-144,Tà Hừa,2025-01-30T03:00:00.000,0.0,0.0
-144,Tà Hừa,2025-01-30T04:00:00.000,0.0,0.0
-144,Tà Hừa,2025-01-30T05:00:00.000,0.0,0.0
-144,Tà Hừa,2025-01-30T06:00:00.000,0.0,0.0
-144,Tà Hừa,2025-01-30T07:00:00.000,0.0,0.0
-144,Tà Hừa,2025-01-30T08:00:00.000,0.0,0.0
-144,Tà Hừa,2025-01-30T09:00:00.000,0.0,0.0
-144,Tà Hừa,2025-01-30T10:00:00.000,0.0,0.0
-144,Tà Hừa,2025-01-30T11:00:00.000,0.0,0.0
-144,Tà Hừa,2025-01-30T12:00:00.000,0.0,0.0
-144,Tà Hừa,2025-01-30T13:00:00.000,0.0,0.0
-144,Tà Hừa,2025-01-30T14:00:00.000,0.0,0.0
-144,Tà Hừa,2025-01-30T15:00:00.000,0.0,0.0
-144,Tà Hừa,2025-01-30T16:00:00.000,0.0,0.0
-144,Tà Hừa,2025-01-30T17:00:00.000,0.0,0.0
-144,Tà Hừa,2025-01-30T18:00:00.000,0.0,0.0
-144,Tà Hừa,2025-01-30T19:00:00.000,0.0,0.0
-144,Tà Hừa,2025-01-30T20:00:00.000,0.0,0.0
-144,Tà Hừa,2025-01-30T21:00:00.000,0.0,0.0
-144,Tà Hừa,2025-01-30T22:00:00.000,0.0,0.0
-144,Tà Hừa,2025-01-30T23:00:00.000,0.0,0.0
-144,Tà Hừa,2025-01-31T00:00:00.000,0.0,0.0
-144,Tà Hừa,2025-01-31T01:00:00.000,0.0,0.0
-144,Tà Hừa,2025-01-31T02:00:00.000,0.0,0.0
-144,Tà Hừa,2025-01-31T03:00:00.000,0.0,0.0
-144,Tà Hừa,2025-01-31T04:00:00.000,0.0,0.0
-144,Tà Hừa,2025-01-31T05:00:00.000,0.0,0.0
-144,Tà Hừa,2025-01-31T06:00:00.000,0.0,0.0
-144,Tà Hừa,2025-01-31T07:00:00.000,0.0,0.0
-144,Tà Hừa,2025-01-31T08:00:00.000,0.0,0.0
-144,Tà Hừa,2025-01-31T09:00:00.000,0.0,0.0
-144,Tà Hừa,2025-01-31T10:00:00.000,0.0,0.0
-144,Tà Hừa,2025-01-31T11:00:00.000,0.0,0.0
-144,Tà Hừa,2025-01-31T12:00:00.000,0.0,0.0
-144,Tà Hừa,2025-01-31T13:00:00.000,0.0,0.0
-144,Tà Hừa,2025-01-31T14:00:00.000,0.0,0.0
-144,Tà Hừa,2025-01-31T15:00:00.000,0.0,0.0
-144,Tà Hừa,2025-01-31T16:00:00.000,0.0,0.0
-144,Tà Hừa,2025-01-31T17:00:00.000,0.0,0.0
-144,Tà Hừa,2025-01-31T18:00:00.000,0.0,0.0
-144,Tà Hừa,2025-01-31T19:00:00.000,0.0,0.0
-144,Tà Hừa,2025-01-31T20:00:00.000,0.0,0.0
-144,Tà Hừa,2025-01-31T21:00:00.000,0.0,0.0
-144,Tà Hừa,2025-01-31T22:00:00.000,0.0,0.0
-144,Tà Hừa,2025-01-31T23:00:00.000,0.0,0.0
-144,Tà Hừa,2025-02-01T00:00:00.000,0.0,0.0
-144,Tà Hừa,2025-02-01T01:00:00.000,0.0,0.0
-144,Tà Hừa,2025-02-01T02:00:00.000,0.0,0.0
-144,Tà Hừa,2025-02-01T03:00:00.000,0.0,0.0
-144,Tà Hừa,2025-02-01T04:00:00.000,0.0,0.0
-144,Tà Hừa,2025-02-01T05:00:00.000,0.0,0.0
-144,Tà Hừa,2025-02-01T06:00:00.000,0.0,0.0
-144,Tà Hừa,2025-02-01T07:00:00.000,0.0,0.0
-144,Tà Hừa,2025-02-01T08:00:00.000,0.0,0.0
-144,Tà Hừa,2025-02-01T09:00:00.000,0.0,0.0
-144,Tà Hừa,2025-02-01T10:00:00.000,0.0,0.0
-144,Tà Hừa,2025-02-01T11:00:00.000,0.0,0.0
-144,Tà Hừa,2025-02-01T12:00:00.000,0.0,0.0
-144,Tà Hừa,2025-02-01T13:00:00.000,0.0,0.0
-144,Tà Hừa,2025-02-01T14:00:00.000,0.0,0.0
-144,Tà Hừa,2025-02-01T15:00:00.000,0.0,0.0
-144,Tà Hừa,2025-02-01T16:00:00.000,0.0,0.0
-144,Tà Hừa,2025-02-01T17:00:00.000,0.0,0.0
-144,Tà Hừa,2025-02-01T18:00:00.000,0.0,0.0
-144,Tà Hừa,2025-02-01T19:00:00.000,0.0,0.0
-144,Tà Hừa,2025-02-01T20:00:00.000,0.0,0.0
-144,Tà Hừa,2025-02-01T21:00:00.000,0.0,0.0
-144,Tà Hừa,2025-02-01T22:00:00.000,0.0,0.0
-144,Tà Hừa,2025-02-01T23:00:00.000,0.0,0.0
-144,Tà Hừa,2025-02-02T00:00:00.000,0.0,0.0
-144,Tà Hừa,2025-02-02T01:00:00.000,0.0,0.0
-144,Tà Hừa,2025-02-02T02:00:00.000,0.0,0.0
-144,Tà Hừa,2025-02-02T03:00:00.000,0.0,0.0
-144,Tà Hừa,2025-02-02T04:00:00.000,0.0,0.0
-144,Tà Hừa,2025-02-02T05:00:00.000,0.0,0.0
-144,Tà Hừa,2025-02-02T06:00:00.000,0.0,0.0
-144,Tà Hừa,2025-02-02T07:00:00.000,0.0,0.0
-144,Tà Hừa,2025-02-02T08:00:00.000,0.0,0.0
-144,Tà Hừa,2025-02-02T09:00:00.000,0.0,0.0
-144,Tà Hừa,2025-02-02T10:00:00.000,0.0,0.0
-144,Tà Hừa,2025-02-02T11:00:00.000,0.0,0.0
-144,Tà Hừa,2025-02-02T12:00:00.000,0.0,0.0
-144,Tà Hừa,2025-02-02T13:00:00.000,0.0,0.0
-144,Tà Hừa,2025-02-02T14:00:00.000,0.0,0.0
-144,Tà Hừa,2025-02-02T15:00:00.000,0.0,0.0
-144,Tà Hừa,2025-02-02T16:00:00.000,0.0,0.0
-144,Tà Hừa,2025-02-02T17:00:00.000,0.0,0.0
-144,Tà Hừa,2025-02-02T18:00:00.000,0.0,0.0
-144,Tà Hừa,2025-02-02T19:00:00.000,0.0,0.0
-144,Tà Hừa,2025-02-02T20:00:00.000,0.0,0.0
-144,Tà Hừa,2025-02-02T21:00:00.000,0.0,0.0
-144,Tà Hừa,2025-02-02T22:00:00.000,0.0,0.0
-144,Tà Hừa,2025-02-02T23:00:00.000,0.0,0.0
-144,Tà Hừa,2025-02-03T00:00:00.000,0.0,0.0
-144,Tà Hừa,2025-02-03T01:00:00.000,0.0,0.0
-144,Tà Hừa,2025-02-03T02:00:00.000,0.0,0.0
-144,Tà Hừa,2025-02-03T03:00:00.000,0.0,0.0
-144,Tà Hừa,2025-02-03T04:00:00.000,0.0,0.0
-144,Tà Hừa,2025-02-03T05:00:00.000,0.0,0.0
-144,Tà Hừa,2025-02-03T06:00:00.000,0.0,0.0
-144,Tà Hừa,2025-02-03T07:00:00.000,0.0,0.0
-144,Tà Hừa,2025-02-03T08:00:00.000,0.0,0.0
-144,Tà Hừa,2025-02-03T09:00:00.000,0.0,0.0
-144,Tà Hừa,2025-02-03T10:00:00.000,0.0,0.0
-144,Tà Hừa,2025-02-03T11:00:00.000,0.0,0.0
-144,Tà Hừa,2025-02-03T12:00:00.000,0.0,0.0
-144,Tà Hừa,2025-02-03T13:00:00.000,0.0,0.0
-144,Tà Hừa,2025-02-03T14:00:00.000,0.0,0.0
-144,Tà Hừa,2025-02-03T15:00:00.000,0.0,0.0
-144,Tà Hừa,2025-02-03T16:00:00.000,0.0,0.0
-144,Tà Hừa,2025-02-03T17:00:00.000,0.0,0.0
-144,Tà Hừa,2025-02-03T18:00:00.000,0.0,0.0
-144,Tà Hừa,2025-02-03T19:00:00.000,0.0,0.0
-144,Tà Hừa,2025-02-03T20:00:00.000,0.0,0.0
-144,Tà Hừa,2025-02-03T21:00:00.000,0.0,0.0
-144,Tà Hừa,2025-02-03T22:00:00.000,0.0,0.0
-144,Tà Hừa,2025-02-03T23:00:00.000,0.0,0.0
-144,Tà Hừa,2025-02-04T00:00:00.000,0.0,0.0
-144,Tà Hừa,2025-02-04T01:00:00.000,0.0,0.0
-144,Tà Hừa,2025-02-04T02:00:00.000,0.0,0.0
-144,Tà Hừa,2025-02-04T03:00:00.000,0.0,0.0
-144,Tà Hừa,2025-02-04T04:00:00.000,0.0,0.0
-144,Tà Hừa,2025-02-04T05:00:00.000,0.0,0.0
-144,Tà Hừa,2025-02-04T06:00:00.000,0.0,0.0
-144,Tà Hừa,2025-02-04T07:00:00.000,0.0,0.0
-144,Tà Hừa,2025-02-04T08:00:00.000,0.0,0.0
-144,Tà Hừa,2025-02-04T09:00:00.000,0.0,0.0
-144,Tà Hừa,2025-02-04T10:00:00.000,0.0,0.0
-144,Tà Hừa,2025-02-04T11:00:00.000,0.0,0.0
-144,Tà Hừa,2025-02-04T12:00:00.000,0.0,0.0
-144,Tà Hừa,2025-02-04T13:00:00.000,0.0,0.0
-144,Tà Hừa,2025-02-04T14:00:00.000,0.0,0.0
-144,Tà Hừa,2025-02-04T15:00:00.000,0.0,0.0
-144,Tà Hừa,2025-02-04T16:00:00.000,0.0,0.0
-144,Tà Hừa,2025-02-04T17:00:00.000,0.0,0.0
-144,Tà Hừa,2025-02-04T18:00:00.000,0.0,0.0
-144,Tà Hừa,2025-02-04T19:00:00.000,0.0,0.0
-144,Tà Hừa,2025-02-04T20:00:00.000,0.0,0.0
-144,Tà Hừa,2025-02-04T21:00:00.000,0.0,0.0
-144,Tà Hừa,2025-02-04T22:00:00.000,0.0,0.0
-144,Tà Hừa,2025-02-04T23:00:00.000,0.0,0.0
-144,Tà Hừa,2025-02-05T00:00:00.000,0.0,0.0
-144,Tà Hừa,2025-02-05T01:00:00.000,0.0,0.0
-144,Tà Hừa,2025-02-05T02:00:00.000,0.0,0.0
-144,Tà Hừa,2025-02-05T03:00:00.000,0.0,0.0
-144,Tà Hừa,2025-02-05T04:00:00.000,0.0,0.0
-144,Tà Hừa,2025-02-05T05:00:00.000,0.0,0.0
-144,Tà Hừa,2025-02-05T06:00:00.000,0.0,0.0
-144,Tà Hừa,2025-02-05T07:00:00.000,0.0,0.0
-144,Tà Hừa,2025-02-05T08:00:00.000,0.0,0.0
-144,Tà Hừa,2025-02-05T09:00:00.000,0.0,0.0
-144,Tà Hừa,2025-02-05T10:00:00.000,0.0,0.0
-144,Tà Hừa,2025-02-05T11:00:00.000,0.0,0.0
-144,Tà Hừa,2025-02-05T12:00:00.000,0.0,0.0
-144,Tà Hừa,2025-02-05T13:00:00.000,0.0,0.0
-144,Tà Hừa,2025-02-05T14:00:00.000,0.0,0.0
-144,Tà Hừa,2025-02-05T15:00:00.000,0.0,0.0
-144,Tà Hừa,2025-02-05T16:00:00.000,0.0,0.0
-144,Tà Hừa,2025-02-05T17:00:00.000,0.0,0.0
-144,Tà Hừa,2025-02-05T18:00:00.000,0.0,0.0
-144,Tà Hừa,2025-02-05T19:00:00.000,,0.0
-144,Tà Hừa,2025-02-05T20:00:00.000,0.0,0.0
-144,Tà Hừa,2025-02-05T21:00:00.000,0.0,0.0
-144,Tà Hừa,2025-02-05T22:00:00.000,0.0,0.0
-144,Tà Hừa,2025-02-05T23:00:00.000,0.0,0.0
-144,Tà Hừa,2025-02-06T00:00:00.000,0.0,0.0
-144,Tà Hừa,2025-02-06T01:00:00.000,0.0,0.0
-144,Tà Hừa,2025-02-06T02:00:00.000,0.0,0.0
-144,Tà Hừa,2025-02-06T03:00:00.000,0.0,0.0
-144,Tà Hừa,2025-02-06T04:00:00.000,0.0,0.0
-144,Tà Hừa,2025-02-06T05:00:00.000,0.0,0.0
-144,Tà Hừa,2025-02-06T06:00:00.000,0.0,0.0
-144,Tà Hừa,2025-02-06T07:00:00.000,0.0,0.0
-144,Tà Hừa,2025-02-06T08:00:00.000,0.0,0.0
-144,Tà Hừa,2025-02-06T09:00:00.000,0.0,0.0
-144,Tà Hừa,2025-02-06T10:00:00.000,0.0,0.0
-144,Tà Hừa,2025-02-06T11:00:00.000,0.0,0.0
-144,Tà Hừa,2025-02-06T12:00:00.000,0.0,0.0
-144,Tà Hừa,2025-02-06T13:00:00.000,0.0,0.0
-144,Tà Hừa,2025-02-06T14:00:00.000,0.0,0.0
-144,Tà Hừa,2025-02-06T15:00:00.000,0.0,0.0
-144,Tà Hừa,2025-02-06T16:00:00.000,0.0,0.0
-144,Tà Hừa,2025-02-06T17:00:00.000,0.0,0.0
-144,Tà Hừa,2025-02-06T18:00:00.000,0.0,0.0
-144,Tà Hừa,2025-02-06T19:00:00.000,0.0,0.0
-144,Tà Hừa,2025-02-06T20:00:00.000,0.0,0.0
-144,Tà Hừa,2025-02-06T21:00:00.000,0.0,0.0
-144,Tà Hừa,2025-02-06T22:00:00.000,0.0,0.0
-144,Tà Hừa,2025-02-06T23:00:00.000,0.0,0.0
-144,Tà Hừa,2025-02-07T00:00:00.000,0.0,0.0
-144,Tà Hừa,2025-02-07T01:00:00.000,0.0,0.0
-144,Tà Hừa,2025-02-07T02:00:00.000,0.0,0.0
-144,Tà Hừa,2025-02-07T03:00:00.000,0.0,0.0
-144,Tà Hừa,2025-02-07T04:00:00.000,0.0,0.0
-144,Tà Hừa,2025-02-07T05:00:00.000,0.0,0.0
-144,Tà Hừa,2025-02-07T06:00:00.000,0.0,0.0
-144,Tà Hừa,2025-02-07T07:00:00.000,0.0,0.0
-144,Tà Hừa,2025-02-07T08:00:00.000,0.0,0.0
-144,Tà Hừa,2025-02-07T09:00:00.000,0.0,0.0
-144,Tà Hừa,2025-02-07T10:00:00.000,0.0,0.0
-144,Tà Hừa,2025-02-07T11:00:00.000,0.0,0.0
-144,Tà Hừa,2025-02-07T12:00:00.000,0.0,0.0
-144,Tà Hừa,2025-02-07T13:00:00.000,0.0,0.0
-144,Tà Hừa,2025-02-07T14:00:00.000,0.0,0.0
-144,Tà Hừa,2025-02-07T15:00:00.000,0.0,0.0
-144,Tà Hừa,2025-02-07T16:00:00.000,0.0,0.0
-144,Tà Hừa,2025-02-07T17:00:00.000,0.0,0.0
-144,Tà Hừa,2025-02-07T18:00:00.000,0.0,0.0
-144,Tà Hừa,2025-02-07T19:00:00.000,0.0,0.0
-144,Tà Hừa,2025-02-07T20:00:00.000,0.0,0.0
-144,Tà Hừa,2025-02-07T21:00:00.000,0.0,0.0
-144,Tà Hừa,2025-02-07T22:00:00.000,0.0,0.0
-144,Tà Hừa,2025-02-07T23:00:00.000,0.0,0.0
-144,Tà Hừa,2025-02-08T00:00:00.000,0.0,0.0
-144,Tà Hừa,2025-02-08T01:00:00.000,0.0,0.0
-144,Tà Hừa,2025-02-08T02:00:00.000,0.0,0.0
-144,Tà Hừa,2025-02-08T03:00:00.000,0.0,0.0
-144,Tà Hừa,2025-02-08T04:00:00.000,0.0,0.0
-144,Tà Hừa,2025-02-08T05:00:00.000,0.0,0.0
-144,Tà Hừa,2025-02-08T06:00:00.000,0.0,0.0
-144,Tà Hừa,2025-02-08T07:00:00.000,0.0,0.0
-144,Tà Hừa,2025-02-08T08:00:00.000,0.0,0.0
-144,Tà Hừa,2025-02-08T09:00:00.000,0.0,0.0
-144,Tà Hừa,2025-02-08T10:00:00.000,0.0,0.0
-144,Tà Hừa,2025-02-08T11:00:00.000,0.0,0.0
-144,Tà Hừa,2025-02-08T12:00:00.000,0.0,0.0
-144,Tà Hừa,2025-02-08T13:00:00.000,0.0,0.0
-144,Tà Hừa,2025-02-08T14:00:00.000,0.0,0.0
-144,Tà Hừa,2025-02-08T15:00:00.000,0.0,0.0
-144,Tà Hừa,2025-02-08T16:00:00.000,0.0,0.0
-144,Tà Hừa,2025-02-08T17:00:00.000,0.0,0.0
-144,Tà Hừa,2025-02-08T18:00:00.000,0.0,0.0
-144,Tà Hừa,2025-02-08T19:00:00.000,0.0,0.0
-144,Tà Hừa,2025-02-08T20:00:00.000,0.0,0.0
-144,Tà Hừa,2025-02-08T21:00:00.000,0.0,0.0
-144,Tà Hừa,2025-02-08T22:00:00.000,0.0,0.0
-144,Tà Hừa,2025-02-08T23:00:00.000,0.0,0.0
-144,Tà Hừa,2025-02-09T00:00:00.000,0.0,0.0
-144,Tà Hừa,2025-02-09T01:00:00.000,0.0,0.0
-144,Tà Hừa,2025-02-09T02:00:00.000,0.0,0.0
-144,Tà Hừa,2025-02-09T03:00:00.000,0.20000000298023224,0.20000000298023224
-144,Tà Hừa,2025-02-09T04:00:00.000,0.0,0.20000000298023224
-144,Tà Hừa,2025-02-09T05:00:00.000,0.0,0.20000000298023224
-144,Tà Hừa,2025-02-09T06:00:00.000,0.0,0.20000000298023224
-144,Tà Hừa,2025-02-09T07:00:00.000,0.0,0.20000000298023224
-144,Tà Hừa,2025-02-09T08:00:00.000,0.0,0.20000000298023224
-144,Tà Hừa,2025-02-09T09:00:00.000,0.0,0.20000000298023224
-144,Tà Hừa,2025-02-09T10:00:00.000,0.0,0.20000000298023224
-144,Tà Hừa,2025-02-09T11:00:00.000,0.0,0.20000000298023224
-144,Tà Hừa,2025-02-09T12:00:00.000,0.0,0.20000000298023224
-144,Tà Hừa,2025-02-09T13:00:00.000,0.0,0.20000000298023224
-144,Tà Hừa,2025-02-09T14:00:00.000,0.0,0.20000000298023224
-144,Tà Hừa,2025-02-09T15:00:00.000,0.0,0.20000000298023224
-144,Tà Hừa,2025-02-09T16:00:00.000,0.0,0.20000000298023224
-144,Tà Hừa,2025-02-09T17:00:00.000,0.0,0.20000000298023224
-144,Tà Hừa,2025-02-09T18:00:00.000,0.0,0.20000000298023224
-144,Tà Hừa,2025-02-09T19:00:00.000,0.0,0.20000000298023224
-144,Tà Hừa,2025-02-09T20:00:00.000,0.0,0.20000000298023224
-144,Tà Hừa,2025-02-09T21:00:00.000,0.0,0.20000000298023224
-144,Tà Hừa,2025-02-09T22:00:00.000,0.0,0.20000000298023224
-144,Tà Hừa,2025-02-09T23:00:00.000,0.0,0.20000000298023224
-144,Tà Hừa,2025-02-10T00:00:00.000,0.0,0.0
-144,Tà Hừa,2025-02-10T01:00:00.000,0.0,0.0
-144,Tà Hừa,2025-02-10T02:00:00.000,0.0,0.0
-144,Tà Hừa,2025-02-10T03:00:00.000,0.0,0.0
-144,Tà Hừa,2025-02-10T04:00:00.000,0.0,0.0
-144,Tà Hừa,2025-02-10T05:00:00.000,0.0,0.0
-144,Tà Hừa,2025-02-10T06:00:00.000,0.0,0.0
-144,Tà Hừa,2025-02-10T07:00:00.000,0.20000000298023224,0.20000000298023224
-144,Tà Hừa,2025-02-10T08:00:00.000,0.0,0.20000000298023224
-144,Tà Hừa,2025-02-10T09:00:00.000,0.0,0.20000000298023224
-144,Tà Hừa,2025-02-10T10:00:00.000,0.0,0.20000000298023224
-144,Tà Hừa,2025-02-10T11:00:00.000,0.0,0.20000000298023224
-144,Tà Hừa,2025-02-10T12:00:00.000,0.0,0.20000000298023224
-144,Tà Hừa,2025-02-10T13:00:00.000,0.0,0.20000000298023224
-144,Tà Hừa,2025-02-10T14:00:00.000,0.0,0.20000000298023224
-144,Tà Hừa,2025-02-10T15:00:00.000,0.0,0.20000000298023224
-144,Tà Hừa,2025-02-10T16:00:00.000,0.0,0.20000000298023224
-144,Tà Hừa,2025-02-10T17:00:00.000,0.0,0.20000000298023224
-144,Tà Hừa,2025-02-10T18:00:00.000,0.0,0.20000000298023224
-144,Tà Hừa,2025-02-10T19:00:00.000,0.0,0.20000000298023224
-144,Tà Hừa,2025-02-10T20:00:00.000,0.0,0.20000000298023224
-144,Tà Hừa,2025-02-10T21:00:00.000,0.0,0.20000000298023224
-144,Tà Hừa,2025-02-10T22:00:00.000,0.0,0.20000000298023224
-144,Tà Hừa,2025-02-10T23:00:00.000,0.0,0.20000000298023224
-144,Tà Hừa,2025-02-11T00:00:00.000,0.0,0.0
-144,Tà Hừa,2025-02-11T01:00:00.000,0.0,0.0
-144,Tà Hừa,2025-02-11T02:00:00.000,0.0,0.0
-144,Tà Hừa,2025-02-11T03:00:00.000,0.0,0.0
-144,Tà Hừa,2025-02-11T04:00:00.000,0.0,0.0
-144,Tà Hừa,2025-02-11T05:00:00.000,0.0,0.0
-144,Tà Hừa,2025-02-11T06:00:00.000,0.0,0.0
-144,Tà Hừa,2025-02-11T07:00:00.000,0.0,0.0
-144,Tà Hừa,2025-02-11T08:00:00.000,0.0,0.0
-144,Tà Hừa,2025-02-11T09:00:00.000,0.0,0.0
-144,Tà Hừa,2025-02-11T10:00:00.000,0.0,0.0
-144,Tà Hừa,2025-02-11T11:00:00.000,0.0,0.0
-144,Tà Hừa,2025-02-11T12:00:00.000,0.0,0.0
-144,Tà Hừa,2025-02-11T13:00:00.000,0.0,0.0
-144,Tà Hừa,2025-02-11T14:00:00.000,0.0,0.0
-144,Tà Hừa,2025-02-11T15:00:00.000,0.0,0.0
-144,Tà Hừa,2025-02-11T16:00:00.000,0.0,0.0
-144,Tà Hừa,2025-02-11T17:00:00.000,0.0,0.0
-144,Tà Hừa,2025-02-11T18:00:00.000,0.0,0.0
-144,Tà Hừa,2025-02-11T19:00:00.000,0.0,0.0
-144,Tà Hừa,2025-02-11T20:00:00.000,0.0,0.0
-144,Tà Hừa,2025-02-11T21:00:00.000,0.0,0.0
-144,Tà Hừa,2025-02-11T22:00:00.000,0.0,0.0
-144,Tà Hừa,2025-02-11T23:00:00.000,0.0,0.0
-144,Tà Hừa,2025-02-12T00:00:00.000,0.0,0.0
-144,Tà Hừa,2025-02-12T01:00:00.000,0.0,0.0
-144,Tà Hừa,2025-02-12T02:00:00.000,0.0,0.0
-144,Tà Hừa,2025-02-12T03:00:00.000,0.0,0.0
-144,Tà Hừa,2025-02-12T04:00:00.000,0.0,0.0
-144,Tà Hừa,2025-02-12T05:00:00.000,0.0,0.0
-144,Tà Hừa,2025-02-12T06:00:00.000,0.0,0.0
-144,Tà Hừa,2025-02-12T07:00:00.000,0.0,0.0
-144,Tà Hừa,2025-02-12T08:00:00.000,0.0,0.0
-144,Tà Hừa,2025-02-12T09:00:00.000,0.0,0.0
-144,Tà Hừa,2025-02-12T10:00:00.000,0.0,0.0
-144,Tà Hừa,2025-02-12T11:00:00.000,0.0,0.0
-144,Tà Hừa,2025-02-12T12:00:00.000,0.0,0.0
-144,Tà Hừa,2025-02-12T13:00:00.000,0.0,0.0
-144,Tà Hừa,2025-02-12T14:00:00.000,0.0,0.0
-144,Tà Hừa,2025-02-12T15:00:00.000,0.0,0.0
-144,Tà Hừa,2025-02-12T16:00:00.000,0.0,0.0
-144,Tà Hừa,2025-02-12T17:00:00.000,0.0,0.0
-144,Tà Hừa,2025-02-12T18:00:00.000,0.0,0.0
-144,Tà Hừa,2025-02-12T19:00:00.000,0.0,0.0
-144,Tà Hừa,2025-02-12T20:00:00.000,0.0,0.0
-144,Tà Hừa,2025-02-12T21:00:00.000,0.0,0.0
-144,Tà Hừa,2025-02-12T22:00:00.000,0.0,0.0
-144,Tà Hừa,2025-02-12T23:00:00.000,0.0,0.0
-144,Tà Hừa,2025-02-13T00:00:00.000,0.0,0.0
-144,Tà Hừa,2025-02-13T01:00:00.000,0.0,0.0
-144,Tà Hừa,2025-02-13T02:00:00.000,0.0,0.0
-144,Tà Hừa,2025-02-13T03:00:00.000,0.0,0.0
-144,Tà Hừa,2025-02-13T04:00:00.000,0.0,0.0
-144,Tà Hừa,2025-02-13T05:00:00.000,0.0,0.0
-144,Tà Hừa,2025-02-13T06:00:00.000,0.0,0.0
-144,Tà Hừa,2025-02-13T07:00:00.000,0.0,0.0
-144,Tà Hừa,2025-02-13T08:00:00.000,0.0,0.0
-144,Tà Hừa,2025-02-13T09:00:00.000,0.0,0.0
-144,Tà Hừa,2025-02-13T10:00:00.000,0.0,0.0
-144,Tà Hừa,2025-02-13T11:00:00.000,0.0,0.0
-144,Tà Hừa,2025-02-13T12:00:00.000,0.0,0.0
-144,Tà Hừa,2025-02-13T13:00:00.000,0.0,0.0
-144,Tà Hừa,2025-02-13T14:00:00.000,0.0,0.0
-144,Tà Hừa,2025-02-13T15:00:00.000,0.0,0.0
-144,Tà Hừa,2025-02-13T16:00:00.000,0.0,0.0
-144,Tà Hừa,2025-02-13T17:00:00.000,0.0,0.0
-144,Tà Hừa,2025-02-13T18:00:00.000,0.0,0.0
-144,Tà Hừa,2025-02-13T19:00:00.000,0.0,0.0
-144,Tà Hừa,2025-02-13T20:00:00.000,0.0,0.0
-144,Tà Hừa,2025-02-13T21:00:00.000,0.0,0.0
-144,Tà Hừa,2025-02-13T22:00:00.000,0.0,0.0
-144,Tà Hừa,2025-02-13T23:00:00.000,0.0,0.0
-144,Tà Hừa,2025-02-14T00:00:00.000,0.0,0.0
-144,Tà Hừa,2025-02-14T01:00:00.000,0.0,0.0
-144,Tà Hừa,2025-02-14T02:00:00.000,0.0,0.0
-144,Tà Hừa,2025-02-14T03:00:00.000,0.0,0.0
-144,Tà Hừa,2025-02-14T04:00:00.000,0.0,0.0
-144,Tà Hừa,2025-02-14T05:00:00.000,0.0,0.0
-144,Tà Hừa,2025-02-14T06:00:00.000,0.0,0.0
-144,Tà Hừa,2025-02-14T07:00:00.000,0.0,0.0
-144,Tà Hừa,2025-02-14T08:00:00.000,0.0,0.0
-144,Tà Hừa,2025-02-14T09:00:00.000,0.0,0.0
-144,Tà Hừa,2025-02-14T10:00:00.000,0.0,0.0
-144,Tà Hừa,2025-02-14T11:00:00.000,0.0,0.0
-144,Tà Hừa,2025-02-14T12:00:00.000,0.0,0.0
-144,Tà Hừa,2025-02-14T13:00:00.000,0.0,0.0
-144,Tà Hừa,2025-02-14T14:00:00.000,0.0,0.0
-144,Tà Hừa,2025-02-14T15:00:00.000,0.0,0.0
-144,Tà Hừa,2025-02-14T16:00:00.000,0.0,0.0
-144,Tà Hừa,2025-02-14T17:00:00.000,0.0,0.0
-144,Tà Hừa,2025-02-14T18:00:00.000,0.0,0.0
-144,Tà Hừa,2025-02-14T19:00:00.000,0.0,0.0
-144,Tà Hừa,2025-02-14T20:00:00.000,0.0,0.0
-144,Tà Hừa,2025-02-14T21:00:00.000,0.0,0.0
-144,Tà Hừa,2025-02-14T22:00:00.000,0.0,0.0
-144,Tà Hừa,2025-02-14T23:00:00.000,0.0,0.0
-144,Tà Hừa,2025-02-15T00:00:00.000,0.0,0.0
-144,Tà Hừa,2025-02-15T01:00:00.000,0.0,0.0
-144,Tà Hừa,2025-02-15T02:00:00.000,0.0,0.0
-144,Tà Hừa,2025-02-15T03:00:00.000,0.0,0.0
-144,Tà Hừa,2025-02-15T04:00:00.000,0.0,0.0
-144,Tà Hừa,2025-02-15T05:00:00.000,0.0,0.0
-144,Tà Hừa,2025-02-15T06:00:00.000,0.0,0.0
-144,Tà Hừa,2025-02-15T07:00:00.000,0.0,0.0
-144,Tà Hừa,2025-02-15T08:00:00.000,0.0,0.0
-144,Tà Hừa,2025-02-15T09:00:00.000,0.0,0.0
-144,Tà Hừa,2025-02-15T10:00:00.000,0.0,0.0
-144,Tà Hừa,2025-02-15T11:00:00.000,0.0,0.0
-144,Tà Hừa,2025-02-15T12:00:00.000,0.0,0.0
-144,Tà Hừa,2025-02-15T13:00:00.000,0.0,0.0
-144,Tà Hừa,2025-02-15T14:00:00.000,0.0,0.0
-144,Tà Hừa,2025-02-15T15:00:00.000,0.0,0.0
-144,Tà Hừa,2025-02-15T16:00:00.000,0.0,0.0
-144,Tà Hừa,2025-02-15T17:00:00.000,0.0,0.0
-144,Tà Hừa,2025-02-15T18:00:00.000,0.0,0.0
-144,Tà Hừa,2025-02-15T19:00:00.000,0.0,0.0
-144,Tà Hừa,2025-02-15T20:00:00.000,0.0,0.0
-144,Tà Hừa,2025-02-15T21:00:00.000,0.0,0.0
-144,Tà Hừa,2025-02-15T22:00:00.000,0.0,0.0
-144,Tà Hừa,2025-02-15T23:00:00.000,0.0,0.0
-144,Tà Hừa,2025-02-16T00:00:00.000,0.0,0.0
-144,Tà Hừa,2025-02-16T01:00:00.000,0.0,0.0
-144,Tà Hừa,2025-02-16T02:00:00.000,0.0,0.0
-144,Tà Hừa,2025-02-16T03:00:00.000,0.0,0.0
-144,Tà Hừa,2025-02-16T04:00:00.000,0.0,0.0
-144,Tà Hừa,2025-02-16T05:00:00.000,0.0,0.0
-144,Tà Hừa,2025-02-16T06:00:00.000,0.0,0.0
-144,Tà Hừa,2025-02-16T07:00:00.000,0.0,0.0
-144,Tà Hừa,2025-02-16T08:00:00.000,0.0,0.0
-144,Tà Hừa,2025-02-16T09:00:00.000,0.0,0.0
-144,Tà Hừa,2025-02-16T10:00:00.000,0.0,0.0
-144,Tà Hừa,2025-02-16T11:00:00.000,0.0,0.0
-144,Tà Hừa,2025-02-16T12:00:00.000,0.0,0.0
-144,Tà Hừa,2025-02-16T13:00:00.000,0.0,0.0
-144,Tà Hừa,2025-02-16T14:00:00.000,0.0,0.0
-144,Tà Hừa,2025-02-16T15:00:00.000,0.0,0.0
-144,Tà Hừa,2025-02-16T16:00:00.000,0.0,0.0
-144,Tà Hừa,2025-02-16T17:00:00.000,0.0,0.0
-144,Tà Hừa,2025-02-16T18:00:00.000,0.0,0.0
-144,Tà Hừa,2025-02-16T19:00:00.000,0.0,0.0
-144,Tà Hừa,2025-02-16T20:00:00.000,0.0,0.0
-144,Tà Hừa,2025-02-16T21:00:00.000,0.0,0.0
-144,Tà Hừa,2025-02-16T22:00:00.000,0.0,0.0
-144,Tà Hừa,2025-02-16T23:00:00.000,0.0,0.0
-144,Tà Hừa,2025-02-17T00:00:00.000,0.0,0.0
-144,Tà Hừa,2025-02-17T01:00:00.000,0.0,0.0
-144,Tà Hừa,2025-02-17T02:00:00.000,0.0,0.0
-144,Tà Hừa,2025-02-17T03:00:00.000,0.0,0.0
-144,Tà Hừa,2025-02-17T04:00:00.000,0.0,0.0
-144,Tà Hừa,2025-02-17T05:00:00.000,0.0,0.0
-144,Tà Hừa,2025-02-17T06:00:00.000,0.0,0.0
-144,Tà Hừa,2025-02-17T07:00:00.000,0.0,0.0
-144,Tà Hừa,2025-02-17T08:00:00.000,0.0,0.0
-144,Tà Hừa,2025-02-17T09:00:00.000,0.0,0.0
-144,Tà Hừa,2025-02-17T10:00:00.000,0.0,0.0
-144,Tà Hừa,2025-02-17T11:00:00.000,0.0,0.0
-144,Tà Hừa,2025-02-17T12:00:00.000,0.0,0.0
-144,Tà Hừa,2025-02-17T13:00:00.000,0.0,0.0
-144,Tà Hừa,2025-02-17T14:00:00.000,0.0,0.0
-144,Tà Hừa,2025-02-17T15:00:00.000,0.0,0.0
-144,Tà Hừa,2025-02-17T16:00:00.000,0.0,0.0
-144,Tà Hừa,2025-02-17T17:00:00.000,0.0,0.0
-144,Tà Hừa,2025-02-17T18:00:00.000,0.0,0.0
-144,Tà Hừa,2025-02-17T19:00:00.000,0.0,0.0
-144,Tà Hừa,2025-02-17T20:00:00.000,0.0,0.0
-144,Tà Hừa,2025-02-17T21:00:00.000,0.0,0.0
-144,Tà Hừa,2025-02-17T22:00:00.000,0.0,0.0
-144,Tà Hừa,2025-02-17T23:00:00.000,0.0,0.0
-144,Tà Hừa,2025-02-18T00:00:00.000,0.0,0.0
-144,Tà Hừa,2025-02-18T01:00:00.000,0.0,0.0
-144,Tà Hừa,2025-02-18T02:00:00.000,0.0,0.0
-144,Tà Hừa,2025-02-18T03:00:00.000,0.0,0.0
-144,Tà Hừa,2025-02-18T04:00:00.000,,0.0
-144,Tà Hừa,2025-02-18T05:00:00.000,0.0,0.0
-144,Tà Hừa,2025-02-18T06:00:00.000,0.0,0.0
-144,Tà Hừa,2025-02-18T07:00:00.000,,0.0
-144,Tà Hừa,2025-02-18T08:00:00.000,,0.0
-144,Tà Hừa,2025-02-18T09:00:00.000,0.0,0.0
-144,Tà Hừa,2025-02-18T10:00:00.000,0.0,0.0
-144,Tà Hừa,2025-02-18T11:00:00.000,0.0,0.0
-144,Tà Hừa,2025-02-18T12:00:00.000,0.0,0.0
-144,Tà Hừa,2025-02-18T13:00:00.000,0.0,0.0
-144,Tà Hừa,2025-02-18T14:00:00.000,0.0,0.0
-144,Tà Hừa,2025-02-18T15:00:00.000,0.0,0.0
-144,Tà Hừa,2025-02-18T16:00:00.000,0.0,0.0
-144,Tà Hừa,2025-02-18T17:00:00.000,0.0,0.0
-144,Tà Hừa,2025-02-18T18:00:00.000,0.0,0.0
-144,Tà Hừa,2025-02-18T19:00:00.000,0.0,0.0
-144,Tà Hừa,2025-02-18T20:00:00.000,0.0,0.0
-144,Tà Hừa,2025-02-18T21:00:00.000,0.0,0.0
-144,Tà Hừa,2025-02-18T22:00:00.000,0.0,0.0
-144,Tà Hừa,2025-02-18T23:00:00.000,0.0,0.0
-144,Tà Hừa,2025-02-19T00:00:00.000,0.0,0.0
-144,Tà Hừa,2025-02-19T01:00:00.000,0.0,0.0
-144,Tà Hừa,2025-02-19T02:00:00.000,0.0,0.0
-144,Tà Hừa,2025-02-19T03:00:00.000,0.0,0.0
-144,Tà Hừa,2025-02-19T04:00:00.000,0.0,0.0
-144,Tà Hừa,2025-02-19T05:00:00.000,0.0,0.0
-144,Tà Hừa,2025-02-19T06:00:00.000,0.0,0.0
-144,Tà Hừa,2025-02-19T07:00:00.000,0.0,0.0
-144,Tà Hừa,2025-02-19T08:00:00.000,0.0,0.0
-144,Tà Hừa,2025-02-19T09:00:00.000,0.0,0.0
-144,Tà Hừa,2025-02-19T10:00:00.000,0.0,0.0
-144,Tà Hừa,2025-02-19T11:00:00.000,0.0,0.0
-144,Tà Hừa,2025-02-19T12:00:00.000,0.0,0.0
-144,Tà Hừa,2025-02-19T13:00:00.000,0.0,0.0
-144,Tà Hừa,2025-02-19T14:00:00.000,0.0,0.0
-144,Tà Hừa,2025-02-19T15:00:00.000,0.0,0.0
-144,Tà Hừa,2025-02-19T16:00:00.000,0.0,0.0
-144,Tà Hừa,2025-02-19T17:00:00.000,0.0,0.0
-144,Tà Hừa,2025-02-19T18:00:00.000,0.0,0.0
-144,Tà Hừa,2025-02-19T19:00:00.000,0.0,0.0
-144,Tà Hừa,2025-02-19T20:00:00.000,0.0,0.0
-144,Tà Hừa,2025-02-19T21:00:00.000,0.0,0.0
-144,Tà Hừa,2025-02-19T22:00:00.000,0.0,0.0
-144,Tà Hừa,2025-02-19T23:00:00.000,0.0,0.0
-144,Tà Hừa,2025-02-20T00:00:00.000,0.0,0.0
-144,Tà Hừa,2025-02-20T01:00:00.000,0.0,0.0
-144,Tà Hừa,2025-02-20T02:00:00.000,0.0,0.0
-144,Tà Hừa,2025-02-20T03:00:00.000,0.0,0.0
-144,Tà Hừa,2025-02-20T04:00:00.000,0.0,0.0
-144,Tà Hừa,2025-02-20T05:00:00.000,0.0,0.0
-144,Tà Hừa,2025-02-20T06:00:00.000,0.0,0.0
-144,Tà Hừa,2025-02-20T07:00:00.000,0.0,0.0
-144,Tà Hừa,2025-02-20T08:00:00.000,0.0,0.0
-144,Tà Hừa,2025-02-20T09:00:00.000,0.0,0.0
-144,Tà Hừa,2025-02-20T10:00:00.000,4.599999904632568,4.599999904632568
-144,Tà Hừa,2025-02-20T11:00:00.000,0.0,4.599999904632568
-144,Tà Hừa,2025-02-20T12:00:00.000,0.0,4.599999904632568
-144,Tà Hừa,2025-02-20T13:00:00.000,0.0,4.599999904632568
-144,Tà Hừa,2025-02-20T14:00:00.000,0.0,4.599999904632568
-144,Tà Hừa,2025-02-20T15:00:00.000,0.0,4.599999904632568
-144,Tà Hừa,2025-02-20T16:00:00.000,0.0,4.599999904632568
-144,Tà Hừa,2025-02-20T17:00:00.000,0.0,4.599999904632568
-144,Tà Hừa,2025-02-20T18:00:00.000,0.0,4.599999904632568
-144,Tà Hừa,2025-02-20T19:00:00.000,0.0,4.599999904632568
-144,Tà Hừa,2025-02-20T20:00:00.000,0.0,4.599999904632568
-144,Tà Hừa,2025-02-20T21:00:00.000,0.0,4.599999904632568
-144,Tà Hừa,2025-02-20T22:00:00.000,0.0,4.599999904632568
-144,Tà Hừa,2025-02-20T23:00:00.000,0.0,4.599999904632568
-144,Tà Hừa,2025-02-21T00:00:00.000,0.0,0.0
-144,Tà Hừa,2025-02-21T01:00:00.000,0.0,0.0
-144,Tà Hừa,2025-02-21T02:00:00.000,0.0,0.0
-144,Tà Hừa,2025-02-21T03:00:00.000,0.0,0.0
-144,Tà Hừa,2025-02-21T04:00:00.000,0.0,0.0
-144,Tà Hừa,2025-02-21T05:00:00.000,0.0,0.0
-144,Tà Hừa,2025-02-21T06:00:00.000,0.0,0.0
-144,Tà Hừa,2025-02-21T07:00:00.000,0.0,0.0
-144,Tà Hừa,2025-02-21T08:00:00.000,0.0,0.0
-144,Tà Hừa,2025-02-21T09:00:00.000,0.0,0.0
-144,Tà Hừa,2025-02-21T10:00:00.000,0.0,0.0
-144,Tà Hừa,2025-02-21T11:00:00.000,0.0,0.0
-144,Tà Hừa,2025-02-21T12:00:00.000,0.0,0.0
-144,Tà Hừa,2025-02-21T13:00:00.000,0.0,0.0
-144,Tà Hừa,2025-02-21T14:00:00.000,0.0,0.0
-144,Tà Hừa,2025-02-21T15:00:00.000,0.0,0.0
-144,Tà Hừa,2025-02-21T16:00:00.000,0.0,0.0
-144,Tà Hừa,2025-02-21T17:00:00.000,0.20000000298023224,0.20000000298023224
-144,Tà Hừa,2025-02-21T18:00:00.000,0.0,0.20000000298023224
-144,Tà Hừa,2025-02-21T19:00:00.000,0.0,0.20000000298023224
-144,Tà Hừa,2025-02-21T20:00:00.000,0.0,0.20000000298023224
-144,Tà Hừa,2025-02-21T21:00:00.000,1.600000023841858,1.8000000268220901
-144,Tà Hừa,2025-02-21T22:00:00.000,0.0,1.8000000268220901
-144,Tà Hừa,2025-02-21T23:00:00.000,0.0,1.8000000268220901
-144,Tà Hừa,2025-02-22T00:00:00.000,0.0,1.600000023841858
-144,Tà Hừa,2025-02-22T01:00:00.000,0.0,1.600000023841858
-144,Tà Hừa,2025-02-22T02:00:00.000,0.0,1.600000023841858
-144,Tà Hừa,2025-02-22T03:00:00.000,0.0,1.600000023841858
-144,Tà Hừa,2025-02-22T04:00:00.000,0.0,1.600000023841858
-144,Tà Hừa,2025-02-22T05:00:00.000,0.0,1.600000023841858
-144,Tà Hừa,2025-02-22T06:00:00.000,0.0,1.600000023841858
-144,Tà Hừa,2025-02-22T07:00:00.000,0.0,1.600000023841858
-144,Tà Hừa,2025-02-22T08:00:00.000,0.20000000298023224,1.8000000268220901
-144,Tà Hừa,2025-02-22T09:00:00.000,0.0,1.8000000268220901
-144,Tà Hừa,2025-02-22T10:00:00.000,0.0,1.8000000268220901
-144,Tà Hừa,2025-02-22T11:00:00.000,0.0,1.8000000268220901
-144,Tà Hừa,2025-02-22T12:00:00.000,0.0,1.8000000268220901
-144,Tà Hừa,2025-02-22T13:00:00.000,0.0,1.8000000268220901
-144,Tà Hừa,2025-02-22T14:00:00.000,0.0,1.8000000268220901
-144,Tà Hừa,2025-02-22T15:00:00.000,0.0,1.8000000268220901
-144,Tà Hừa,2025-02-22T16:00:00.000,0.0,1.8000000268220901
-144,Tà Hừa,2025-02-22T17:00:00.000,0.0,1.8000000268220901
-144,Tà Hừa,2025-02-22T18:00:00.000,0.0,1.8000000268220901
-144,Tà Hừa,2025-02-22T19:00:00.000,0.0,1.8000000268220901
-144,Tà Hừa,2025-02-22T20:00:00.000,0.0,1.8000000268220901
-144,Tà Hừa,2025-02-22T21:00:00.000,0.0,1.8000000268220901
-144,Tà Hừa,2025-02-22T22:00:00.000,0.0,1.8000000268220901
-144,Tà Hừa,2025-02-22T23:00:00.000,0.0,1.8000000268220901
-144,Tà Hừa,2025-02-23T00:00:00.000,0.0,0.0
-144,Tà Hừa,2025-02-23T01:00:00.000,0.0,0.0
-144,Tà Hừa,2025-02-23T02:00:00.000,0.0,0.0
-144,Tà Hừa,2025-02-23T03:00:00.000,0.0,0.0
-144,Tà Hừa,2025-02-23T04:00:00.000,0.0,0.0
-144,Tà Hừa,2025-02-23T05:00:00.000,0.0,0.0
-144,Tà Hừa,2025-02-23T06:00:00.000,0.0,0.0
-144,Tà Hừa,2025-02-23T07:00:00.000,0.0,0.0
-144,Tà Hừa,2025-02-23T08:00:00.000,0.0,0.0
-144,Tà Hừa,2025-02-23T09:00:00.000,0.0,0.0
-144,Tà Hừa,2025-02-23T10:00:00.000,0.0,0.0
-144,Tà Hừa,2025-02-23T11:00:00.000,0.0,0.0
-144,Tà Hừa,2025-02-23T12:00:00.000,0.0,0.0
-144,Tà Hừa,2025-02-23T13:00:00.000,0.0,0.0
-144,Tà Hừa,2025-02-23T14:00:00.000,0.0,0.0
-144,Tà Hừa,2025-02-23T15:00:00.000,0.0,0.0
-144,Tà Hừa,2025-02-23T16:00:00.000,0.0,0.0
-144,Tà Hừa,2025-02-23T17:00:00.000,0.0,0.0
-144,Tà Hừa,2025-02-23T18:00:00.000,0.0,0.0
-144,Tà Hừa,2025-02-23T19:00:00.000,0.0,0.0
-144,Tà Hừa,2025-02-23T20:00:00.000,0.0,0.0
-144,Tà Hừa,2025-02-23T21:00:00.000,0.0,0.0
-144,Tà Hừa,2025-02-23T22:00:00.000,0.0,0.0
-144,Tà Hừa,2025-02-23T23:00:00.000,0.0,0.0
-144,Tà Hừa,2025-02-24T00:00:00.000,0.0,0.0
-144,Tà Hừa,2025-02-24T01:00:00.000,0.0,0.0
-144,Tà Hừa,2025-02-24T02:00:00.000,0.0,0.0
-144,Tà Hừa,2025-02-24T03:00:00.000,0.0,0.0
-144,Tà Hừa,2025-02-24T04:00:00.000,0.0,0.0
-144,Tà Hừa,2025-02-24T05:00:00.000,0.0,0.0
-144,Tà Hừa,2025-02-24T06:00:00.000,0.0,0.0
-144,Tà Hừa,2025-02-24T07:00:00.000,0.0,0.0
-144,Tà Hừa,2025-02-24T08:00:00.000,0.20000000298023224,0.20000000298023224
-144,Tà Hừa,2025-02-24T09:00:00.000,0.20000000298023224,0.4000000059604645
-144,Tà Hừa,2025-02-24T10:00:00.000,1.7999999523162842,2.1999999582767487
-144,Tà Hừa,2025-02-24T11:00:00.000,0.0,2.1999999582767487
-144,Tà Hừa,2025-02-24T12:00:00.000,0.20000000298023224,2.399999961256981
-144,Tà Hừa,2025-02-24T13:00:00.000,0.0,2.399999961256981
-144,Tà Hừa,2025-02-24T14:00:00.000,0.0,2.399999961256981
-144,Tà Hừa,2025-02-24T15:00:00.000,0.20000000298023224,2.599999964237213
-144,Tà Hừa,2025-02-24T16:00:00.000,0.0,2.599999964237213
-144,Tà Hừa,2025-02-24T17:00:00.000,0.0,2.599999964237213
-144,Tà Hừa,2025-02-24T18:00:00.000,0.20000000298023224,2.7999999672174454
-144,Tà Hừa,2025-02-24T19:00:00.000,0.0,2.7999999672174454
-144,Tà Hừa,2025-02-24T20:00:00.000,0.0,2.7999999672174454
-144,Tà Hừa,2025-02-24T21:00:00.000,0.0,2.7999999672174454
-144,Tà Hừa,2025-02-24T22:00:00.000,0.0,2.7999999672174454
-144,Tà Hừa,2025-02-24T23:00:00.000,0.0,2.7999999672174454
-144,Tà Hừa,2025-02-25T00:00:00.000,0.0,0.0
-144,Tà Hừa,2025-02-25T01:00:00.000,0.0,0.0
-144,Tà Hừa,2025-02-25T02:00:00.000,1.2000000476837158,1.2000000476837158
-144,Tà Hừa,2025-02-25T03:00:00.000,0.20000000298023224,1.400000050663948
-144,Tà Hừa,2025-02-25T04:00:00.000,0.0,1.400000050663948
-144,Tà Hừa,2025-02-25T05:00:00.000,0.0,1.400000050663948
-144,Tà Hừa,2025-02-25T06:00:00.000,0.0,1.400000050663948
-144,Tà Hừa,2025-02-25T07:00:00.000,0.0,1.400000050663948
-144,Tà Hừa,2025-02-25T08:00:00.000,0.0,1.400000050663948
-144,Tà Hừa,2025-02-25T09:00:00.000,0.0,1.400000050663948
-144,Tà Hừa,2025-02-25T10:00:00.000,0.0,1.400000050663948
-144,Tà Hừa,2025-02-25T11:00:00.000,0.0,1.400000050663948
-144,Tà Hừa,2025-02-25T12:00:00.000,0.0,1.400000050663948
-144,Tà Hừa,2025-02-25T13:00:00.000,0.0,1.400000050663948
-144,Tà Hừa,2025-02-25T14:00:00.000,0.0,1.400000050663948
-144,Tà Hừa,2025-02-25T15:00:00.000,0.0,1.400000050663948
-144,Tà Hừa,2025-02-25T16:00:00.000,0.0,1.400000050663948
-144,Tà Hừa,2025-02-25T17:00:00.000,1.2000000476837158,2.600000098347664
-144,Tà Hừa,2025-02-25T18:00:00.000,0.20000000298023224,2.800000101327896
-144,Tà Hừa,2025-02-25T19:00:00.000,0.0,2.800000101327896
-144,Tà Hừa,2025-02-25T20:00:00.000,0.0,2.800000101327896
-144,Tà Hừa,2025-02-25T21:00:00.000,0.0,2.800000101327896
-144,Tà Hừa,2025-02-25T22:00:00.000,0.0,2.800000101327896
-144,Tà Hừa,2025-02-25T23:00:00.000,0.0,2.800000101327896
-144,Tà Hừa,2025-02-26T00:00:00.000,0.0,0.0
-144,Tà Hừa,2025-02-26T01:00:00.000,0.0,0.0
-144,Tà Hừa,2025-02-26T02:00:00.000,0.0,0.0
-144,Tà Hừa,2025-02-26T03:00:00.000,0.20000000298023224,0.20000000298023224
-144,Tà Hừa,2025-02-26T04:00:00.000,0.0,0.20000000298023224
-144,Tà Hừa,2025-02-26T05:00:00.000,0.0,0.20000000298023224
-144,Tà Hừa,2025-02-26T06:00:00.000,0.0,0.20000000298023224
-144,Tà Hừa,2025-02-26T07:00:00.000,0.0,0.20000000298023224
-144,Tà Hừa,2025-02-26T08:00:00.000,0.6000000238418579,0.8000000268220901
-144,Tà Hừa,2025-02-26T09:00:00.000,5.0,5.80000002682209
-144,Tà Hừa,2025-02-26T10:00:00.000,0.800000011920929,6.600000038743019
-144,Tà Hừa,2025-02-26T11:00:00.000,0.0,6.600000038743019
-144,Tà Hừa,2025-02-26T12:00:00.000,0.0,6.600000038743019
-144,Tà Hừa,2025-02-26T13:00:00.000,0.0,6.600000038743019
-144,Tà Hừa,2025-02-26T14:00:00.000,0.0,6.600000038743019
-144,Tà Hừa,2025-02-26T15:00:00.000,0.0,6.600000038743019
-144,Tà Hừa,2025-02-26T16:00:00.000,0.0,6.600000038743019
-144,Tà Hừa,2025-02-26T17:00:00.000,0.0,6.600000038743019
-144,Tà Hừa,2025-02-26T18:00:00.000,0.0,6.600000038743019
-144,Tà Hừa,2025-02-26T19:00:00.000,0.0,6.600000038743019
-144,Tà Hừa,2025-02-26T20:00:00.000,0.0,6.600000038743019
-144,Tà Hừa,2025-02-26T21:00:00.000,0.0,6.600000038743019
-144,Tà Hừa,2025-02-26T22:00:00.000,0.0,6.600000038743019
-144,Tà Hừa,2025-02-26T23:00:00.000,0.0,6.600000038743019
-144,Tà Hừa,2025-02-27T00:00:00.000,0.0,0.0
-144,Tà Hừa,2025-02-27T01:00:00.000,0.0,0.0
-144,Tà Hừa,2025-02-27T02:00:00.000,0.0,0.0
-144,Tà Hừa,2025-02-27T03:00:00.000,0.0,0.0
-144,Tà Hừa,2025-02-27T04:00:00.000,0.0,0.0
-144,Tà Hừa,2025-02-27T05:00:00.000,0.0,0.0
-144,Tà Hừa,2025-02-27T06:00:00.000,0.0,0.0
-144,Tà Hừa,2025-02-27T07:00:00.000,0.0,0.0
-144,Tà Hừa,2025-02-27T08:00:00.000,0.0,0.0
-144,Tà Hừa,2025-02-27T09:00:00.000,0.0,0.0
-144,Tà Hừa,2025-02-27T10:00:00.000,0.0,0.0
-144,Tà Hừa,2025-02-27T11:00:00.000,0.0,0.0
-144,Tà Hừa,2025-02-27T12:00:00.000,0.0,0.0
-144,Tà Hừa,2025-02-27T13:00:00.000,0.0,0.0
-144,Tà Hừa,2025-02-27T14:00:00.000,0.0,0.0
-144,Tà Hừa,2025-02-27T15:00:00.000,0.0,0.0
-144,Tà Hừa,2025-02-27T16:00:00.000,0.0,0.0
-144,Tà Hừa,2025-02-27T17:00:00.000,0.0,0.0
-144,Tà Hừa,2025-02-27T18:00:00.000,0.0,0.0
-144,Tà Hừa,2025-02-27T19:00:00.000,0.0,0.0
-144,Tà Hừa,2025-02-27T20:00:00.000,0.0,0.0
-144,Tà Hừa,2025-02-27T21:00:00.000,0.0,0.0
-144,Tà Hừa,2025-02-27T22:00:00.000,0.0,0.0
-144,Tà Hừa,2025-02-27T23:00:00.000,0.0,0.0
-144,Tà Hừa,2025-02-28T00:00:00.000,0.0,0.0
-144,Tà Hừa,2025-02-28T01:00:00.000,0.0,0.0
-144,Tà Hừa,2025-02-28T02:00:00.000,0.0,0.0
-144,Tà Hừa,2025-02-28T03:00:00.000,0.0,0.0
-144,Tà Hừa,2025-02-28T04:00:00.000,0.0,0.0
-144,Tà Hừa,2025-02-28T05:00:00.000,0.0,0.0
-144,Tà Hừa,2025-02-28T06:00:00.000,0.0,0.0
-144,Tà Hừa,2025-02-28T07:00:00.000,0.0,0.0
-144,Tà Hừa,2025-02-28T08:00:00.000,0.0,0.0
-144,Tà Hừa,2025-02-28T09:00:00.000,0.0,0.0
-144,Tà Hừa,2025-02-28T10:00:00.000,0.0,0.0
-144,Tà Hừa,2025-02-28T11:00:00.000,0.0,0.0
-144,Tà Hừa,2025-02-28T12:00:00.000,0.0,0.0
-144,Tà Hừa,2025-02-28T13:00:00.000,0.0,0.0
-144,Tà Hừa,2025-02-28T14:00:00.000,0.0,0.0
-144,Tà Hừa,2025-02-28T15:00:00.000,0.0,0.0
-144,Tà Hừa,2025-02-28T16:00:00.000,0.0,0.0
-144,Tà Hừa,2025-02-28T17:00:00.000,0.0,0.0
-144,Tà Hừa,2025-02-28T18:00:00.000,0.0,0.0
-144,Tà Hừa,2025-02-28T19:00:00.000,0.0,0.0
-144,Tà Hừa,2025-02-28T20:00:00.000,0.0,0.0
-144,Tà Hừa,2025-02-28T21:00:00.000,0.0,0.0
-144,Tà Hừa,2025-02-28T22:00:00.000,0.0,0.0
-144,Tà Hừa,2025-02-28T23:00:00.000,0.0,0.0
-144,Tà Hừa,2025-03-01T00:00:00.000,0.0,0.0
-144,Tà Hừa,2025-03-01T01:00:00.000,0.0,0.0
-144,Tà Hừa,2025-03-01T02:00:00.000,0.0,0.0
-144,Tà Hừa,2025-03-01T03:00:00.000,0.0,0.0
-144,Tà Hừa,2025-03-01T04:00:00.000,0.0,0.0
-144,Tà Hừa,2025-03-01T05:00:00.000,0.0,0.0
-144,Tà Hừa,2025-03-01T06:00:00.000,0.0,0.0
-144,Tà Hừa,2025-03-01T07:00:00.000,0.0,0.0
-144,Tà Hừa,2025-03-01T08:00:00.000,0.0,0.0
-144,Tà Hừa,2025-03-01T09:00:00.000,0.0,0.0
-144,Tà Hừa,2025-03-01T10:00:00.000,0.0,0.0
-144,Tà Hừa,2025-03-01T11:00:00.000,0.0,0.0
-144,Tà Hừa,2025-03-01T12:00:00.000,0.0,0.0
-144,Tà Hừa,2025-03-01T13:00:00.000,0.0,0.0
-144,Tà Hừa,2025-03-01T14:00:00.000,0.0,0.0
-144,Tà Hừa,2025-03-01T15:00:00.000,0.0,0.0
-144,Tà Hừa,2025-03-01T16:00:00.000,0.0,0.0
-144,Tà Hừa,2025-03-01T17:00:00.000,0.0,0.0
-144,Tà Hừa,2025-03-01T18:00:00.000,0.0,0.0
-144,Tà Hừa,2025-03-01T19:00:00.000,0.0,0.0
-144,Tà Hừa,2025-03-01T20:00:00.000,0.0,0.0
-144,Tà Hừa,2025-03-01T21:00:00.000,0.0,0.0
-144,Tà Hừa,2025-03-01T22:00:00.000,0.0,0.0
-144,Tà Hừa,2025-03-01T23:00:00.000,0.0,0.0
-144,Tà Hừa,2025-03-02T00:00:00.000,0.0,0.0
-144,Tà Hừa,2025-03-02T01:00:00.000,0.0,0.0
-144,Tà Hừa,2025-03-02T02:00:00.000,0.0,0.0
-144,Tà Hừa,2025-03-02T03:00:00.000,0.0,0.0
-144,Tà Hừa,2025-03-02T04:00:00.000,0.0,0.0
-144,Tà Hừa,2025-03-02T05:00:00.000,0.0,0.0
-144,Tà Hừa,2025-03-02T06:00:00.000,0.0,0.0
-144,Tà Hừa,2025-03-02T07:00:00.000,0.0,0.0
-144,Tà Hừa,2025-03-02T08:00:00.000,0.0,0.0
-144,Tà Hừa,2025-03-02T09:00:00.000,0.0,0.0
-144,Tà Hừa,2025-03-02T10:00:00.000,0.0,0.0
-144,Tà Hừa,2025-03-02T11:00:00.000,0.0,0.0
-144,Tà Hừa,2025-03-02T12:00:00.000,0.0,0.0
-144,Tà Hừa,2025-03-02T13:00:00.000,0.0,0.0
-144,Tà Hừa,2025-03-02T14:00:00.000,0.0,0.0
-144,Tà Hừa,2025-03-02T15:00:00.000,0.0,0.0
-144,Tà Hừa,2025-03-02T16:00:00.000,0.0,0.0
-144,Tà Hừa,2025-03-02T17:00:00.000,0.0,0.0
-144,Tà Hừa,2025-03-02T18:00:00.000,0.0,0.0
-144,Tà Hừa,2025-03-02T19:00:00.000,0.0,0.0
-144,Tà Hừa,2025-03-02T20:00:00.000,0.0,0.0
-144,Tà Hừa,2025-03-02T21:00:00.000,0.0,0.0
-144,Tà Hừa,2025-03-02T22:00:00.000,0.0,0.0
-144,Tà Hừa,2025-03-02T23:00:00.000,0.0,0.0
-144,Tà Hừa,2025-03-03T00:00:00.000,0.0,0.0
-144,Tà Hừa,2025-03-03T01:00:00.000,0.0,0.0
-144,Tà Hừa,2025-03-03T02:00:00.000,0.0,0.0
-144,Tà Hừa,2025-03-03T03:00:00.000,0.0,0.0
-144,Tà Hừa,2025-03-03T04:00:00.000,0.0,0.0
-144,Tà Hừa,2025-03-03T05:00:00.000,0.0,0.0
-144,Tà Hừa,2025-03-03T06:00:00.000,0.0,0.0
-144,Tà Hừa,2025-03-03T07:00:00.000,0.0,0.0
-144,Tà Hừa,2025-03-03T08:00:00.000,0.0,0.0
-144,Tà Hừa,2025-03-03T09:00:00.000,0.0,0.0
-144,Tà Hừa,2025-03-03T10:00:00.000,0.0,0.0
-144,Tà Hừa,2025-03-03T11:00:00.000,0.0,0.0
-144,Tà Hừa,2025-03-03T12:00:00.000,0.0,0.0
-144,Tà Hừa,2025-03-03T13:00:00.000,0.0,0.0
-144,Tà Hừa,2025-03-03T14:00:00.000,0.0,0.0
-144,Tà Hừa,2025-03-03T15:00:00.000,0.0,0.0
-144,Tà Hừa,2025-03-03T16:00:00.000,0.0,0.0
-144,Tà Hừa,2025-03-03T17:00:00.000,0.0,0.0
-144,Tà Hừa,2025-03-03T18:00:00.000,0.0,0.0
-144,Tà Hừa,2025-03-03T19:00:00.000,0.0,0.0
-144,Tà Hừa,2025-03-03T20:00:00.000,0.0,0.0
-144,Tà Hừa,2025-03-03T21:00:00.000,0.0,0.0
-144,Tà Hừa,2025-03-03T22:00:00.000,0.0,0.0
-144,Tà Hừa,2025-03-03T23:00:00.000,0.0,0.0
-144,Tà Hừa,2025-03-04T00:00:00.000,0.0,0.0
-144,Tà Hừa,2025-03-04T01:00:00.000,0.0,0.0
-144,Tà Hừa,2025-03-04T02:00:00.000,0.0,0.0
-144,Tà Hừa,2025-03-04T03:00:00.000,0.0,0.0
-144,Tà Hừa,2025-03-04T04:00:00.000,0.0,0.0
-144,Tà Hừa,2025-03-04T05:00:00.000,0.0,0.0
-144,Tà Hừa,2025-03-04T06:00:00.000,0.0,0.0
-144,Tà Hừa,2025-03-04T07:00:00.000,0.0,0.0
-144,Tà Hừa,2025-03-04T08:00:00.000,0.0,0.0
-144,Tà Hừa,2025-03-04T09:00:00.000,0.0,0.0
-144,Tà Hừa,2025-03-04T10:00:00.000,0.0,0.0
-144,Tà Hừa,2025-03-04T11:00:00.000,0.0,0.0
-144,Tà Hừa,2025-03-04T12:00:00.000,0.0,0.0
-144,Tà Hừa,2025-03-04T13:00:00.000,0.0,0.0
-144,Tà Hừa,2025-03-04T14:00:00.000,0.0,0.0
-144,Tà Hừa,2025-03-04T15:00:00.000,0.0,0.0
-144,Tà Hừa,2025-03-04T16:00:00.000,0.0,0.0
-144,Tà Hừa,2025-03-04T17:00:00.000,0.0,0.0
-144,Tà Hừa,2025-03-04T18:00:00.000,0.0,0.0
-144,Tà Hừa,2025-03-04T19:00:00.000,0.0,0.0
-144,Tà Hừa,2025-03-04T20:00:00.000,0.0,0.0
-144,Tà Hừa,2025-03-04T21:00:00.000,0.0,0.0
-144,Tà Hừa,2025-03-04T22:00:00.000,0.0,0.0
-144,Tà Hừa,2025-03-04T23:00:00.000,0.0,0.0
-144,Tà Hừa,2025-03-05T00:00:00.000,0.0,0.0
-144,Tà Hừa,2025-03-05T01:00:00.000,0.0,0.0
-144,Tà Hừa,2025-03-05T02:00:00.000,0.0,0.0
-144,Tà Hừa,2025-03-05T03:00:00.000,0.0,0.0
-144,Tà Hừa,2025-03-05T04:00:00.000,0.0,0.0
-144,Tà Hừa,2025-03-05T05:00:00.000,0.0,0.0
-144,Tà Hừa,2025-03-05T06:00:00.000,0.0,0.0
-144,Tà Hừa,2025-03-05T07:00:00.000,0.0,0.0
-144,Tà Hừa,2025-03-05T08:00:00.000,0.0,0.0
-144,Tà Hừa,2025-03-05T09:00:00.000,0.0,0.0
-144,Tà Hừa,2025-03-05T10:00:00.000,0.0,0.0
-144,Tà Hừa,2025-03-05T11:00:00.000,0.0,0.0
-144,Tà Hừa,2025-03-05T12:00:00.000,0.0,0.0
-144,Tà Hừa,2025-03-05T13:00:00.000,0.0,0.0
-144,Tà Hừa,2025-03-05T14:00:00.000,0.0,0.0
-144,Tà Hừa,2025-03-05T15:00:00.000,0.0,0.0
-144,Tà Hừa,2025-03-05T16:00:00.000,0.0,0.0
-144,Tà Hừa,2025-03-05T17:00:00.000,0.0,0.0
-144,Tà Hừa,2025-03-05T18:00:00.000,0.0,0.0
-144,Tà Hừa,2025-03-05T19:00:00.000,0.0,0.0
-144,Tà Hừa,2025-03-05T20:00:00.000,0.0,0.0
-144,Tà Hừa,2025-03-05T21:00:00.000,0.0,0.0
-144,Tà Hừa,2025-03-05T22:00:00.000,0.0,0.0
-144,Tà Hừa,2025-03-05T23:00:00.000,0.0,0.0
-144,Tà Hừa,2025-03-06T00:00:00.000,0.0,0.0
-144,Tà Hừa,2025-03-06T01:00:00.000,0.0,0.0
-144,Tà Hừa,2025-03-06T02:00:00.000,0.0,0.0
-144,Tà Hừa,2025-03-06T03:00:00.000,0.0,0.0
-144,Tà Hừa,2025-03-06T04:00:00.000,0.0,0.0
-144,Tà Hừa,2025-03-06T05:00:00.000,0.0,0.0
-144,Tà Hừa,2025-03-06T06:00:00.000,0.0,0.0
-144,Tà Hừa,2025-03-06T07:00:00.000,0.0,0.0
-144,Tà Hừa,2025-03-06T08:00:00.000,0.0,0.0
-144,Tà Hừa,2025-03-06T09:00:00.000,0.0,0.0
-144,Tà Hừa,2025-03-06T10:00:00.000,0.0,0.0
-144,Tà Hừa,2025-03-06T11:00:00.000,0.0,0.0
-144,Tà Hừa,2025-03-06T12:00:00.000,0.0,0.0
-144,Tà Hừa,2025-03-06T13:00:00.000,0.0,0.0
-144,Tà Hừa,2025-03-06T14:00:00.000,0.0,0.0
-144,Tà Hừa,2025-03-06T15:00:00.000,0.0,0.0
-144,Tà Hừa,2025-03-06T16:00:00.000,0.0,0.0
-144,Tà Hừa,2025-03-06T17:00:00.000,0.0,0.0
-144,Tà Hừa,2025-03-06T18:00:00.000,0.0,0.0
-144,Tà Hừa,2025-03-06T19:00:00.000,0.0,0.0
-144,Tà Hừa,2025-03-06T20:00:00.000,0.0,0.0
-144,Tà Hừa,2025-03-06T21:00:00.000,0.0,0.0
-144,Tà Hừa,2025-03-06T22:00:00.000,0.0,0.0
-144,Tà Hừa,2025-03-06T23:00:00.000,0.0,0.0
-144,Tà Hừa,2025-03-07T00:00:00.000,0.0,0.0
-144,Tà Hừa,2025-03-07T01:00:00.000,0.0,0.0
-144,Tà Hừa,2025-03-07T02:00:00.000,0.0,0.0
-144,Tà Hừa,2025-03-07T03:00:00.000,0.0,0.0
-144,Tà Hừa,2025-03-07T04:00:00.000,0.0,0.0
-144,Tà Hừa,2025-03-07T05:00:00.000,0.0,0.0
-144,Tà Hừa,2025-03-07T06:00:00.000,0.0,0.0
-144,Tà Hừa,2025-03-07T07:00:00.000,0.0,0.0
-144,Tà Hừa,2025-03-07T08:00:00.000,0.0,0.0
-144,Tà Hừa,2025-03-07T09:00:00.000,0.0,0.0
-144,Tà Hừa,2025-03-07T10:00:00.000,0.0,0.0
-144,Tà Hừa,2025-03-07T11:00:00.000,0.0,0.0
-144,Tà Hừa,2025-03-07T12:00:00.000,0.0,0.0
-144,Tà Hừa,2025-03-07T13:00:00.000,0.0,0.0
-144,Tà Hừa,2025-03-07T14:00:00.000,0.0,0.0
-144,Tà Hừa,2025-03-07T15:00:00.000,0.0,0.0
-144,Tà Hừa,2025-03-07T16:00:00.000,0.0,0.0
-144,Tà Hừa,2025-03-07T17:00:00.000,0.0,0.0
-144,Tà Hừa,2025-03-07T18:00:00.000,0.0,0.0
-144,Tà Hừa,2025-03-07T19:00:00.000,0.0,0.0
-144,Tà Hừa,2025-03-07T20:00:00.000,0.20000000298023224,0.20000000298023224
-144,Tà Hừa,2025-03-07T21:00:00.000,0.20000000298023224,0.4000000059604645
-144,Tà Hừa,2025-03-07T22:00:00.000,0.0,0.4000000059604645
-144,Tà Hừa,2025-03-07T23:00:00.000,0.0,0.4000000059604645
-144,Tà Hừa,2025-03-08T00:00:00.000,0.0,0.4000000059604645
-144,Tà Hừa,2025-03-08T01:00:00.000,0.0,0.4000000059604645
-144,Tà Hừa,2025-03-08T02:00:00.000,0.0,0.4000000059604645
-144,Tà Hừa,2025-03-08T03:00:00.000,0.0,0.4000000059604645
-144,Tà Hừa,2025-03-08T04:00:00.000,0.0,0.4000000059604645
-144,Tà Hừa,2025-03-08T05:00:00.000,0.0,0.4000000059604645
-144,Tà Hừa,2025-03-08T06:00:00.000,0.0,0.4000000059604645
-144,Tà Hừa,2025-03-08T07:00:00.000,0.0,0.4000000059604645
-144,Tà Hừa,2025-03-08T08:00:00.000,0.0,0.4000000059604645
-144,Tà Hừa,2025-03-08T09:00:00.000,0.0,0.4000000059604645
-144,Tà Hừa,2025-03-08T10:00:00.000,0.0,0.4000000059604645
-144,Tà Hừa,2025-03-08T11:00:00.000,0.0,0.4000000059604645
-144,Tà Hừa,2025-03-08T12:00:00.000,0.0,0.4000000059604645
-144,Tà Hừa,2025-03-08T13:00:00.000,0.0,0.4000000059604645
-144,Tà Hừa,2025-03-08T14:00:00.000,0.0,0.4000000059604645
-144,Tà Hừa,2025-03-08T15:00:00.000,0.0,0.4000000059604645
-144,Tà Hừa,2025-03-08T16:00:00.000,0.0,0.4000000059604645
-144,Tà Hừa,2025-03-08T17:00:00.000,0.0,0.4000000059604645
-144,Tà Hừa,2025-03-08T18:00:00.000,0.0,0.4000000059604645
-144,Tà Hừa,2025-03-08T19:00:00.000,0.0,0.4000000059604645
-144,Tà Hừa,2025-03-08T20:00:00.000,0.0,0.4000000059604645
-144,Tà Hừa,2025-03-08T21:00:00.000,0.0,0.4000000059604645
-144,Tà Hừa,2025-03-08T22:00:00.000,0.0,0.4000000059604645
-144,Tà Hừa,2025-03-08T23:00:00.000,0.0,0.4000000059604645
-144,Tà Hừa,2025-03-09T00:00:00.000,0.0,0.0
-144,Tà Hừa,2025-03-09T01:00:00.000,0.0,0.0
-144,Tà Hừa,2025-03-09T02:00:00.000,0.0,0.0
-144,Tà Hừa,2025-03-09T03:00:00.000,0.0,0.0
-144,Tà Hừa,2025-03-09T04:00:00.000,0.0,0.0
-144,Tà Hừa,2025-03-09T05:00:00.000,0.0,0.0
-144,Tà Hừa,2025-03-09T06:00:00.000,0.0,0.0
-144,Tà Hừa,2025-03-09T07:00:00.000,0.0,0.0
-144,Tà Hừa,2025-03-09T08:00:00.000,0.0,0.0
-144,Tà Hừa,2025-03-09T09:00:00.000,0.0,0.0
-144,Tà Hừa,2025-03-09T10:00:00.000,0.0,0.0
-144,Tà Hừa,2025-03-09T11:00:00.000,0.0,0.0
-144,Tà Hừa,2025-03-09T12:00:00.000,0.0,0.0
-144,Tà Hừa,2025-03-09T13:00:00.000,0.0,0.0
-144,Tà Hừa,2025-03-09T14:00:00.000,0.0,0.0
-144,Tà Hừa,2025-03-09T15:00:00.000,0.0,0.0
-144,Tà Hừa,2025-03-09T16:00:00.000,0.0,0.0
-144,Tà Hừa,2025-03-09T17:00:00.000,0.0,0.0
-144,Tà Hừa,2025-03-09T18:00:00.000,0.0,0.0
-144,Tà Hừa,2025-03-09T19:00:00.000,0.0,0.0
-144,Tà Hừa,2025-03-09T20:00:00.000,0.0,0.0
-144,Tà Hừa,2025-03-09T21:00:00.000,0.0,0.0
-144,Tà Hừa,2025-03-09T22:00:00.000,0.0,0.0
-144,Tà Hừa,2025-03-09T23:00:00.000,0.0,0.0
-144,Tà Hừa,2025-03-10T00:00:00.000,0.0,0.0
-144,Tà Hừa,2025-03-10T01:00:00.000,0.0,0.0
-144,Tà Hừa,2025-03-10T02:00:00.000,0.0,0.0
-144,Tà Hừa,2025-03-10T03:00:00.000,0.0,0.0
-144,Tà Hừa,2025-03-10T04:00:00.000,0.0,0.0
-144,Tà Hừa,2025-03-10T05:00:00.000,0.0,0.0
-144,Tà Hừa,2025-03-10T06:00:00.000,0.0,0.0
-144,Tà Hừa,2025-03-10T07:00:00.000,0.0,0.0
-144,Tà Hừa,2025-03-10T08:00:00.000,0.0,0.0
-144,Tà Hừa,2025-03-10T09:00:00.000,0.0,0.0
-144,Tà Hừa,2025-03-10T10:00:00.000,0.0,0.0
-144,Tà Hừa,2025-03-10T11:00:00.000,0.0,0.0
-144,Tà Hừa,2025-03-10T12:00:00.000,0.0,0.0
-144,Tà Hừa,2025-03-10T13:00:00.000,0.0,0.0
-144,Tà Hừa,2025-03-10T14:00:00.000,0.0,0.0
-144,Tà Hừa,2025-03-10T15:00:00.000,0.0,0.0
-144,Tà Hừa,2025-03-10T16:00:00.000,0.0,0.0
-144,Tà Hừa,2025-03-10T17:00:00.000,0.0,0.0
-144,Tà Hừa,2025-03-10T18:00:00.000,0.0,0.0
-144,Tà Hừa,2025-03-10T19:00:00.000,0.0,0.0
-144,Tà Hừa,2025-03-10T20:00:00.000,0.0,0.0
-144,Tà Hừa,2025-03-10T21:00:00.000,0.0,0.0
-144,Tà Hừa,2025-03-10T22:00:00.000,0.0,0.0
-144,Tà Hừa,2025-03-10T23:00:00.000,0.0,0.0
-144,Tà Hừa,2025-03-11T00:00:00.000,0.0,0.0
-144,Tà Hừa,2025-03-11T01:00:00.000,0.0,0.0
-144,Tà Hừa,2025-03-11T02:00:00.000,0.0,0.0
-144,Tà Hừa,2025-03-11T03:00:00.000,0.0,0.0
-144,Tà Hừa,2025-03-11T04:00:00.000,0.0,0.0
-144,Tà Hừa,2025-03-11T05:00:00.000,0.0,0.0
-144,Tà Hừa,2025-03-11T06:00:00.000,0.0,0.0
-144,Tà Hừa,2025-03-11T07:00:00.000,0.0,0.0
-144,Tà Hừa,2025-03-11T08:00:00.000,0.0,0.0
-144,Tà Hừa,2025-03-11T09:00:00.000,0.0,0.0
-144,Tà Hừa,2025-03-11T10:00:00.000,0.0,0.0
-144,Tà Hừa,2025-03-11T11:00:00.000,0.0,0.0
-144,Tà Hừa,2025-03-11T12:00:00.000,0.0,0.0
-144,Tà Hừa,2025-03-11T13:00:00.000,0.0,0.0
-144,Tà Hừa,2025-03-11T14:00:00.000,0.0,0.0
-144,Tà Hừa,2025-03-11T15:00:00.000,0.0,0.0
-144,Tà Hừa,2025-03-11T16:00:00.000,0.0,0.0
-144,Tà Hừa,2025-03-11T17:00:00.000,0.0,0.0
-144,Tà Hừa,2025-03-11T18:00:00.000,0.0,0.0
-144,Tà Hừa,2025-03-11T19:00:00.000,0.0,0.0
-144,Tà Hừa,2025-03-11T20:00:00.000,0.0,0.0
-144,Tà Hừa,2025-03-11T21:00:00.000,0.0,0.0
-144,Tà Hừa,2025-03-11T22:00:00.000,0.0,0.0
-144,Tà Hừa,2025-03-11T23:00:00.000,0.0,0.0
-144,Tà Hừa,2025-03-12T00:00:00.000,0.0,0.0
-144,Tà Hừa,2025-03-12T01:00:00.000,0.0,0.0
-144,Tà Hừa,2025-03-12T02:00:00.000,0.0,0.0
-144,Tà Hừa,2025-03-12T03:00:00.000,0.0,0.0
-144,Tà Hừa,2025-03-12T04:00:00.000,0.0,0.0
-144,Tà Hừa,2025-03-12T05:00:00.000,0.0,0.0
-144,Tà Hừa,2025-03-12T06:00:00.000,0.0,0.0
-144,Tà Hừa,2025-03-12T07:00:00.000,0.0,0.0
-144,Tà Hừa,2025-03-12T08:00:00.000,0.0,0.0
-144,Tà Hừa,2025-03-12T09:00:00.000,0.0,0.0
-144,Tà Hừa,2025-03-12T10:00:00.000,0.0,0.0
-144,Tà Hừa,2025-03-12T11:00:00.000,0.0,0.0
-144,Tà Hừa,2025-03-12T12:00:00.000,0.0,0.0
-144,Tà Hừa,2025-03-12T13:00:00.000,0.0,0.0
-144,Tà Hừa,2025-03-12T14:00:00.000,0.0,0.0
-144,Tà Hừa,2025-03-12T15:00:00.000,0.0,0.0
-144,Tà Hừa,2025-03-12T16:00:00.000,0.0,0.0
-144,Tà Hừa,2025-03-12T17:00:00.000,0.0,0.0
-144,Tà Hừa,2025-03-12T18:00:00.000,0.0,0.0
-144,Tà Hừa,2025-03-12T19:00:00.000,0.0,0.0
-144,Tà Hừa,2025-03-12T20:00:00.000,0.0,0.0
-144,Tà Hừa,2025-03-12T21:00:00.000,0.0,0.0
-144,Tà Hừa,2025-03-12T22:00:00.000,0.0,0.0
-144,Tà Hừa,2025-03-12T23:00:00.000,0.0,0.0
-144,Tà Hừa,2025-03-13T00:00:00.000,0.0,0.0
-144,Tà Hừa,2025-03-13T01:00:00.000,0.0,0.0
-144,Tà Hừa,2025-03-13T02:00:00.000,0.0,0.0
-144,Tà Hừa,2025-03-13T03:00:00.000,0.0,0.0
-144,Tà Hừa,2025-03-13T04:00:00.000,0.0,0.0
-144,Tà Hừa,2025-03-13T05:00:00.000,0.0,0.0
-144,Tà Hừa,2025-03-13T06:00:00.000,0.0,0.0
-144,Tà Hừa,2025-03-13T07:00:00.000,0.0,0.0
-144,Tà Hừa,2025-03-13T08:00:00.000,8.600000381469727,8.600000381469727
-144,Tà Hừa,2025-03-13T09:00:00.000,0.0,8.600000381469727
-144,Tà Hừa,2025-03-13T10:00:00.000,0.0,8.600000381469727
-144,Tà Hừa,2025-03-13T11:00:00.000,0.0,8.600000381469727
-144,Tà Hừa,2025-03-13T12:00:00.000,0.0,8.600000381469727
-144,Tà Hừa,2025-03-13T13:00:00.000,0.0,8.600000381469727
-144,Tà Hừa,2025-03-13T14:00:00.000,0.0,8.600000381469727
-144,Tà Hừa,2025-03-13T15:00:00.000,0.0,8.600000381469727
-144,Tà Hừa,2025-03-13T16:00:00.000,0.0,8.600000381469727
-144,Tà Hừa,2025-03-13T17:00:00.000,0.0,8.600000381469727
-144,Tà Hừa,2025-03-13T18:00:00.000,0.0,8.600000381469727
-144,Tà Hừa,2025-03-13T19:00:00.000,0.0,8.600000381469727
-144,Tà Hừa,2025-03-13T20:00:00.000,0.0,8.600000381469727
-144,Tà Hừa,2025-03-13T21:00:00.000,0.0,8.600000381469727
-144,Tà Hừa,2025-03-13T22:00:00.000,0.0,8.600000381469727
-144,Tà Hừa,2025-03-13T23:00:00.000,0.0,8.600000381469727
-144,Tà Hừa,2025-03-14T00:00:00.000,0.0,0.0
-144,Tà Hừa,2025-03-14T01:00:00.000,0.0,0.0
-144,Tà Hừa,2025-03-14T02:00:00.000,0.0,0.0
-144,Tà Hừa,2025-03-14T03:00:00.000,0.0,0.0
-144,Tà Hừa,2025-03-14T04:00:00.000,17.399999618530273,17.399999618530273
-144,Tà Hừa,2025-03-14T05:00:00.000,0.20000000298023224,17.599999621510506
-144,Tà Hừa,2025-03-14T06:00:00.000,7.199999809265137,24.799999430775642
-144,Tà Hừa,2025-03-14T07:00:00.000,0.0,24.799999430775642
-144,Tà Hừa,2025-03-14T08:00:00.000,3.5999999046325684,28.39999933540821
-144,Tà Hừa,2025-03-14T09:00:00.000,0.0,28.39999933540821
-144,Tà Hừa,2025-03-14T10:00:00.000,0.0,28.39999933540821
-144,Tà Hừa,2025-03-14T11:00:00.000,0.0,28.39999933540821
-144,Tà Hừa,2025-03-14T12:00:00.000,0.0,28.39999933540821
-144,Tà Hừa,2025-03-14T13:00:00.000,0.0,28.39999933540821
-144,Tà Hừa,2025-03-14T14:00:00.000,0.0,28.39999933540821
-144,Tà Hừa,2025-03-14T15:00:00.000,0.0,28.39999933540821
-144,Tà Hừa,2025-03-14T16:00:00.000,0.0,28.39999933540821
-144,Tà Hừa,2025-03-14T17:00:00.000,0.0,28.39999933540821
-144,Tà Hừa,2025-03-14T18:00:00.000,0.0,28.39999933540821
-144,Tà Hừa,2025-03-14T19:00:00.000,0.0,28.39999933540821
-144,Tà Hừa,2025-03-14T20:00:00.000,0.0,28.39999933540821
-144,Tà Hừa,2025-03-14T21:00:00.000,0.0,28.39999933540821
-144,Tà Hừa,2025-03-14T22:00:00.000,0.0,28.39999933540821
-144,Tà Hừa,2025-03-14T23:00:00.000,0.0,28.39999933540821
-144,Tà Hừa,2025-03-15T00:00:00.000,0.0,0.0
-144,Tà Hừa,2025-03-15T01:00:00.000,0.0,0.0
-144,Tà Hừa,2025-03-15T02:00:00.000,0.0,0.0
-144,Tà Hừa,2025-03-15T03:00:00.000,0.0,0.0
-144,Tà Hừa,2025-03-15T04:00:00.000,0.0,0.0
-144,Tà Hừa,2025-03-15T05:00:00.000,0.0,0.0
-144,Tà Hừa,2025-03-15T06:00:00.000,0.0,0.0
-144,Tà Hừa,2025-03-15T07:00:00.000,0.0,0.0
-144,Tà Hừa,2025-03-15T08:00:00.000,0.0,0.0
-144,Tà Hừa,2025-03-15T09:00:00.000,0.0,0.0
-144,Tà Hừa,2025-03-15T10:00:00.000,0.0,0.0
-144,Tà Hừa,2025-03-15T11:00:00.000,0.0,0.0
-144,Tà Hừa,2025-03-15T12:00:00.000,0.0,0.0
-144,Tà Hừa,2025-03-15T13:00:00.000,0.0,0.0
-144,Tà Hừa,2025-03-15T14:00:00.000,0.0,0.0
-144,Tà Hừa,2025-03-15T15:00:00.000,0.0,0.0
-144,Tà Hừa,2025-03-15T16:00:00.000,0.0,0.0
-144,Tà Hừa,2025-03-15T17:00:00.000,0.0,0.0
-144,Tà Hừa,2025-03-15T18:00:00.000,0.0,0.0
-144,Tà Hừa,2025-03-15T19:00:00.000,0.0,0.0
-144,Tà Hừa,2025-03-15T20:00:00.000,0.0,0.0
-144,Tà Hừa,2025-03-15T21:00:00.000,0.0,0.0
-144,Tà Hừa,2025-03-15T22:00:00.000,0.0,0.0
-144,Tà Hừa,2025-03-15T23:00:00.000,0.0,0.0
-144,Tà Hừa,2025-03-16T00:00:00.000,0.0,0.0
-144,Tà Hừa,2025-03-16T01:00:00.000,0.0,0.0
-144,Tà Hừa,2025-03-16T02:00:00.000,0.0,0.0
-144,Tà Hừa,2025-03-16T03:00:00.000,0.0,0.0
-144,Tà Hừa,2025-03-16T04:00:00.000,0.0,0.0
-144,Tà Hừa,2025-03-16T05:00:00.000,0.0,0.0
-144,Tà Hừa,2025-03-16T06:00:00.000,0.0,0.0
-144,Tà Hừa,2025-03-16T07:00:00.000,0.0,0.0
-144,Tà Hừa,2025-03-16T08:00:00.000,0.0,0.0
-144,Tà Hừa,2025-03-16T09:00:00.000,0.0,0.0
-144,Tà Hừa,2025-03-16T10:00:00.000,0.0,0.0
-144,Tà Hừa,2025-03-16T11:00:00.000,0.0,0.0
-144,Tà Hừa,2025-03-16T12:00:00.000,0.0,0.0
-144,Tà Hừa,2025-03-16T13:00:00.000,0.0,0.0
-144,Tà Hừa,2025-03-16T14:00:00.000,0.0,0.0
-144,Tà Hừa,2025-03-16T15:00:00.000,0.0,0.0
-144,Tà Hừa,2025-03-16T16:00:00.000,0.0,0.0
-144,Tà Hừa,2025-03-16T17:00:00.000,0.0,0.0
-144,Tà Hừa,2025-03-16T18:00:00.000,0.0,0.0
-144,Tà Hừa,2025-03-16T19:00:00.000,0.0,0.0
-144,Tà Hừa,2025-03-16T20:00:00.000,0.0,0.0
-144,Tà Hừa,2025-03-16T21:00:00.000,0.0,0.0
-144,Tà Hừa,2025-03-16T22:00:00.000,0.0,0.0
-144,Tà Hừa,2025-03-16T23:00:00.000,0.0,0.0
-144,Tà Hừa,2025-03-17T00:00:00.000,0.0,0.0
-144,Tà Hừa,2025-03-17T01:00:00.000,0.0,0.0
-144,Tà Hừa,2025-03-17T02:00:00.000,0.0,0.0
-144,Tà Hừa,2025-03-17T03:00:00.000,0.0,0.0
-144,Tà Hừa,2025-03-17T04:00:00.000,0.0,0.0
-144,Tà Hừa,2025-03-17T05:00:00.000,0.0,0.0
-144,Tà Hừa,2025-03-17T06:00:00.000,0.0,0.0
-144,Tà Hừa,2025-03-17T07:00:00.000,0.0,0.0
-144,Tà Hừa,2025-03-17T08:00:00.000,0.0,0.0
-144,Tà Hừa,2025-03-17T09:00:00.000,0.0,0.0
-144,Tà Hừa,2025-03-17T10:00:00.000,0.0,0.0
-144,Tà Hừa,2025-03-17T11:00:00.000,0.0,0.0
-144,Tà Hừa,2025-03-17T12:00:00.000,0.0,0.0
-144,Tà Hừa,2025-03-17T13:00:00.000,0.0,0.0
-144,Tà Hừa,2025-03-17T14:00:00.000,0.0,0.0
-144,Tà Hừa,2025-03-17T15:00:00.000,0.0,0.0
-144,Tà Hừa,2025-03-17T16:00:00.000,0.0,0.0
-144,Tà Hừa,2025-03-17T17:00:00.000,0.0,0.0
-144,Tà Hừa,2025-03-17T18:00:00.000,0.0,0.0
-144,Tà Hừa,2025-03-17T19:00:00.000,0.0,0.0
-144,Tà Hừa,2025-03-17T20:00:00.000,0.0,0.0
-144,Tà Hừa,2025-03-17T21:00:00.000,0.0,0.0
-144,Tà Hừa,2025-03-17T22:00:00.000,0.0,0.0
-144,Tà Hừa,2025-03-17T23:00:00.000,0.0,0.0
-144,Tà Hừa,2025-03-18T00:00:00.000,0.0,0.0
-144,Tà Hừa,2025-03-18T01:00:00.000,0.0,0.0
-144,Tà Hừa,2025-03-18T02:00:00.000,0.0,0.0
-144,Tà Hừa,2025-03-18T03:00:00.000,0.0,0.0
-144,Tà Hừa,2025-03-18T04:00:00.000,0.0,0.0
-144,Tà Hừa,2025-03-18T05:00:00.000,0.4000000059604645,0.4000000059604645
-144,Tà Hừa,2025-03-18T06:00:00.000,0.6000000238418579,1.0000000298023224
-144,Tà Hừa,2025-03-18T07:00:00.000,0.6000000238418579,1.6000000536441803
-144,Tà Hừa,2025-03-18T08:00:00.000,0.20000000298023224,1.8000000566244125
-144,Tà Hừa,2025-03-18T09:00:00.000,0.0,1.8000000566244125
-144,Tà Hừa,2025-03-18T10:00:00.000,0.20000000298023224,2.0000000596046448
-144,Tà Hừa,2025-03-18T11:00:00.000,0.0,2.0000000596046448
-144,Tà Hừa,2025-03-18T12:00:00.000,0.0,2.0000000596046448
-144,Tà Hừa,2025-03-18T13:00:00.000,0.0,2.0000000596046448
-144,Tà Hừa,2025-03-18T14:00:00.000,0.0,2.0000000596046448
-144,Tà Hừa,2025-03-18T15:00:00.000,0.0,2.0000000596046448
-144,Tà Hừa,2025-03-18T16:00:00.000,0.0,2.0000000596046448
-144,Tà Hừa,2025-03-18T17:00:00.000,0.0,2.0000000596046448
-144,Tà Hừa,2025-03-18T18:00:00.000,0.0,2.0000000596046448
-144,Tà Hừa,2025-03-18T19:00:00.000,0.0,2.0000000596046448
-144,Tà Hừa,2025-03-18T20:00:00.000,0.0,2.0000000596046448
-144,Tà Hừa,2025-03-18T21:00:00.000,0.0,2.0000000596046448
-144,Tà Hừa,2025-03-18T22:00:00.000,0.0,2.0000000596046448
-144,Tà Hừa,2025-03-18T23:00:00.000,0.0,2.0000000596046448
-144,Tà Hừa,2025-03-19T00:00:00.000,0.0,0.0
-144,Tà Hừa,2025-03-19T01:00:00.000,0.0,0.0
-144,Tà Hừa,2025-03-19T02:00:00.000,0.0,0.0
-144,Tà Hừa,2025-03-19T03:00:00.000,0.0,0.0
-144,Tà Hừa,2025-03-19T04:00:00.000,0.0,0.0
-144,Tà Hừa,2025-03-19T05:00:00.000,0.0,0.0
-144,Tà Hừa,2025-03-19T06:00:00.000,0.0,0.0
-144,Tà Hừa,2025-03-19T07:00:00.000,0.0,0.0
-144,Tà Hừa,2025-03-19T08:00:00.000,0.0,0.0
-144,Tà Hừa,2025-03-19T09:00:00.000,0.0,0.0
-144,Tà Hừa,2025-03-19T10:00:00.000,0.0,0.0
-144,Tà Hừa,2025-03-19T11:00:00.000,0.0,0.0
-144,Tà Hừa,2025-03-19T12:00:00.000,0.0,0.0
-144,Tà Hừa,2025-03-19T13:00:00.000,0.0,0.0
-144,Tà Hừa,2025-03-19T14:00:00.000,0.0,0.0
-144,Tà Hừa,2025-03-19T15:00:00.000,0.0,0.0
-144,Tà Hừa,2025-03-19T16:00:00.000,0.0,0.0
-144,Tà Hừa,2025-03-19T17:00:00.000,0.0,0.0
-144,Tà Hừa,2025-03-19T18:00:00.000,0.0,0.0
-144,Tà Hừa,2025-03-19T19:00:00.000,0.0,0.0
-144,Tà Hừa,2025-03-19T20:00:00.000,0.0,0.0
-144,Tà Hừa,2025-03-19T21:00:00.000,0.0,0.0
-144,Tà Hừa,2025-03-19T22:00:00.000,0.0,0.0
-144,Tà Hừa,2025-03-19T23:00:00.000,0.0,0.0
-144,Tà Hừa,2025-03-20T00:00:00.000,0.0,0.0
-144,Tà Hừa,2025-03-20T01:00:00.000,0.0,0.0
-144,Tà Hừa,2025-03-20T02:00:00.000,0.0,0.0
-144,Tà Hừa,2025-03-20T03:00:00.000,0.0,0.0
-144,Tà Hừa,2025-03-20T04:00:00.000,0.0,0.0
-144,Tà Hừa,2025-03-20T05:00:00.000,0.0,0.0
-144,Tà Hừa,2025-03-20T06:00:00.000,0.6000000238418579,0.6000000238418579
-144,Tà Hừa,2025-03-20T07:00:00.000,0.0,0.6000000238418579
-144,Tà Hừa,2025-03-20T08:00:00.000,0.0,0.6000000238418579
-144,Tà Hừa,2025-03-20T09:00:00.000,0.0,0.6000000238418579
-144,Tà Hừa,2025-03-20T10:00:00.000,0.0,0.6000000238418579
-144,Tà Hừa,2025-03-20T11:00:00.000,0.0,0.6000000238418579
-144,Tà Hừa,2025-03-20T12:00:00.000,0.0,0.6000000238418579
-144,Tà Hừa,2025-03-20T13:00:00.000,0.0,0.6000000238418579
-144,Tà Hừa,2025-03-20T14:00:00.000,0.0,0.6000000238418579
-144,Tà Hừa,2025-03-20T15:00:00.000,0.0,0.6000000238418579
-144,Tà Hừa,2025-03-20T16:00:00.000,0.0,0.6000000238418579
-144,Tà Hừa,2025-03-20T17:00:00.000,0.0,0.6000000238418579
-144,Tà Hừa,2025-03-20T18:00:00.000,0.0,0.6000000238418579
-144,Tà Hừa,2025-03-20T19:00:00.000,0.0,0.6000000238418579
-144,Tà Hừa,2025-03-20T20:00:00.000,0.0,0.6000000238418579
-144,Tà Hừa,2025-03-20T21:00:00.000,0.0,0.6000000238418579
-144,Tà Hừa,2025-03-20T22:00:00.000,0.0,0.6000000238418579
-144,Tà Hừa,2025-03-20T23:00:00.000,0.0,0.6000000238418579
-144,Tà Hừa,2025-03-21T00:00:00.000,0.0,0.0
-144,Tà Hừa,2025-03-21T01:00:00.000,0.0,0.0
-144,Tà Hừa,2025-03-21T02:00:00.000,0.0,0.0
-144,Tà Hừa,2025-03-21T03:00:00.000,0.0,0.0
-144,Tà Hừa,2025-03-21T04:00:00.000,0.0,0.0
-144,Tà Hừa,2025-03-21T05:00:00.000,0.0,0.0
-144,Tà Hừa,2025-03-21T06:00:00.000,0.0,0.0
-144,Tà Hừa,2025-03-21T07:00:00.000,0.0,0.0
-144,Tà Hừa,2025-03-21T08:00:00.000,0.0,0.0
-144,Tà Hừa,2025-03-21T09:00:00.000,0.0,0.0
-144,Tà Hừa,2025-03-21T10:00:00.000,0.0,0.0
-144,Tà Hừa,2025-03-21T11:00:00.000,0.0,0.0
-144,Tà Hừa,2025-03-21T12:00:00.000,0.0,0.0
-144,Tà Hừa,2025-03-21T13:00:00.000,0.0,0.0
-144,Tà Hừa,2025-03-21T14:00:00.000,0.0,0.0
-144,Tà Hừa,2025-03-21T15:00:00.000,0.0,0.0
-144,Tà Hừa,2025-03-21T16:00:00.000,0.0,0.0
-144,Tà Hừa,2025-03-21T17:00:00.000,0.0,0.0
-144,Tà Hừa,2025-03-21T18:00:00.000,0.0,0.0
-144,Tà Hừa,2025-03-21T19:00:00.000,0.0,0.0
-144,Tà Hừa,2025-03-21T20:00:00.000,0.0,0.0
-144,Tà Hừa,2025-03-21T21:00:00.000,0.0,0.0
-144,Tà Hừa,2025-03-21T22:00:00.000,0.0,0.0
-144,Tà Hừa,2025-03-21T23:00:00.000,0.0,0.0
-144,Tà Hừa,2025-03-22T00:00:00.000,0.0,0.0
-144,Tà Hừa,2025-03-22T01:00:00.000,0.0,0.0
-144,Tà Hừa,2025-03-22T02:00:00.000,0.0,0.0
-144,Tà Hừa,2025-03-22T03:00:00.000,0.0,0.0
-144,Tà Hừa,2025-03-22T04:00:00.000,0.0,0.0
-144,Tà Hừa,2025-03-22T05:00:00.000,0.0,0.0
-144,Tà Hừa,2025-03-22T06:00:00.000,0.0,0.0
-144,Tà Hừa,2025-03-22T07:00:00.000,0.0,0.0
-144,Tà Hừa,2025-03-22T08:00:00.000,0.0,0.0
-144,Tà Hừa,2025-03-22T09:00:00.000,0.0,0.0
-144,Tà Hừa,2025-03-22T10:00:00.000,0.0,0.0
-144,Tà Hừa,2025-03-22T11:00:00.000,0.0,0.0
-144,Tà Hừa,2025-03-22T12:00:00.000,0.0,0.0
-144,Tà Hừa,2025-03-22T13:00:00.000,0.0,0.0
-144,Tà Hừa,2025-03-22T14:00:00.000,0.0,0.0
-144,Tà Hừa,2025-03-22T15:00:00.000,0.0,0.0
-144,Tà Hừa,2025-03-22T16:00:00.000,0.0,0.0
-144,Tà Hừa,2025-03-22T17:00:00.000,0.0,0.0
-144,Tà Hừa,2025-03-22T18:00:00.000,0.0,0.0
-144,Tà Hừa,2025-03-22T19:00:00.000,0.0,0.0
-144,Tà Hừa,2025-03-22T20:00:00.000,0.0,0.0
-144,Tà Hừa,2025-03-22T21:00:00.000,0.0,0.0
-144,Tà Hừa,2025-03-22T22:00:00.000,0.0,0.0
-144,Tà Hừa,2025-03-22T23:00:00.000,0.0,0.0
-144,Tà Hừa,2025-03-23T00:00:00.000,0.0,0.0
-144,Tà Hừa,2025-03-23T01:00:00.000,0.0,0.0
-144,Tà Hừa,2025-03-23T02:00:00.000,0.0,0.0
-144,Tà Hừa,2025-03-23T03:00:00.000,0.0,0.0
-144,Tà Hừa,2025-03-23T04:00:00.000,0.0,0.0
-144,Tà Hừa,2025-03-23T05:00:00.000,0.0,0.0
-144,Tà Hừa,2025-03-23T06:00:00.000,0.0,0.0
-144,Tà Hừa,2025-03-23T07:00:00.000,0.0,0.0
-144,Tà Hừa,2025-03-23T08:00:00.000,0.0,0.0
-144,Tà Hừa,2025-03-23T09:00:00.000,0.0,0.0
-144,Tà Hừa,2025-03-23T10:00:00.000,0.0,0.0
-144,Tà Hừa,2025-03-23T11:00:00.000,0.0,0.0
-144,Tà Hừa,2025-03-23T12:00:00.000,0.0,0.0
-144,Tà Hừa,2025-03-23T13:00:00.000,0.0,0.0
-144,Tà Hừa,2025-03-23T14:00:00.000,0.0,0.0
-144,Tà Hừa,2025-03-23T15:00:00.000,0.0,0.0
-144,Tà Hừa,2025-03-23T16:00:00.000,0.0,0.0
-144,Tà Hừa,2025-03-23T17:00:00.000,0.0,0.0
-144,Tà Hừa,2025-03-23T18:00:00.000,0.0,0.0
-144,Tà Hừa,2025-03-23T19:00:00.000,0.0,0.0
-144,Tà Hừa,2025-03-23T20:00:00.000,0.0,0.0
-144,Tà Hừa,2025-03-23T21:00:00.000,0.0,0.0
-144,Tà Hừa,2025-03-23T22:00:00.000,0.0,0.0
-144,Tà Hừa,2025-03-23T23:00:00.000,0.0,0.0
-144,Tà Hừa,2025-03-24T00:00:00.000,0.0,0.0
-144,Tà Hừa,2025-03-24T01:00:00.000,0.0,0.0
-144,Tà Hừa,2025-03-24T02:00:00.000,0.0,0.0
-144,Tà Hừa,2025-03-24T03:00:00.000,0.0,0.0
-144,Tà Hừa,2025-03-24T04:00:00.000,10.0,10.0
-144,Tà Hừa,2025-03-24T05:00:00.000,0.0,10.0
-144,Tà Hừa,2025-03-24T06:00:00.000,0.0,10.0
-144,Tà Hừa,2025-03-24T07:00:00.000,0.0,10.0
-144,Tà Hừa,2025-03-24T08:00:00.000,2.4000000953674316,12.400000095367432
-144,Tà Hừa,2025-03-24T09:00:00.000,0.800000011920929,13.20000010728836
-144,Tà Hừa,2025-03-24T10:00:00.000,0.0,13.20000010728836
-144,Tà Hừa,2025-03-24T11:00:00.000,0.0,13.20000010728836
-144,Tà Hừa,2025-03-24T12:00:00.000,0.0,13.20000010728836
-144,Tà Hừa,2025-03-24T13:00:00.000,0.0,13.20000010728836
-144,Tà Hừa,2025-03-24T14:00:00.000,0.20000000298023224,13.400000110268593
-144,Tà Hừa,2025-03-24T15:00:00.000,0.0,13.400000110268593
-144,Tà Hừa,2025-03-24T16:00:00.000,0.0,13.400000110268593
-144,Tà Hừa,2025-03-24T17:00:00.000,0.0,13.400000110268593
-144,Tà Hừa,2025-03-24T18:00:00.000,0.0,13.400000110268593
-144,Tà Hừa,2025-03-24T19:00:00.000,0.0,13.400000110268593
-144,Tà Hừa,2025-03-24T20:00:00.000,0.0,13.400000110268593
-144,Tà Hừa,2025-03-24T21:00:00.000,0.0,13.400000110268593
-144,Tà Hừa,2025-03-24T22:00:00.000,0.0,13.400000110268593
-144,Tà Hừa,2025-03-24T23:00:00.000,0.0,13.400000110268593
-144,Tà Hừa,2025-03-25T00:00:00.000,0.0,0.0
-144,Tà Hừa,2025-03-25T01:00:00.000,0.0,0.0
-144,Tà Hừa,2025-03-25T02:00:00.000,0.0,0.0
-144,Tà Hừa,2025-03-25T03:00:00.000,0.0,0.0
-144,Tà Hừa,2025-03-25T04:00:00.000,0.0,0.0
-144,Tà Hừa,2025-03-25T05:00:00.000,0.0,0.0
-144,Tà Hừa,2025-03-25T06:00:00.000,0.0,0.0
-144,Tà Hừa,2025-03-25T07:00:00.000,0.20000000298023224,0.20000000298023224
-144,Tà Hừa,2025-03-25T08:00:00.000,0.4000000059604645,0.6000000089406967
-144,Tà Hừa,2025-03-25T09:00:00.000,0.0,0.6000000089406967
-144,Tà Hừa,2025-03-25T10:00:00.000,0.0,0.6000000089406967
-144,Tà Hừa,2025-03-25T11:00:00.000,0.0,0.6000000089406967
-144,Tà Hừa,2025-03-25T12:00:00.000,0.0,0.6000000089406967
-144,Tà Hừa,2025-03-25T13:00:00.000,0.0,0.6000000089406967
-144,Tà Hừa,2025-03-25T14:00:00.000,0.0,0.6000000089406967
-144,Tà Hừa,2025-03-25T15:00:00.000,0.0,0.6000000089406967
-144,Tà Hừa,2025-03-25T16:00:00.000,0.0,0.6000000089406967
-144,Tà Hừa,2025-03-25T17:00:00.000,0.0,0.6000000089406967
-144,Tà Hừa,2025-03-25T18:00:00.000,0.20000000298023224,0.800000011920929
-144,Tà Hừa,2025-03-25T19:00:00.000,0.6000000238418579,1.4000000357627869
-144,Tà Hừa,2025-03-25T20:00:00.000,0.0,1.4000000357627869
-144,Tà Hừa,2025-03-25T21:00:00.000,0.0,1.4000000357627869
-144,Tà Hừa,2025-03-25T22:00:00.000,0.0,1.4000000357627869
-144,Tà Hừa,2025-03-25T23:00:00.000,0.0,1.4000000357627869
-144,Tà Hừa,2025-03-26T00:00:00.000,0.0,0.0
-144,Tà Hừa,2025-03-26T01:00:00.000,0.0,0.0
-144,Tà Hừa,2025-03-26T02:00:00.000,0.0,0.0
-144,Tà Hừa,2025-03-26T03:00:00.000,0.0,0.0
-144,Tà Hừa,2025-03-26T04:00:00.000,0.0,0.0
-144,Tà Hừa,2025-03-26T05:00:00.000,0.0,0.0
-144,Tà Hừa,2025-03-26T06:00:00.000,0.0,0.0
-144,Tà Hừa,2025-03-26T07:00:00.000,0.0,0.0
-144,Tà Hừa,2025-03-26T08:00:00.000,0.0,0.0
-144,Tà Hừa,2025-03-26T09:00:00.000,0.0,0.0
-144,Tà Hừa,2025-03-26T10:00:00.000,0.0,0.0
-144,Tà Hừa,2025-03-26T11:00:00.000,0.0,0.0
-144,Tà Hừa,2025-03-26T12:00:00.000,0.0,0.0
-144,Tà Hừa,2025-03-26T13:00:00.000,0.0,0.0
-144,Tà Hừa,2025-03-26T14:00:00.000,0.0,0.0
-144,Tà Hừa,2025-03-26T15:00:00.000,0.0,0.0
-144,Tà Hừa,2025-03-26T16:00:00.000,0.0,0.0
-144,Tà Hừa,2025-03-26T17:00:00.000,0.0,0.0
-144,Tà Hừa,2025-03-26T18:00:00.000,0.0,0.0
-144,Tà Hừa,2025-03-26T19:00:00.000,0.0,0.0
-144,Tà Hừa,2025-03-26T20:00:00.000,0.0,0.0
-144,Tà Hừa,2025-03-26T21:00:00.000,0.0,0.0
-144,Tà Hừa,2025-03-26T22:00:00.000,0.0,0.0
-144,Tà Hừa,2025-03-26T23:00:00.000,0.0,0.0
-144,Tà Hừa,2025-03-27T00:00:00.000,0.0,0.0
-144,Tà Hừa,2025-03-27T01:00:00.000,0.0,0.0
-144,Tà Hừa,2025-03-27T02:00:00.000,0.0,0.0
-144,Tà Hừa,2025-03-27T03:00:00.000,0.0,0.0
-144,Tà Hừa,2025-03-27T04:00:00.000,0.0,0.0
-144,Tà Hừa,2025-03-27T05:00:00.000,0.0,0.0
-144,Tà Hừa,2025-03-27T06:00:00.000,0.0,0.0
-144,Tà Hừa,2025-03-27T07:00:00.000,0.0,0.0
-144,Tà Hừa,2025-03-27T08:00:00.000,0.0,0.0
-144,Tà Hừa,2025-03-27T09:00:00.000,0.0,0.0
-144,Tà Hừa,2025-03-27T10:00:00.000,0.0,0.0
-144,Tà Hừa,2025-03-27T11:00:00.000,0.0,0.0
-144,Tà Hừa,2025-03-27T12:00:00.000,0.0,0.0
-144,Tà Hừa,2025-03-27T13:00:00.000,0.0,0.0
-144,Tà Hừa,2025-03-27T14:00:00.000,0.0,0.0
-144,Tà Hừa,2025-03-27T15:00:00.000,0.0,0.0
-144,Tà Hừa,2025-03-27T16:00:00.000,0.0,0.0
-144,Tà Hừa,2025-03-27T17:00:00.000,0.0,0.0
-144,Tà Hừa,2025-03-27T18:00:00.000,0.0,0.0
-144,Tà Hừa,2025-03-27T19:00:00.000,0.0,0.0
-144,Tà Hừa,2025-03-27T20:00:00.000,0.0,0.0
-144,Tà Hừa,2025-03-27T21:00:00.000,0.0,0.0
-144,Tà Hừa,2025-03-27T22:00:00.000,0.0,0.0
-144,Tà Hừa,2025-03-27T23:00:00.000,0.0,0.0
-144,Tà Hừa,2025-03-28T00:00:00.000,0.0,0.0
-144,Tà Hừa,2025-03-28T01:00:00.000,0.0,0.0
-144,Tà Hừa,2025-03-28T02:00:00.000,0.0,0.0
-144,Tà Hừa,2025-03-28T03:00:00.000,0.0,0.0
-144,Tà Hừa,2025-03-28T04:00:00.000,0.0,0.0
-144,Tà Hừa,2025-03-28T05:00:00.000,0.0,0.0
-144,Tà Hừa,2025-03-28T06:00:00.000,0.0,0.0
-144,Tà Hừa,2025-03-28T07:00:00.000,0.0,0.0
-144,Tà Hừa,2025-03-28T08:00:00.000,0.0,0.0
-144,Tà Hừa,2025-03-28T09:00:00.000,0.0,0.0
-144,Tà Hừa,2025-03-28T10:00:00.000,0.0,0.0
-144,Tà Hừa,2025-03-28T11:00:00.000,0.0,0.0
-144,Tà Hừa,2025-03-28T12:00:00.000,0.0,0.0
-144,Tà Hừa,2025-03-28T13:00:00.000,0.0,0.0
-144,Tà Hừa,2025-03-28T14:00:00.000,0.0,0.0
-144,Tà Hừa,2025-03-28T15:00:00.000,0.0,0.0
-144,Tà Hừa,2025-03-28T16:00:00.000,0.0,0.0
-144,Tà Hừa,2025-03-28T17:00:00.000,0.0,0.0
-144,Tà Hừa,2025-03-28T18:00:00.000,0.0,0.0
-144,Tà Hừa,2025-03-28T19:00:00.000,0.0,0.0
-144,Tà Hừa,2025-03-28T20:00:00.000,0.0,0.0
-144,Tà Hừa,2025-03-28T21:00:00.000,0.0,0.0
-144,Tà Hừa,2025-03-28T22:00:00.000,0.0,0.0
-144,Tà Hừa,2025-03-28T23:00:00.000,0.0,0.0
-144,Tà Hừa,2025-03-29T00:00:00.000,0.0,0.0
-144,Tà Hừa,2025-03-29T01:00:00.000,0.0,0.0
-144,Tà Hừa,2025-03-29T02:00:00.000,0.0,0.0
-144,Tà Hừa,2025-03-29T03:00:00.000,0.0,0.0
-144,Tà Hừa,2025-03-29T04:00:00.000,0.0,0.0
-144,Tà Hừa,2025-03-29T05:00:00.000,0.0,0.0
-144,Tà Hừa,2025-03-29T06:00:00.000,0.0,0.0
-144,Tà Hừa,2025-03-29T07:00:00.000,0.0,0.0
-144,Tà Hừa,2025-03-29T08:00:00.000,0.0,0.0
-144,Tà Hừa,2025-03-29T09:00:00.000,0.0,0.0
-144,Tà Hừa,2025-03-29T10:00:00.000,0.0,0.0
-144,Tà Hừa,2025-03-29T11:00:00.000,0.0,0.0
-144,Tà Hừa,2025-03-29T12:00:00.000,0.0,0.0
-144,Tà Hừa,2025-03-29T13:00:00.000,0.0,0.0
-144,Tà Hừa,2025-03-29T14:00:00.000,0.0,0.0
-144,Tà Hừa,2025-03-29T15:00:00.000,0.0,0.0
-144,Tà Hừa,2025-03-29T16:00:00.000,0.0,0.0
-144,Tà Hừa,2025-03-29T17:00:00.000,0.0,0.0
-144,Tà Hừa,2025-03-29T18:00:00.000,0.0,0.0
-144,Tà Hừa,2025-03-29T19:00:00.000,0.0,0.0
-144,Tà Hừa,2025-03-29T20:00:00.000,0.0,0.0
-144,Tà Hừa,2025-03-29T21:00:00.000,0.0,0.0
-144,Tà Hừa,2025-03-29T22:00:00.000,0.0,0.0
-144,Tà Hừa,2025-03-29T23:00:00.000,0.0,0.0
-144,Tà Hừa,2025-03-30T00:00:00.000,0.0,0.0
-144,Tà Hừa,2025-03-30T01:00:00.000,0.0,0.0
-144,Tà Hừa,2025-03-30T02:00:00.000,0.0,0.0
-144,Tà Hừa,2025-03-30T03:00:00.000,0.0,0.0
-144,Tà Hừa,2025-03-30T04:00:00.000,0.0,0.0
-144,Tà Hừa,2025-03-30T05:00:00.000,0.0,0.0
-144,Tà Hừa,2025-03-30T06:00:00.000,0.0,0.0
-144,Tà Hừa,2025-03-30T07:00:00.000,0.0,0.0
-144,Tà Hừa,2025-03-30T08:00:00.000,0.20000000298023224,0.20000000298023224
-144,Tà Hừa,2025-03-30T09:00:00.000,0.0,0.20000000298023224
-144,Tà Hừa,2025-03-30T10:00:00.000,0.0,0.20000000298023224
-144,Tà Hừa,2025-03-30T11:00:00.000,0.0,0.20000000298023224
-144,Tà Hừa,2025-03-30T12:00:00.000,0.0,0.20000000298023224
-144,Tà Hừa,2025-03-30T13:00:00.000,0.0,0.20000000298023224
-144,Tà Hừa,2025-03-30T14:00:00.000,0.0,0.20000000298023224
-144,Tà Hừa,2025-03-30T15:00:00.000,0.0,0.20000000298023224
-144,Tà Hừa,2025-03-30T16:00:00.000,0.0,0.20000000298023224
-144,Tà Hừa,2025-03-30T17:00:00.000,0.0,0.20000000298023224
-144,Tà Hừa,2025-03-30T18:00:00.000,0.0,0.20000000298023224
-144,Tà Hừa,2025-03-30T19:00:00.000,0.0,0.20000000298023224
-144,Tà Hừa,2025-03-30T20:00:00.000,0.0,0.20000000298023224
-144,Tà Hừa,2025-03-30T21:00:00.000,0.0,0.20000000298023224
-144,Tà Hừa,2025-03-30T22:00:00.000,0.0,0.20000000298023224
-144,Tà Hừa,2025-03-30T23:00:00.000,0.0,0.20000000298023224
-144,Tà Hừa,2025-03-31T00:00:00.000,0.0,0.0
-144,Tà Hừa,2025-03-31T01:00:00.000,0.0,0.0
-144,Tà Hừa,2025-03-31T02:00:00.000,0.0,0.0
-144,Tà Hừa,2025-03-31T03:00:00.000,0.0,0.0
-144,Tà Hừa,2025-03-31T04:00:00.000,0.0,0.0
-144,Tà Hừa,2025-03-31T05:00:00.000,0.0,0.0
-144,Tà Hừa,2025-03-31T06:00:00.000,0.0,0.0
-144,Tà Hừa,2025-03-31T07:00:00.000,0.0,0.0
-144,Tà Hừa,2025-03-31T08:00:00.000,0.0,0.0
-144,Tà Hừa,2025-03-31T09:00:00.000,0.0,0.0
-144,Tà Hừa,2025-03-31T10:00:00.000,0.0,0.0
-144,Tà Hừa,2025-03-31T11:00:00.000,0.0,0.0
-144,Tà Hừa,2025-03-31T12:00:00.000,0.0,0.0
-144,Tà Hừa,2025-03-31T13:00:00.000,0.0,0.0
-144,Tà Hừa,2025-03-31T14:00:00.000,0.0,0.0
-144,Tà Hừa,2025-03-31T15:00:00.000,0.0,0.0
-144,Tà Hừa,2025-03-31T16:00:00.000,0.0,0.0
-144,Tà Hừa,2025-03-31T17:00:00.000,0.0,0.0
-144,Tà Hừa,2025-03-31T18:00:00.000,0.0,0.0
-144,Tà Hừa,2025-03-31T19:00:00.000,0.0,0.0
-144,Tà Hừa,2025-03-31T20:00:00.000,0.0,0.0
-144,Tà Hừa,2025-03-31T21:00:00.000,0.0,0.0
-144,Tà Hừa,2025-03-31T22:00:00.000,0.0,0.0
-144,Tà Hừa,2025-03-31T23:00:00.000,0.0,0.0
-144,Tà Hừa,2025-04-01T00:00:00.000,0.0,0.0
-144,Tà Hừa,2025-04-01T01:00:00.000,0.0,0.0
-144,Tà Hừa,2025-04-01T02:00:00.000,0.0,0.0
-144,Tà Hừa,2025-04-01T03:00:00.000,0.0,0.0
-144,Tà Hừa,2025-04-01T04:00:00.000,0.0,0.0
-144,Tà Hừa,2025-04-01T05:00:00.000,0.0,0.0
-144,Tà Hừa,2025-04-01T06:00:00.000,0.0,0.0
-144,Tà Hừa,2025-04-01T07:00:00.000,1.2000000476837158,1.2000000476837158
-144,Tà Hừa,2025-04-01T08:00:00.000,0.0,1.2000000476837158
-144,Tà Hừa,2025-04-01T09:00:00.000,0.0,1.2000000476837158
-144,Tà Hừa,2025-04-01T10:00:00.000,0.0,1.2000000476837158
-144,Tà Hừa,2025-04-01T11:00:00.000,0.0,1.2000000476837158
-144,Tà Hừa,2025-04-01T12:00:00.000,0.0,1.2000000476837158
-144,Tà Hừa,2025-04-01T13:00:00.000,0.0,1.2000000476837158
-144,Tà Hừa,2025-04-01T14:00:00.000,0.0,1.2000000476837158
-144,Tà Hừa,2025-04-01T15:00:00.000,0.0,1.2000000476837158
-144,Tà Hừa,2025-04-01T16:00:00.000,0.0,1.2000000476837158
-144,Tà Hừa,2025-04-01T17:00:00.000,0.0,1.2000000476837158
-144,Tà Hừa,2025-04-01T18:00:00.000,0.0,1.2000000476837158
-144,Tà Hừa,2025-04-01T19:00:00.000,0.0,1.2000000476837158
-144,Tà Hừa,2025-04-01T20:00:00.000,0.0,1.2000000476837158
-144,Tà Hừa,2025-04-01T21:00:00.000,0.0,1.2000000476837158
-144,Tà Hừa,2025-04-01T22:00:00.000,0.0,1.2000000476837158
-144,Tà Hừa,2025-04-01T23:00:00.000,0.0,1.2000000476837158
-144,Tà Hừa,2025-04-02T00:00:00.000,0.0,0.0
-144,Tà Hừa,2025-04-02T01:00:00.000,0.0,0.0
-144,Tà Hừa,2025-04-02T02:00:00.000,0.0,0.0
-144,Tà Hừa,2025-04-02T03:00:00.000,0.0,0.0
-144,Tà Hừa,2025-04-02T04:00:00.000,0.0,0.0
-144,Tà Hừa,2025-04-02T05:00:00.000,0.0,0.0
-144,Tà Hừa,2025-04-02T06:00:00.000,0.0,0.0
-144,Tà Hừa,2025-04-02T07:00:00.000,0.0,0.0
-144,Tà Hừa,2025-04-02T08:00:00.000,0.0,0.0
-144,Tà Hừa,2025-04-02T09:00:00.000,0.0,0.0
-144,Tà Hừa,2025-04-02T10:00:00.000,0.0,0.0
-144,Tà Hừa,2025-04-02T11:00:00.000,0.0,0.0
-144,Tà Hừa,2025-04-02T12:00:00.000,0.0,0.0
-144,Tà Hừa,2025-04-02T13:00:00.000,0.0,0.0
-144,Tà Hừa,2025-04-02T14:00:00.000,0.0,0.0
-144,Tà Hừa,2025-04-02T15:00:00.000,0.0,0.0
-144,Tà Hừa,2025-04-02T16:00:00.000,0.0,0.0
-144,Tà Hừa,2025-04-02T17:00:00.000,0.0,0.0
-144,Tà Hừa,2025-04-02T18:00:00.000,0.0,0.0
-144,Tà Hừa,2025-04-02T19:00:00.000,0.0,0.0
-144,Tà Hừa,2025-04-02T20:00:00.000,0.0,0.0
-144,Tà Hừa,2025-04-02T21:00:00.000,0.0,0.0
-144,Tà Hừa,2025-04-02T22:00:00.000,0.0,0.0
-144,Tà Hừa,2025-04-02T23:00:00.000,0.0,0.0
-144,Tà Hừa,2025-04-03T00:00:00.000,0.0,0.0
-144,Tà Hừa,2025-04-03T01:00:00.000,0.0,0.0
-144,Tà Hừa,2025-04-03T02:00:00.000,0.0,0.0
-144,Tà Hừa,2025-04-03T03:00:00.000,0.0,0.0
-144,Tà Hừa,2025-04-03T04:00:00.000,0.0,0.0
-144,Tà Hừa,2025-04-03T05:00:00.000,0.0,0.0
-144,Tà Hừa,2025-04-03T06:00:00.000,0.0,0.0
-144,Tà Hừa,2025-04-03T07:00:00.000,0.20000000298023224,0.20000000298023224
-144,Tà Hừa,2025-04-03T08:00:00.000,0.0,0.20000000298023224
-144,Tà Hừa,2025-04-03T09:00:00.000,0.0,0.20000000298023224
-144,Tà Hừa,2025-04-03T10:00:00.000,0.0,0.20000000298023224
-144,Tà Hừa,2025-04-03T11:00:00.000,0.0,0.20000000298023224
-144,Tà Hừa,2025-04-03T12:00:00.000,0.0,0.20000000298023224
-144,Tà Hừa,2025-04-03T13:00:00.000,0.0,0.20000000298023224
-144,Tà Hừa,2025-04-03T14:00:00.000,0.0,0.20000000298023224
-144,Tà Hừa,2025-04-03T15:00:00.000,0.0,0.20000000298023224
-144,Tà Hừa,2025-04-03T16:00:00.000,0.0,0.20000000298023224
-144,Tà Hừa,2025-04-03T17:00:00.000,0.0,0.20000000298023224
-144,Tà Hừa,2025-04-03T18:00:00.000,0.0,0.20000000298023224
-144,Tà Hừa,2025-04-03T19:00:00.000,0.0,0.20000000298023224
-144,Tà Hừa,2025-04-03T20:00:00.000,0.0,0.20000000298023224
-144,Tà Hừa,2025-04-03T21:00:00.000,0.0,0.20000000298023224
-144,Tà Hừa,2025-04-03T22:00:00.000,0.0,0.20000000298023224
-144,Tà Hừa,2025-04-03T23:00:00.000,0.0,0.20000000298023224
-144,Tà Hừa,2025-04-04T00:00:00.000,0.0,0.0
-144,Tà Hừa,2025-04-04T01:00:00.000,0.0,0.0
-144,Tà Hừa,2025-04-04T02:00:00.000,0.0,0.0
-144,Tà Hừa,2025-04-04T03:00:00.000,0.0,0.0
-144,Tà Hừa,2025-04-04T04:00:00.000,0.0,0.0
-144,Tà Hừa,2025-04-04T05:00:00.000,0.0,0.0
-144,Tà Hừa,2025-04-04T06:00:00.000,0.0,0.0
-144,Tà Hừa,2025-04-04T07:00:00.000,0.0,0.0
-144,Tà Hừa,2025-04-04T08:00:00.000,0.0,0.0
-144,Tà Hừa,2025-04-04T09:00:00.000,0.0,0.0
-144,Tà Hừa,2025-04-04T10:00:00.000,0.0,0.0
-144,Tà Hừa,2025-04-04T11:00:00.000,0.0,0.0
-144,Tà Hừa,2025-04-04T12:00:00.000,0.0,0.0
-144,Tà Hừa,2025-04-04T13:00:00.000,0.0,0.0
-144,Tà Hừa,2025-04-04T14:00:00.000,0.0,0.0
-144,Tà Hừa,2025-04-04T15:00:00.000,0.0,0.0
-144,Tà Hừa,2025-04-04T16:00:00.000,0.0,0.0
-144,Tà Hừa,2025-04-04T17:00:00.000,0.0,0.0
-144,Tà Hừa,2025-04-04T18:00:00.000,0.0,0.0
-144,Tà Hừa,2025-04-04T19:00:00.000,0.0,0.0
-144,Tà Hừa,2025-04-04T20:00:00.000,0.0,0.0
-144,Tà Hừa,2025-04-04T21:00:00.000,0.0,0.0
-144,Tà Hừa,2025-04-04T22:00:00.000,0.0,0.0
-144,Tà Hừa,2025-04-04T23:00:00.000,0.0,0.0
-144,Tà Hừa,2025-04-05T00:00:00.000,0.0,0.0
-144,Tà Hừa,2025-04-05T01:00:00.000,0.0,0.0
-144,Tà Hừa,2025-04-05T02:00:00.000,0.0,0.0
-144,Tà Hừa,2025-04-05T03:00:00.000,0.0,0.0
-144,Tà Hừa,2025-04-05T04:00:00.000,0.0,0.0
-144,Tà Hừa,2025-04-05T05:00:00.000,0.0,0.0
-144,Tà Hừa,2025-04-05T06:00:00.000,0.0,0.0
-144,Tà Hừa,2025-04-05T07:00:00.000,0.0,0.0
-144,Tà Hừa,2025-04-05T08:00:00.000,0.0,0.0
-144,Tà Hừa,2025-04-05T09:00:00.000,0.0,0.0
-144,Tà Hừa,2025-04-05T10:00:00.000,0.0,0.0
-144,Tà Hừa,2025-04-05T11:00:00.000,0.0,0.0
-144,Tà Hừa,2025-04-05T12:00:00.000,0.0,0.0
-144,Tà Hừa,2025-04-05T13:00:00.000,0.0,0.0
-144,Tà Hừa,2025-04-05T14:00:00.000,0.0,0.0
-144,Tà Hừa,2025-04-05T15:00:00.000,0.0,0.0
-144,Tà Hừa,2025-04-05T16:00:00.000,0.0,0.0
-144,Tà Hừa,2025-04-05T17:00:00.000,0.0,0.0
-144,Tà Hừa,2025-04-05T18:00:00.000,0.0,0.0
-144,Tà Hừa,2025-04-05T19:00:00.000,0.0,0.0
-144,Tà Hừa,2025-04-05T20:00:00.000,0.0,0.0
-144,Tà Hừa,2025-04-05T21:00:00.000,3.0,3.0
-144,Tà Hừa,2025-04-05T22:00:00.000,0.0,3.0
-144,Tà Hừa,2025-04-05T23:00:00.000,2.200000047683716,5.200000047683716
-144,Tà Hừa,2025-04-06T00:00:00.000,0.4000000059604645,5.60000005364418
-144,Tà Hừa,2025-04-06T01:00:00.000,0.0,5.60000005364418
-144,Tà Hừa,2025-04-06T02:00:00.000,0.0,5.60000005364418
-144,Tà Hừa,2025-04-06T03:00:00.000,8.600000381469727,14.200000435113907
-144,Tà Hừa,2025-04-06T04:00:00.000,0.20000000298023224,14.400000438094139
-144,Tà Hừa,2025-04-06T05:00:00.000,2.200000047683716,16.600000485777855
-144,Tà Hừa,2025-04-06T06:00:00.000,2.4000000953674316,19.000000581145287
-144,Tà Hừa,2025-04-06T07:00:00.000,1.399999976158142,20.40000055730343
-144,Tà Hừa,2025-04-06T08:00:00.000,0.6000000238418579,21.000000581145287
-144,Tà Hừa,2025-04-06T09:00:00.000,0.0,21.000000581145287
-144,Tà Hừa,2025-04-06T10:00:00.000,0.0,21.000000581145287
-144,Tà Hừa,2025-04-06T11:00:00.000,0.0,21.000000581145287
-144,Tà Hừa,2025-04-06T12:00:00.000,0.0,21.000000581145287
-144,Tà Hừa,2025-04-06T13:00:00.000,0.0,21.000000581145287
-144,Tà Hừa,2025-04-06T14:00:00.000,0.0,21.000000581145287
-144,Tà Hừa,2025-04-06T15:00:00.000,0.0,21.000000581145287
-144,Tà Hừa,2025-04-06T16:00:00.000,0.0,21.000000581145287
-144,Tà Hừa,2025-04-06T17:00:00.000,0.0,21.000000581145287
-144,Tà Hừa,2025-04-06T18:00:00.000,0.0,21.000000581145287
-144,Tà Hừa,2025-04-06T19:00:00.000,0.0,21.000000581145287
-144,Tà Hừa,2025-04-06T20:00:00.000,0.0,21.000000581145287
-144,Tà Hừa,2025-04-06T21:00:00.000,0.0,21.000000581145287
-144,Tà Hừa,2025-04-06T22:00:00.000,0.0,21.000000581145287
-144,Tà Hừa,2025-04-06T23:00:00.000,0.20000000298023224,21.20000058412552
-144,Tà Hừa,2025-04-07T00:00:00.000,0.800000011920929,1.0000000149011612
-144,Tà Hừa,2025-04-07T01:00:00.000,0.0,1.0000000149011612
-144,Tà Hừa,2025-04-07T02:00:00.000,0.6000000238418579,1.600000038743019
-144,Tà Hừa,2025-04-07T03:00:00.000,0.0,1.600000038743019
-144,Tà Hừa,2025-04-07T04:00:00.000,0.0,1.600000038743019
-144,Tà Hừa,2025-04-07T05:00:00.000,0.0,1.600000038743019
-144,Tà Hừa,2025-04-07T06:00:00.000,0.20000000298023224,1.8000000417232513
-144,Tà Hừa,2025-04-07T07:00:00.000,0.0,1.8000000417232513
-144,Tà Hừa,2025-04-07T08:00:00.000,0.0,1.8000000417232513
-144,Tà Hừa,2025-04-07T09:00:00.000,0.0,1.8000000417232513
-144,Tà Hừa,2025-04-07T10:00:00.000,0.0,1.8000000417232513
-144,Tà Hừa,2025-04-07T11:00:00.000,0.0,1.8000000417232513
-144,Tà Hừa,2025-04-07T12:00:00.000,0.0,1.8000000417232513
-144,Tà Hừa,2025-04-07T13:00:00.000,0.0,1.8000000417232513
-144,Tà Hừa,2025-04-07T14:00:00.000,0.0,1.8000000417232513
-144,Tà Hừa,2025-04-07T15:00:00.000,0.0,1.8000000417232513
-144,Tà Hừa,2025-04-07T16:00:00.000,0.0,1.8000000417232513
-144,Tà Hừa,2025-04-07T17:00:00.000,0.0,1.8000000417232513
-144,Tà Hừa,2025-04-07T18:00:00.000,0.0,1.8000000417232513
-144,Tà Hừa,2025-04-07T19:00:00.000,0.0,1.8000000417232513
-144,Tà Hừa,2025-04-07T20:00:00.000,0.0,1.8000000417232513
-144,Tà Hừa,2025-04-07T21:00:00.000,0.0,1.8000000417232513
-144,Tà Hừa,2025-04-07T22:00:00.000,0.0,1.8000000417232513
-144,Tà Hừa,2025-04-07T23:00:00.000,0.0,1.8000000417232513
-144,Tà Hừa,2025-04-08T00:00:00.000,0.0,0.0
-144,Tà Hừa,2025-04-08T01:00:00.000,0.0,0.0
-144,Tà Hừa,2025-04-08T02:00:00.000,0.0,0.0
-144,Tà Hừa,2025-04-08T03:00:00.000,0.0,0.0
-144,Tà Hừa,2025-04-08T04:00:00.000,0.0,0.0
-144,Tà Hừa,2025-04-08T05:00:00.000,0.0,0.0
-144,Tà Hừa,2025-04-08T06:00:00.000,0.0,0.0
-144,Tà Hừa,2025-04-08T07:00:00.000,0.0,0.0
-144,Tà Hừa,2025-04-08T08:00:00.000,0.0,0.0
-144,Tà Hừa,2025-04-08T09:00:00.000,0.0,0.0
-144,Tà Hừa,2025-04-08T10:00:00.000,0.0,0.0
-144,Tà Hừa,2025-04-08T11:00:00.000,0.0,0.0
-144,Tà Hừa,2025-04-08T12:00:00.000,0.0,0.0
-144,Tà Hừa,2025-04-08T13:00:00.000,0.0,0.0
-144,Tà Hừa,2025-04-08T14:00:00.000,0.0,0.0
-144,Tà Hừa,2025-04-08T15:00:00.000,0.0,0.0
-144,Tà Hừa,2025-04-08T16:00:00.000,0.0,0.0
-144,Tà Hừa,2025-04-08T17:00:00.000,0.0,0.0
-144,Tà Hừa,2025-04-08T18:00:00.000,0.0,0.0
-144,Tà Hừa,2025-04-08T19:00:00.000,0.0,0.0
-144,Tà Hừa,2025-04-08T20:00:00.000,0.0,0.0
-144,Tà Hừa,2025-04-08T21:00:00.000,0.0,0.0
-144,Tà Hừa,2025-04-08T22:00:00.000,0.0,0.0
-144,Tà Hừa,2025-04-08T23:00:00.000,0.0,0.0
-144,Tà Hừa,2025-04-09T00:00:00.000,0.0,0.0
-144,Tà Hừa,2025-04-09T01:00:00.000,0.0,0.0
-144,Tà Hừa,2025-04-09T02:00:00.000,0.0,0.0
-144,Tà Hừa,2025-04-09T03:00:00.000,0.0,0.0
-144,Tà Hừa,2025-04-09T04:00:00.000,0.0,0.0
-144,Tà Hừa,2025-04-09T05:00:00.000,0.0,0.0
-144,Tà Hừa,2025-04-09T06:00:00.000,0.0,0.0
-144,Tà Hừa,2025-04-09T07:00:00.000,0.0,0.0
-144,Tà Hừa,2025-04-09T08:00:00.000,0.0,0.0
-144,Tà Hừa,2025-04-09T09:00:00.000,0.0,0.0
-144,Tà Hừa,2025-04-09T10:00:00.000,0.0,0.0
-144,Tà Hừa,2025-04-09T11:00:00.000,0.0,0.0
-144,Tà Hừa,2025-04-09T12:00:00.000,0.0,0.0
-144,Tà Hừa,2025-04-09T13:00:00.000,0.0,0.0
-144,Tà Hừa,2025-04-09T14:00:00.000,0.0,0.0
-144,Tà Hừa,2025-04-09T15:00:00.000,0.0,0.0
-144,Tà Hừa,2025-04-09T16:00:00.000,0.0,0.0
-144,Tà Hừa,2025-04-09T17:00:00.000,0.0,0.0
-144,Tà Hừa,2025-04-09T18:00:00.000,0.0,0.0
-144,Tà Hừa,2025-04-09T19:00:00.000,0.0,0.0
-144,Tà Hừa,2025-04-09T20:00:00.000,0.0,0.0
-144,Tà Hừa,2025-04-09T21:00:00.000,0.0,0.0
-144,Tà Hừa,2025-04-09T22:00:00.000,0.0,0.0
-144,Tà Hừa,2025-04-09T23:00:00.000,0.0,0.0
-144,Tà Hừa,2025-04-10T00:00:00.000,0.0,0.0
-144,Tà Hừa,2025-04-10T01:00:00.000,0.0,0.0
-144,Tà Hừa,2025-04-10T02:00:00.000,0.0,0.0
-144,Tà Hừa,2025-04-10T03:00:00.000,0.0,0.0
-144,Tà Hừa,2025-04-10T04:00:00.000,0.0,0.0
-144,Tà Hừa,2025-04-10T05:00:00.000,0.0,0.0
-144,Tà Hừa,2025-04-10T06:00:00.000,0.0,0.0
-144,Tà Hừa,2025-04-10T07:00:00.000,0.0,0.0
-144,Tà Hừa,2025-04-10T08:00:00.000,0.0,0.0
-144,Tà Hừa,2025-04-10T09:00:00.000,0.0,0.0
-144,Tà Hừa,2025-04-10T10:00:00.000,0.0,0.0
-144,Tà Hừa,2025-04-10T11:00:00.000,0.0,0.0
-144,Tà Hừa,2025-04-10T12:00:00.000,0.0,0.0
-144,Tà Hừa,2025-04-10T13:00:00.000,0.0,0.0
-144,Tà Hừa,2025-04-10T14:00:00.000,0.0,0.0
-144,Tà Hừa,2025-04-10T15:00:00.000,0.0,0.0
-144,Tà Hừa,2025-04-10T16:00:00.000,0.0,0.0
-144,Tà Hừa,2025-04-10T17:00:00.000,0.0,0.0
-144,Tà Hừa,2025-04-10T18:00:00.000,0.0,0.0
-144,Tà Hừa,2025-04-10T19:00:00.000,0.0,0.0
-144,Tà Hừa,2025-04-10T20:00:00.000,0.0,0.0
-144,Tà Hừa,2025-04-10T21:00:00.000,0.0,0.0
-144,Tà Hừa,2025-04-10T22:00:00.000,0.0,0.0
-144,Tà Hừa,2025-04-10T23:00:00.000,0.0,0.0
-144,Tà Hừa,2025-04-11T00:00:00.000,0.0,0.0
-144,Tà Hừa,2025-04-11T01:00:00.000,0.0,0.0
-144,Tà Hừa,2025-04-11T02:00:00.000,0.0,0.0
-144,Tà Hừa,2025-04-11T03:00:00.000,0.0,0.0
-144,Tà Hừa,2025-04-11T04:00:00.000,0.0,0.0
-144,Tà Hừa,2025-04-11T05:00:00.000,0.0,0.0
-144,Tà Hừa,2025-04-11T06:00:00.000,0.0,0.0
-144,Tà Hừa,2025-04-11T07:00:00.000,0.0,0.0
-144,Tà Hừa,2025-04-11T08:00:00.000,0.0,0.0
-144,Tà Hừa,2025-04-11T09:00:00.000,0.0,0.0
-144,Tà Hừa,2025-04-11T10:00:00.000,0.0,0.0
-144,Tà Hừa,2025-04-11T11:00:00.000,0.0,0.0
-144,Tà Hừa,2025-04-11T12:00:00.000,0.0,0.0
-144,Tà Hừa,2025-04-11T13:00:00.000,0.0,0.0
-144,Tà Hừa,2025-04-11T14:00:00.000,0.0,0.0
-144,Tà Hừa,2025-04-11T15:00:00.000,0.0,0.0
-144,Tà Hừa,2025-04-11T16:00:00.000,0.0,0.0
-144,Tà Hừa,2025-04-11T17:00:00.000,0.0,0.0
-144,Tà Hừa,2025-04-11T18:00:00.000,0.0,0.0
-144,Tà Hừa,2025-04-11T19:00:00.000,0.0,0.0
-144,Tà Hừa,2025-04-11T20:00:00.000,0.0,0.0
-144,Tà Hừa,2025-04-11T21:00:00.000,0.0,0.0
-144,Tà Hừa,2025-04-11T22:00:00.000,0.0,0.0
-144,Tà Hừa,2025-04-11T23:00:00.000,0.0,0.0
-144,Tà Hừa,2025-04-12T00:00:00.000,0.0,0.0
-144,Tà Hừa,2025-04-12T01:00:00.000,0.0,0.0
-144,Tà Hừa,2025-04-12T02:00:00.000,0.0,0.0
-144,Tà Hừa,2025-04-12T03:00:00.000,0.0,0.0
-144,Tà Hừa,2025-04-12T04:00:00.000,0.0,0.0
-144,Tà Hừa,2025-04-12T05:00:00.000,0.0,0.0
-144,Tà Hừa,2025-04-12T06:00:00.000,0.0,0.0
-144,Tà Hừa,2025-04-12T07:00:00.000,0.0,0.0
-144,Tà Hừa,2025-04-12T08:00:00.000,11.600000381469727,11.600000381469727
-144,Tà Hừa,2025-04-12T09:00:00.000,1.399999976158142,13.000000357627869
-144,Tà Hừa,2025-04-12T10:00:00.000,0.20000000298023224,13.200000360608101
-144,Tà Hừa,2025-04-12T11:00:00.000,0.0,13.200000360608101
-144,Tà Hừa,2025-04-12T12:00:00.000,0.0,13.200000360608101
-144,Tà Hừa,2025-04-12T13:00:00.000,0.0,13.200000360608101
-144,Tà Hừa,2025-04-12T14:00:00.000,0.0,13.200000360608101
-144,Tà Hừa,2025-04-12T15:00:00.000,0.0,13.200000360608101
-144,Tà Hừa,2025-04-12T16:00:00.000,0.0,13.200000360608101
-144,Tà Hừa,2025-04-12T17:00:00.000,0.0,13.200000360608101
-144,Tà Hừa,2025-04-12T18:00:00.000,0.20000000298023224,13.400000363588333
-144,Tà Hừa,2025-04-12T19:00:00.000,2.799999952316284,16.200000315904617
-144,Tà Hừa,2025-04-12T20:00:00.000,0.6000000238418579,16.800000339746475
-144,Tà Hừa,2025-04-12T21:00:00.000,0.0,16.800000339746475
-144,Tà Hừa,2025-04-12T22:00:00.000,0.0,16.800000339746475
-144,Tà Hừa,2025-04-12T23:00:00.000,0.0,16.800000339746475
-144,Tà Hừa,2025-04-13T00:00:00.000,3.799999952316284,4.399999976158142
-144,Tà Hừa,2025-04-13T01:00:00.000,1.7999999523162842,6.199999928474426
-144,Tà Hừa,2025-04-13T02:00:00.000,2.200000047683716,8.399999976158142
-144,Tà Hừa,2025-04-13T03:00:00.000,0.20000000298023224,8.599999979138374
-144,Tà Hừa,2025-04-13T04:00:00.000,0.20000000298023224,8.799999982118607
-144,Tà Hừa,2025-04-13T05:00:00.000,5.400000095367432,14.200000077486038
-144,Tà Hừa,2025-04-13T06:00:00.000,1.399999976158142,15.60000005364418
-144,Tà Hừa,2025-04-13T07:00:00.000,0.4000000059604645,16.000000059604645
-144,Tà Hừa,2025-04-13T08:00:00.000,0.0,16.000000059604645
-144,Tà Hừa,2025-04-13T09:00:00.000,0.0,16.000000059604645
-144,Tà Hừa,2025-04-13T10:00:00.000,0.0,16.000000059604645
-144,Tà Hừa,2025-04-13T11:00:00.000,0.0,16.000000059604645
-144,Tà Hừa,2025-04-13T12:00:00.000,0.0,16.000000059604645
-144,Tà Hừa,2025-04-13T13:00:00.000,0.0,16.000000059604645
-144,Tà Hừa,2025-04-13T14:00:00.000,0.0,16.000000059604645
-144,Tà Hừa,2025-04-13T15:00:00.000,0.0,16.000000059604645
-144,Tà Hừa,2025-04-13T16:00:00.000,0.0,16.000000059604645
-144,Tà Hừa,2025-04-13T17:00:00.000,0.0,16.000000059604645
-144,Tà Hừa,2025-04-13T18:00:00.000,0.0,16.000000059604645
-144,Tà Hừa,2025-04-13T19:00:00.000,0.0,16.000000059604645
-144,Tà Hừa,2025-04-13T20:00:00.000,0.0,16.000000059604645
-144,Tà Hừa,2025-04-13T21:00:00.000,0.0,16.000000059604645
-144,Tà Hừa,2025-04-13T22:00:00.000,0.0,16.000000059604645
-144,Tà Hừa,2025-04-13T23:00:00.000,0.0,16.000000059604645
-144,Tà Hừa,2025-04-14T00:00:00.000,0.0,0.0
-144,Tà Hừa,2025-04-14T01:00:00.000,0.0,0.0
-144,Tà Hừa,2025-04-14T02:00:00.000,0.0,0.0
-144,Tà Hừa,2025-04-14T03:00:00.000,0.0,0.0
-144,Tà Hừa,2025-04-14T04:00:00.000,0.0,0.0
-144,Tà Hừa,2025-04-14T05:00:00.000,0.0,0.0
-144,Tà Hừa,2025-04-14T06:00:00.000,0.0,0.0
-144,Tà Hừa,2025-04-14T07:00:00.000,0.0,0.0
-144,Tà Hừa,2025-04-14T08:00:00.000,0.0,0.0
-144,Tà Hừa,2025-04-14T09:00:00.000,0.0,0.0
-144,Tà Hừa,2025-04-14T10:00:00.000,0.0,0.0
-144,Tà Hừa,2025-04-14T11:00:00.000,0.0,0.0
-144,Tà Hừa,2025-04-14T12:00:00.000,0.0,0.0
-144,Tà Hừa,2025-04-14T13:00:00.000,0.0,0.0
-144,Tà Hừa,2025-04-14T14:00:00.000,0.0,0.0
-144,Tà Hừa,2025-04-14T15:00:00.000,0.0,0.0
-144,Tà Hừa,2025-04-14T16:00:00.000,0.0,0.0
-144,Tà Hừa,2025-04-14T17:00:00.000,0.0,0.0
-144,Tà Hừa,2025-04-14T18:00:00.000,0.0,0.0
-144,Tà Hừa,2025-04-14T19:00:00.000,0.0,0.0
-144,Tà Hừa,2025-04-14T20:00:00.000,0.0,0.0
-144,Tà Hừa,2025-04-14T21:00:00.000,0.0,0.0
-144,Tà Hừa,2025-04-14T22:00:00.000,0.0,0.0
-144,Tà Hừa,2025-04-14T23:00:00.000,0.0,0.0
-144,Tà Hừa,2025-04-15T00:00:00.000,0.0,0.0
-144,Tà Hừa,2025-04-15T01:00:00.000,0.0,0.0
-144,Tà Hừa,2025-04-15T02:00:00.000,0.0,0.0
-144,Tà Hừa,2025-04-15T03:00:00.000,0.0,0.0
-144,Tà Hừa,2025-04-15T04:00:00.000,0.0,0.0
-144,Tà Hừa,2025-04-15T05:00:00.000,0.0,0.0
-144,Tà Hừa,2025-04-15T06:00:00.000,0.0,0.0
-144,Tà Hừa,2025-04-15T07:00:00.000,0.0,0.0
-144,Tà Hừa,2025-04-15T08:00:00.000,0.0,0.0
-144,Tà Hừa,2025-04-15T09:00:00.000,0.0,0.0
-144,Tà Hừa,2025-04-15T10:00:00.000,0.0,0.0
-144,Tà Hừa,2025-04-15T11:00:00.000,0.0,0.0
-144,Tà Hừa,2025-04-15T12:00:00.000,0.0,0.0
-144,Tà Hừa,2025-04-15T13:00:00.000,0.0,0.0
-144,Tà Hừa,2025-04-15T14:00:00.000,0.0,0.0
-144,Tà Hừa,2025-04-15T15:00:00.000,0.0,0.0
-144,Tà Hừa,2025-04-15T16:00:00.000,0.0,0.0
-144,Tà Hừa,2025-04-15T17:00:00.000,0.0,0.0
-144,Tà Hừa,2025-04-15T18:00:00.000,0.0,0.0
-144,Tà Hừa,2025-04-15T19:00:00.000,0.0,0.0
-144,Tà Hừa,2025-04-15T20:00:00.000,0.0,0.0
-144,Tà Hừa,2025-04-15T21:00:00.000,0.0,0.0
-144,Tà Hừa,2025-04-15T22:00:00.000,0.0,0.0
-144,Tà Hừa,2025-04-15T23:00:00.000,0.0,0.0
-144,Tà Hừa,2025-04-16T00:00:00.000,0.0,0.0
-144,Tà Hừa,2025-04-16T01:00:00.000,0.0,0.0
-144,Tà Hừa,2025-04-16T02:00:00.000,0.0,0.0
-144,Tà Hừa,2025-04-16T03:00:00.000,0.0,0.0
-144,Tà Hừa,2025-04-16T04:00:00.000,0.0,0.0
-144,Tà Hừa,2025-04-16T05:00:00.000,0.0,0.0
-144,Tà Hừa,2025-04-16T06:00:00.000,0.0,0.0
-144,Tà Hừa,2025-04-16T07:00:00.000,0.0,0.0
-144,Tà Hừa,2025-04-16T08:00:00.000,0.0,0.0
-144,Tà Hừa,2025-04-16T09:00:00.000,0.0,0.0
-144,Tà Hừa,2025-04-16T10:00:00.000,0.0,0.0
-144,Tà Hừa,2025-04-16T11:00:00.000,0.0,0.0
-144,Tà Hừa,2025-04-16T12:00:00.000,0.0,0.0
-144,Tà Hừa,2025-04-16T13:00:00.000,0.0,0.0
-144,Tà Hừa,2025-04-16T14:00:00.000,0.0,0.0
-144,Tà Hừa,2025-04-16T15:00:00.000,0.0,0.0
-144,Tà Hừa,2025-04-16T16:00:00.000,0.0,0.0
-144,Tà Hừa,2025-04-16T17:00:00.000,0.0,0.0
-144,Tà Hừa,2025-04-16T18:00:00.000,0.0,0.0
-144,Tà Hừa,2025-04-16T19:00:00.000,0.0,0.0
-144,Tà Hừa,2025-04-16T20:00:00.000,0.0,0.0
-144,Tà Hừa,2025-04-16T21:00:00.000,0.0,0.0
-144,Tà Hừa,2025-04-16T22:00:00.000,0.0,0.0
-144,Tà Hừa,2025-04-16T23:00:00.000,0.0,0.0
-144,Tà Hừa,2025-04-17T00:00:00.000,0.0,0.0
-144,Tà Hừa,2025-04-17T01:00:00.000,0.0,0.0
-144,Tà Hừa,2025-04-17T02:00:00.000,0.0,0.0
-144,Tà Hừa,2025-04-17T03:00:00.000,0.0,0.0
-144,Tà Hừa,2025-04-17T04:00:00.000,0.0,0.0
-144,Tà Hừa,2025-04-17T05:00:00.000,0.0,0.0
-144,Tà Hừa,2025-04-17T06:00:00.000,0.0,0.0
-144,Tà Hừa,2025-04-17T07:00:00.000,0.0,0.0
-144,Tà Hừa,2025-04-17T08:00:00.000,0.0,0.0
-144,Tà Hừa,2025-04-17T09:00:00.000,0.0,0.0
-144,Tà Hừa,2025-04-17T10:00:00.000,0.0,0.0
-144,Tà Hừa,2025-04-17T11:00:00.000,0.0,0.0
-144,Tà Hừa,2025-04-17T12:00:00.000,0.0,0.0
-144,Tà Hừa,2025-04-17T13:00:00.000,0.0,0.0
-144,Tà Hừa,2025-04-17T14:00:00.000,0.0,0.0
-144,Tà Hừa,2025-04-17T15:00:00.000,0.0,0.0
-144,Tà Hừa,2025-04-17T16:00:00.000,0.0,0.0
-144,Tà Hừa,2025-04-17T17:00:00.000,0.0,0.0
-144,Tà Hừa,2025-04-17T18:00:00.000,0.0,0.0
-144,Tà Hừa,2025-04-17T19:00:00.000,0.0,0.0
-144,Tà Hừa,2025-04-17T20:00:00.000,0.0,0.0
-144,Tà Hừa,2025-04-17T21:00:00.000,0.0,0.0
-144,Tà Hừa,2025-04-17T22:00:00.000,0.0,0.0
-144,Tà Hừa,2025-04-17T23:00:00.000,0.0,0.0
-144,Tà Hừa,2025-04-18T00:00:00.000,0.0,0.0
-144,Tà Hừa,2025-04-18T01:00:00.000,0.0,0.0
-144,Tà Hừa,2025-04-18T02:00:00.000,0.0,0.0
-144,Tà Hừa,2025-04-18T03:00:00.000,0.0,0.0
-144,Tà Hừa,2025-04-18T04:00:00.000,0.0,0.0
-144,Tà Hừa,2025-04-18T05:00:00.000,0.0,0.0
-144,Tà Hừa,2025-04-18T06:00:00.000,0.0,0.0
-144,Tà Hừa,2025-04-18T07:00:00.000,0.0,0.0
-144,Tà Hừa,2025-04-18T08:00:00.000,0.0,0.0
-144,Tà Hừa,2025-04-18T09:00:00.000,0.0,0.0
-144,Tà Hừa,2025-04-18T10:00:00.000,0.0,0.0
-144,Tà Hừa,2025-04-18T11:00:00.000,0.0,0.0
-144,Tà Hừa,2025-04-18T12:00:00.000,0.0,0.0
-144,Tà Hừa,2025-04-18T13:00:00.000,0.0,0.0
-144,Tà Hừa,2025-04-18T14:00:00.000,0.0,0.0
-144,Tà Hừa,2025-04-18T15:00:00.000,0.0,0.0
-144,Tà Hừa,2025-04-18T16:00:00.000,0.0,0.0
-144,Tà Hừa,2025-04-18T17:00:00.000,0.0,0.0
-144,Tà Hừa,2025-04-18T18:00:00.000,0.0,0.0
-144,Tà Hừa,2025-04-18T19:00:00.000,0.0,0.0
-144,Tà Hừa,2025-04-18T20:00:00.000,0.0,0.0
-144,Tà Hừa,2025-04-18T21:00:00.000,0.0,0.0
-144,Tà Hừa,2025-04-18T22:00:00.000,0.0,0.0
-144,Tà Hừa,2025-04-18T23:00:00.000,0.0,0.0
-144,Tà Hừa,2025-04-19T00:00:00.000,0.0,0.0
-144,Tà Hừa,2025-04-19T01:00:00.000,0.0,0.0
-144,Tà Hừa,2025-04-19T02:00:00.000,0.0,0.0
-144,Tà Hừa,2025-04-19T03:00:00.000,0.0,0.0
-144,Tà Hừa,2025-04-19T04:00:00.000,0.0,0.0
-144,Tà Hừa,2025-04-19T05:00:00.000,0.0,0.0
-144,Tà Hừa,2025-04-19T06:00:00.000,0.0,0.0
-144,Tà Hừa,2025-04-19T07:00:00.000,0.0,0.0
-144,Tà Hừa,2025-04-19T08:00:00.000,0.0,0.0
-144,Tà Hừa,2025-04-19T09:00:00.000,0.0,0.0
-144,Tà Hừa,2025-04-19T10:00:00.000,0.0,0.0
-144,Tà Hừa,2025-04-19T11:00:00.000,0.0,0.0
-144,Tà Hừa,2025-04-19T12:00:00.000,0.0,0.0
-144,Tà Hừa,2025-04-19T13:00:00.000,0.0,0.0
-144,Tà Hừa,2025-04-19T14:00:00.000,0.0,0.0
-144,Tà Hừa,2025-04-19T15:00:00.000,0.0,0.0
-144,Tà Hừa,2025-04-19T16:00:00.000,0.0,0.0
-144,Tà Hừa,2025-04-19T17:00:00.000,0.0,0.0
-144,Tà Hừa,2025-04-19T18:00:00.000,0.0,0.0
-144,Tà Hừa,2025-04-19T19:00:00.000,0.0,0.0
-144,Tà Hừa,2025-04-19T20:00:00.000,0.0,0.0
-144,Tà Hừa,2025-04-19T21:00:00.000,0.0,0.0
-144,Tà Hừa,2025-04-19T22:00:00.000,0.0,0.0
-144,Tà Hừa,2025-04-19T23:00:00.000,0.0,0.0
-144,Tà Hừa,2025-04-20T00:00:00.000,0.0,0.0
-144,Tà Hừa,2025-04-20T01:00:00.000,0.0,0.0
-144,Tà Hừa,2025-04-20T02:00:00.000,0.0,0.0
-144,Tà Hừa,2025-04-20T03:00:00.000,0.0,0.0
-144,Tà Hừa,2025-04-20T04:00:00.000,0.0,0.0
-144,Tà Hừa,2025-04-20T05:00:00.000,0.0,0.0
-144,Tà Hừa,2025-04-20T06:00:00.000,0.0,0.0
-144,Tà Hừa,2025-04-20T07:00:00.000,0.0,0.0
-144,Tà Hừa,2025-04-20T08:00:00.000,0.0,0.0
-144,Tà Hừa,2025-04-20T09:00:00.000,0.0,0.0
-144,Tà Hừa,2025-04-20T10:00:00.000,0.0,0.0
-144,Tà Hừa,2025-04-20T11:00:00.000,0.0,0.0
-144,Tà Hừa,2025-04-20T12:00:00.000,0.0,0.0
-144,Tà Hừa,2025-04-20T13:00:00.000,0.0,0.0
-144,Tà Hừa,2025-04-20T14:00:00.000,0.0,0.0
-144,Tà Hừa,2025-04-20T15:00:00.000,0.0,0.0
-144,Tà Hừa,2025-04-20T16:00:00.000,0.0,0.0
-144,Tà Hừa,2025-04-20T17:00:00.000,0.0,0.0
-144,Tà Hừa,2025-04-20T18:00:00.000,0.0,0.0
-144,Tà Hừa,2025-04-20T19:00:00.000,0.0,0.0
-144,Tà Hừa,2025-04-20T20:00:00.000,2.0,2.0
-144,Tà Hừa,2025-04-20T21:00:00.000,0.0,2.0
-144,Tà Hừa,2025-04-20T22:00:00.000,0.0,2.0
-144,Tà Hừa,2025-04-20T23:00:00.000,0.0,2.0
-144,Tà Hừa,2025-04-21T00:00:00.000,0.0,2.0
-144,Tà Hừa,2025-04-21T01:00:00.000,0.0,2.0
-144,Tà Hừa,2025-04-21T02:00:00.000,0.0,2.0
-144,Tà Hừa,2025-04-21T03:00:00.000,0.0,2.0
-144,Tà Hừa,2025-04-21T04:00:00.000,0.0,2.0
-144,Tà Hừa,2025-04-21T05:00:00.000,0.0,2.0
-144,Tà Hừa,2025-04-21T06:00:00.000,0.0,2.0
-144,Tà Hừa,2025-04-21T07:00:00.000,0.0,2.0
-144,Tà Hừa,2025-04-21T08:00:00.000,0.0,2.0
-144,Tà Hừa,2025-04-21T09:00:00.000,0.0,2.0
-144,Tà Hừa,2025-04-21T10:00:00.000,0.0,2.0
-144,Tà Hừa,2025-04-21T11:00:00.000,0.0,2.0
-144,Tà Hừa,2025-04-21T12:00:00.000,0.0,2.0
-144,Tà Hừa,2025-04-21T13:00:00.000,0.0,2.0
-144,Tà Hừa,2025-04-21T14:00:00.000,0.0,2.0
-144,Tà Hừa,2025-04-21T15:00:00.000,16.799999237060547,18.799999237060547
-144,Tà Hừa,2025-04-21T16:00:00.000,0.0,18.799999237060547
-144,Tà Hừa,2025-04-21T17:00:00.000,0.6000000238418579,19.399999260902405
-144,Tà Hừa,2025-04-21T18:00:00.000,0.0,19.399999260902405
-144,Tà Hừa,2025-04-21T19:00:00.000,0.0,19.399999260902405
-144,Tà Hừa,2025-04-21T20:00:00.000,0.0,19.399999260902405
-144,Tà Hừa,2025-04-21T21:00:00.000,0.0,19.399999260902405
-144,Tà Hừa,2025-04-21T22:00:00.000,0.0,19.399999260902405
-144,Tà Hừa,2025-04-21T23:00:00.000,1.7999999523162842,21.19999921321869
-144,Tà Hừa,2025-04-22T00:00:00.000,0.6000000238418579,2.399999976158142
-144,Tà Hừa,2025-04-22T01:00:00.000,0.0,2.399999976158142
-144,Tà Hừa,2025-04-22T02:00:00.000,13.199999809265137,15.599999785423279
-144,Tà Hừa,2025-04-22T03:00:00.000,5.199999809265137,20.799999594688416
-144,Tà Hừa,2025-04-22T04:00:00.000,3.200000047683716,23.99999964237213
-144,Tà Hừa,2025-04-22T05:00:00.000,0.0,23.99999964237213
-144,Tà Hừa,2025-04-22T06:00:00.000,0.0,23.99999964237213
-144,Tà Hừa,2025-04-22T07:00:00.000,0.0,23.99999964237213
-144,Tà Hừa,2025-04-22T08:00:00.000,0.0,23.99999964237213
-144,Tà Hừa,2025-04-22T09:00:00.000,0.0,23.99999964237213
-144,Tà Hừa,2025-04-22T10:00:00.000,0.0,23.99999964237213
-144,Tà Hừa,2025-04-22T11:00:00.000,0.0,23.99999964237213
-144,Tà Hừa,2025-04-22T12:00:00.000,0.0,23.99999964237213
-144,Tà Hừa,2025-04-22T13:00:00.000,0.0,23.99999964237213
-144,Tà Hừa,2025-04-22T14:00:00.000,0.0,23.99999964237213
-144,Tà Hừa,2025-04-22T15:00:00.000,0.0,23.99999964237213
-144,Tà Hừa,2025-04-22T16:00:00.000,0.0,23.99999964237213
-144,Tà Hừa,2025-04-22T17:00:00.000,0.0,23.99999964237213
-144,Tà Hừa,2025-04-22T18:00:00.000,0.0,23.99999964237213
-144,Tà Hừa,2025-04-22T19:00:00.000,0.0,23.99999964237213
-144,Tà Hừa,2025-04-22T20:00:00.000,0.0,23.99999964237213
-144,Tà Hừa,2025-04-22T21:00:00.000,0.0,23.99999964237213
-144,Tà Hừa,2025-04-22T22:00:00.000,0.0,23.99999964237213
-144,Tà Hừa,2025-04-22T23:00:00.000,0.0,23.99999964237213
-144,Tà Hừa,2025-04-23T00:00:00.000,0.0,0.0
-144,Tà Hừa,2025-04-23T01:00:00.000,0.0,0.0
-144,Tà Hừa,2025-04-23T02:00:00.000,0.0,0.0
-144,Tà Hừa,2025-04-23T03:00:00.000,0.0,0.0
-144,Tà Hừa,2025-04-23T04:00:00.000,0.0,0.0
-144,Tà Hừa,2025-04-23T05:00:00.000,0.0,0.0
-144,Tà Hừa,2025-04-23T06:00:00.000,0.0,0.0
-144,Tà Hừa,2025-04-23T07:00:00.000,0.0,0.0
-144,Tà Hừa,2025-04-23T08:00:00.000,0.0,0.0
-144,Tà Hừa,2025-04-23T09:00:00.000,0.0,0.0
-144,Tà Hừa,2025-04-23T10:00:00.000,0.0,0.0
-144,Tà Hừa,2025-04-23T11:00:00.000,0.0,0.0
-144,Tà Hừa,2025-04-23T12:00:00.000,0.0,0.0
-144,Tà Hừa,2025-04-23T13:00:00.000,0.0,0.0
-144,Tà Hừa,2025-04-23T14:00:00.000,0.0,0.0
-144,Tà Hừa,2025-04-23T15:00:00.000,0.0,0.0
-144,Tà Hừa,2025-04-23T16:00:00.000,0.0,0.0
-144,Tà Hừa,2025-04-23T17:00:00.000,0.0,0.0
-144,Tà Hừa,2025-04-23T18:00:00.000,2.4000000953674316,2.4000000953674316
-144,Tà Hừa,2025-04-23T19:00:00.000,0.20000000298023224,2.600000098347664
-144,Tà Hừa,2025-04-23T20:00:00.000,0.0,2.600000098347664
-144,Tà Hừa,2025-04-23T21:00:00.000,0.0,2.600000098347664
-144,Tà Hừa,2025-04-23T22:00:00.000,0.6000000238418579,3.200000122189522
-144,Tà Hừa,2025-04-23T23:00:00.000,0.0,3.200000122189522
-144,Tà Hừa,2025-04-24T00:00:00.000,0.0,0.6000000238418579
-144,Tà Hừa,2025-04-24T01:00:00.000,0.0,0.6000000238418579
-144,Tà Hừa,2025-04-24T02:00:00.000,0.0,0.6000000238418579
-144,Tà Hừa,2025-04-24T03:00:00.000,0.0,0.6000000238418579
-144,Tà Hừa,2025-04-24T04:00:00.000,0.0,0.6000000238418579
-144,Tà Hừa,2025-04-24T05:00:00.000,0.0,0.6000000238418579
-144,Tà Hừa,2025-04-24T06:00:00.000,0.0,0.6000000238418579
-144,Tà Hừa,2025-04-24T07:00:00.000,0.0,0.6000000238418579
-144,Tà Hừa,2025-04-24T08:00:00.000,0.0,0.6000000238418579
-144,Tà Hừa,2025-04-24T09:00:00.000,0.0,0.6000000238418579
-144,Tà Hừa,2025-04-24T10:00:00.000,0.0,0.6000000238418579
-144,Tà Hừa,2025-04-24T11:00:00.000,0.0,0.6000000238418579
-144,Tà Hừa,2025-04-24T12:00:00.000,0.0,0.6000000238418579
-144,Tà Hừa,2025-04-24T13:00:00.000,0.0,0.6000000238418579
-144,Tà Hừa,2025-04-24T14:00:00.000,0.0,0.6000000238418579
-144,Tà Hừa,2025-04-24T15:00:00.000,0.0,0.6000000238418579
-144,Tà Hừa,2025-04-24T16:00:00.000,0.0,0.6000000238418579
-144,Tà Hừa,2025-04-24T17:00:00.000,0.0,0.6000000238418579
-144,Tà Hừa,2025-04-24T18:00:00.000,0.0,0.6000000238418579
-144,Tà Hừa,2025-04-24T19:00:00.000,0.0,0.6000000238418579
-144,Tà Hừa,2025-04-24T20:00:00.000,0.0,0.6000000238418579
-144,Tà Hừa,2025-04-24T21:00:00.000,0.0,0.6000000238418579
-144,Tà Hừa,2025-04-24T22:00:00.000,0.0,0.6000000238418579
-144,Tà Hừa,2025-04-24T23:00:00.000,0.0,0.6000000238418579
-144,Tà Hừa,2025-04-25T00:00:00.000,0.0,0.0
-144,Tà Hừa,2025-04-25T01:00:00.000,0.0,0.0
-144,Tà Hừa,2025-04-25T02:00:00.000,0.20000000298023224,0.20000000298023224
-144,Tà Hừa,2025-04-25T03:00:00.000,0.0,0.20000000298023224
-144,Tà Hừa,2025-04-25T04:00:00.000,0.0,0.20000000298023224
-144,Tà Hừa,2025-04-25T05:00:00.000,0.0,0.20000000298023224
-144,Tà Hừa,2025-04-25T06:00:00.000,0.0,0.20000000298023224
-144,Tà Hừa,2025-04-25T07:00:00.000,0.0,0.20000000298023224
-144,Tà Hừa,2025-04-25T08:00:00.000,0.0,0.20000000298023224
-144,Tà Hừa,2025-04-25T09:00:00.000,0.0,0.20000000298023224
-144,Tà Hừa,2025-04-25T10:00:00.000,0.0,0.20000000298023224
-144,Tà Hừa,2025-04-25T11:00:00.000,0.0,0.20000000298023224
-144,Tà Hừa,2025-04-25T12:00:00.000,0.0,0.20000000298023224
-144,Tà Hừa,2025-04-25T13:00:00.000,0.0,0.20000000298023224
-144,Tà Hừa,2025-04-25T14:00:00.000,0.0,0.20000000298023224
-144,Tà Hừa,2025-04-25T15:00:00.000,0.0,0.20000000298023224
-144,Tà Hừa,2025-04-25T16:00:00.000,0.0,0.20000000298023224
-144,Tà Hừa,2025-04-25T17:00:00.000,0.0,0.20000000298023224
-144,Tà Hừa,2025-04-25T18:00:00.000,0.0,0.20000000298023224
-144,Tà Hừa,2025-04-25T19:00:00.000,0.0,0.20000000298023224
-144,Tà Hừa,2025-04-25T20:00:00.000,0.0,0.20000000298023224
-144,Tà Hừa,2025-04-25T21:00:00.000,0.0,0.20000000298023224
-144,Tà Hừa,2025-04-25T22:00:00.000,0.0,0.20000000298023224
-144,Tà Hừa,2025-04-25T23:00:00.000,0.0,0.20000000298023224
-144,Tà Hừa,2025-04-26T00:00:00.000,0.0,0.0
-144,Tà Hừa,2025-04-26T01:00:00.000,0.0,0.0
-144,Tà Hừa,2025-04-26T02:00:00.000,0.0,0.0
-144,Tà Hừa,2025-04-26T03:00:00.000,0.0,0.0
-144,Tà Hừa,2025-04-26T04:00:00.000,0.0,0.0
-144,Tà Hừa,2025-04-26T05:00:00.000,0.0,0.0
-144,Tà Hừa,2025-04-26T06:00:00.000,0.0,0.0
-144,Tà Hừa,2025-04-26T07:00:00.000,0.0,0.0
-144,Tà Hừa,2025-04-26T08:00:00.000,0.0,0.0
-144,Tà Hừa,2025-04-26T09:00:00.000,0.0,0.0
-144,Tà Hừa,2025-04-26T10:00:00.000,0.0,0.0
-144,Tà Hừa,2025-04-26T11:00:00.000,0.0,0.0
-144,Tà Hừa,2025-04-26T12:00:00.000,0.0,0.0
-144,Tà Hừa,2025-04-26T13:00:00.000,0.0,0.0
-144,Tà Hừa,2025-04-26T14:00:00.000,0.0,0.0
-144,Tà Hừa,2025-04-26T15:00:00.000,0.0,0.0
-144,Tà Hừa,2025-04-26T16:00:00.000,0.0,0.0
-144,Tà Hừa,2025-04-26T17:00:00.000,0.0,0.0
-144,Tà Hừa,2025-04-26T18:00:00.000,0.0,0.0
-144,Tà Hừa,2025-04-26T19:00:00.000,0.0,0.0
-144,Tà Hừa,2025-04-26T20:00:00.000,0.0,0.0
-144,Tà Hừa,2025-04-26T21:00:00.000,0.0,0.0
-144,Tà Hừa,2025-04-26T22:00:00.000,0.0,0.0
-144,Tà Hừa,2025-04-26T23:00:00.000,0.0,0.0
-144,Tà Hừa,2025-04-27T00:00:00.000,0.0,0.0
-144,Tà Hừa,2025-04-27T01:00:00.000,0.0,0.0
-144,Tà Hừa,2025-04-27T02:00:00.000,0.0,0.0
-144,Tà Hừa,2025-04-27T03:00:00.000,0.0,0.0
-144,Tà Hừa,2025-04-27T04:00:00.000,0.0,0.0
-144,Tà Hừa,2025-04-27T05:00:00.000,0.0,0.0
-144,Tà Hừa,2025-04-27T06:00:00.000,12.0,12.0
-144,Tà Hừa,2025-04-27T07:00:00.000,0.0,12.0
-144,Tà Hừa,2025-04-27T08:00:00.000,0.0,12.0
-144,Tà Hừa,2025-04-27T09:00:00.000,0.0,12.0
-144,Tà Hừa,2025-04-27T10:00:00.000,0.0,12.0
-144,Tà Hừa,2025-04-27T11:00:00.000,0.0,12.0
-144,Tà Hừa,2025-04-27T12:00:00.000,0.0,12.0
-144,Tà Hừa,2025-04-27T13:00:00.000,0.0,12.0
-144,Tà Hừa,2025-04-27T14:00:00.000,0.0,12.0
-144,Tà Hừa,2025-04-27T15:00:00.000,0.0,12.0
-144,Tà Hừa,2025-04-27T16:00:00.000,0.0,12.0
-144,Tà Hừa,2025-04-27T17:00:00.000,0.0,12.0
-144,Tà Hừa,2025-04-27T18:00:00.000,0.0,12.0
-144,Tà Hừa,2025-04-27T19:00:00.000,0.0,12.0
-144,Tà Hừa,2025-04-27T20:00:00.000,0.0,12.0
-144,Tà Hừa,2025-04-27T21:00:00.000,0.0,12.0
-144,Tà Hừa,2025-04-27T22:00:00.000,0.0,12.0
-144,Tà Hừa,2025-04-27T23:00:00.000,0.0,12.0
-144,Tà Hừa,2025-04-28T00:00:00.000,0.0,0.0
-144,Tà Hừa,2025-04-28T01:00:00.000,0.0,0.0
-144,Tà Hừa,2025-04-28T02:00:00.000,0.0,0.0
-144,Tà Hừa,2025-04-28T03:00:00.000,0.0,0.0
-144,Tà Hừa,2025-04-28T04:00:00.000,0.0,0.0
-144,Tà Hừa,2025-04-28T05:00:00.000,0.0,0.0
-144,Tà Hừa,2025-04-28T06:00:00.000,0.0,0.0
-144,Tà Hừa,2025-04-28T07:00:00.000,0.0,0.0
-144,Tà Hừa,2025-04-28T08:00:00.000,0.0,0.0
-144,Tà Hừa,2025-04-28T09:00:00.000,0.0,0.0
-144,Tà Hừa,2025-04-28T10:00:00.000,0.0,0.0
-144,Tà Hừa,2025-04-28T11:00:00.000,0.0,0.0
-144,Tà Hừa,2025-04-28T12:00:00.000,0.0,0.0
-144,Tà Hừa,2025-04-28T13:00:00.000,0.0,0.0
-144,Tà Hừa,2025-04-28T14:00:00.000,0.0,0.0
-144,Tà Hừa,2025-04-28T15:00:00.000,0.0,0.0
-144,Tà Hừa,2025-04-28T16:00:00.000,0.0,0.0
-144,Tà Hừa,2025-04-28T17:00:00.000,0.0,0.0
-144,Tà Hừa,2025-04-28T18:00:00.000,0.0,0.0
-144,Tà Hừa,2025-04-28T19:00:00.000,0.0,0.0
-144,Tà Hừa,2025-04-28T20:00:00.000,0.0,0.0
-144,Tà Hừa,2025-04-28T21:00:00.000,0.0,0.0
-144,Tà Hừa,2025-04-28T22:00:00.000,0.0,0.0
-144,Tà Hừa,2025-04-28T23:00:00.000,0.0,0.0
-144,Tà Hừa,2025-04-29T00:00:00.000,0.0,0.0
-144,Tà Hừa,2025-04-29T01:00:00.000,0.0,0.0
-144,Tà Hừa,2025-04-29T02:00:00.000,0.0,0.0
-144,Tà Hừa,2025-04-29T03:00:00.000,0.0,0.0
-144,Tà Hừa,2025-04-29T04:00:00.000,0.0,0.0
-144,Tà Hừa,2025-04-29T05:00:00.000,0.0,0.0
-144,Tà Hừa,2025-04-29T06:00:00.000,0.0,0.0
-144,Tà Hừa,2025-04-29T07:00:00.000,0.0,0.0
-144,Tà Hừa,2025-04-29T08:00:00.000,0.0,0.0
-144,Tà Hừa,2025-04-29T09:00:00.000,0.0,0.0
-144,Tà Hừa,2025-04-29T10:00:00.000,0.0,0.0
-144,Tà Hừa,2025-04-29T11:00:00.000,0.4000000059604645,0.4000000059604645
-144,Tà Hừa,2025-04-29T12:00:00.000,0.0,0.4000000059604645
-144,Tà Hừa,2025-04-29T13:00:00.000,0.0,0.4000000059604645
-144,Tà Hừa,2025-04-29T14:00:00.000,0.0,0.4000000059604645
-144,Tà Hừa,2025-04-29T15:00:00.000,0.0,0.4000000059604645
-144,Tà Hừa,2025-04-29T16:00:00.000,0.0,0.4000000059604645
-144,Tà Hừa,2025-04-29T17:00:00.000,0.0,0.4000000059604645
-144,Tà Hừa,2025-04-29T18:00:00.000,0.0,0.4000000059604645
-144,Tà Hừa,2025-04-29T19:00:00.000,0.0,0.4000000059604645
-144,Tà Hừa,2025-04-29T20:00:00.000,0.0,0.4000000059604645
-144,Tà Hừa,2025-04-29T21:00:00.000,0.0,0.4000000059604645
-144,Tà Hừa,2025-04-29T22:00:00.000,0.0,0.4000000059604645
-144,Tà Hừa,2025-04-29T23:00:00.000,0.20000000298023224,0.6000000089406967
-144,Tà Hừa,2025-04-30T00:00:00.000,0.0,0.20000000298023224
-144,Tà Hừa,2025-04-30T01:00:00.000,0.20000000298023224,0.4000000059604645
-144,Tà Hừa,2025-04-30T02:00:00.000,0.0,0.4000000059604645
-144,Tà Hừa,2025-04-30T03:00:00.000,0.0,0.4000000059604645
-144,Tà Hừa,2025-04-30T04:00:00.000,0.0,0.4000000059604645
-144,Tà Hừa,2025-04-30T05:00:00.000,0.0,0.4000000059604645
-144,Tà Hừa,2025-04-30T06:00:00.000,0.0,0.4000000059604645
-144,Tà Hừa,2025-04-30T07:00:00.000,0.0,0.4000000059604645
-144,Tà Hừa,2025-04-30T08:00:00.000,0.0,0.4000000059604645
-144,Tà Hừa,2025-04-30T09:00:00.000,0.0,0.4000000059604645
-144,Tà Hừa,2025-04-30T10:00:00.000,0.0,0.4000000059604645
-144,Tà Hừa,2025-04-30T11:00:00.000,0.0,0.4000000059604645
-144,Tà Hừa,2025-04-30T12:00:00.000,0.0,0.4000000059604645
-144,Tà Hừa,2025-04-30T13:00:00.000,0.0,0.4000000059604645
-144,Tà Hừa,2025-04-30T14:00:00.000,0.0,0.4000000059604645
-144,Tà Hừa,2025-04-30T15:00:00.000,1.600000023841858,2.0000000298023224
-144,Tà Hừa,2025-04-30T16:00:00.000,0.4000000059604645,2.400000035762787
-144,Tà Hừa,2025-04-30T17:00:00.000,0.0,2.400000035762787
-144,Tà Hừa,2025-04-30T18:00:00.000,0.0,2.400000035762787
-144,Tà Hừa,2025-04-30T19:00:00.000,0.0,2.400000035762787
-144,Tà Hừa,2025-04-30T20:00:00.000,0.0,2.400000035762787
-144,Tà Hừa,2025-04-30T21:00:00.000,0.0,2.400000035762787
-144,Tà Hừa,2025-04-30T22:00:00.000,0.0,2.400000035762787
-144,Tà Hừa,2025-04-30T23:00:00.000,0.0,2.400000035762787
-144,Tà Hừa,2025-05-16T00:00:00.000,1.0,5.6000001430511475
-144,Tà Hừa,2025-05-16T01:00:00.000,4.800000190734863,10.40000033378601
-144,Tà Hừa,2025-05-16T02:00:00.000,1.399999976158142,11.800000309944153
-144,Tà Hừa,2025-05-16T03:00:00.000,2.0,13.800000309944153
-144,Tà Hừa,2025-05-16T04:00:00.000,19.799999237060547,33.5999995470047
-144,Tà Hừa,2025-05-16T05:00:00.000,19.799999237060547,53.39999878406525
-144,Tà Hừa,2025-05-16T06:00:00.000,30.200000762939453,83.5999995470047
-144,Tà Hừa,2025-05-16T07:00:00.000,18.200000762939453,101.80000030994415
-144,Tà Hừa,2025-05-16T08:00:00.000,4.199999809265137,106.00000011920929
-144,Tà Hừa,2025-05-16T09:00:00.000,1.7999999523162842,107.80000007152557
-144,Tà Hừa,2025-05-16T10:00:00.000,0.0,107.80000007152557
-144,Tà Hừa,2025-05-16T11:00:00.000,0.0,107.80000007152557
-144,Tà Hừa,2025-05-16T12:00:00.000,0.0,107.80000007152557
-144,Tà Hừa,2025-05-16T13:00:00.000,0.0,107.80000007152557
-144,Tà Hừa,2025-05-16T14:00:00.000,0.20000000298023224,108.0000000745058
-144,Tà Hừa,2025-05-16T15:00:00.000,2.0,110.0000000745058
-144,Tà Hừa,2025-05-16T16:00:00.000,1.399999976158142,111.40000005066395
-144,Tà Hừa,2025-05-16T17:00:00.000,0.0,111.40000005066395
-144,Tà Hừa,2025-05-16T18:00:00.000,0.0,111.40000005066395
-144,Tà Hừa,2025-05-16T19:00:00.000,0.20000000298023224,111.60000005364418
-144,Tà Hừa,2025-05-16T20:00:00.000,0.0,111.60000005364418
-144,Tà Hừa,2025-05-16T21:00:00.000,0.0,111.60000005364418
-144,Tà Hừa,2025-05-16T22:00:00.000,0.0,111.60000005364418
-144,Tà Hừa,2025-05-16T23:00:00.000,0.20000000298023224,111.80000005662441
-144,Tà Hừa,2025-05-17T00:00:00.000,0.20000000298023224,0.4000000059604645
-144,Tà Hừa,2025-05-17T01:00:00.000,0.0,0.4000000059604645
-144,Tà Hừa,2025-05-17T02:00:00.000,0.20000000298023224,0.6000000089406967
-144,Tà Hừa,2025-05-17T03:00:00.000,0.0,0.6000000089406967
-144,Tà Hừa,2025-05-17T04:00:00.000,0.0,0.6000000089406967
-144,Tà Hừa,2025-05-17T05:00:00.000,0.0,0.6000000089406967
-144,Tà Hừa,2025-05-17T06:00:00.000,0.0,0.6000000089406967
-144,Tà Hừa,2025-05-17T07:00:00.000,0.0,0.6000000089406967
-144,Tà Hừa,2025-05-17T08:00:00.000,0.0,0.6000000089406967
-144,Tà Hừa,2025-05-17T09:00:00.000,0.0,0.6000000089406967
-144,Tà Hừa,2025-05-17T10:00:00.000,0.0,0.6000000089406967
-144,Tà Hừa,2025-05-17T11:00:00.000,0.6000000238418579,1.2000000327825546
-144,Tà Hừa,2025-05-17T12:00:00.000,0.20000000298023224,1.4000000357627869
-144,Tà Hừa,2025-05-17T13:00:00.000,0.0,1.4000000357627869
-144,Tà Hừa,2025-05-17T14:00:00.000,1.399999976158142,2.800000011920929
-144,Tà Hừa,2025-05-17T15:00:00.000,7.199999809265137,9.999999821186066
-144,Tà Hừa,2025-05-17T16:00:00.000,0.0,9.999999821186066
-144,Tà Hừa,2025-05-17T17:00:00.000,0.0,9.999999821186066
-144,Tà Hừa,2025-05-17T18:00:00.000,0.0,9.999999821186066
-144,Tà Hừa,2025-05-17T19:00:00.000,0.0,9.999999821186066
-144,Tà Hừa,2025-05-17T20:00:00.000,0.0,9.999999821186066
-144,Tà Hừa,2025-05-17T21:00:00.000,0.0,9.999999821186066
-144,Tà Hừa,2025-05-17T22:00:00.000,0.0,9.999999821186066
-144,Tà Hừa,2025-05-17T23:00:00.000,0.0,9.999999821186066
-144,Tà Hừa,2025-05-18T00:00:00.000,0.0,0.0
-144,Tà Hừa,2025-05-18T01:00:00.000,0.0,0.0
-144,Tà Hừa,2025-05-18T02:00:00.000,0.0,0.0
-144,Tà Hừa,2025-05-18T03:00:00.000,0.0,0.0
-144,Tà Hừa,2025-05-18T04:00:00.000,0.0,0.0
-144,Tà Hừa,2025-05-18T05:00:00.000,0.0,0.0
-144,Tà Hừa,2025-05-18T06:00:00.000,0.0,0.0
-144,Tà Hừa,2025-05-18T07:00:00.000,0.0,0.0
-144,Tà Hừa,2025-05-18T08:00:00.000,0.0,0.0
-144,Tà Hừa,2025-05-18T09:00:00.000,0.0,0.0
-144,Tà Hừa,2025-05-18T10:00:00.000,0.0,0.0
-144,Tà Hừa,2025-05-18T11:00:00.000,0.0,0.0
-144,Tà Hừa,2025-05-18T12:00:00.000,5.599999904632568,5.599999904632568
-144,Tà Hừa,2025-05-18T13:00:00.000,0.0,5.599999904632568
-144,Tà Hừa,2025-05-18T14:00:00.000,0.0,5.599999904632568
-144,Tà Hừa,2025-05-18T15:00:00.000,4.800000190734863,10.400000095367432
-144,Tà Hừa,2025-05-18T16:00:00.000,0.0,10.400000095367432
-144,Tà Hừa,2025-05-18T17:00:00.000,0.0,10.400000095367432
-144,Tà Hừa,2025-05-18T18:00:00.000,0.0,10.400000095367432
-144,Tà Hừa,2025-05-18T19:00:00.000,0.0,10.400000095367432
-144,Tà Hừa,2025-05-18T20:00:00.000,0.0,10.400000095367432
-144,Tà Hừa,2025-05-18T21:00:00.000,0.800000011920929,11.20000010728836
-144,Tà Hừa,2025-05-18T22:00:00.000,0.0,11.20000010728836
-144,Tà Hừa,2025-05-18T23:00:00.000,0.0,11.20000010728836
-144,Tà Hừa,2025-05-19T00:00:00.000,0.20000000298023224,1.0000000149011612
-144,Tà Hừa,2025-05-19T01:00:00.000,0.0,1.0000000149011612
-144,Tà Hừa,2025-05-19T02:00:00.000,0.0,1.0000000149011612
-144,Tà Hừa,2025-05-19T03:00:00.000,0.0,1.0000000149011612
-144,Tà Hừa,2025-05-19T04:00:00.000,0.0,1.0000000149011612
-144,Tà Hừa,2025-05-19T05:00:00.000,0.0,1.0000000149011612
-144,Tà Hừa,2025-05-19T06:00:00.000,0.0,1.0000000149011612
-144,Tà Hừa,2025-05-19T07:00:00.000,0.0,1.0000000149011612
-144,Tà Hừa,2025-05-19T08:00:00.000,0.0,1.0000000149011612
-144,Tà Hừa,2025-05-19T09:00:00.000,0.0,1.0000000149011612
-144,Tà Hừa,2025-05-19T10:00:00.000,0.0,1.0000000149011612
-144,Tà Hừa,2025-05-19T11:00:00.000,10.800000190734863,11.800000205636024
-144,Tà Hừa,2025-05-19T12:00:00.000,2.799999952316284,14.600000157952309
-144,Tà Hừa,2025-05-19T13:00:00.000,0.4000000059604645,15.000000163912773
-144,Tà Hừa,2025-05-19T14:00:00.000,0.0,15.000000163912773
-144,Tà Hừa,2025-05-19T15:00:00.000,0.0,15.000000163912773
-144,Tà Hừa,2025-05-19T16:00:00.000,0.0,15.000000163912773
-144,Tà Hừa,2025-05-19T17:00:00.000,0.0,15.000000163912773
-144,Tà Hừa,2025-05-19T18:00:00.000,0.0,15.000000163912773
-144,Tà Hừa,2025-05-19T19:00:00.000,0.0,15.000000163912773
-144,Tà Hừa,2025-05-19T20:00:00.000,0.0,15.000000163912773
-144,Tà Hừa,2025-05-19T21:00:00.000,0.0,15.000000163912773
-144,Tà Hừa,2025-05-19T22:00:00.000,0.0,15.000000163912773
-144,Tà Hừa,2025-05-19T23:00:00.000,2.0,17.000000163912773
-144,Tà Hừa,2025-05-20T00:00:00.000,0.0,2.0
-144,Tà Hừa,2025-05-20T01:00:00.000,0.4000000059604645,2.4000000059604645
-144,Tà Hừa,2025-05-20T02:00:00.000,5.199999809265137,7.599999815225601
-144,Tà Hừa,2025-05-20T03:00:00.000,0.20000000298023224,7.799999818205833
-144,Tà Hừa,2025-05-20T04:00:00.000,5.400000095367432,13.199999913573265
-144,Tà Hừa,2025-05-20T05:00:00.000,0.0,13.199999913573265
-144,Tà Hừa,2025-05-20T06:00:00.000,0.0,13.199999913573265
-144,Tà Hừa,2025-05-20T07:00:00.000,10.399999618530273,23.59999953210354
-144,Tà Hừa,2025-05-20T08:00:00.000,5.0,28.59999953210354
-144,Tà Hừa,2025-05-20T09:00:00.000,0.0,28.59999953210354
-144,Tà Hừa,2025-05-20T10:00:00.000,0.0,28.59999953210354
-144,Tà Hừa,2025-05-20T11:00:00.000,0.0,28.59999953210354
-144,Tà Hừa,2025-05-20T12:00:00.000,0.0,28.59999953210354
-144,Tà Hừa,2025-05-20T13:00:00.000,0.0,28.59999953210354
-144,Tà Hừa,2025-05-20T14:00:00.000,0.0,28.59999953210354
-144,Tà Hừa,2025-05-20T15:00:00.000,0.0,28.59999953210354
-144,Tà Hừa,2025-05-20T16:00:00.000,0.0,28.59999953210354
-144,Tà Hừa,2025-05-20T17:00:00.000,0.0,28.59999953210354
-144,Tà Hừa,2025-05-20T18:00:00.000,0.0,28.59999953210354
-144,Tà Hừa,2025-05-20T19:00:00.000,0.0,28.59999953210354
-144,Tà Hừa,2025-05-20T20:00:00.000,0.0,28.59999953210354
-144,Tà Hừa,2025-05-20T21:00:00.000,0.0,28.59999953210354
-144,Tà Hừa,2025-05-20T22:00:00.000,0.0,28.59999953210354
-144,Tà Hừa,2025-05-20T23:00:00.000,0.0,28.59999953210354
-144,Tà Hừa,2025-05-21T00:00:00.000,0.0,0.0
-144,Tà Hừa,2025-05-21T01:00:00.000,0.0,0.0
-144,Tà Hừa,2025-05-21T02:00:00.000,0.0,0.0
-144,Tà Hừa,2025-05-21T03:00:00.000,0.0,0.0
-144,Tà Hừa,2025-05-21T04:00:00.000,0.0,0.0
-144,Tà Hừa,2025-05-21T05:00:00.000,0.0,0.0
-144,Tà Hừa,2025-05-21T06:00:00.000,0.0,0.0
-144,Tà Hừa,2025-05-21T07:00:00.000,0.0,0.0
-144,Tà Hừa,2025-05-21T08:00:00.000,0.0,0.0
-144,Tà Hừa,2025-05-21T09:00:00.000,0.0,0.0
-144,Tà Hừa,2025-05-21T10:00:00.000,0.0,0.0
-144,Tà Hừa,2025-05-21T11:00:00.000,0.0,0.0
-144,Tà Hừa,2025-05-21T12:00:00.000,0.0,0.0
-144,Tà Hừa,2025-05-21T13:00:00.000,0.0,0.0
-144,Tà Hừa,2025-05-21T14:00:00.000,0.0,0.0
-144,Tà Hừa,2025-05-21T15:00:00.000,0.0,0.0
-144,Tà Hừa,2025-05-21T16:00:00.000,0.0,0.0
-144,Tà Hừa,2025-05-21T17:00:00.000,0.0,0.0
-144,Tà Hừa,2025-05-21T18:00:00.000,0.0,0.0
-144,Tà Hừa,2025-05-21T19:00:00.000,0.0,0.0
-144,Tà Hừa,2025-05-21T20:00:00.000,0.0,0.0
-144,Tà Hừa,2025-05-21T21:00:00.000,0.0,0.0
-144,Tà Hừa,2025-05-21T22:00:00.000,0.0,0.0
-144,Tà Hừa,2025-05-21T23:00:00.000,0.0,0.0
-144,Tà Hừa,2025-05-22T00:00:00.000,0.0,0.0
-144,Tà Hừa,2025-05-22T01:00:00.000,0.0,0.0
-144,Tà Hừa,2025-05-22T02:00:00.000,0.0,0.0
-144,Tà Hừa,2025-05-22T03:00:00.000,0.0,0.0
-144,Tà Hừa,2025-05-22T04:00:00.000,0.0,0.0
-144,Tà Hừa,2025-05-22T05:00:00.000,0.0,0.0
-144,Tà Hừa,2025-05-22T06:00:00.000,0.0,0.0
-144,Tà Hừa,2025-05-22T07:00:00.000,0.0,0.0
-144,Tà Hừa,2025-05-22T08:00:00.000,0.0,0.0
-144,Tà Hừa,2025-05-22T09:00:00.000,0.0,0.0
-144,Tà Hừa,2025-05-22T10:00:00.000,0.0,0.0
-144,Tà Hừa,2025-05-22T11:00:00.000,0.0,0.0
-144,Tà Hừa,2025-05-22T12:00:00.000,0.0,0.0
-144,Tà Hừa,2025-05-22T13:00:00.000,0.0,0.0
-144,Tà Hừa,2025-05-22T14:00:00.000,0.0,0.0
-144,Tà Hừa,2025-05-22T15:00:00.000,0.0,0.0
-144,Tà Hừa,2025-05-22T16:00:00.000,0.0,0.0
-144,Tà Hừa,2025-05-22T17:00:00.000,0.0,0.0
-144,Tà Hừa,2025-05-22T18:00:00.000,0.0,0.0
-144,Tà Hừa,2025-05-22T19:00:00.000,0.0,0.0
-144,Tà Hừa,2025-05-22T20:00:00.000,0.0,0.0
-144,Tà Hừa,2025-05-22T21:00:00.000,0.0,0.0
-144,Tà Hừa,2025-05-22T22:00:00.000,0.0,0.0
-144,Tà Hừa,2025-05-22T23:00:00.000,0.0,0.0
-144,Tà Hừa,2025-05-23T00:00:00.000,0.0,0.0
-144,Tà Hừa,2025-05-23T01:00:00.000,0.0,0.0
-144,Tà Hừa,2025-05-23T02:00:00.000,0.0,0.0
-144,Tà Hừa,2025-05-23T03:00:00.000,0.0,0.0
-144,Tà Hừa,2025-05-23T04:00:00.000,0.0,0.0
-144,Tà Hừa,2025-05-23T05:00:00.000,0.0,0.0
-144,Tà Hừa,2025-05-23T06:00:00.000,0.0,0.0
-144,Tà Hừa,2025-05-23T07:00:00.000,0.0,0.0
-144,Tà Hừa,2025-05-23T08:00:00.000,0.0,0.0
-144,Tà Hừa,2025-05-23T09:00:00.000,47.400001525878906,47.400001525878906
-144,Tà Hừa,2025-05-23T10:00:00.000,3.5999999046325684,51.000001430511475
-144,Tà Hừa,2025-05-23T11:00:00.000,4.400000095367432,55.400001525878906
-144,Tà Hừa,2025-05-23T12:00:00.000,2.4000000953674316,57.80000162124634
-144,Tà Hừa,2025-05-23T13:00:00.000,1.0,58.80000162124634
-144,Tà Hừa,2025-05-23T14:00:00.000,0.20000000298023224,59.00000162422657
-144,Tà Hừa,2025-05-23T15:00:00.000,0.0,59.00000162422657
-144,Tà Hừa,2025-05-23T16:00:00.000,0.0,59.00000162422657
-144,Tà Hừa,2025-05-23T17:00:00.000,0.0,59.00000162422657
-144,Tà Hừa,2025-05-23T18:00:00.000,0.0,59.00000162422657
-144,Tà Hừa,2025-05-23T19:00:00.000,0.0,59.00000162422657
-144,Tà Hừa,2025-05-23T20:00:00.000,0.0,59.00000162422657
-144,Tà Hừa,2025-05-23T21:00:00.000,0.0,59.00000162422657
-144,Tà Hừa,2025-05-23T22:00:00.000,0.0,59.00000162422657
-144,Tà Hừa,2025-05-23T23:00:00.000,0.0,59.00000162422657
-144,Tà Hừa,2025-05-24T00:00:00.000,0.0,0.0
-144,Tà Hừa,2025-05-24T01:00:00.000,0.0,0.0
-144,Tà Hừa,2025-05-24T02:00:00.000,0.0,0.0
-144,Tà Hừa,2025-05-24T03:00:00.000,0.0,0.0
-144,Tà Hừa,2025-05-24T04:00:00.000,0.0,0.0
-144,Tà Hừa,2025-05-24T05:00:00.000,0.0,0.0
-144,Tà Hừa,2025-05-24T06:00:00.000,0.0,0.0
-144,Tà Hừa,2025-05-24T07:00:00.000,0.0,0.0
-144,Tà Hừa,2025-05-24T08:00:00.000,0.0,0.0
-144,Tà Hừa,2025-05-24T09:00:00.000,0.0,0.0
-144,Tà Hừa,2025-05-24T10:00:00.000,0.0,0.0
-144,Tà Hừa,2025-05-24T11:00:00.000,0.4000000059604645,0.4000000059604645
-144,Tà Hừa,2025-05-24T12:00:00.000,0.0,0.4000000059604645
-144,Tà Hừa,2025-05-24T13:00:00.000,0.0,0.4000000059604645
-144,Tà Hừa,2025-05-24T14:00:00.000,0.0,0.4000000059604645
-144,Tà Hừa,2025-05-24T15:00:00.000,0.20000000298023224,0.6000000089406967
-144,Tà Hừa,2025-05-24T16:00:00.000,0.20000000298023224,0.800000011920929
-144,Tà Hừa,2025-05-24T17:00:00.000,0.20000000298023224,1.0000000149011612
-144,Tà Hừa,2025-05-24T18:00:00.000,0.0,1.0000000149011612
-144,Tà Hừa,2025-05-24T19:00:00.000,0.0,1.0000000149011612
-144,Tà Hừa,2025-05-24T20:00:00.000,0.0,1.0000000149011612
-144,Tà Hừa,2025-05-24T21:00:00.000,0.0,1.0000000149011612
-144,Tà Hừa,2025-05-24T22:00:00.000,0.0,1.0000000149011612
-144,Tà Hừa,2025-05-24T23:00:00.000,0.0,1.0000000149011612
-144,Tà Hừa,2025-05-25T00:00:00.000,0.0,0.0
-144,Tà Hừa,2025-05-25T01:00:00.000,0.20000000298023224,0.20000000298023224
-144,Tà Hừa,2025-05-25T02:00:00.000,0.0,0.20000000298023224
-144,Tà Hừa,2025-05-25T03:00:00.000,1.0,1.2000000029802322
-144,Tà Hừa,2025-05-25T04:00:00.000,0.4000000059604645,1.6000000089406967
-144,Tà Hừa,2025-05-25T05:00:00.000,0.20000000298023224,1.800000011920929
-144,Tà Hừa,2025-05-25T06:00:00.000,0.20000000298023224,2.000000014901161
-144,Tà Hừa,2025-05-25T07:00:00.000,0.0,2.000000014901161
-144,Tà Hừa,2025-05-25T08:00:00.000,0.0,2.000000014901161
-144,Tà Hừa,2025-05-25T09:00:00.000,0.0,2.000000014901161
-144,Tà Hừa,2025-05-25T10:00:00.000,0.0,2.000000014901161
-144,Tà Hừa,2025-05-25T11:00:00.000,0.0,2.000000014901161
-144,Tà Hừa,2025-05-25T12:00:00.000,0.0,2.000000014901161
-144,Tà Hừa,2025-05-25T13:00:00.000,0.0,2.000000014901161
-144,Tà Hừa,2025-05-25T14:00:00.000,0.0,2.000000014901161
-144,Tà Hừa,2025-05-25T15:00:00.000,0.0,2.000000014901161
-144,Tà Hừa,2025-05-25T16:00:00.000,0.0,2.000000014901161
-144,Tà Hừa,2025-05-25T17:00:00.000,0.0,2.000000014901161
-144,Tà Hừa,2025-05-25T18:00:00.000,0.0,2.000000014901161
-144,Tà Hừa,2025-05-25T19:00:00.000,0.0,2.000000014901161
-144,Tà Hừa,2025-05-25T20:00:00.000,0.0,2.000000014901161
-144,Tà Hừa,2025-05-25T21:00:00.000,0.0,2.000000014901161
-144,Tà Hừa,2025-05-25T22:00:00.000,0.0,2.000000014901161
-144,Tà Hừa,2025-05-25T23:00:00.000,0.0,2.000000014901161
-144,Tà Hừa,2025-05-26T00:00:00.000,0.0,0.0
-144,Tà Hừa,2025-05-26T01:00:00.000,0.0,0.0
-144,Tà Hừa,2025-05-26T02:00:00.000,0.0,0.0
-144,Tà Hừa,2025-05-26T03:00:00.000,0.0,0.0
-144,Tà Hừa,2025-05-26T04:00:00.000,0.0,0.0
-144,Tà Hừa,2025-05-26T05:00:00.000,0.0,0.0
-144,Tà Hừa,2025-05-26T06:00:00.000,0.0,0.0
-144,Tà Hừa,2025-05-26T07:00:00.000,0.0,0.0
-144,Tà Hừa,2025-05-26T08:00:00.000,0.0,0.0
-144,Tà Hừa,2025-05-26T09:00:00.000,0.0,0.0
-144,Tà Hừa,2025-05-26T10:00:00.000,0.0,0.0
-144,Tà Hừa,2025-05-26T11:00:00.000,0.0,0.0
-144,Tà Hừa,2025-05-26T12:00:00.000,0.0,0.0
-144,Tà Hừa,2025-05-26T13:00:00.000,0.0,0.0
-144,Tà Hừa,2025-05-26T14:00:00.000,0.0,0.0
-144,Tà Hừa,2025-05-26T15:00:00.000,0.0,0.0
-144,Tà Hừa,2025-05-26T16:00:00.000,0.0,0.0
-144,Tà Hừa,2025-05-26T17:00:00.000,0.0,0.0
-144,Tà Hừa,2025-05-26T18:00:00.000,0.0,0.0
-144,Tà Hừa,2025-05-26T19:00:00.000,0.0,0.0
-144,Tà Hừa,2025-05-26T20:00:00.000,0.0,0.0
-144,Tà Hừa,2025-05-26T21:00:00.000,0.0,0.0
-144,Tà Hừa,2025-05-26T22:00:00.000,0.0,0.0
-144,Tà Hừa,2025-05-26T23:00:00.000,0.0,0.0
-144,Tà Hừa,2025-05-27T00:00:00.000,0.0,0.0
-144,Tà Hừa,2025-05-27T01:00:00.000,0.0,0.0
-144,Tà Hừa,2025-05-27T02:00:00.000,0.0,0.0
-144,Tà Hừa,2025-05-27T03:00:00.000,0.0,0.0
-144,Tà Hừa,2025-05-27T04:00:00.000,0.0,0.0
-144,Tà Hừa,2025-05-27T05:00:00.000,0.0,0.0
-144,Tà Hừa,2025-05-27T06:00:00.000,0.0,0.0
-144,Tà Hừa,2025-05-27T07:00:00.000,0.0,0.0
-144,Tà Hừa,2025-05-27T08:00:00.000,0.0,0.0
-144,Tà Hừa,2025-05-27T09:00:00.000,0.0,0.0
-144,Tà Hừa,2025-05-27T10:00:00.000,0.0,0.0
-144,Tà Hừa,2025-05-27T11:00:00.000,0.0,0.0
-144,Tà Hừa,2025-05-27T12:00:00.000,0.0,0.0
-144,Tà Hừa,2025-05-27T13:00:00.000,0.0,0.0
-144,Tà Hừa,2025-05-27T14:00:00.000,0.0,0.0
-144,Tà Hừa,2025-05-27T15:00:00.000,0.0,0.0
-144,Tà Hừa,2025-05-27T16:00:00.000,0.0,0.0
-144,Tà Hừa,2025-05-27T17:00:00.000,0.0,0.0
-144,Tà Hừa,2025-05-27T18:00:00.000,0.0,0.0
-144,Tà Hừa,2025-05-27T19:00:00.000,0.0,0.0
-144,Tà Hừa,2025-05-27T20:00:00.000,0.0,0.0
-144,Tà Hừa,2025-05-27T21:00:00.000,0.0,0.0
-144,Tà Hừa,2025-05-27T22:00:00.000,0.0,0.0
-144,Tà Hừa,2025-05-27T23:00:00.000,0.0,0.0
-144,Tà Hừa,2025-05-28T00:00:00.000,0.0,0.0
-144,Tà Hừa,2025-05-28T01:00:00.000,0.0,0.0
-144,Tà Hừa,2025-05-28T02:00:00.000,0.0,0.0
-144,Tà Hừa,2025-05-28T03:00:00.000,0.0,0.0
-144,Tà Hừa,2025-05-28T04:00:00.000,0.0,0.0
-144,Tà Hừa,2025-05-28T05:00:00.000,0.0,0.0
-144,Tà Hừa,2025-05-28T06:00:00.000,0.0,0.0
-144,Tà Hừa,2025-05-28T07:00:00.000,0.0,0.0
-144,Tà Hừa,2025-05-28T08:00:00.000,0.0,0.0
-144,Tà Hừa,2025-05-28T09:00:00.000,0.0,0.0
-144,Tà Hừa,2025-05-28T10:00:00.000,0.0,0.0
-144,Tà Hừa,2025-05-28T11:00:00.000,0.0,0.0
-144,Tà Hừa,2025-05-28T12:00:00.000,0.0,0.0
-144,Tà Hừa,2025-05-28T13:00:00.000,0.0,0.0
-144,Tà Hừa,2025-05-28T14:00:00.000,0.0,0.0
-144,Tà Hừa,2025-05-28T15:00:00.000,0.0,0.0
-144,Tà Hừa,2025-05-28T16:00:00.000,0.0,0.0
-144,Tà Hừa,2025-05-28T17:00:00.000,0.0,0.0
-144,Tà Hừa,2025-05-28T18:00:00.000,0.0,0.0
-144,Tà Hừa,2025-05-28T19:00:00.000,0.0,0.0
-144,Tà Hừa,2025-05-28T20:00:00.000,0.0,0.0
-144,Tà Hừa,2025-05-28T21:00:00.000,0.0,0.0
-144,Tà Hừa,2025-05-28T22:00:00.000,0.0,0.0
-144,Tà Hừa,2025-05-28T23:00:00.000,0.0,0.0
-144,Tà Hừa,2025-05-29T00:00:00.000,0.0,0.0
-144,Tà Hừa,2025-05-29T01:00:00.000,0.20000000298023224,0.20000000298023224
-144,Tà Hừa,2025-05-29T02:00:00.000,7.199999809265137,7.399999812245369
-144,Tà Hừa,2025-05-29T03:00:00.000,8.399999618530273,15.799999430775642
-144,Tà Hừa,2025-05-29T04:00:00.000,26.0,41.79999943077564
-144,Tà Hừa,2025-05-29T05:00:00.000,2.200000047683716,43.99999947845936
-144,Tà Hừa,2025-05-29T06:00:00.000,0.0,43.99999947845936
-144,Tà Hừa,2025-05-29T07:00:00.000,0.0,43.99999947845936
-144,Tà Hừa,2025-05-29T08:00:00.000,0.0,43.99999947845936
-144,Tà Hừa,2025-05-29T09:00:00.000,0.4000000059604645,44.39999948441982
-144,Tà Hừa,2025-05-29T10:00:00.000,0.800000011920929,45.19999949634075
-144,Tà Hừa,2025-05-29T11:00:00.000,0.0,45.19999949634075
-144,Tà Hừa,2025-05-29T12:00:00.000,0.0,45.19999949634075
-144,Tà Hừa,2025-05-29T13:00:00.000,0.0,45.19999949634075
-144,Tà Hừa,2025-05-29T14:00:00.000,0.0,45.19999949634075
-144,Tà Hừa,2025-05-29T15:00:00.000,0.0,45.19999949634075
-144,Tà Hừa,2025-05-29T16:00:00.000,0.0,45.19999949634075
-144,Tà Hừa,2025-05-29T17:00:00.000,0.0,45.19999949634075
-144,Tà Hừa,2025-05-29T18:00:00.000,0.0,45.19999949634075
-144,Tà Hừa,2025-05-29T19:00:00.000,0.0,45.19999949634075
-144,Tà Hừa,2025-05-29T20:00:00.000,0.0,45.19999949634075
-144,Tà Hừa,2025-05-29T21:00:00.000,0.0,45.19999949634075
-144,Tà Hừa,2025-05-29T22:00:00.000,0.0,45.19999949634075
-144,Tà Hừa,2025-05-29T23:00:00.000,0.0,45.19999949634075
-144,Tà Hừa,2025-05-30T00:00:00.000,0.800000011920929,0.800000011920929
-144,Tà Hừa,2025-05-30T01:00:00.000,33.400001525878906,34.200001537799835
-144,Tà Hừa,2025-05-30T02:00:00.000,2.799999952316284,37.00000149011612
-144,Tà Hừa,2025-05-30T03:00:00.000,0.4000000059604645,37.400001496076584
-144,Tà Hừa,2025-05-30T04:00:00.000,2.200000047683716,39.6000015437603
-144,Tà Hừa,2025-05-30T05:00:00.000,5.199999809265137,44.800001353025436
-144,Tà Hừa,2025-05-30T06:00:00.000,0.20000000298023224,45.00000135600567
-144,Tà Hừa,2025-05-30T07:00:00.000,0.0,45.00000135600567
-144,Tà Hừa,2025-05-30T08:00:00.000,0.0,45.00000135600567
-144,Tà Hừa,2025-05-30T09:00:00.000,0.0,45.00000135600567
-144,Tà Hừa,2025-05-30T10:00:00.000,0.0,45.00000135600567
-144,Tà Hừa,2025-05-30T11:00:00.000,0.0,45.00000135600567
-144,Tà Hừa,2025-05-30T12:00:00.000,0.0,45.00000135600567
-144,Tà Hừa,2025-05-30T13:00:00.000,0.0,45.00000135600567
-144,Tà Hừa,2025-05-30T14:00:00.000,1.399999976158142,46.40000133216381
-144,Tà Hừa,2025-05-30T15:00:00.000,0.0,46.40000133216381
-144,Tà Hừa,2025-05-30T16:00:00.000,0.0,46.40000133216381
-144,Tà Hừa,2025-05-30T17:00:00.000,0.0,46.40000133216381
-144,Tà Hừa,2025-05-30T18:00:00.000,0.0,46.40000133216381
-144,Tà Hừa,2025-05-30T19:00:00.000,0.0,46.40000133216381
-144,Tà Hừa,2025-05-30T20:00:00.000,0.0,46.40000133216381
-144,Tà Hừa,2025-05-30T21:00:00.000,0.0,46.40000133216381
-144,Tà Hừa,2025-05-30T22:00:00.000,0.0,46.40000133216381
-144,Tà Hừa,2025-05-30T23:00:00.000,0.0,46.40000133216381
-144,Tà Hừa,2025-05-31T00:00:00.000,0.0,0.0
-144,Tà Hừa,2025-05-31T01:00:00.000,0.0,0.0
-144,Tà Hừa,2025-05-31T02:00:00.000,0.0,0.0
-144,Tà Hừa,2025-05-31T03:00:00.000,0.0,0.0
-144,Tà Hừa,2025-05-31T04:00:00.000,0.0,0.0
-144,Tà Hừa,2025-05-31T05:00:00.000,0.0,0.0
-144,Tà Hừa,2025-05-31T06:00:00.000,0.0,0.0
-144,Tà Hừa,2025-05-31T07:00:00.000,0.0,0.0
-144,Tà Hừa,2025-05-31T08:00:00.000,0.0,0.0
-144,Tà Hừa,2025-05-31T09:00:00.000,0.0,0.0
-144,Tà Hừa,2025-05-31T10:00:00.000,0.0,0.0
-144,Tà Hừa,2025-05-31T11:00:00.000,0.0,0.0
-144,Tà Hừa,2025-05-31T12:00:00.000,0.0,0.0
-144,Tà Hừa,2025-05-31T13:00:00.000,0.0,0.0
-144,Tà Hừa,2025-05-31T14:00:00.000,0.0,0.0
-144,Tà Hừa,2025-05-31T15:00:00.000,0.0,0.0
-144,Tà Hừa,2025-05-31T16:00:00.000,0.0,0.0
-144,Tà Hừa,2025-05-31T17:00:00.000,0.0,0.0
-144,Tà Hừa,2025-05-31T18:00:00.000,0.0,0.0
-144,Tà Hừa,2025-05-31T19:00:00.000,0.0,0.0
-144,Tà Hừa,2025-05-31T20:00:00.000,0.0,0.0
-144,Tà Hừa,2025-05-31T21:00:00.000,0.0,0.0
-144,Tà Hừa,2025-05-31T22:00:00.000,0.0,0.0
-144,Tà Hừa,2025-05-31T23:00:00.000,0.0,0.0
-144,Tà Hừa,2025-06-01T00:00:00.000,0.0,0.0
-144,Tà Hừa,2025-06-01T01:00:00.000,0.0,0.0
-144,Tà Hừa,2025-06-01T02:00:00.000,0.0,0.0
-144,Tà Hừa,2025-06-01T03:00:00.000,0.0,0.0
-144,Tà Hừa,2025-06-01T04:00:00.000,0.0,0.0
-144,Tà Hừa,2025-06-01T05:00:00.000,0.0,0.0
-144,Tà Hừa,2025-06-01T06:00:00.000,0.0,0.0
-144,Tà Hừa,2025-06-01T07:00:00.000,0.0,0.0
-144,Tà Hừa,2025-06-01T08:00:00.000,0.0,0.0
-144,Tà Hừa,2025-06-01T09:00:00.000,0.0,0.0
-144,Tà Hừa,2025-06-01T10:00:00.000,0.0,0.0
-144,Tà Hừa,2025-06-01T11:00:00.000,0.0,0.0
-144,Tà Hừa,2025-06-01T12:00:00.000,0.0,0.0
-144,Tà Hừa,2025-06-01T13:00:00.000,0.0,0.0
-144,Tà Hừa,2025-06-01T14:00:00.000,0.0,0.0
-144,Tà Hừa,2025-06-01T15:00:00.000,0.0,0.0
-144,Tà Hừa,2025-06-01T16:00:00.000,0.0,0.0
-144,Tà Hừa,2025-06-01T17:00:00.000,0.0,0.0
-144,Tà Hừa,2025-06-01T18:00:00.000,0.0,0.0
-144,Tà Hừa,2025-06-01T19:00:00.000,0.0,0.0
-144,Tà Hừa,2025-06-01T20:00:00.000,0.0,0.0
-144,Tà Hừa,2025-06-01T21:00:00.000,0.0,0.0
-144,Tà Hừa,2025-06-01T22:00:00.000,0.0,0.0
-144,Tà Hừa,2025-06-01T23:00:00.000,0.0,0.0
-144,Tà Hừa,2025-06-02T00:00:00.000,0.0,0.0
-144,Tà Hừa,2025-06-02T01:00:00.000,0.0,0.0
-144,Tà Hừa,2025-06-02T02:00:00.000,0.0,0.0
-144,Tà Hừa,2025-06-02T03:00:00.000,0.0,0.0
-144,Tà Hừa,2025-06-02T04:00:00.000,0.0,0.0
-144,Tà Hừa,2025-06-02T05:00:00.000,0.0,0.0
-144,Tà Hừa,2025-06-02T06:00:00.000,0.0,0.0
-144,Tà Hừa,2025-06-02T07:00:00.000,0.0,0.0
-144,Tà Hừa,2025-06-02T08:00:00.000,0.0,0.0
-144,Tà Hừa,2025-06-02T09:00:00.000,0.0,0.0
-144,Tà Hừa,2025-06-02T10:00:00.000,0.0,0.0
-144,Tà Hừa,2025-06-02T11:00:00.000,0.0,0.0
-144,Tà Hừa,2025-06-02T12:00:00.000,0.0,0.0
-144,Tà Hừa,2025-06-02T13:00:00.000,0.0,0.0
-144,Tà Hừa,2025-06-02T14:00:00.000,0.0,0.0
-144,Tà Hừa,2025-06-02T15:00:00.000,0.0,0.0
-144,Tà Hừa,2025-06-02T16:00:00.000,0.0,0.0
-144,Tà Hừa,2025-06-02T17:00:00.000,0.0,0.0
-144,Tà Hừa,2025-06-02T18:00:00.000,0.0,0.0
-144,Tà Hừa,2025-06-02T19:00:00.000,0.0,0.0
-144,Tà Hừa,2025-06-02T20:00:00.000,0.0,0.0
-144,Tà Hừa,2025-06-02T21:00:00.000,0.0,0.0
-144,Tà Hừa,2025-06-02T22:00:00.000,0.0,0.0
-144,Tà Hừa,2025-06-02T23:00:00.000,0.0,0.0
-144,Tà Hừa,2025-06-03T00:00:00.000,0.0,0.0
-144,Tà Hừa,2025-06-03T01:00:00.000,0.0,0.0
-144,Tà Hừa,2025-06-03T02:00:00.000,0.0,0.0
-144,Tà Hừa,2025-06-03T03:00:00.000,0.0,0.0
-144,Tà Hừa,2025-06-03T04:00:00.000,0.0,0.0
-144,Tà Hừa,2025-06-03T05:00:00.000,0.0,0.0
-144,Tà Hừa,2025-06-03T06:00:00.000,0.0,0.0
-144,Tà Hừa,2025-06-03T07:00:00.000,0.0,0.0
-144,Tà Hừa,2025-06-03T08:00:00.000,0.0,0.0
-144,Tà Hừa,2025-06-03T09:00:00.000,0.0,0.0
-144,Tà Hừa,2025-06-03T10:00:00.000,0.0,0.0
-144,Tà Hừa,2025-06-03T11:00:00.000,0.0,0.0
-144,Tà Hừa,2025-06-03T12:00:00.000,0.0,0.0
-144,Tà Hừa,2025-06-03T13:00:00.000,0.0,0.0
-144,Tà Hừa,2025-06-03T14:00:00.000,0.0,0.0
-144,Tà Hừa,2025-06-03T15:00:00.000,0.0,0.0
-144,Tà Hừa,2025-06-03T16:00:00.000,0.0,0.0
-144,Tà Hừa,2025-06-03T17:00:00.000,0.0,0.0
-144,Tà Hừa,2025-06-03T18:00:00.000,0.0,0.0
-144,Tà Hừa,2025-06-03T19:00:00.000,0.0,0.0
-144,Tà Hừa,2025-06-03T20:00:00.000,0.0,0.0
-144,Tà Hừa,2025-06-03T21:00:00.000,0.0,0.0
-144,Tà Hừa,2025-06-03T22:00:00.000,0.20000000298023224,0.20000000298023224
-144,Tà Hừa,2025-06-03T23:00:00.000,0.0,0.20000000298023224
-144,Tà Hừa,2025-06-04T00:00:00.000,1.600000023841858,1.8000000268220901
-144,Tà Hừa,2025-06-04T01:00:00.000,0.0,1.8000000268220901
-144,Tà Hừa,2025-06-04T02:00:00.000,0.0,1.8000000268220901
-144,Tà Hừa,2025-06-04T03:00:00.000,0.0,1.8000000268220901
-144,Tà Hừa,2025-06-04T04:00:00.000,0.6000000238418579,2.400000050663948
-144,Tà Hừa,2025-06-04T05:00:00.000,0.0,2.400000050663948
-144,Tà Hừa,2025-06-04T06:00:00.000,0.20000000298023224,2.6000000536441803
-144,Tà Hừa,2025-06-04T07:00:00.000,0.20000000298023224,2.8000000566244125
-144,Tà Hừa,2025-06-04T08:00:00.000,0.0,2.8000000566244125
-144,Tà Hừa,2025-06-04T09:00:00.000,0.0,2.8000000566244125
-144,Tà Hừa,2025-06-04T10:00:00.000,0.0,2.8000000566244125
-144,Tà Hừa,2025-06-04T11:00:00.000,0.0,2.8000000566244125
-144,Tà Hừa,2025-06-04T12:00:00.000,0.0,2.8000000566244125
-144,Tà Hừa,2025-06-04T13:00:00.000,0.0,2.8000000566244125
-144,Tà Hừa,2025-06-04T14:00:00.000,0.0,2.8000000566244125
-144,Tà Hừa,2025-06-04T15:00:00.000,0.0,2.8000000566244125
-144,Tà Hừa,2025-06-04T16:00:00.000,0.0,2.8000000566244125
-144,Tà Hừa,2025-06-04T17:00:00.000,0.0,2.8000000566244125
-144,Tà Hừa,2025-06-04T18:00:00.000,0.0,2.8000000566244125
-144,Tà Hừa,2025-06-04T19:00:00.000,0.0,2.8000000566244125
-144,Tà Hừa,2025-06-04T20:00:00.000,0.0,2.8000000566244125
-144,Tà Hừa,2025-06-04T21:00:00.000,0.0,2.8000000566244125
-144,Tà Hừa,2025-06-04T22:00:00.000,0.0,2.8000000566244125
-144,Tà Hừa,2025-06-04T23:00:00.000,0.0,2.8000000566244125
-144,Tà Hừa,2025-06-05T00:00:00.000,0.0,0.0
-144,Tà Hừa,2025-06-05T01:00:00.000,0.0,0.0
-144,Tà Hừa,2025-06-05T02:00:00.000,0.0,0.0
-144,Tà Hừa,2025-06-05T03:00:00.000,0.0,0.0
-144,Tà Hừa,2025-06-05T04:00:00.000,0.0,0.0
-144,Tà Hừa,2025-06-05T05:00:00.000,0.0,0.0
-144,Tà Hừa,2025-06-05T06:00:00.000,0.0,0.0
-144,Tà Hừa,2025-06-05T07:00:00.000,0.0,0.0
-144,Tà Hừa,2025-06-05T08:00:00.000,0.0,0.0
-144,Tà Hừa,2025-06-05T09:00:00.000,0.0,0.0
-144,Tà Hừa,2025-06-05T10:00:00.000,0.0,0.0
-144,Tà Hừa,2025-06-05T11:00:00.000,0.0,0.0
-144,Tà Hừa,2025-06-05T12:00:00.000,0.0,0.0
-144,Tà Hừa,2025-06-05T13:00:00.000,0.0,0.0
-144,Tà Hừa,2025-06-05T14:00:00.000,0.0,0.0
-144,Tà Hừa,2025-06-05T15:00:00.000,0.0,0.0
-144,Tà Hừa,2025-06-05T16:00:00.000,0.0,0.0
-144,Tà Hừa,2025-06-05T17:00:00.000,0.0,0.0
-144,Tà Hừa,2025-06-05T18:00:00.000,0.0,0.0
-144,Tà Hừa,2025-06-05T19:00:00.000,0.0,0.0
-144,Tà Hừa,2025-06-05T20:00:00.000,0.0,0.0
-144,Tà Hừa,2025-06-05T21:00:00.000,0.0,0.0
-144,Tà Hừa,2025-06-05T22:00:00.000,0.0,0.0
-144,Tà Hừa,2025-06-05T23:00:00.000,0.0,0.0
-144,Tà Hừa,2025-06-06T00:00:00.000,0.0,0.0
-144,Tà Hừa,2025-06-06T01:00:00.000,0.0,0.0
-144,Tà Hừa,2025-06-06T02:00:00.000,0.0,0.0
-144,Tà Hừa,2025-06-06T03:00:00.000,0.0,0.0
-144,Tà Hừa,2025-06-06T04:00:00.000,0.0,0.0
-144,Tà Hừa,2025-06-06T05:00:00.000,0.0,0.0
-144,Tà Hừa,2025-06-06T06:00:00.000,0.0,0.0
-144,Tà Hừa,2025-06-06T07:00:00.000,0.0,0.0
-144,Tà Hừa,2025-06-06T08:00:00.000,9.800000190734863,9.800000190734863
-144,Tà Hừa,2025-06-06T09:00:00.000,0.20000000298023224,10.000000193715096
-144,Tà Hừa,2025-06-06T10:00:00.000,0.0,10.000000193715096
-144,Tà Hừa,2025-06-06T11:00:00.000,0.20000000298023224,10.200000196695328
-144,Tà Hừa,2025-06-06T12:00:00.000,0.0,10.200000196695328
-144,Tà Hừa,2025-06-06T13:00:00.000,0.0,10.200000196695328
-144,Tà Hừa,2025-06-06T14:00:00.000,0.0,10.200000196695328
-144,Tà Hừa,2025-06-06T15:00:00.000,0.0,10.200000196695328
-144,Tà Hừa,2025-06-06T16:00:00.000,0.0,10.200000196695328
-144,Tà Hừa,2025-06-06T17:00:00.000,0.0,10.200000196695328
-144,Tà Hừa,2025-06-06T18:00:00.000,0.0,10.200000196695328
-144,Tà Hừa,2025-06-06T19:00:00.000,0.0,10.200000196695328
-144,Tà Hừa,2025-06-06T20:00:00.000,0.0,10.200000196695328
-144,Tà Hừa,2025-06-06T21:00:00.000,0.0,10.200000196695328
-144,Tà Hừa,2025-06-06T22:00:00.000,0.0,10.200000196695328
-144,Tà Hừa,2025-06-06T23:00:00.000,0.0,10.200000196695328
-144,Tà Hừa,2025-06-07T00:00:00.000,0.0,0.0
-144,Tà Hừa,2025-06-07T01:00:00.000,0.0,0.0
-144,Tà Hừa,2025-06-07T02:00:00.000,0.0,0.0
-144,Tà Hừa,2025-06-07T03:00:00.000,0.0,0.0
-144,Tà Hừa,2025-06-07T04:00:00.000,0.0,0.0
-144,Tà Hừa,2025-06-07T05:00:00.000,0.0,0.0
-144,Tà Hừa,2025-06-07T06:00:00.000,0.0,0.0
-144,Tà Hừa,2025-06-07T07:00:00.000,0.0,0.0
-144,Tà Hừa,2025-06-07T08:00:00.000,0.0,0.0
-144,Tà Hừa,2025-06-07T09:00:00.000,0.0,0.0
-144,Tà Hừa,2025-06-07T10:00:00.000,0.0,0.0
-144,Tà Hừa,2025-06-07T11:00:00.000,0.0,0.0
-144,Tà Hừa,2025-06-07T12:00:00.000,0.0,0.0
-144,Tà Hừa,2025-06-07T13:00:00.000,0.0,0.0
-144,Tà Hừa,2025-06-07T14:00:00.000,0.0,0.0
-144,Tà Hừa,2025-06-07T15:00:00.000,0.0,0.0
-144,Tà Hừa,2025-06-07T16:00:00.000,0.0,0.0
-144,Tà Hừa,2025-06-07T17:00:00.000,0.0,0.0
-144,Tà Hừa,2025-06-07T18:00:00.000,5.800000190734863,5.800000190734863
-144,Tà Hừa,2025-06-07T19:00:00.000,0.20000000298023224,6.0000001937150955
-144,Tà Hừa,2025-06-07T20:00:00.000,0.20000000298023224,6.200000196695328
-144,Tà Hừa,2025-06-07T21:00:00.000,0.0,6.200000196695328
-144,Tà Hừa,2025-06-07T22:00:00.000,0.0,6.200000196695328
-144,Tà Hừa,2025-06-07T23:00:00.000,0.0,6.200000196695328
-144,Tà Hừa,2025-06-08T00:00:00.000,0.0,0.20000000298023224
-144,Tà Hừa,2025-06-08T01:00:00.000,0.0,0.20000000298023224
-144,Tà Hừa,2025-06-08T02:00:00.000,6.400000095367432,6.600000098347664
-144,Tà Hừa,2025-06-08T03:00:00.000,0.0,6.600000098347664
-144,Tà Hừa,2025-06-08T04:00:00.000,0.0,6.600000098347664
-144,Tà Hừa,2025-06-08T05:00:00.000,0.0,6.600000098347664
-144,Tà Hừa,2025-06-08T06:00:00.000,0.0,6.600000098347664
-144,Tà Hừa,2025-06-08T07:00:00.000,0.0,6.600000098347664
-144,Tà Hừa,2025-06-08T08:00:00.000,1.2000000476837158,7.80000014603138
-144,Tà Hừa,2025-06-08T09:00:00.000,1.0,8.80000014603138
-144,Tà Hừa,2025-06-08T10:00:00.000,0.6000000238418579,9.400000169873238
-144,Tà Hừa,2025-06-08T11:00:00.000,0.20000000298023224,9.60000017285347
-144,Tà Hừa,2025-06-08T12:00:00.000,0.0,9.60000017285347
-144,Tà Hừa,2025-06-08T13:00:00.000,0.0,9.60000017285347
-144,Tà Hừa,2025-06-08T14:00:00.000,0.0,9.60000017285347
-144,Tà Hừa,2025-06-08T15:00:00.000,0.0,9.60000017285347
-144,Tà Hừa,2025-06-08T16:00:00.000,0.0,9.60000017285347
-144,Tà Hừa,2025-06-08T17:00:00.000,0.0,9.60000017285347
-144,Tà Hừa,2025-06-08T18:00:00.000,0.0,9.60000017285347
-144,Tà Hừa,2025-06-08T19:00:00.000,0.0,9.60000017285347
-144,Tà Hừa,2025-06-08T20:00:00.000,0.0,9.60000017285347
-144,Tà Hừa,2025-06-08T21:00:00.000,0.0,9.60000017285347
-144,Tà Hừa,2025-06-08T22:00:00.000,0.0,9.60000017285347
-144,Tà Hừa,2025-06-08T23:00:00.000,0.0,9.60000017285347
-144,Tà Hừa,2025-06-09T00:00:00.000,0.0,0.0
-144,Tà Hừa,2025-06-09T01:00:00.000,0.0,0.0
-144,Tà Hừa,2025-06-09T02:00:00.000,0.0,0.0
-144,Tà Hừa,2025-06-09T03:00:00.000,0.0,0.0
-144,Tà Hừa,2025-06-09T04:00:00.000,0.0,0.0
-144,Tà Hừa,2025-06-09T05:00:00.000,0.0,0.0
-144,Tà Hừa,2025-06-09T06:00:00.000,0.6000000238418579,0.6000000238418579
-144,Tà Hừa,2025-06-09T07:00:00.000,13.600000381469727,14.200000405311584
-144,Tà Hừa,2025-06-09T08:00:00.000,5.199999809265137,19.40000021457672
-144,Tà Hừa,2025-06-09T09:00:00.000,1.2000000476837158,20.600000262260437
-144,Tà Hừa,2025-06-09T10:00:00.000,0.800000011920929,21.400000274181366
-144,Tà Hừa,2025-06-09T11:00:00.000,0.0,21.400000274181366
-144,Tà Hừa,2025-06-09T12:00:00.000,0.0,21.400000274181366
-144,Tà Hừa,2025-06-09T13:00:00.000,0.20000000298023224,21.600000277161598
-144,Tà Hừa,2025-06-09T14:00:00.000,4.800000190734863,26.40000046789646
-144,Tà Hừa,2025-06-09T15:00:00.000,0.20000000298023224,26.600000470876694
-144,Tà Hừa,2025-06-09T16:00:00.000,0.0,26.600000470876694
-144,Tà Hừa,2025-06-09T17:00:00.000,0.0,26.600000470876694
-144,Tà Hừa,2025-06-09T18:00:00.000,0.0,26.600000470876694
-144,Tà Hừa,2025-06-09T19:00:00.000,0.0,26.600000470876694
-144,Tà Hừa,2025-06-09T20:00:00.000,0.0,26.600000470876694
-144,Tà Hừa,2025-06-09T21:00:00.000,0.0,26.600000470876694
-144,Tà Hừa,2025-06-09T22:00:00.000,0.0,26.600000470876694
-144,Tà Hừa,2025-06-09T23:00:00.000,0.0,26.600000470876694
-144,Tà Hừa,2025-06-10T00:00:00.000,0.0,0.0
-144,Tà Hừa,2025-06-10T01:00:00.000,0.0,0.0
-144,Tà Hừa,2025-06-10T02:00:00.000,0.20000000298023224,0.20000000298023224
-144,Tà Hừa,2025-06-10T03:00:00.000,2.4000000953674316,2.600000098347664
-144,Tà Hừa,2025-06-10T04:00:00.000,9.399999618530273,11.999999716877937
-144,Tà Hừa,2025-06-10T05:00:00.000,6.599999904632568,18.599999621510506
-144,Tà Hừa,2025-06-10T06:00:00.000,4.199999809265137,22.799999430775642
-144,Tà Hừa,2025-06-10T07:00:00.000,2.200000047683716,24.999999478459358
-144,Tà Hừa,2025-06-10T08:00:00.000,0.6000000238418579,25.599999502301216
-144,Tà Hừa,2025-06-10T09:00:00.000,0.800000011920929,26.399999514222145
-144,Tà Hừa,2025-06-10T10:00:00.000,0.20000000298023224,26.599999517202377
-144,Tà Hừa,2025-06-10T11:00:00.000,0.20000000298023224,26.79999952018261
-144,Tà Hừa,2025-06-10T12:00:00.000,0.20000000298023224,26.999999523162842
-144,Tà Hừa,2025-06-10T13:00:00.000,0.0,26.999999523162842
-144,Tà Hừa,2025-06-10T14:00:00.000,0.0,26.999999523162842
-144,Tà Hừa,2025-06-10T15:00:00.000,0.0,26.999999523162842
-144,Tà Hừa,2025-06-10T16:00:00.000,0.0,26.999999523162842
-144,Tà Hừa,2025-06-10T17:00:00.000,0.0,26.999999523162842
-144,Tà Hừa,2025-06-10T18:00:00.000,0.0,26.999999523162842
-144,Tà Hừa,2025-06-10T19:00:00.000,0.0,26.999999523162842
-144,Tà Hừa,2025-06-10T20:00:00.000,0.0,26.999999523162842
-144,Tà Hừa,2025-06-10T21:00:00.000,0.0,26.999999523162842
-144,Tà Hừa,2025-06-10T22:00:00.000,0.0,26.999999523162842
-144,Tà Hừa,2025-06-10T23:00:00.000,0.0,26.999999523162842
-144,Tà Hừa,2025-06-11T00:00:00.000,0.0,0.0
-144,Tà Hừa,2025-06-11T01:00:00.000,0.0,0.0
-144,Tà Hừa,2025-06-11T02:00:00.000,0.0,0.0
-144,Tà Hừa,2025-06-11T03:00:00.000,0.0,0.0
-144,Tà Hừa,2025-06-11T04:00:00.000,0.0,0.0
-144,Tà Hừa,2025-06-11T05:00:00.000,0.0,0.0
-144,Tà Hừa,2025-06-11T06:00:00.000,0.0,0.0
-144,Tà Hừa,2025-06-11T07:00:00.000,0.0,0.0
-144,Tà Hừa,2025-06-11T08:00:00.000,0.0,0.0
-144,Tà Hừa,2025-06-11T09:00:00.000,0.0,0.0
-144,Tà Hừa,2025-06-11T10:00:00.000,0.0,0.0
-144,Tà Hừa,2025-06-11T11:00:00.000,0.0,0.0
-144,Tà Hừa,2025-06-11T12:00:00.000,0.20000000298023224,0.20000000298023224
-144,Tà Hừa,2025-06-11T13:00:00.000,0.0,0.20000000298023224
-144,Tà Hừa,2025-06-11T14:00:00.000,0.0,0.20000000298023224
-144,Tà Hừa,2025-06-11T15:00:00.000,0.0,0.20000000298023224
-144,Tà Hừa,2025-06-11T16:00:00.000,0.0,0.20000000298023224
-144,Tà Hừa,2025-06-11T17:00:00.000,0.0,0.20000000298023224
-144,Tà Hừa,2025-06-11T18:00:00.000,0.0,0.20000000298023224
-144,Tà Hừa,2025-06-11T19:00:00.000,0.0,0.20000000298023224
-144,Tà Hừa,2025-06-11T20:00:00.000,0.0,0.20000000298023224
-144,Tà Hừa,2025-06-11T21:00:00.000,0.0,0.20000000298023224
-144,Tà Hừa,2025-06-11T22:00:00.000,0.0,0.20000000298023224
-144,Tà Hừa,2025-06-11T23:00:00.000,0.0,0.20000000298023224
-144,Tà Hừa,2025-06-12T00:00:00.000,0.0,0.0
-144,Tà Hừa,2025-06-12T01:00:00.000,0.0,0.0
-144,Tà Hừa,2025-06-12T02:00:00.000,0.0,0.0
-144,Tà Hừa,2025-06-12T03:00:00.000,0.0,0.0
-144,Tà Hừa,2025-06-12T04:00:00.000,0.0,0.0
-144,Tà Hừa,2025-06-12T05:00:00.000,0.0,0.0
-144,Tà Hừa,2025-06-12T06:00:00.000,0.0,0.0
-144,Tà Hừa,2025-06-12T07:00:00.000,0.0,0.0
-144,Tà Hừa,2025-06-12T08:00:00.000,0.0,0.0
-144,Tà Hừa,2025-06-12T09:00:00.000,0.0,0.0
-144,Tà Hừa,2025-06-12T10:00:00.000,0.0,0.0
-144,Tà Hừa,2025-06-12T11:00:00.000,0.0,0.0
-144,Tà Hừa,2025-06-12T12:00:00.000,0.0,0.0
-144,Tà Hừa,2025-06-12T13:00:00.000,0.0,0.0
-144,Tà Hừa,2025-06-12T14:00:00.000,0.0,0.0
-144,Tà Hừa,2025-06-12T15:00:00.000,0.0,0.0
-144,Tà Hừa,2025-06-12T16:00:00.000,0.0,0.0
-144,Tà Hừa,2025-06-12T17:00:00.000,0.0,0.0
-144,Tà Hừa,2025-06-12T18:00:00.000,0.0,0.0
-144,Tà Hừa,2025-06-12T19:00:00.000,0.0,0.0
-144,Tà Hừa,2025-06-12T20:00:00.000,0.0,0.0
-144,Tà Hừa,2025-06-12T21:00:00.000,0.0,0.0
-144,Tà Hừa,2025-06-12T22:00:00.000,0.0,0.0
-144,Tà Hừa,2025-06-12T23:00:00.000,0.0,0.0
-144,Tà Hừa,2025-06-13T00:00:00.000,0.0,0.0
-144,Tà Hừa,2025-06-13T01:00:00.000,0.0,0.0
-144,Tà Hừa,2025-06-13T02:00:00.000,0.0,0.0
-144,Tà Hừa,2025-06-13T03:00:00.000,0.0,0.0
-144,Tà Hừa,2025-06-13T04:00:00.000,0.0,0.0
-144,Tà Hừa,2025-06-13T05:00:00.000,0.0,0.0
-144,Tà Hừa,2025-06-13T06:00:00.000,0.0,0.0
-144,Tà Hừa,2025-06-13T07:00:00.000,0.0,0.0
-144,Tà Hừa,2025-06-13T08:00:00.000,0.0,0.0
-144,Tà Hừa,2025-06-13T09:00:00.000,0.0,0.0
-144,Tà Hừa,2025-06-13T10:00:00.000,0.0,0.0
-144,Tà Hừa,2025-06-13T11:00:00.000,0.0,0.0
-144,Tà Hừa,2025-06-13T12:00:00.000,0.0,0.0
-144,Tà Hừa,2025-06-13T13:00:00.000,0.0,0.0
-144,Tà Hừa,2025-06-13T14:00:00.000,0.0,0.0
-144,Tà Hừa,2025-06-13T15:00:00.000,0.0,0.0
-144,Tà Hừa,2025-06-13T16:00:00.000,0.0,0.0
-144,Tà Hừa,2025-06-13T17:00:00.000,0.0,0.0
-144,Tà Hừa,2025-06-13T18:00:00.000,0.0,0.0
-144,Tà Hừa,2025-06-13T19:00:00.000,0.0,0.0
-144,Tà Hừa,2025-06-13T20:00:00.000,0.0,0.0
-144,Tà Hừa,2025-06-13T21:00:00.000,0.0,0.0
-144,Tà Hừa,2025-06-13T22:00:00.000,0.0,0.0
-144,Tà Hừa,2025-06-13T23:00:00.000,0.0,0.0
-144,Tà Hừa,2025-06-14T00:00:00.000,0.0,0.0
-144,Tà Hừa,2025-06-14T01:00:00.000,0.0,0.0
-144,Tà Hừa,2025-06-14T02:00:00.000,0.0,0.0
-144,Tà Hừa,2025-06-14T03:00:00.000,0.0,0.0
-144,Tà Hừa,2025-06-14T04:00:00.000,0.0,0.0
-144,Tà Hừa,2025-06-14T05:00:00.000,0.0,0.0
-144,Tà Hừa,2025-06-14T06:00:00.000,0.0,0.0
-144,Tà Hừa,2025-06-14T07:00:00.000,0.0,0.0
-144,Tà Hừa,2025-06-14T08:00:00.000,0.0,0.0
-144,Tà Hừa,2025-06-14T09:00:00.000,0.0,0.0
-144,Tà Hừa,2025-06-14T10:00:00.000,0.0,0.0
-144,Tà Hừa,2025-06-14T11:00:00.000,0.0,0.0
-144,Tà Hừa,2025-06-14T12:00:00.000,0.0,0.0
-144,Tà Hừa,2025-06-14T13:00:00.000,0.0,0.0
-144,Tà Hừa,2025-06-14T14:00:00.000,0.0,0.0
-144,Tà Hừa,2025-06-14T15:00:00.000,0.0,0.0
-144,Tà Hừa,2025-06-14T16:00:00.000,0.0,0.0
-144,Tà Hừa,2025-06-14T17:00:00.000,0.0,0.0
-144,Tà Hừa,2025-06-14T18:00:00.000,0.0,0.0
-144,Tà Hừa,2025-06-14T19:00:00.000,0.0,0.0
-144,Tà Hừa,2025-06-14T20:00:00.000,0.0,0.0
-144,Tà Hừa,2025-06-14T21:00:00.000,0.0,0.0
-144,Tà Hừa,2025-06-14T22:00:00.000,0.0,0.0
-144,Tà Hừa,2025-06-14T23:00:00.000,0.0,0.0
-144,Tà Hừa,2025-06-15T00:00:00.000,0.0,0.0
-144,Tà Hừa,2025-06-15T01:00:00.000,0.0,0.0
-144,Tà Hừa,2025-06-15T02:00:00.000,0.0,0.0
-144,Tà Hừa,2025-06-15T03:00:00.000,0.0,0.0
-144,Tà Hừa,2025-06-15T04:00:00.000,0.0,0.0
-144,Tà Hừa,2025-06-15T05:00:00.000,0.0,0.0
-144,Tà Hừa,2025-06-15T06:00:00.000,0.0,0.0
-144,Tà Hừa,2025-06-15T07:00:00.000,0.0,0.0
-144,Tà Hừa,2025-06-15T08:00:00.000,0.0,0.0
-144,Tà Hừa,2025-06-15T09:00:00.000,0.0,0.0
-144,Tà Hừa,2025-06-15T10:00:00.000,0.0,0.0
-144,Tà Hừa,2025-06-15T11:00:00.000,0.0,0.0
-144,Tà Hừa,2025-06-15T12:00:00.000,0.0,0.0
-144,Tà Hừa,2025-06-15T13:00:00.000,0.0,0.0
-144,Tà Hừa,2025-06-15T14:00:00.000,0.0,0.0
-144,Tà Hừa,2025-06-15T15:00:00.000,0.0,0.0
-144,Tà Hừa,2025-06-15T16:00:00.000,0.0,0.0
-144,Tà Hừa,2025-06-15T17:00:00.000,0.0,0.0
-144,Tà Hừa,2025-06-15T18:00:00.000,0.0,0.0
-144,Tà Hừa,2025-06-15T19:00:00.000,0.0,0.0
-144,Tà Hừa,2025-06-15T20:00:00.000,0.0,0.0
-144,Tà Hừa,2025-06-15T21:00:00.000,0.0,0.0
-144,Tà Hừa,2025-06-15T22:00:00.000,0.0,0.0
-144,Tà Hừa,2025-06-15T23:00:00.000,0.0,0.0
-144,Tà Hừa,2025-06-16T00:00:00.000,0.0,0.0
-144,Tà Hừa,2025-06-16T01:00:00.000,0.20000000298023224,0.20000000298023224
-144,Tà Hừa,2025-06-16T02:00:00.000,33.599998474121094,33.799998477101326
-144,Tà Hừa,2025-06-16T03:00:00.000,5.400000095367432,39.19999857246876
-144,Tà Hừa,2025-06-16T04:00:00.000,7.199999809265137,46.399998381733894
-144,Tà Hừa,2025-06-16T05:00:00.000,1.600000023841858,47.99999840557575
-144,Tà Hừa,2025-06-16T06:00:00.000,0.20000000298023224,48.199998408555984
-144,Tà Hừa,2025-06-16T07:00:00.000,0.20000000298023224,48.39999841153622
-144,Tà Hừa,2025-06-16T08:00:00.000,0.4000000059604645,48.79999841749668
-144,Tà Hừa,2025-06-16T09:00:00.000,0.0,48.79999841749668
-144,Tà Hừa,2025-06-16T10:00:00.000,0.0,48.79999841749668
-144,Tà Hừa,2025-06-16T11:00:00.000,0.0,48.79999841749668
-144,Tà Hừa,2025-06-16T12:00:00.000,0.0,48.79999841749668
-144,Tà Hừa,2025-06-16T13:00:00.000,0.0,48.79999841749668
-144,Tà Hừa,2025-06-16T14:00:00.000,0.0,48.79999841749668
-144,Tà Hừa,2025-06-16T15:00:00.000,0.0,48.79999841749668
-144,Tà Hừa,2025-06-16T16:00:00.000,0.0,48.79999841749668
-144,Tà Hừa,2025-06-16T17:00:00.000,0.0,48.79999841749668
-144,Tà Hừa,2025-06-16T18:00:00.000,0.0,48.79999841749668
-144,Tà Hừa,2025-06-16T19:00:00.000,0.0,48.79999841749668
-144,Tà Hừa,2025-06-16T20:00:00.000,0.0,48.79999841749668
-144,Tà Hừa,2025-06-16T21:00:00.000,0.0,48.79999841749668
-144,Tà Hừa,2025-06-16T22:00:00.000,0.0,48.79999841749668
-144,Tà Hừa,2025-06-16T23:00:00.000,0.0,48.79999841749668
-144,Tà Hừa,2025-06-17T00:00:00.000,0.0,0.0
-144,Tà Hừa,2025-06-17T01:00:00.000,0.0,0.0
-144,Tà Hừa,2025-06-17T02:00:00.000,0.0,0.0
-144,Tà Hừa,2025-06-17T03:00:00.000,0.0,0.0
-144,Tà Hừa,2025-06-17T04:00:00.000,0.0,0.0
-144,Tà Hừa,2025-06-17T05:00:00.000,0.0,0.0
-144,Tà Hừa,2025-06-17T06:00:00.000,0.0,0.0
-144,Tà Hừa,2025-06-17T07:00:00.000,0.0,0.0
-144,Tà Hừa,2025-06-17T08:00:00.000,0.0,0.0
-144,Tà Hừa,2025-06-17T09:00:00.000,5.599999904632568,5.599999904632568
-144,Tà Hừa,2025-06-17T10:00:00.000,5.0,10.599999904632568
-144,Tà Hừa,2025-06-17T11:00:00.000,0.20000000298023224,10.7999999076128
-144,Tà Hừa,2025-06-17T12:00:00.000,0.20000000298023224,10.999999910593033
-144,Tà Hừa,2025-06-17T13:00:00.000,0.0,10.999999910593033
-144,Tà Hừa,2025-06-17T14:00:00.000,0.0,10.999999910593033
-144,Tà Hừa,2025-06-17T15:00:00.000,0.0,10.999999910593033
-144,Tà Hừa,2025-06-17T16:00:00.000,0.0,10.999999910593033
-144,Tà Hừa,2025-06-17T17:00:00.000,0.0,10.999999910593033
-144,Tà Hừa,2025-06-17T18:00:00.000,0.0,10.999999910593033
-144,Tà Hừa,2025-06-17T19:00:00.000,0.0,10.999999910593033
-144,Tà Hừa,2025-06-17T20:00:00.000,0.0,10.999999910593033
-144,Tà Hừa,2025-06-17T21:00:00.000,0.0,10.999999910593033
-144,Tà Hừa,2025-06-17T22:00:00.000,0.0,10.999999910593033
-144,Tà Hừa,2025-06-17T23:00:00.000,0.0,10.999999910593033
-144,Tà Hừa,2025-06-18T00:00:00.000,0.0,0.0
-144,Tà Hừa,2025-06-18T01:00:00.000,0.4000000059604645,0.4000000059604645
-144,Tà Hừa,2025-06-18T02:00:00.000,3.0,3.4000000059604645
-144,Tà Hừa,2025-06-18T03:00:00.000,1.7999999523162842,5.199999958276749
-144,Tà Hừa,2025-06-18T04:00:00.000,0.0,5.199999958276749
-144,Tà Hừa,2025-06-18T05:00:00.000,0.0,5.199999958276749
-144,Tà Hừa,2025-06-18T06:00:00.000,0.0,5.199999958276749
-144,Tà Hừa,2025-06-18T07:00:00.000,0.0,5.199999958276749
-144,Tà Hừa,2025-06-18T08:00:00.000,0.0,5.199999958276749
-144,Tà Hừa,2025-06-18T09:00:00.000,0.0,5.199999958276749
-144,Tà Hừa,2025-06-18T10:00:00.000,0.0,5.199999958276749
-144,Tà Hừa,2025-06-18T11:00:00.000,0.0,5.199999958276749
-144,Tà Hừa,2025-06-18T12:00:00.000,0.0,5.199999958276749
-144,Tà Hừa,2025-06-18T13:00:00.000,0.0,5.199999958276749
-144,Tà Hừa,2025-06-18T14:00:00.000,0.0,5.199999958276749
-144,Tà Hừa,2025-06-18T15:00:00.000,0.0,5.199999958276749
-144,Tà Hừa,2025-06-18T16:00:00.000,0.0,5.199999958276749
-144,Tà Hừa,2025-06-18T17:00:00.000,0.0,5.199999958276749
-144,Tà Hừa,2025-06-18T18:00:00.000,0.0,5.199999958276749
-144,Tà Hừa,2025-06-18T19:00:00.000,0.0,5.199999958276749
-144,Tà Hừa,2025-06-18T20:00:00.000,0.0,5.199999958276749
-144,Tà Hừa,2025-06-18T21:00:00.000,0.0,5.199999958276749
-144,Tà Hừa,2025-06-18T22:00:00.000,0.0,5.199999958276749
-144,Tà Hừa,2025-06-18T23:00:00.000,0.0,5.199999958276749
-144,Tà Hừa,2025-06-19T00:00:00.000,0.0,0.0
-144,Tà Hừa,2025-06-19T01:00:00.000,0.0,0.0
-144,Tà Hừa,2025-06-19T02:00:00.000,0.0,0.0
-144,Tà Hừa,2025-06-19T03:00:00.000,5.599999904632568,5.599999904632568
-144,Tà Hừa,2025-06-19T04:00:00.000,4.199999809265137,9.799999713897705
-144,Tà Hừa,2025-06-19T05:00:00.000,2.0,11.799999713897705
-144,Tà Hừa,2025-06-19T06:00:00.000,0.4000000059604645,12.19999971985817
-144,Tà Hừa,2025-06-19T07:00:00.000,0.20000000298023224,12.399999722838402
-144,Tà Hừa,2025-06-19T08:00:00.000,0.800000011920929,13.19999973475933
-144,Tà Hừa,2025-06-19T09:00:00.000,0.0,13.19999973475933
-144,Tà Hừa,2025-06-19T10:00:00.000,0.0,13.19999973475933
-144,Tà Hừa,2025-06-19T11:00:00.000,0.0,13.19999973475933
-144,Tà Hừa,2025-06-19T12:00:00.000,0.0,13.19999973475933
-144,Tà Hừa,2025-06-19T13:00:00.000,0.0,13.19999973475933
-144,Tà Hừa,2025-06-19T14:00:00.000,0.0,13.19999973475933
-144,Tà Hừa,2025-06-19T15:00:00.000,0.0,13.19999973475933
-144,Tà Hừa,2025-06-19T16:00:00.000,0.0,13.19999973475933
-144,Tà Hừa,2025-06-19T17:00:00.000,0.0,13.19999973475933
-144,Tà Hừa,2025-06-19T18:00:00.000,0.0,13.19999973475933
-144,Tà Hừa,2025-06-19T19:00:00.000,0.0,13.19999973475933
-144,Tà Hừa,2025-06-19T20:00:00.000,0.0,13.19999973475933
-144,Tà Hừa,2025-06-19T21:00:00.000,0.0,13.19999973475933
-144,Tà Hừa,2025-06-19T22:00:00.000,0.0,13.19999973475933
-144,Tà Hừa,2025-06-19T23:00:00.000,0.0,13.19999973475933
-144,Tà Hừa,2025-06-20T00:00:00.000,0.0,0.0
-144,Tà Hừa,2025-06-20T01:00:00.000,0.0,0.0
-144,Tà Hừa,2025-06-20T02:00:00.000,0.0,0.0
-144,Tà Hừa,2025-06-20T03:00:00.000,0.0,0.0
-144,Tà Hừa,2025-06-20T04:00:00.000,0.0,0.0
-144,Tà Hừa,2025-06-20T05:00:00.000,0.0,0.0
-144,Tà Hừa,2025-06-20T06:00:00.000,0.0,0.0
-144,Tà Hừa,2025-06-20T07:00:00.000,0.20000000298023224,0.20000000298023224
-144,Tà Hừa,2025-06-20T08:00:00.000,0.0,0.20000000298023224
-144,Tà Hừa,2025-06-20T09:00:00.000,0.0,0.20000000298023224
-144,Tà Hừa,2025-06-20T10:00:00.000,0.0,0.20000000298023224
-144,Tà Hừa,2025-06-20T11:00:00.000,0.0,0.20000000298023224
-144,Tà Hừa,2025-06-20T12:00:00.000,0.0,0.20000000298023224
-144,Tà Hừa,2025-06-20T13:00:00.000,0.0,0.20000000298023224
-144,Tà Hừa,2025-06-20T14:00:00.000,0.0,0.20000000298023224
-144,Tà Hừa,2025-06-20T15:00:00.000,0.0,0.20000000298023224
-144,Tà Hừa,2025-06-20T16:00:00.000,0.0,0.20000000298023224
-144,Tà Hừa,2025-06-20T17:00:00.000,0.0,0.20000000298023224
-144,Tà Hừa,2025-06-20T18:00:00.000,0.0,0.20000000298023224
-144,Tà Hừa,2025-06-20T19:00:00.000,0.0,0.20000000298023224
-144,Tà Hừa,2025-06-20T20:00:00.000,0.0,0.20000000298023224
-144,Tà Hừa,2025-06-20T21:00:00.000,2.200000047683716,2.400000050663948
-144,Tà Hừa,2025-06-20T22:00:00.000,0.4000000059604645,2.8000000566244125
-144,Tà Hừa,2025-06-20T23:00:00.000,0.0,2.8000000566244125
-144,Tà Hừa,2025-06-21T00:00:00.000,0.0,2.6000000536441803
-144,Tà Hừa,2025-06-21T01:00:00.000,0.0,2.6000000536441803
-144,Tà Hừa,2025-06-21T02:00:00.000,0.0,2.6000000536441803
-144,Tà Hừa,2025-06-21T03:00:00.000,0.0,2.6000000536441803
-144,Tà Hừa,2025-06-21T04:00:00.000,0.0,2.6000000536441803
-144,Tà Hừa,2025-06-21T05:00:00.000,7.0,9.60000005364418
-144,Tà Hừa,2025-06-21T06:00:00.000,2.799999952316284,12.400000005960464
-144,Tà Hừa,2025-06-21T07:00:00.000,0.0,12.400000005960464
-144,Tà Hừa,2025-06-21T08:00:00.000,0.6000000238418579,13.000000029802322
-144,Tà Hừa,2025-06-21T09:00:00.000,0.6000000238418579,13.60000005364418
-144,Tà Hừa,2025-06-21T10:00:00.000,1.600000023841858,15.200000077486038
-144,Tà Hừa,2025-06-21T11:00:00.000,3.0,18.200000077486038
-144,Tà Hừa,2025-06-21T12:00:00.000,2.0,20.200000077486038
-144,Tà Hừa,2025-06-21T13:00:00.000,2.0,22.200000077486038
-144,Tà Hừa,2025-06-21T14:00:00.000,1.2000000476837158,23.400000125169754
-144,Tà Hừa,2025-06-21T15:00:00.000,0.800000011920929,24.200000137090683
-144,Tà Hừa,2025-06-21T16:00:00.000,0.4000000059604645,24.600000143051147
-144,Tà Hừa,2025-06-21T17:00:00.000,0.0,24.600000143051147
-144,Tà Hừa,2025-06-21T18:00:00.000,0.4000000059604645,25.000000149011612
-144,Tà Hừa,2025-06-21T19:00:00.000,0.4000000059604645,25.400000154972076
-144,Tà Hừa,2025-06-21T20:00:00.000,0.0,25.400000154972076
-144,Tà Hừa,2025-06-21T21:00:00.000,0.0,25.400000154972076
-144,Tà Hừa,2025-06-21T22:00:00.000,0.0,25.400000154972076
-144,Tà Hừa,2025-06-21T23:00:00.000,0.0,25.400000154972076
-144,Tà Hừa,2025-06-22T00:00:00.000,0.0,0.0
-144,Tà Hừa,2025-06-22T01:00:00.000,0.0,0.0
-144,Tà Hừa,2025-06-22T02:00:00.000,0.0,0.0
-144,Tà Hừa,2025-06-22T03:00:00.000,0.20000000298023224,0.20000000298023224
-144,Tà Hừa,2025-06-22T04:00:00.000,0.0,0.20000000298023224
-144,Tà Hừa,2025-06-22T05:00:00.000,0.0,0.20000000298023224
-144,Tà Hừa,2025-06-22T06:00:00.000,0.0,0.20000000298023224
-144,Tà Hừa,2025-06-22T07:00:00.000,0.0,0.20000000298023224
-144,Tà Hừa,2025-06-22T08:00:00.000,0.0,0.20000000298023224
-144,Tà Hừa,2025-06-22T09:00:00.000,0.0,0.20000000298023224
-144,Tà Hừa,2025-06-22T10:00:00.000,0.0,0.20000000298023224
-144,Tà Hừa,2025-06-22T11:00:00.000,0.0,0.20000000298023224
-144,Tà Hừa,2025-06-22T12:00:00.000,0.0,0.20000000298023224
-144,Tà Hừa,2025-06-22T13:00:00.000,0.6000000238418579,0.8000000268220901
-144,Tà Hừa,2025-06-22T14:00:00.000,0.0,0.8000000268220901
-144,Tà Hừa,2025-06-22T15:00:00.000,0.0,0.8000000268220901
-144,Tà Hừa,2025-06-22T16:00:00.000,0.0,0.8000000268220901
-144,Tà Hừa,2025-06-22T17:00:00.000,0.0,0.8000000268220901
-144,Tà Hừa,2025-06-22T18:00:00.000,0.0,0.8000000268220901
-144,Tà Hừa,2025-06-22T19:00:00.000,0.0,0.8000000268220901
-144,Tà Hừa,2025-06-22T20:00:00.000,0.0,0.8000000268220901
-144,Tà Hừa,2025-06-22T21:00:00.000,0.0,0.8000000268220901
-144,Tà Hừa,2025-06-22T22:00:00.000,0.0,0.8000000268220901
-144,Tà Hừa,2025-06-22T23:00:00.000,0.20000000298023224,1.0000000298023224
-144,Tà Hừa,2025-06-23T00:00:00.000,0.800000011920929,1.0000000149011612
-144,Tà Hừa,2025-06-23T01:00:00.000,1.0,2.000000014901161
-144,Tà Hừa,2025-06-23T02:00:00.000,1.7999999523162842,3.7999999672174454
-144,Tà Hừa,2025-06-23T03:00:00.000,0.6000000238418579,4.399999991059303
-144,Tà Hừa,2025-06-23T04:00:00.000,1.600000023841858,6.000000014901161
-144,Tà Hừa,2025-06-23T05:00:00.000,0.20000000298023224,6.200000017881393
-144,Tà Hừa,2025-06-23T06:00:00.000,0.20000000298023224,6.400000020861626
-144,Tà Hừa,2025-06-23T07:00:00.000,0.20000000298023224,6.600000023841858
-144,Tà Hừa,2025-06-23T08:00:00.000,0.0,6.600000023841858
-144,Tà Hừa,2025-06-23T09:00:00.000,0.0,6.600000023841858
-144,Tà Hừa,2025-06-23T10:00:00.000,0.0,6.600000023841858
-144,Tà Hừa,2025-06-23T11:00:00.000,0.0,6.600000023841858
-144,Tà Hừa,2025-06-23T12:00:00.000,0.0,6.600000023841858
-144,Tà Hừa,2025-06-23T13:00:00.000,0.0,6.600000023841858
-144,Tà Hừa,2025-06-23T14:00:00.000,0.0,6.600000023841858
-144,Tà Hừa,2025-06-23T15:00:00.000,0.0,6.600000023841858
-144,Tà Hừa,2025-06-23T16:00:00.000,0.0,6.600000023841858
-144,Tà Hừa,2025-06-23T17:00:00.000,0.0,6.600000023841858
-144,Tà Hừa,2025-06-23T18:00:00.000,0.0,6.600000023841858
-144,Tà Hừa,2025-06-23T19:00:00.000,0.0,6.600000023841858
-144,Tà Hừa,2025-06-23T20:00:00.000,0.0,6.600000023841858
-144,Tà Hừa,2025-06-23T21:00:00.000,0.0,6.600000023841858
-144,Tà Hừa,2025-06-23T22:00:00.000,0.0,6.600000023841858
-144,Tà Hừa,2025-06-23T23:00:00.000,0.0,6.600000023841858
-144,Tà Hừa,2025-06-24T00:00:00.000,0.0,0.0
-144,Tà Hừa,2025-06-24T01:00:00.000,0.0,0.0
-144,Tà Hừa,2025-06-24T02:00:00.000,0.20000000298023224,0.20000000298023224
-144,Tà Hừa,2025-06-24T03:00:00.000,0.0,0.20000000298023224
-144,Tà Hừa,2025-06-24T04:00:00.000,0.0,0.20000000298023224
-144,Tà Hừa,2025-06-24T05:00:00.000,0.0,0.20000000298023224
-144,Tà Hừa,2025-06-24T06:00:00.000,0.0,0.20000000298023224
-144,Tà Hừa,2025-06-24T07:00:00.000,0.0,0.20000000298023224
-144,Tà Hừa,2025-06-24T08:00:00.000,0.0,0.20000000298023224
-144,Tà Hừa,2025-06-24T09:00:00.000,0.0,0.20000000298023224
-144,Tà Hừa,2025-06-24T10:00:00.000,0.0,0.20000000298023224
-144,Tà Hừa,2025-06-24T11:00:00.000,0.0,0.20000000298023224
-144,Tà Hừa,2025-06-24T12:00:00.000,0.0,0.20000000298023224
-144,Tà Hừa,2025-06-24T13:00:00.000,0.0,0.20000000298023224
-144,Tà Hừa,2025-06-24T14:00:00.000,0.0,0.20000000298023224
-144,Tà Hừa,2025-06-24T15:00:00.000,0.0,0.20000000298023224
-144,Tà Hừa,2025-06-24T16:00:00.000,0.0,0.20000000298023224
-144,Tà Hừa,2025-06-24T17:00:00.000,0.0,0.20000000298023224
-144,Tà Hừa,2025-06-24T18:00:00.000,0.0,0.20000000298023224
-144,Tà Hừa,2025-06-24T19:00:00.000,0.0,0.20000000298023224
-144,Tà Hừa,2025-06-24T20:00:00.000,0.0,0.20000000298023224
-144,Tà Hừa,2025-06-24T21:00:00.000,0.0,0.20000000298023224
-144,Tà Hừa,2025-06-24T22:00:00.000,0.0,0.20000000298023224
-144,Tà Hừa,2025-06-24T23:00:00.000,0.0,0.20000000298023224
-144,Tà Hừa,2025-06-25T00:00:00.000,0.0,0.0
-144,Tà Hừa,2025-06-25T01:00:00.000,0.0,0.0
-144,Tà Hừa,2025-06-25T02:00:00.000,0.0,0.0
-144,Tà Hừa,2025-06-25T03:00:00.000,0.0,0.0
-144,Tà Hừa,2025-06-25T04:00:00.000,1.600000023841858,1.600000023841858
-144,Tà Hừa,2025-06-25T05:00:00.000,0.20000000298023224,1.8000000268220901
-144,Tà Hừa,2025-06-25T06:00:00.000,0.0,1.8000000268220901
-144,Tà Hừa,2025-06-25T07:00:00.000,0.0,1.8000000268220901
-144,Tà Hừa,2025-06-25T08:00:00.000,0.800000011920929,2.600000038743019
-144,Tà Hừa,2025-06-25T09:00:00.000,0.0,2.600000038743019
-144,Tà Hừa,2025-06-25T10:00:00.000,0.0,2.600000038743019
-144,Tà Hừa,2025-06-25T11:00:00.000,0.0,2.600000038743019
-144,Tà Hừa,2025-06-25T12:00:00.000,0.0,2.600000038743019
-144,Tà Hừa,2025-06-25T13:00:00.000,0.0,2.600000038743019
-144,Tà Hừa,2025-06-25T14:00:00.000,0.0,2.600000038743019
-144,Tà Hừa,2025-06-25T15:00:00.000,0.0,2.600000038743019
-144,Tà Hừa,2025-06-25T16:00:00.000,0.0,2.600000038743019
-144,Tà Hừa,2025-06-25T17:00:00.000,0.0,2.600000038743019
-144,Tà Hừa,2025-06-25T18:00:00.000,0.0,2.600000038743019
-144,Tà Hừa,2025-06-25T19:00:00.000,0.0,2.600000038743019
-144,Tà Hừa,2025-06-25T20:00:00.000,0.0,2.600000038743019
-144,Tà Hừa,2025-06-25T21:00:00.000,0.0,2.600000038743019
-144,Tà Hừa,2025-06-25T22:00:00.000,0.0,2.600000038743019
-144,Tà Hừa,2025-06-25T23:00:00.000,0.0,2.600000038743019
-144,Tà Hừa,2025-06-26T00:00:00.000,0.0,0.0
-144,Tà Hừa,2025-06-26T01:00:00.000,0.0,0.0
-144,Tà Hừa,2025-06-26T02:00:00.000,0.0,0.0
-144,Tà Hừa,2025-06-26T03:00:00.000,0.0,0.0
-144,Tà Hừa,2025-06-26T04:00:00.000,0.0,0.0
-144,Tà Hừa,2025-06-26T05:00:00.000,0.4000000059604645,0.4000000059604645
-144,Tà Hừa,2025-06-26T06:00:00.000,0.4000000059604645,0.800000011920929
-144,Tà Hừa,2025-06-26T07:00:00.000,0.20000000298023224,1.0000000149011612
-144,Tà Hừa,2025-06-26T08:00:00.000,0.4000000059604645,1.4000000208616257
-144,Tà Hừa,2025-06-26T09:00:00.000,0.4000000059604645,1.8000000268220901
-144,Tà Hừa,2025-06-26T10:00:00.000,0.0,1.8000000268220901
-144,Tà Hừa,2025-06-26T11:00:00.000,0.0,1.8000000268220901
-144,Tà Hừa,2025-06-26T12:00:00.000,0.0,1.8000000268220901
-144,Tà Hừa,2025-06-26T13:00:00.000,0.20000000298023224,2.0000000298023224
-144,Tà Hừa,2025-06-26T14:00:00.000,8.800000190734863,10.800000220537186
-144,Tà Hừa,2025-06-26T15:00:00.000,0.800000011920929,11.600000232458115
-144,Tà Hừa,2025-06-26T16:00:00.000,0.0,11.600000232458115
-144,Tà Hừa,2025-06-26T17:00:00.000,0.0,11.600000232458115
-144,Tà Hừa,2025-06-26T18:00:00.000,0.0,11.600000232458115
-144,Tà Hừa,2025-06-26T19:00:00.000,0.0,11.600000232458115
-144,Tà Hừa,2025-06-26T20:00:00.000,0.0,11.600000232458115
-144,Tà Hừa,2025-06-26T21:00:00.000,0.0,11.600000232458115
-144,Tà Hừa,2025-06-26T22:00:00.000,0.0,11.600000232458115
-144,Tà Hừa,2025-06-26T23:00:00.000,0.0,11.600000232458115
-144,Tà Hừa,2025-06-27T00:00:00.000,0.0,0.0
-144,Tà Hừa,2025-06-27T01:00:00.000,0.0,0.0
-144,Tà Hừa,2025-06-27T02:00:00.000,0.4000000059604645,0.4000000059604645
-144,Tà Hừa,2025-06-27T03:00:00.000,0.0,0.4000000059604645
-144,Tà Hừa,2025-06-27T04:00:00.000,3.0,3.4000000059604645
-144,Tà Hừa,2025-06-27T05:00:00.000,4.400000095367432,7.800000101327896
-144,Tà Hừa,2025-06-27T06:00:00.000,2.0,9.800000101327896
-144,Tà Hừa,2025-06-27T07:00:00.000,0.20000000298023224,10.000000104308128
-144,Tà Hừa,2025-06-27T08:00:00.000,6.199999809265137,16.199999913573265
-144,Tà Hừa,2025-06-27T09:00:00.000,26.799999237060547,42.99999915063381
-144,Tà Hừa,2025-06-27T10:00:00.000,19.799999237060547,62.79999838769436
-144,Tà Hừa,2025-06-27T11:00:00.000,2.5999999046325684,65.39999829232693
-144,Tà Hừa,2025-06-27T12:00:00.000,0.0,65.39999829232693
-144,Tà Hừa,2025-06-27T13:00:00.000,0.0,65.39999829232693
-144,Tà Hừa,2025-06-27T14:00:00.000,0.0,65.39999829232693
-144,Tà Hừa,2025-06-27T15:00:00.000,0.0,65.39999829232693
-144,Tà Hừa,2025-06-27T16:00:00.000,0.0,65.39999829232693
-144,Tà Hừa,2025-06-27T17:00:00.000,10.0,75.39999829232693
-144,Tà Hừa,2025-06-27T18:00:00.000,1.0,76.39999829232693
-144,Tà Hừa,2025-06-27T19:00:00.000,1.399999976158142,77.79999826848507
-144,Tà Hừa,2025-06-27T20:00:00.000,0.20000000298023224,77.9999982714653
-144,Tà Hừa,2025-06-27T21:00:00.000,0.4000000059604645,78.39999827742577
-144,Tà Hừa,2025-06-27T22:00:00.000,0.0,78.39999827742577
-144,Tà Hừa,2025-06-27T23:00:00.000,0.0,78.39999827742577
-144,Tà Hừa,2025-06-28T00:00:00.000,0.0,0.6000000089406967
-144,Tà Hừa,2025-06-28T01:00:00.000,0.0,0.6000000089406967
-144,Tà Hừa,2025-06-28T02:00:00.000,0.0,0.6000000089406967
-144,Tà Hừa,2025-06-28T03:00:00.000,0.20000000298023224,0.800000011920929
-144,Tà Hừa,2025-06-28T04:00:00.000,0.0,0.800000011920929
-144,Tà Hừa,2025-06-28T05:00:00.000,6.0,6.800000011920929
-144,Tà Hừa,2025-06-28T06:00:00.000,0.800000011920929,7.600000023841858
-144,Tà Hừa,2025-06-28T07:00:00.000,0.4000000059604645,8.000000029802322
-144,Tà Hừa,2025-06-28T08:00:00.000,0.4000000059604645,8.400000035762787
-144,Tà Hừa,2025-06-28T09:00:00.000,0.0,8.400000035762787
-144,Tà Hừa,2025-06-28T10:00:00.000,0.0,8.400000035762787
-144,Tà Hừa,2025-06-28T11:00:00.000,0.0,8.400000035762787
-144,Tà Hừa,2025-06-28T12:00:00.000,8.600000381469727,17.000000417232513
-144,Tà Hừa,2025-06-28T13:00:00.000,1.2000000476837158,18.20000046491623
-144,Tà Hừa,2025-06-28T14:00:00.000,0.0,18.20000046491623
-144,Tà Hừa,2025-06-28T15:00:00.000,0.20000000298023224,18.40000046789646
-144,Tà Hừa,2025-06-28T16:00:00.000,0.0,18.40000046789646
-144,Tà Hừa,2025-06-28T17:00:00.000,20.200000762939453,38.600001230835915
-144,Tà Hừa,2025-06-28T18:00:00.000,5.400000095367432,44.000001326203346
-144,Tà Hừa,2025-06-28T19:00:00.000,0.20000000298023224,44.20000132918358
-144,Tà Hừa,2025-06-28T20:00:00.000,0.0,44.20000132918358
-144,Tà Hừa,2025-06-28T21:00:00.000,0.0,44.20000132918358
-144,Tà Hừa,2025-06-28T22:00:00.000,0.800000011920929,45.00000134110451
-144,Tà Hừa,2025-06-28T23:00:00.000,0.0,45.00000134110451
-144,Tà Hừa,2025-06-29T00:00:00.000,0.0,0.800000011920929
-144,Tà Hừa,2025-06-29T01:00:00.000,0.0,0.800000011920929
-144,Tà Hừa,2025-06-29T02:00:00.000,0.20000000298023224,1.0000000149011612
-144,Tà Hừa,2025-06-29T03:00:00.000,0.20000000298023224,1.2000000178813934
-144,Tà Hừa,2025-06-29T04:00:00.000,0.0,1.2000000178813934
-144,Tà Hừa,2025-06-29T05:00:00.000,0.0,1.2000000178813934
-144,Tà Hừa,2025-06-29T06:00:00.000,0.0,1.2000000178813934
-144,Tà Hừa,2025-06-29T07:00:00.000,0.0,1.2000000178813934
-144,Tà Hừa,2025-06-29T08:00:00.000,0.0,1.2000000178813934
-144,Tà Hừa,2025-06-29T09:00:00.000,0.20000000298023224,1.4000000208616257
-144,Tà Hừa,2025-06-29T10:00:00.000,0.0,1.4000000208616257
-144,Tà Hừa,2025-06-29T11:00:00.000,10.199999809265137,11.599999830126762
-144,Tà Hừa,2025-06-29T12:00:00.000,0.20000000298023224,11.799999833106995
-144,Tà Hừa,2025-06-29T13:00:00.000,0.0,11.799999833106995
-144,Tà Hừa,2025-06-29T14:00:00.000,6.400000095367432,18.199999928474426
-144,Tà Hừa,2025-06-29T15:00:00.000,5.599999904632568,23.799999833106995
-144,Tà Hừa,2025-06-29T16:00:00.000,0.0,23.799999833106995
-144,Tà Hừa,2025-06-29T17:00:00.000,0.20000000298023224,23.999999836087227
-144,Tà Hừa,2025-06-29T18:00:00.000,0.0,23.999999836087227
-144,Tà Hừa,2025-06-29T19:00:00.000,0.0,23.999999836087227
-144,Tà Hừa,2025-06-29T20:00:00.000,0.0,23.999999836087227
-144,Tà Hừa,2025-06-29T21:00:00.000,0.0,23.999999836087227
-144,Tà Hừa,2025-06-29T22:00:00.000,0.800000011920929,24.799999848008156
-144,Tà Hừa,2025-06-29T23:00:00.000,0.0,24.799999848008156
-144,Tà Hừa,2025-06-30T00:00:00.000,0.20000000298023224,1.0000000149011612
-144,Tà Hừa,2025-06-30T01:00:00.000,0.0,1.0000000149011612
-144,Tà Hừa,2025-06-30T02:00:00.000,0.0,1.0000000149011612
-144,Tà Hừa,2025-06-30T03:00:00.000,0.0,1.0000000149011612
-144,Tà Hừa,2025-06-30T04:00:00.000,0.0,1.0000000149011612
-144,Tà Hừa,2025-06-30T05:00:00.000,0.0,1.0000000149011612
-144,Tà Hừa,2025-06-30T06:00:00.000,0.0,1.0000000149011612
-144,Tà Hừa,2025-06-30T07:00:00.000,0.0,1.0000000149011612
-144,Tà Hừa,2025-06-30T08:00:00.000,0.0,1.0000000149011612
-144,Tà Hừa,2025-06-30T09:00:00.000,0.0,1.0000000149011612
-144,Tà Hừa,2025-06-30T10:00:00.000,0.0,1.0000000149011612
-144,Tà Hừa,2025-06-30T11:00:00.000,0.0,1.0000000149011612
-144,Tà Hừa,2025-06-30T12:00:00.000,1.0,2.000000014901161
-144,Tà Hừa,2025-06-30T13:00:00.000,3.4000000953674316,5.400000110268593
-144,Tà Hừa,2025-06-30T14:00:00.000,0.0,5.400000110268593
-144,Tà Hừa,2025-06-30T15:00:00.000,0.0,5.400000110268593
-144,Tà Hừa,2025-06-30T16:00:00.000,0.0,5.400000110268593
-144,Tà Hừa,2025-06-30T17:00:00.000,0.0,5.400000110268593
-144,Tà Hừa,2025-06-30T18:00:00.000,6.0,11.400000110268593
-144,Tà Hừa,2025-06-30T19:00:00.000,0.0,11.400000110268593
-144,Tà Hừa,2025-06-30T20:00:00.000,21.200000762939453,32.600000873208046
-144,Tà Hừa,2025-06-30T21:00:00.000,1.7999999523162842,34.40000082552433
-144,Tà Hừa,2025-06-30T22:00:00.000,0.0,34.40000082552433
-144,Tà Hừa,2025-06-30T23:00:00.000,0.0,34.40000082552433
-144,Tà Hừa,2025-07-01T00:00:00.000,0.0,23.000000715255737
-144,Tà Hừa,2025-07-01T01:00:00.000,0.0,23.000000715255737
-144,Tà Hừa,2025-07-01T02:00:00.000,0.0,23.000000715255737
-144,Tà Hừa,2025-07-01T03:00:00.000,0.20000000298023224,23.20000071823597
-144,Tà Hừa,2025-07-01T04:00:00.000,1.2000000476837158,24.400000765919685
-144,Tà Hừa,2025-07-01T05:00:00.000,10.800000190734863,35.20000095665455
-144,Tà Hừa,2025-07-01T06:00:00.000,1.600000023841858,36.80000098049641
-144,Tà Hừa,2025-07-01T07:00:00.000,3.799999952316284,40.60000093281269
-144,Tà Hừa,2025-07-01T08:00:00.000,1.7999999523162842,42.400000885128975
-144,Tà Hừa,2025-07-01T09:00:00.000,0.0,42.400000885128975
-144,Tà Hừa,2025-07-01T10:00:00.000,1.0,43.400000885128975
-144,Tà Hừa,2025-07-01T11:00:00.000,1.2000000476837158,44.60000093281269
-144,Tà Hừa,2025-07-01T12:00:00.000,6.400000095367432,51.00000102818012
-144,Tà Hừa,2025-07-01T13:00:00.000,48.0,99.00000102818012
-144,Tà Hừa,2025-07-01T14:00:00.000,6.199999809265137,105.20000083744526
-144,Tà Hừa,2025-07-01T15:00:00.000,0.0,105.20000083744526
-144,Tà Hừa,2025-07-01T16:00:00.000,0.800000011920929,106.00000084936619
-144,Tà Hừa,2025-07-01T17:00:00.000,1.600000023841858,107.60000087320805
-144,Tà Hừa,2025-07-01T18:00:00.000,0.0,107.60000087320805
-144,Tà Hừa,2025-07-01T19:00:00.000,0.20000000298023224,107.80000087618828
-144,Tà Hừa,2025-07-01T20:00:00.000,0.0,107.80000087618828
-144,Tà Hừa,2025-07-01T21:00:00.000,0.0,107.80000087618828
-144,Tà Hừa,2025-07-01T22:00:00.000,0.0,107.80000087618828
-144,Tà Hừa,2025-07-01T23:00:00.000,0.0,107.80000087618828
-144,Tà Hừa,2025-07-02T00:00:00.000,0.0,0.0
-144,Tà Hừa,2025-07-02T01:00:00.000,0.0,0.0
-144,Tà Hừa,2025-07-02T02:00:00.000,0.0,0.0
-144,Tà Hừa,2025-07-02T03:00:00.000,0.0,0.0
-144,Tà Hừa,2025-07-02T04:00:00.000,0.0,0.0
-144,Tà Hừa,2025-07-02T05:00:00.000,0.0,0.0
-144,Tà Hừa,2025-07-02T06:00:00.000,0.0,0.0
-144,Tà Hừa,2025-07-02T07:00:00.000,0.0,0.0
-144,Tà Hừa,2025-07-02T08:00:00.000,2.0,2.0
-144,Tà Hừa,2025-07-02T09:00:00.000,0.0,2.0
-144,Tà Hừa,2025-07-02T10:00:00.000,0.0,2.0
-144,Tà Hừa,2025-07-02T11:00:00.000,0.0,2.0
-144,Tà Hừa,2025-07-02T12:00:00.000,0.0,2.0
-144,Tà Hừa,2025-07-02T13:00:00.000,0.0,2.0
-144,Tà Hừa,2025-07-02T14:00:00.000,0.0,2.0
-144,Tà Hừa,2025-07-02T15:00:00.000,0.800000011920929,2.800000011920929
-144,Tà Hừa,2025-07-02T16:00:00.000,12.600000381469727,15.400000393390656
-144,Tà Hừa,2025-07-02T17:00:00.000,2.5999999046325684,18.000000298023224
-144,Tà Hừa,2025-07-02T18:00:00.000,0.6000000238418579,18.600000321865082
-144,Tà Hừa,2025-07-02T19:00:00.000,14.199999809265137,32.80000013113022
-144,Tà Hừa,2025-07-02T20:00:00.000,13.600000381469727,46.400000512599945
-144,Tà Hừa,2025-07-02T21:00:00.000,0.800000011920929,47.200000524520874
-144,Tà Hừa,2025-07-02T22:00:00.000,0.0,47.200000524520874
-144,Tà Hừa,2025-07-02T23:00:00.000,0.0,47.200000524520874
-144,Tà Hừa,2025-07-03T00:00:00.000,0.0,14.400000393390656
-144,Tà Hừa,2025-07-03T01:00:00.000,0.0,14.400000393390656
-144,Tà Hừa,2025-07-03T02:00:00.000,0.0,14.400000393390656
-144,Tà Hừa,2025-07-03T03:00:00.000,0.0,14.400000393390656
-144,Tà Hừa,2025-07-03T04:00:00.000,0.0,14.400000393390656
-144,Tà Hừa,2025-07-03T05:00:00.000,0.0,14.400000393390656
-144,Tà Hừa,2025-07-03T06:00:00.000,0.0,14.400000393390656
-144,Tà Hừa,2025-07-03T07:00:00.000,0.0,14.400000393390656
-144,Tà Hừa,2025-07-03T08:00:00.000,0.0,14.400000393390656
-144,Tà Hừa,2025-07-03T09:00:00.000,0.0,14.400000393390656
-144,Tà Hừa,2025-07-03T10:00:00.000,0.0,14.400000393390656
-144,Tà Hừa,2025-07-03T11:00:00.000,0.0,14.400000393390656
-144,Tà Hừa,2025-07-03T12:00:00.000,0.0,14.400000393390656
-144,Tà Hừa,2025-07-03T13:00:00.000,2.799999952316284,17.20000034570694
-144,Tà Hừa,2025-07-03T14:00:00.000,1.399999976158142,18.600000321865082
-144,Tà Hừa,2025-07-03T15:00:00.000,0.4000000059604645,19.000000327825546
-144,Tà Hừa,2025-07-03T16:00:00.000,0.0,19.000000327825546
-144,Tà Hừa,2025-07-03T17:00:00.000,0.0,19.000000327825546
-144,Tà Hừa,2025-07-03T18:00:00.000,0.0,19.000000327825546
-144,Tà Hừa,2025-07-03T19:00:00.000,0.0,19.000000327825546
-144,Tà Hừa,2025-07-03T20:00:00.000,0.0,19.000000327825546
-144,Tà Hừa,2025-07-03T21:00:00.000,0.0,19.000000327825546
-144,Tà Hừa,2025-07-03T22:00:00.000,0.0,19.000000327825546
-144,Tà Hừa,2025-07-03T23:00:00.000,,19.000000327825546
-144,Tà Hừa,2025-07-04T00:00:00.000,,0.0
-144,Tà Hừa,2025-07-04T01:00:00.000,0.0,0.0
-144,Tà Hừa,2025-07-04T02:00:00.000,0.0,0.0
-144,Tà Hừa,2025-07-04T03:00:00.000,0.0,0.0
-144,Tà Hừa,2025-07-04T04:00:00.000,0.0,0.0
-144,Tà Hừa,2025-07-04T05:00:00.000,0.0,0.0
-144,Tà Hừa,2025-07-04T06:00:00.000,0.0,0.0
-144,Tà Hừa,2025-07-04T07:00:00.000,0.0,0.0
-144,Tà Hừa,2025-07-04T08:00:00.000,0.0,0.0
-144,Tà Hừa,2025-07-04T09:00:00.000,0.0,0.0
-144,Tà Hừa,2025-07-04T10:00:00.000,0.0,0.0
-144,Tà Hừa,2025-07-04T11:00:00.000,0.0,0.0
-144,Tà Hừa,2025-07-04T12:00:00.000,0.0,0.0
-144,Tà Hừa,2025-07-04T13:00:00.000,0.0,0.0
-144,Tà Hừa,2025-07-04T14:00:00.000,0.0,0.0
-144,Tà Hừa,2025-07-04T15:00:00.000,0.0,0.0
-144,Tà Hừa,2025-07-04T16:00:00.000,0.0,0.0
-144,Tà Hừa,2025-07-04T17:00:00.000,0.0,0.0
-144,Tà Hừa,2025-07-04T18:00:00.000,0.0,0.0
-144,Tà Hừa,2025-07-04T19:00:00.000,0.0,0.0
-144,Tà Hừa,2025-07-04T20:00:00.000,0.0,0.0
-144,Tà Hừa,2025-07-04T21:00:00.000,0.0,0.0
-144,Tà Hừa,2025-07-04T22:00:00.000,0.0,0.0
-144,Tà Hừa,2025-07-04T23:00:00.000,0.0,0.0
-144,Tà Hừa,2025-07-05T00:00:00.000,0.0,0.0
-144,Tà Hừa,2025-07-05T01:00:00.000,0.0,0.0
-144,Tà Hừa,2025-07-05T02:00:00.000,0.0,0.0
-144,Tà Hừa,2025-07-05T03:00:00.000,0.0,0.0
-144,Tà Hừa,2025-07-05T04:00:00.000,0.0,0.0
-144,Tà Hừa,2025-07-05T05:00:00.000,0.0,0.0
-144,Tà Hừa,2025-07-05T06:00:00.000,0.0,0.0
-144,Tà Hừa,2025-07-05T07:00:00.000,0.0,0.0
-144,Tà Hừa,2025-07-05T08:00:00.000,0.0,0.0
-144,Tà Hừa,2025-07-05T09:00:00.000,0.0,0.0
-144,Tà Hừa,2025-07-05T10:00:00.000,0.0,0.0
-144,Tà Hừa,2025-07-05T11:00:00.000,0.0,0.0
-144,Tà Hừa,2025-07-05T12:00:00.000,0.0,0.0
-144,Tà Hừa,2025-07-05T13:00:00.000,0.0,0.0
-144,Tà Hừa,2025-07-05T14:00:00.000,0.0,0.0
-144,Tà Hừa,2025-07-05T15:00:00.000,0.20000000298023224,0.20000000298023224
-144,Tà Hừa,2025-07-05T16:00:00.000,0.0,0.20000000298023224
-144,Tà Hừa,2025-07-05T17:00:00.000,0.0,0.20000000298023224
-144,Tà Hừa,2025-07-05T18:00:00.000,0.0,0.20000000298023224
-144,Tà Hừa,2025-07-05T19:00:00.000,0.0,0.20000000298023224
-144,Tà Hừa,2025-07-05T20:00:00.000,0.0,0.20000000298023224
-144,Tà Hừa,2025-07-05T21:00:00.000,0.0,0.20000000298023224
-144,Tà Hừa,2025-07-05T22:00:00.000,0.0,0.20000000298023224
-144,Tà Hừa,2025-07-05T23:00:00.000,0.0,0.20000000298023224
-144,Tà Hừa,2025-07-06T00:00:00.000,0.0,0.0
-144,Tà Hừa,2025-07-06T01:00:00.000,0.0,0.0
-144,Tà Hừa,2025-07-06T02:00:00.000,0.4000000059604645,0.4000000059604645
-144,Tà Hừa,2025-07-06T03:00:00.000,0.20000000298023224,0.6000000089406967
-144,Tà Hừa,2025-07-06T04:00:00.000,0.0,0.6000000089406967
-144,Tà Hừa,2025-07-06T05:00:00.000,0.0,0.6000000089406967
-144,Tà Hừa,2025-07-06T06:00:00.000,0.0,0.6000000089406967
-144,Tà Hừa,2025-07-06T07:00:00.000,0.0,0.6000000089406967
-144,Tà Hừa,2025-07-06T08:00:00.000,,0.6000000089406967
-144,Tà Hừa,2025-07-06T09:00:00.000,0.0,0.6000000089406967
-144,Tà Hừa,2025-07-06T10:00:00.000,0.0,0.6000000089406967
-144,Tà Hừa,2025-07-06T11:00:00.000,0.0,0.6000000089406967
-144,Tà Hừa,2025-07-06T12:00:00.000,0.0,0.6000000089406967
-144,Tà Hừa,2025-07-06T13:00:00.000,0.0,0.6000000089406967
-144,Tà Hừa,2025-07-06T14:00:00.000,0.0,0.6000000089406967
-144,Tà Hừa,2025-07-06T15:00:00.000,0.0,0.6000000089406967
-144,Tà Hừa,2025-07-06T16:00:00.000,0.0,0.6000000089406967
-144,Tà Hừa,2025-07-06T17:00:00.000,0.0,0.6000000089406967
-144,Tà Hừa,2025-07-06T18:00:00.000,0.0,0.6000000089406967
-144,Tà Hừa,2025-07-06T19:00:00.000,5.800000190734863,6.40000019967556
-144,Tà Hừa,2025-07-06T20:00:00.000,16.0,22.40000019967556
-144,Tà Hừa,2025-07-06T21:00:00.000,3.4000000953674316,25.80000029504299
-144,Tà Hừa,2025-07-06T22:00:00.000,1.0,26.80000029504299
-144,Tà Hừa,2025-07-06T23:00:00.000,0.4000000059604645,27.200000301003456
-144,Tà Hừa,2025-07-07T00:00:00.000,0.0,20.800000101327896
-144,Tà Hừa,2025-07-07T01:00:00.000,0.0,20.800000101327896
-144,Tà Hừa,2025-07-07T02:00:00.000,0.20000000298023224,21.00000010430813
-144,Tà Hừa,2025-07-07T03:00:00.000,0.0,21.00000010430813
-144,Tà Hừa,2025-07-07T04:00:00.000,0.0,21.00000010430813
-144,Tà Hừa,2025-07-07T05:00:00.000,0.0,21.00000010430813
-144,Tà Hừa,2025-07-07T06:00:00.000,0.0,21.00000010430813
-144,Tà Hừa,2025-07-07T07:00:00.000,0.0,21.00000010430813
-144,Tà Hừa,2025-07-07T08:00:00.000,0.0,21.00000010430813
-144,Tà Hừa,2025-07-07T09:00:00.000,0.0,21.00000010430813
-144,Tà Hừa,2025-07-07T10:00:00.000,0.0,21.00000010430813
-144,Tà Hừa,2025-07-07T11:00:00.000,0.0,21.00000010430813
-144,Tà Hừa,2025-07-07T12:00:00.000,0.20000000298023224,21.20000010728836
-144,Tà Hừa,2025-07-07T13:00:00.000,0.6000000238418579,21.80000013113022
-144,Tà Hừa,2025-07-07T14:00:00.000,0.0,21.80000013113022
-144,Tà Hừa,2025-07-07T15:00:00.000,2.4000000953674316,24.20000022649765
-144,Tà Hừa,2025-07-07T16:00:00.000,2.200000047683716,26.400000274181366
-144,Tà Hừa,2025-07-07T17:00:00.000,0.0,26.400000274181366
-144,Tà Hừa,2025-07-07T18:00:00.000,0.0,26.400000274181366
-144,Tà Hừa,2025-07-07T19:00:00.000,0.0,26.400000274181366
-144,Tà Hừa,2025-07-07T20:00:00.000,0.0,26.400000274181366
-144,Tà Hừa,2025-07-07T21:00:00.000,0.0,26.400000274181366
-144,Tà Hừa,2025-07-07T22:00:00.000,0.0,26.400000274181366
-144,Tà Hừa,2025-07-07T23:00:00.000,0.0,26.400000274181366
-144,Tà Hừa,2025-07-08T00:00:00.000,0.0,0.0
-144,Tà Hừa,2025-07-08T01:00:00.000,0.0,0.0
-144,Tà Hừa,2025-07-08T02:00:00.000,0.0,0.0
-144,Tà Hừa,2025-07-08T03:00:00.000,0.0,0.0
-144,Tà Hừa,2025-07-08T04:00:00.000,0.0,0.0
-144,Tà Hừa,2025-07-08T05:00:00.000,0.0,0.0
-144,Tà Hừa,2025-07-08T06:00:00.000,0.4000000059604645,0.4000000059604645
-144,Tà Hừa,2025-07-08T07:00:00.000,0.0,0.4000000059604645
-144,Tà Hừa,2025-07-08T08:00:00.000,0.0,0.4000000059604645
-144,Tà Hừa,2025-07-08T09:00:00.000,0.0,0.4000000059604645
-144,Tà Hừa,2025-07-08T10:00:00.000,0.0,0.4000000059604645
-144,Tà Hừa,2025-07-08T11:00:00.000,0.0,0.4000000059604645
-144,Tà Hừa,2025-07-08T12:00:00.000,0.0,0.4000000059604645
-144,Tà Hừa,2025-07-08T13:00:00.000,0.0,0.4000000059604645
-144,Tà Hừa,2025-07-08T14:00:00.000,0.0,0.4000000059604645
-144,Tà Hừa,2025-07-08T15:00:00.000,0.0,0.4000000059604645
-144,Tà Hừa,2025-07-08T16:00:00.000,0.0,0.4000000059604645
-144,Tà Hừa,2025-07-08T17:00:00.000,0.0,0.4000000059604645
-144,Tà Hừa,2025-07-08T18:00:00.000,0.0,0.4000000059604645
-144,Tà Hừa,2025-07-08T19:00:00.000,0.0,0.4000000059604645
-144,Tà Hừa,2025-07-08T20:00:00.000,,0.4000000059604645
-144,Tà Hừa,2025-07-08T21:00:00.000,0.0,0.4000000059604645
-144,Tà Hừa,2025-07-08T22:00:00.000,0.0,0.4000000059604645
-144,Tà Hừa,2025-07-08T23:00:00.000,0.0,0.4000000059604645
-144,Tà Hừa,2025-07-09T00:00:00.000,0.800000011920929,0.800000011920929
-144,Tà Hừa,2025-07-09T01:00:00.000,0.0,0.800000011920929
-144,Tà Hừa,2025-07-09T02:00:00.000,0.0,0.800000011920929
-144,Tà Hừa,2025-07-09T03:00:00.000,0.6000000238418579,1.4000000357627869
-144,Tà Hừa,2025-07-09T04:00:00.000,0.0,1.4000000357627869
-144,Tà Hừa,2025-07-09T05:00:00.000,0.0,1.4000000357627869
-144,Tà Hừa,2025-07-09T06:00:00.000,0.0,1.4000000357627869
-144,Tà Hừa,2025-07-09T07:00:00.000,0.0,1.4000000357627869
-144,Tà Hừa,2025-07-09T08:00:00.000,0.0,1.4000000357627869
-144,Tà Hừa,2025-07-09T09:00:00.000,0.0,1.4000000357627869
-144,Tà Hừa,2025-07-09T10:00:00.000,0.0,1.4000000357627869
-144,Tà Hừa,2025-07-09T11:00:00.000,0.0,1.4000000357627869
-144,Tà Hừa,2025-07-09T12:00:00.000,0.0,1.4000000357627869
-144,Tà Hừa,2025-07-09T13:00:00.000,0.0,1.4000000357627869
-144,Tà Hừa,2025-07-09T14:00:00.000,0.0,1.4000000357627869
-144,Tà Hừa,2025-07-09T15:00:00.000,0.0,1.4000000357627869
-144,Tà Hừa,2025-07-09T16:00:00.000,0.0,1.4000000357627869
-144,Tà Hừa,2025-07-09T17:00:00.000,0.0,1.4000000357627869
-144,Tà Hừa,2025-07-09T18:00:00.000,0.0,1.4000000357627869
-144,Tà Hừa,2025-07-09T19:00:00.000,0.0,1.4000000357627869
-144,Tà Hừa,2025-07-09T20:00:00.000,0.0,1.4000000357627869
-144,Tà Hừa,2025-07-09T21:00:00.000,0.0,1.4000000357627869
-144,Tà Hừa,2025-07-09T22:00:00.000,0.0,1.4000000357627869
-144,Tà Hừa,2025-07-09T23:00:00.000,11.399999618530273,12.79999965429306
-144,Tà Hừa,2025-07-10T00:00:00.000,0.800000011920929,12.199999630451202
-144,Tà Hừa,2025-07-10T01:00:00.000,2.200000047683716,14.399999678134918
-144,Tà Hừa,2025-07-10T02:00:00.000,5.599999904632568,19.999999582767487
-144,Tà Hừa,2025-07-10T03:00:00.000,19.799999237060547,39.79999881982803
-144,Tà Hừa,2025-07-10T04:00:00.000,5.599999904632568,45.3999987244606
-144,Tà Hừa,2025-07-10T05:00:00.000,0.20000000298023224,45.599998727440834
-144,Tà Hừa,2025-07-10T06:00:00.000,0.0,45.599998727440834
-144,Tà Hừa,2025-07-10T07:00:00.000,1.0,46.599998727440834
-144,Tà Hừa,2025-07-10T08:00:00.000,11.399999618530273,57.99999834597111
-144,Tà Hừa,2025-07-10T09:00:00.000,0.0,57.99999834597111
-144,Tà Hừa,2025-07-10T10:00:00.000,0.0,57.99999834597111
-144,Tà Hừa,2025-07-10T11:00:00.000,1.600000023841858,59.599998369812965
-144,Tà Hừa,2025-07-10T12:00:00.000,0.0,59.599998369812965
-144,Tà Hừa,2025-07-10T13:00:00.000,0.0,59.599998369812965
-144,Tà Hừa,2025-07-10T14:00:00.000,0.0,59.599998369812965
-144,Tà Hừa,2025-07-10T15:00:00.000,0.0,59.599998369812965
-144,Tà Hừa,2025-07-10T16:00:00.000,0.0,59.599998369812965
-144,Tà Hừa,2025-07-10T17:00:00.000,0.0,59.599998369812965
-144,Tà Hừa,2025-07-10T18:00:00.000,0.0,59.599998369812965
-144,Tà Hừa,2025-07-10T19:00:00.000,0.0,59.599998369812965
-144,Tà Hừa,2025-07-10T20:00:00.000,0.0,59.599998369812965
-144,Tà Hừa,2025-07-10T21:00:00.000,0.0,59.599998369812965
-144,Tà Hừa,2025-07-10T22:00:00.000,0.0,59.599998369812965
-144,Tà Hừa,2025-07-10T23:00:00.000,0.0,59.599998369812965
-144,Tà Hừa,2025-07-11T00:00:00.000,0.0,0.0
-144,Tà Hừa,2025-07-11T01:00:00.000,1.399999976158142,1.399999976158142
-144,Tà Hừa,2025-07-11T02:00:00.000,5.199999809265137,6.599999785423279
-144,Tà Hừa,2025-07-11T03:00:00.000,2.5999999046325684,9.199999690055847
-144,Tà Hừa,2025-07-11T04:00:00.000,0.0,9.199999690055847
-144,Tà Hừa,2025-07-11T05:00:00.000,0.0,9.199999690055847
-144,Tà Hừa,2025-07-11T06:00:00.000,0.0,9.199999690055847
-144,Tà Hừa,2025-07-11T07:00:00.000,0.0,9.199999690055847
-144,Tà Hừa,2025-07-11T08:00:00.000,0.0,9.199999690055847
-144,Tà Hừa,2025-07-11T09:00:00.000,0.0,9.199999690055847
-144,Tà Hừa,2025-07-11T10:00:00.000,0.0,9.199999690055847
-144,Tà Hừa,2025-07-11T11:00:00.000,0.0,9.199999690055847
-144,Tà Hừa,2025-07-11T12:00:00.000,0.0,9.199999690055847
-144,Tà Hừa,2025-07-11T13:00:00.000,0.0,9.199999690055847
-144,Tà Hừa,2025-07-11T14:00:00.000,0.0,9.199999690055847
-144,Tà Hừa,2025-07-11T15:00:00.000,0.0,9.199999690055847
-144,Tà Hừa,2025-07-11T16:00:00.000,0.0,9.199999690055847
-144,Tà Hừa,2025-07-11T17:00:00.000,0.0,9.199999690055847
-144,Tà Hừa,2025-07-11T18:00:00.000,0.0,9.199999690055847
-144,Tà Hừa,2025-07-11T19:00:00.000,0.0,9.199999690055847
-144,Tà Hừa,2025-07-11T20:00:00.000,0.0,9.199999690055847
-144,Tà Hừa,2025-07-11T21:00:00.000,0.0,9.199999690055847
-144,Tà Hừa,2025-07-11T22:00:00.000,0.0,9.199999690055847
-144,Tà Hừa,2025-07-11T23:00:00.000,0.0,9.199999690055847
-144,Tà Hừa,2025-07-12T00:00:00.000,0.0,0.0
-144,Tà Hừa,2025-07-12T01:00:00.000,0.20000000298023224,0.20000000298023224
-144,Tà Hừa,2025-07-12T02:00:00.000,1.0,1.2000000029802322
-144,Tà Hừa,2025-07-12T03:00:00.000,0.0,1.2000000029802322
-144,Tà Hừa,2025-07-12T04:00:00.000,0.0,1.2000000029802322
-144,Tà Hừa,2025-07-12T05:00:00.000,0.0,1.2000000029802322
-144,Tà Hừa,2025-07-12T06:00:00.000,0.0,1.2000000029802322
-144,Tà Hừa,2025-07-12T07:00:00.000,0.0,1.2000000029802322
-144,Tà Hừa,2025-07-12T08:00:00.000,0.0,1.2000000029802322
-144,Tà Hừa,2025-07-12T09:00:00.000,0.0,1.2000000029802322
-144,Tà Hừa,2025-07-12T10:00:00.000,0.0,1.2000000029802322
-144,Tà Hừa,2025-07-12T11:00:00.000,0.0,1.2000000029802322
-144,Tà Hừa,2025-07-12T12:00:00.000,0.0,1.2000000029802322
-144,Tà Hừa,2025-07-12T13:00:00.000,6.0,7.200000002980232
-144,Tà Hừa,2025-07-12T14:00:00.000,5.400000095367432,12.600000098347664
-144,Tà Hừa,2025-07-12T15:00:00.000,0.0,12.600000098347664
-144,Tà Hừa,2025-07-12T16:00:00.000,0.0,12.600000098347664
-144,Tà Hừa,2025-07-12T17:00:00.000,0.0,12.600000098347664
-144,Tà Hừa,2025-07-12T18:00:00.000,0.0,12.600000098347664
-144,Tà Hừa,2025-07-12T19:00:00.000,0.0,12.600000098347664
-144,Tà Hừa,2025-07-12T20:00:00.000,0.0,12.600000098347664
-144,Tà Hừa,2025-07-12T21:00:00.000,0.0,12.600000098347664
-144,Tà Hừa,2025-07-12T22:00:00.000,0.0,12.600000098347664
-144,Tà Hừa,2025-07-12T23:00:00.000,0.0,12.600000098347664
-144,Tà Hừa,2025-07-13T00:00:00.000,0.0,0.0
-144,Tà Hừa,2025-07-13T01:00:00.000,0.0,0.0
-144,Tà Hừa,2025-07-13T02:00:00.000,0.0,0.0
-144,Tà Hừa,2025-07-13T03:00:00.000,0.0,0.0
-144,Tà Hừa,2025-07-13T04:00:00.000,0.0,0.0
-144,Tà Hừa,2025-07-13T05:00:00.000,0.0,0.0
-144,Tà Hừa,2025-07-13T06:00:00.000,0.0,0.0
-144,Tà Hừa,2025-07-13T07:00:00.000,0.0,0.0
-144,Tà Hừa,2025-07-13T08:00:00.000,0.0,0.0
-144,Tà Hừa,2025-07-13T09:00:00.000,0.0,0.0
-144,Tà Hừa,2025-07-13T10:00:00.000,0.0,0.0
-144,Tà Hừa,2025-07-13T11:00:00.000,0.0,0.0
-144,Tà Hừa,2025-07-13T12:00:00.000,0.0,0.0
-144,Tà Hừa,2025-07-13T13:00:00.000,0.0,0.0
-144,Tà Hừa,2025-07-13T14:00:00.000,0.0,0.0
-144,Tà Hừa,2025-07-13T15:00:00.000,0.0,0.0
-144,Tà Hừa,2025-07-13T16:00:00.000,0.0,0.0
-144,Tà Hừa,2025-07-13T17:00:00.000,0.0,0.0
-144,Tà Hừa,2025-07-13T18:00:00.000,0.0,0.0
-144,Tà Hừa,2025-07-13T19:00:00.000,0.0,0.0
-144,Tà Hừa,2025-07-13T20:00:00.000,0.0,0.0
-144,Tà Hừa,2025-07-13T21:00:00.000,0.0,0.0
-144,Tà Hừa,2025-07-13T22:00:00.000,0.0,0.0
-144,Tà Hừa,2025-07-13T23:00:00.000,0.0,0.0
-144,Tà Hừa,2025-07-14T00:00:00.000,0.0,0.0
-144,Tà Hừa,2025-07-14T01:00:00.000,0.0,0.0
-144,Tà Hừa,2025-07-14T02:00:00.000,0.0,0.0
-144,Tà Hừa,2025-07-14T03:00:00.000,0.0,0.0
-144,Tà Hừa,2025-07-14T04:00:00.000,0.0,0.0
-144,Tà Hừa,2025-07-14T05:00:00.000,0.0,0.0
-144,Tà Hừa,2025-07-14T06:00:00.000,2.5999999046325684,2.5999999046325684
-144,Tà Hừa,2025-07-14T07:00:00.000,0.6000000238418579,3.1999999284744263
-144,Tà Hừa,2025-07-14T08:00:00.000,0.0,3.1999999284744263
-144,Tà Hừa,2025-07-14T09:00:00.000,0.0,3.1999999284744263
-144,Tà Hừa,2025-07-14T10:00:00.000,0.0,3.1999999284744263
-144,Tà Hừa,2025-07-14T11:00:00.000,0.0,3.1999999284744263
-144,Tà Hừa,2025-07-14T12:00:00.000,1.399999976158142,4.599999904632568
-144,Tà Hừa,2025-07-14T13:00:00.000,15.0,19.59999990463257
-144,Tà Hừa,2025-07-14T14:00:00.000,6.199999809265137,25.799999713897705
-144,Tà Hừa,2025-07-14T15:00:00.000,0.0,25.799999713897705
-144,Tà Hừa,2025-07-14T16:00:00.000,0.0,25.799999713897705
-144,Tà Hừa,2025-07-14T17:00:00.000,0.0,25.799999713897705
-144,Tà Hừa,2025-07-14T18:00:00.000,0.0,25.799999713897705
-144,Tà Hừa,2025-07-14T19:00:00.000,0.0,25.799999713897705
-144,Tà Hừa,2025-07-14T20:00:00.000,0.0,25.799999713897705
-144,Tà Hừa,2025-07-14T21:00:00.000,0.0,25.799999713897705
-144,Tà Hừa,2025-07-14T22:00:00.000,0.0,25.799999713897705
-144,Tà Hừa,2025-07-14T23:00:00.000,0.0,25.799999713897705
-144,Tà Hừa,2025-07-15T00:00:00.000,0.0,0.0
-144,Tà Hừa,2025-07-15T01:00:00.000,0.0,0.0
-144,Tà Hừa,2025-07-15T02:00:00.000,0.0,0.0
-144,Tà Hừa,2025-07-15T03:00:00.000,0.0,0.0
-144,Tà Hừa,2025-07-15T04:00:00.000,0.0,0.0
-144,Tà Hừa,2025-07-15T05:00:00.000,0.0,0.0
-144,Tà Hừa,2025-07-15T06:00:00.000,0.0,0.0
-144,Tà Hừa,2025-07-15T07:00:00.000,0.0,0.0
-144,Tà Hừa,2025-07-15T08:00:00.000,0.0,0.0
-144,Tà Hừa,2025-07-15T09:00:00.000,0.0,0.0
-144,Tà Hừa,2025-07-15T10:00:00.000,0.0,0.0
-144,Tà Hừa,2025-07-15T11:00:00.000,0.0,0.0
-144,Tà Hừa,2025-07-15T12:00:00.000,0.0,0.0
-144,Tà Hừa,2025-07-15T13:00:00.000,0.0,0.0
-144,Tà Hừa,2025-07-15T14:00:00.000,0.0,0.0
-144,Tà Hừa,2025-07-15T15:00:00.000,0.0,0.0
-144,Tà Hừa,2025-07-15T16:00:00.000,0.0,0.0
-144,Tà Hừa,2025-07-15T17:00:00.000,0.0,0.0
-144,Tà Hừa,2025-07-15T18:00:00.000,0.0,0.0
-144,Tà Hừa,2025-07-15T19:00:00.000,0.0,0.0
-144,Tà Hừa,2025-07-15T20:00:00.000,0.0,0.0
-144,Tà Hừa,2025-07-15T21:00:00.000,0.0,0.0
-144,Tà Hừa,2025-07-15T22:00:00.000,0.0,0.0
-144,Tà Hừa,2025-07-15T23:00:00.000,0.0,0.0
-144,Tà Hừa,2025-07-16T00:00:00.000,4.199999809265137,4.199999809265137
-144,Tà Hừa,2025-07-16T01:00:00.000,0.0,4.199999809265137
-144,Tà Hừa,2025-07-16T02:00:00.000,0.0,4.199999809265137
-144,Tà Hừa,2025-07-16T03:00:00.000,0.0,4.199999809265137
-144,Tà Hừa,2025-07-16T04:00:00.000,0.0,4.199999809265137
-144,Tà Hừa,2025-07-16T05:00:00.000,0.0,4.199999809265137
-144,Tà Hừa,2025-07-16T06:00:00.000,0.0,4.199999809265137
-144,Tà Hừa,2025-07-16T07:00:00.000,0.0,4.199999809265137
-144,Tà Hừa,2025-07-16T08:00:00.000,0.0,4.199999809265137
-144,Tà Hừa,2025-07-16T09:00:00.000,0.0,4.199999809265137
-144,Tà Hừa,2025-07-16T10:00:00.000,0.0,4.199999809265137
-144,Tà Hừa,2025-07-16T11:00:00.000,0.0,4.199999809265137
-144,Tà Hừa,2025-07-16T12:00:00.000,0.0,4.199999809265137
-144,Tà Hừa,2025-07-16T13:00:00.000,0.4000000059604645,4.599999815225601
-144,Tà Hừa,2025-07-16T14:00:00.000,3.5999999046325684,8.19999971985817
-144,Tà Hừa,2025-07-16T15:00:00.000,0.20000000298023224,8.399999722838402
-144,Tà Hừa,2025-07-16T16:00:00.000,0.4000000059604645,8.799999728798866
-144,Tà Hừa,2025-07-16T17:00:00.000,0.0,8.799999728798866
-144,Tà Hừa,2025-07-16T18:00:00.000,0.0,8.799999728798866
-144,Tà Hừa,2025-07-16T19:00:00.000,0.0,8.799999728798866
-144,Tà Hừa,2025-07-16T20:00:00.000,0.0,8.799999728798866
-144,Tà Hừa,2025-07-16T21:00:00.000,0.0,8.799999728798866
-144,Tà Hừa,2025-07-16T22:00:00.000,0.0,8.799999728798866
-144,Tà Hừa,2025-07-16T23:00:00.000,0.0,8.799999728798866
-144,Tà Hừa,2025-07-17T00:00:00.000,0.0,0.0
-144,Tà Hừa,2025-07-17T01:00:00.000,0.0,0.0
-144,Tà Hừa,2025-07-17T02:00:00.000,0.0,0.0
-144,Tà Hừa,2025-07-17T03:00:00.000,0.0,0.0
-144,Tà Hừa,2025-07-17T04:00:00.000,0.0,0.0
-144,Tà Hừa,2025-07-17T05:00:00.000,0.0,0.0
-144,Tà Hừa,2025-07-17T06:00:00.000,0.0,0.0
-144,Tà Hừa,2025-07-17T07:00:00.000,0.0,0.0
-144,Tà Hừa,2025-07-17T08:00:00.000,0.0,0.0
-144,Tà Hừa,2025-07-17T09:00:00.000,0.0,0.0
-144,Tà Hừa,2025-07-17T10:00:00.000,0.0,0.0
-144,Tà Hừa,2025-07-17T11:00:00.000,0.0,0.0
-144,Tà Hừa,2025-07-17T12:00:00.000,0.0,0.0
-144,Tà Hừa,2025-07-17T13:00:00.000,0.0,0.0
-144,Tà Hừa,2025-07-17T14:00:00.000,0.0,0.0
-144,Tà Hừa,2025-07-17T15:00:00.000,0.0,0.0
-144,Tà Hừa,2025-07-17T16:00:00.000,0.0,0.0
-144,Tà Hừa,2025-07-17T17:00:00.000,0.0,0.0
-144,Tà Hừa,2025-07-17T18:00:00.000,0.0,0.0
-144,Tà Hừa,2025-07-17T19:00:00.000,0.0,0.0
-144,Tà Hừa,2025-07-17T20:00:00.000,0.0,0.0
-144,Tà Hừa,2025-07-17T21:00:00.000,0.0,0.0
-144,Tà Hừa,2025-07-17T22:00:00.000,0.0,0.0
-144,Tà Hừa,2025-07-17T23:00:00.000,0.0,0.0
-144,Tà Hừa,2025-07-18T00:00:00.000,0.0,0.0
-144,Tà Hừa,2025-07-18T01:00:00.000,0.0,0.0
-144,Tà Hừa,2025-07-18T02:00:00.000,0.0,0.0
-144,Tà Hừa,2025-07-18T03:00:00.000,0.0,0.0
-144,Tà Hừa,2025-07-18T04:00:00.000,0.0,0.0
-144,Tà Hừa,2025-07-18T05:00:00.000,0.0,0.0
-144,Tà Hừa,2025-07-18T06:00:00.000,0.0,0.0
-144,Tà Hừa,2025-07-18T07:00:00.000,0.0,0.0
-144,Tà Hừa,2025-07-18T08:00:00.000,0.0,0.0
-144,Tà Hừa,2025-07-18T09:00:00.000,0.0,0.0
-144,Tà Hừa,2025-07-18T10:00:00.000,0.0,0.0
-144,Tà Hừa,2025-07-18T11:00:00.000,0.0,0.0
-144,Tà Hừa,2025-07-18T12:00:00.000,0.0,0.0
-144,Tà Hừa,2025-07-18T13:00:00.000,0.0,0.0
-144,Tà Hừa,2025-07-18T14:00:00.000,0.0,0.0
-144,Tà Hừa,2025-07-18T15:00:00.000,0.0,0.0
-144,Tà Hừa,2025-07-18T16:00:00.000,0.0,0.0
-144,Tà Hừa,2025-07-18T17:00:00.000,0.0,0.0
-144,Tà Hừa,2025-07-18T18:00:00.000,0.0,0.0
-144,Tà Hừa,2025-07-18T19:00:00.000,0.0,0.0
-144,Tà Hừa,2025-07-18T20:00:00.000,0.0,0.0
-144,Tà Hừa,2025-07-18T21:00:00.000,0.0,0.0
-144,Tà Hừa,2025-07-18T22:00:00.000,0.0,0.0
-144,Tà Hừa,2025-07-18T23:00:00.000,0.0,0.0
-144,Tà Hừa,2025-07-19T00:00:00.000,0.0,0.0
-144,Tà Hừa,2025-07-19T01:00:00.000,0.0,0.0
-144,Tà Hừa,2025-07-19T02:00:00.000,0.0,0.0
-144,Tà Hừa,2025-07-19T03:00:00.000,0.0,0.0
-144,Tà Hừa,2025-07-19T04:00:00.000,0.0,0.0
-144,Tà Hừa,2025-07-19T05:00:00.000,0.0,0.0
-144,Tà Hừa,2025-07-19T06:00:00.000,0.0,0.0
-144,Tà Hừa,2025-07-19T07:00:00.000,0.0,0.0
-144,Tà Hừa,2025-07-19T08:00:00.000,0.0,0.0
-144,Tà Hừa,2025-07-19T09:00:00.000,0.0,0.0
-144,Tà Hừa,2025-07-19T10:00:00.000,0.0,0.0
-144,Tà Hừa,2025-07-19T11:00:00.000,0.0,0.0
-144,Tà Hừa,2025-07-19T12:00:00.000,0.0,0.0
-144,Tà Hừa,2025-07-19T13:00:00.000,0.0,0.0
-144,Tà Hừa,2025-07-19T14:00:00.000,0.0,0.0
-144,Tà Hừa,2025-07-19T15:00:00.000,0.0,0.0
-144,Tà Hừa,2025-07-19T16:00:00.000,0.0,0.0
-144,Tà Hừa,2025-07-19T17:00:00.000,0.0,0.0
-144,Tà Hừa,2025-07-19T18:00:00.000,0.0,0.0
-144,Tà Hừa,2025-07-19T19:00:00.000,0.0,0.0
-144,Tà Hừa,2025-07-19T20:00:00.000,0.0,0.0
-144,Tà Hừa,2025-07-19T21:00:00.000,0.0,0.0
-144,Tà Hừa,2025-07-19T22:00:00.000,0.0,0.0
-144,Tà Hừa,2025-07-19T23:00:00.000,0.0,0.0
-144,Tà Hừa,2025-07-20T00:00:00.000,0.0,0.0
-144,Tà Hừa,2025-07-20T01:00:00.000,0.0,0.0
-144,Tà Hừa,2025-07-20T02:00:00.000,0.0,0.0
-144,Tà Hừa,2025-07-20T03:00:00.000,0.0,0.0
-144,Tà Hừa,2025-07-20T04:00:00.000,0.0,0.0
-144,Tà Hừa,2025-07-20T05:00:00.000,0.0,0.0
-144,Tà Hừa,2025-07-20T06:00:00.000,0.4000000059604645,0.4000000059604645
-144,Tà Hừa,2025-07-20T07:00:00.000,0.0,0.4000000059604645
-144,Tà Hừa,2025-07-20T08:00:00.000,0.0,0.4000000059604645
-144,Tà Hừa,2025-07-20T09:00:00.000,0.0,0.4000000059604645
-144,Tà Hừa,2025-07-20T10:00:00.000,0.0,0.4000000059604645
-144,Tà Hừa,2025-07-20T11:00:00.000,0.0,0.4000000059604645
-144,Tà Hừa,2025-07-20T12:00:00.000,0.0,0.4000000059604645
-144,Tà Hừa,2025-07-20T13:00:00.000,0.0,0.4000000059604645
-144,Tà Hừa,2025-07-20T14:00:00.000,0.0,0.4000000059604645
-144,Tà Hừa,2025-07-20T15:00:00.000,0.0,0.4000000059604645
-144,Tà Hừa,2025-07-20T16:00:00.000,0.0,0.4000000059604645
-144,Tà Hừa,2025-07-20T17:00:00.000,0.0,0.4000000059604645
-144,Tà Hừa,2025-07-20T18:00:00.000,0.0,0.4000000059604645
-144,Tà Hừa,2025-07-20T19:00:00.000,0.20000000298023224,0.6000000089406967
-144,Tà Hừa,2025-07-20T20:00:00.000,0.800000011920929,1.4000000208616257
-144,Tà Hừa,2025-07-20T21:00:00.000,0.0,1.4000000208616257
-144,Tà Hừa,2025-07-20T22:00:00.000,0.0,1.4000000208616257
-144,Tà Hừa,2025-07-20T23:00:00.000,0.0,1.4000000208616257
-144,Tà Hừa,2025-07-21T00:00:00.000,0.0,0.800000011920929
-144,Tà Hừa,2025-07-21T01:00:00.000,0.0,0.800000011920929
-144,Tà Hừa,2025-07-21T02:00:00.000,0.0,0.800000011920929
-144,Tà Hừa,2025-07-21T03:00:00.000,1.600000023841858,2.400000035762787
-144,Tà Hừa,2025-07-21T04:00:00.000,0.0,2.400000035762787
-144,Tà Hừa,2025-07-21T05:00:00.000,1.399999976158142,3.800000011920929
-144,Tà Hừa,2025-07-21T06:00:00.000,3.4000000953674316,7.200000107288361
-144,Tà Hừa,2025-07-21T07:00:00.000,4.800000190734863,12.000000298023224
-144,Tà Hừa,2025-07-21T08:00:00.000,0.0,12.000000298023224
-144,Tà Hừa,2025-07-21T09:00:00.000,0.0,12.000000298023224
-144,Tà Hừa,2025-07-21T10:00:00.000,0.0,12.000000298023224
-144,Tà Hừa,2025-07-21T11:00:00.000,0.0,12.000000298023224
-144,Tà Hừa,2025-07-21T12:00:00.000,0.0,12.000000298023224
-144,Tà Hừa,2025-07-21T13:00:00.000,0.0,12.000000298023224
-144,Tà Hừa,2025-07-21T14:00:00.000,0.0,12.000000298023224
-144,Tà Hừa,2025-07-21T15:00:00.000,0.0,12.000000298023224
-144,Tà Hừa,2025-07-21T16:00:00.000,0.0,12.000000298023224
-144,Tà Hừa,2025-07-21T17:00:00.000,0.0,12.000000298023224
-144,Tà Hừa,2025-07-21T18:00:00.000,0.0,12.000000298023224
-144,Tà Hừa,2025-07-21T19:00:00.000,0.0,12.000000298023224
-144,Tà Hừa,2025-07-21T20:00:00.000,0.0,12.000000298023224
-144,Tà Hừa,2025-07-21T21:00:00.000,0.4000000059604645,12.400000303983688
-144,Tà Hừa,2025-07-21T22:00:00.000,0.6000000238418579,13.000000327825546
-144,Tà Hừa,2025-07-21T23:00:00.000,0.6000000238418579,13.600000351667404
-144,Tà Hừa,2025-07-22T00:00:00.000,16.799999237060547,18.399999290704727
-144,Tà Hừa,2025-07-22T01:00:00.000,0.4000000059604645,18.79999929666519
-144,Tà Hừa,2025-07-22T02:00:00.000,0.0,18.79999929666519
-144,Tà Hừa,2025-07-22T03:00:00.000,0.0,18.79999929666519
-144,Tà Hừa,2025-07-22T04:00:00.000,0.0,18.79999929666519
-144,Tà Hừa,2025-07-22T05:00:00.000,0.0,18.79999929666519
-144,Tà Hừa,2025-07-22T06:00:00.000,0.20000000298023224,18.999999299645424
-144,Tà Hừa,2025-07-22T07:00:00.000,0.0,18.999999299645424
-144,Tà Hừa,2025-07-22T08:00:00.000,0.0,18.999999299645424
-144,Tà Hừa,2025-07-22T09:00:00.000,0.0,18.999999299645424
-144,Tà Hừa,2025-07-22T10:00:00.000,0.6000000238418579,19.599999323487282
-144,Tà Hừa,2025-07-22T11:00:00.000,0.0,19.599999323487282
-144,Tà Hừa,2025-07-22T12:00:00.000,0.0,19.599999323487282
-144,Tà Hừa,2025-07-22T13:00:00.000,0.20000000298023224,19.799999326467514
-144,Tà Hừa,2025-07-22T14:00:00.000,0.20000000298023224,19.999999329447746
-144,Tà Hừa,2025-07-22T15:00:00.000,0.0,19.999999329447746
-144,Tà Hừa,2025-07-22T16:00:00.000,0.0,19.999999329447746
-144,Tà Hừa,2025-07-22T17:00:00.000,0.0,19.999999329447746
-144,Tà Hừa,2025-07-22T18:00:00.000,0.0,19.999999329447746
-144,Tà Hừa,2025-07-22T19:00:00.000,0.0,19.999999329447746
-144,Tà Hừa,2025-07-22T20:00:00.000,0.0,19.999999329447746
-144,Tà Hừa,2025-07-22T21:00:00.000,0.0,19.999999329447746
-144,Tà Hừa,2025-07-22T22:00:00.000,0.0,19.999999329447746
-144,Tà Hừa,2025-07-22T23:00:00.000,3.200000047683716,23.199999377131462
-144,Tà Hừa,2025-07-23T00:00:00.000,0.0,3.200000047683716
-144,Tà Hừa,2025-07-23T01:00:00.000,0.0,3.200000047683716
-144,Tà Hừa,2025-07-23T02:00:00.000,0.0,3.200000047683716
-144,Tà Hừa,2025-07-23T03:00:00.000,0.20000000298023224,3.400000050663948
-144,Tà Hừa,2025-07-23T04:00:00.000,0.0,3.400000050663948
-144,Tà Hừa,2025-07-23T05:00:00.000,0.0,3.400000050663948
-144,Tà Hừa,2025-07-23T06:00:00.000,0.0,3.400000050663948
-144,Tà Hừa,2025-07-23T07:00:00.000,0.0,3.400000050663948
-144,Tà Hừa,2025-07-23T08:00:00.000,0.0,3.400000050663948
-144,Tà Hừa,2025-07-23T09:00:00.000,0.0,3.400000050663948
-144,Tà Hừa,2025-07-23T10:00:00.000,0.0,3.400000050663948
-144,Tà Hừa,2025-07-23T11:00:00.000,0.0,3.400000050663948
-144,Tà Hừa,2025-07-23T12:00:00.000,0.0,3.400000050663948
-144,Tà Hừa,2025-07-23T13:00:00.000,0.0,3.400000050663948
-144,Tà Hừa,2025-07-23T14:00:00.000,0.0,3.400000050663948
-144,Tà Hừa,2025-07-23T15:00:00.000,0.0,3.400000050663948
-144,Tà Hừa,2025-07-23T16:00:00.000,0.0,3.400000050663948
-144,Tà Hừa,2025-07-23T17:00:00.000,0.0,3.400000050663948
-144,Tà Hừa,2025-07-23T18:00:00.000,0.0,3.400000050663948
-144,Tà Hừa,2025-07-23T19:00:00.000,0.800000011920929,4.200000062584877
-144,Tà Hừa,2025-07-23T20:00:00.000,0.0,4.200000062584877
-144,Tà Hừa,2025-07-23T21:00:00.000,0.0,4.200000062584877
-144,Tà Hừa,2025-07-23T22:00:00.000,3.200000047683716,7.400000110268593
-144,Tà Hừa,2025-07-23T23:00:00.000,0.20000000298023224,7.600000113248825
-144,Tà Hừa,2025-07-24T00:00:00.000,0.0,3.400000050663948
-144,Tà Hừa,2025-07-24T01:00:00.000,0.0,3.400000050663948
-144,Tà Hừa,2025-07-24T02:00:00.000,0.0,3.400000050663948
-144,Tà Hừa,2025-07-24T03:00:00.000,0.0,3.400000050663948
-144,Tà Hừa,2025-07-24T04:00:00.000,0.20000000298023224,3.6000000536441803
-144,Tà Hừa,2025-07-24T05:00:00.000,0.4000000059604645,4.000000059604645
-144,Tà Hừa,2025-07-24T06:00:00.000,0.4000000059604645,4.400000065565109
-144,Tà Hừa,2025-07-24T07:00:00.000,0.20000000298023224,4.6000000685453415
-144,Tà Hừa,2025-07-24T08:00:00.000,0.0,4.6000000685453415
-144,Tà Hừa,2025-07-24T09:00:00.000,0.0,4.6000000685453415
-144,Tà Hừa,2025-07-24T10:00:00.000,0.0,4.6000000685453415
-144,Tà Hừa,2025-07-24T11:00:00.000,0.0,4.6000000685453415
-144,Tà Hừa,2025-07-24T12:00:00.000,0.0,4.6000000685453415
-144,Tà Hừa,2025-07-24T13:00:00.000,2.799999952316284,7.400000020861626
-144,Tà Hừa,2025-07-24T14:00:00.000,0.0,7.400000020861626
-144,Tà Hừa,2025-07-24T15:00:00.000,1.600000023841858,9.000000044703484
-144,Tà Hừa,2025-07-24T16:00:00.000,1.399999976158142,10.400000020861626
-144,Tà Hừa,2025-07-24T17:00:00.000,0.0,10.400000020861626
-144,Tà Hừa,2025-07-24T18:00:00.000,0.0,10.400000020861626
-144,Tà Hừa,2025-07-24T19:00:00.000,0.0,10.400000020861626
-144,Tà Hừa,2025-07-24T20:00:00.000,0.0,10.400000020861626
-144,Tà Hừa,2025-07-24T21:00:00.000,0.0,10.400000020861626
-144,Tà Hừa,2025-07-24T22:00:00.000,0.0,10.400000020861626
-144,Tà Hừa,2025-07-24T23:00:00.000,0.0,10.400000020861626
-144,Tà Hừa,2025-07-25T00:00:00.000,0.0,0.0
-144,Tà Hừa,2025-07-25T01:00:00.000,1.7999999523162842,1.7999999523162842
-144,Tà Hừa,2025-07-25T02:00:00.000,4.800000190734863,6.6000001430511475
-144,Tà Hừa,2025-07-25T03:00:00.000,11.199999809265137,17.799999952316284
-144,Tà Hừa,2025-07-25T04:00:00.000,6.199999809265137,23.99999976158142
-144,Tà Hừa,2025-07-25T05:00:00.000,14.399999618530273,38.399999380111694
-144,Tà Hừa,2025-07-25T06:00:00.000,16.600000381469727,54.99999976158142
-144,Tà Hừa,2025-07-25T07:00:00.000,13.800000190734863,68.79999995231628
-144,Tà Hừa,2025-07-25T08:00:00.000,1.7999999523162842,70.59999990463257
-144,Tà Hừa,2025-07-25T09:00:00.000,0.0,70.59999990463257
-144,Tà Hừa,2025-07-25T10:00:00.000,0.0,70.59999990463257
-144,Tà Hừa,2025-07-25T11:00:00.000,1.600000023841858,72.19999992847443
-144,Tà Hừa,2025-07-25T12:00:00.000,0.20000000298023224,72.39999993145466
-144,Tà Hừa,2025-07-25T13:00:00.000,0.0,72.39999993145466
-144,Tà Hừa,2025-07-25T14:00:00.000,0.0,72.39999993145466
-144,Tà Hừa,2025-07-25T15:00:00.000,0.0,72.39999993145466
-144,Tà Hừa,2025-07-25T16:00:00.000,0.0,72.39999993145466
-144,Tà Hừa,2025-07-25T17:00:00.000,0.20000000298023224,72.59999993443489
-144,Tà Hừa,2025-07-25T18:00:00.000,0.0,72.59999993443489
-144,Tà Hừa,2025-07-25T19:00:00.000,0.0,72.59999993443489
-144,Tà Hừa,2025-07-25T20:00:00.000,0.0,72.59999993443489
-144,Tà Hừa,2025-07-25T21:00:00.000,0.0,72.59999993443489
-144,Tà Hừa,2025-07-25T22:00:00.000,0.0,72.59999993443489
-144,Tà Hừa,2025-07-25T23:00:00.000,0.4000000059604645,72.99999994039536
-144,Tà Hừa,2025-07-26T00:00:00.000,3.5999999046325684,3.999999910593033
-144,Tà Hừa,2025-07-26T01:00:00.000,9.199999809265137,13.19999971985817
-144,Tà Hừa,2025-07-26T02:00:00.000,4.800000190734863,17.999999910593033
-144,Tà Hừa,2025-07-26T03:00:00.000,1.600000023841858,19.59999993443489
-144,Tà Hừa,2025-07-26T04:00:00.000,0.0,19.59999993443489
-144,Tà Hừa,2025-07-26T05:00:00.000,0.0,19.59999993443489
-144,Tà Hừa,2025-07-26T06:00:00.000,0.0,19.59999993443489
-144,Tà Hừa,2025-07-26T07:00:00.000,0.0,19.59999993443489
-144,Tà Hừa,2025-07-26T08:00:00.000,0.0,19.59999993443489
-144,Tà Hừa,2025-07-26T09:00:00.000,12.399999618530273,31.999999552965164
-144,Tà Hừa,2025-07-26T10:00:00.000,1.2000000476837158,33.19999960064888
-144,Tà Hừa,2025-07-26T11:00:00.000,0.0,33.19999960064888
-144,Tà Hừa,2025-07-26T12:00:00.000,0.0,33.19999960064888
-144,Tà Hừa,2025-07-26T13:00:00.000,0.0,33.19999960064888
-144,Tà Hừa,2025-07-26T14:00:00.000,0.800000011920929,33.99999961256981
-144,Tà Hừa,2025-07-26T15:00:00.000,10.600000381469727,44.599999994039536
-144,Tà Hừa,2025-07-26T16:00:00.000,4.199999809265137,48.79999980330467
-144,Tà Hừa,2025-07-26T17:00:00.000,0.20000000298023224,48.999999806284904
-144,Tà Hừa,2025-07-26T18:00:00.000,0.0,48.999999806284904
-144,Tà Hừa,2025-07-26T19:00:00.000,0.0,48.999999806284904
-144,Tà Hừa,2025-07-26T20:00:00.000,0.0,48.999999806284904
-144,Tà Hừa,2025-07-26T21:00:00.000,0.0,48.999999806284904
-144,Tà Hừa,2025-07-26T22:00:00.000,0.0,48.999999806284904
-144,Tà Hừa,2025-07-26T23:00:00.000,0.0,48.999999806284904
-144,Tà Hừa,2025-07-27T00:00:00.000,0.0,0.0
-144,Tà Hừa,2025-07-27T01:00:00.000,1.7999999523162842,1.7999999523162842
-144,Tà Hừa,2025-07-27T02:00:00.000,1.0,2.799999952316284
-144,Tà Hừa,2025-07-27T03:00:00.000,0.4000000059604645,3.1999999582767487
-144,Tà Hừa,2025-07-27T04:00:00.000,0.20000000298023224,3.399999961256981
-144,Tà Hừa,2025-07-27T05:00:00.000,0.0,3.399999961256981
-144,Tà Hừa,2025-07-27T06:00:00.000,0.0,3.399999961256981
-144,Tà Hừa,2025-07-27T07:00:00.000,0.0,3.399999961256981
-144,Tà Hừa,2025-07-27T08:00:00.000,0.0,3.399999961256981
-144,Tà Hừa,2025-07-27T09:00:00.000,0.0,3.399999961256981
-144,Tà Hừa,2025-07-27T10:00:00.000,0.0,3.399999961256981
-144,Tà Hừa,2025-07-27T11:00:00.000,0.0,3.399999961256981
-144,Tà Hừa,2025-07-27T12:00:00.000,0.0,3.399999961256981
-144,Tà Hừa,2025-07-27T13:00:00.000,0.0,3.399999961256981
-144,Tà Hừa,2025-07-27T14:00:00.000,0.0,3.399999961256981
-144,Tà Hừa,2025-07-27T15:00:00.000,0.0,3.399999961256981
-144,Tà Hừa,2025-07-27T16:00:00.000,0.0,3.399999961256981
-144,Tà Hừa,2025-07-27T17:00:00.000,0.0,3.399999961256981
-144,Tà Hừa,2025-07-27T18:00:00.000,0.0,3.399999961256981
-144,Tà Hừa,2025-07-27T19:00:00.000,0.0,3.399999961256981
-144,Tà Hừa,2025-07-27T20:00:00.000,0.0,3.399999961256981
-144,Tà Hừa,2025-07-27T21:00:00.000,0.0,3.399999961256981
-144,Tà Hừa,2025-07-27T22:00:00.000,0.0,3.399999961256981
-144,Tà Hừa,2025-07-27T23:00:00.000,0.0,3.399999961256981
-144,Tà Hừa,2025-07-28T00:00:00.000,0.0,0.0
-144,Tà Hừa,2025-07-28T01:00:00.000,0.0,0.0
-144,Tà Hừa,2025-07-28T02:00:00.000,0.0,0.0
-144,Tà Hừa,2025-07-28T03:00:00.000,0.0,0.0
-144,Tà Hừa,2025-07-28T04:00:00.000,0.0,0.0
-144,Tà Hừa,2025-07-28T05:00:00.000,0.0,0.0
-144,Tà Hừa,2025-07-28T06:00:00.000,0.0,0.0
-144,Tà Hừa,2025-07-28T07:00:00.000,0.0,0.0
-144,Tà Hừa,2025-07-28T08:00:00.000,0.0,0.0
-144,Tà Hừa,2025-07-28T09:00:00.000,0.0,0.0
-144,Tà Hừa,2025-07-28T10:00:00.000,0.0,0.0
-144,Tà Hừa,2025-07-28T11:00:00.000,0.0,0.0
-144,Tà Hừa,2025-07-28T12:00:00.000,0.0,0.0
-144,Tà Hừa,2025-07-28T13:00:00.000,0.0,0.0
-144,Tà Hừa,2025-07-28T14:00:00.000,0.0,0.0
-144,Tà Hừa,2025-07-28T15:00:00.000,0.0,0.0
-144,Tà Hừa,2025-07-28T16:00:00.000,0.0,0.0
-144,Tà Hừa,2025-07-28T17:00:00.000,0.0,0.0
-144,Tà Hừa,2025-07-28T18:00:00.000,0.0,0.0
-144,Tà Hừa,2025-07-28T19:00:00.000,0.0,0.0
-144,Tà Hừa,2025-07-28T20:00:00.000,0.0,0.0
-144,Tà Hừa,2025-07-28T21:00:00.000,0.0,0.0
-144,Tà Hừa,2025-07-28T22:00:00.000,0.0,0.0
-144,Tà Hừa,2025-07-28T23:00:00.000,0.0,0.0
-144,Tà Hừa,2025-07-29T00:00:00.000,0.0,0.0
-144,Tà Hừa,2025-07-29T01:00:00.000,0.0,0.0
-144,Tà Hừa,2025-07-29T02:00:00.000,0.0,0.0
-144,Tà Hừa,2025-07-29T03:00:00.000,0.0,0.0
-144,Tà Hừa,2025-07-29T04:00:00.000,0.0,0.0
-144,Tà Hừa,2025-07-29T05:00:00.000,0.0,0.0
-144,Tà Hừa,2025-07-29T06:00:00.000,0.0,0.0
-144,Tà Hừa,2025-07-29T07:00:00.000,0.0,0.0
-144,Tà Hừa,2025-07-29T08:00:00.000,0.0,0.0
-144,Tà Hừa,2025-07-29T09:00:00.000,0.0,0.0
-144,Tà Hừa,2025-07-29T10:00:00.000,0.0,0.0
-144,Tà Hừa,2025-07-29T11:00:00.000,0.0,0.0
-144,Tà Hừa,2025-07-29T12:00:00.000,0.0,0.0
-144,Tà Hừa,2025-07-29T13:00:00.000,0.0,0.0
-144,Tà Hừa,2025-07-29T14:00:00.000,0.0,0.0
-144,Tà Hừa,2025-07-29T15:00:00.000,0.0,0.0
-144,Tà Hừa,2025-07-29T16:00:00.000,0.0,0.0
-144,Tà Hừa,2025-07-29T17:00:00.000,0.0,0.0
-144,Tà Hừa,2025-07-29T18:00:00.000,0.0,0.0
-144,Tà Hừa,2025-07-29T19:00:00.000,0.0,0.0
-144,Tà Hừa,2025-07-29T20:00:00.000,0.0,0.0
-144,Tà Hừa,2025-07-29T21:00:00.000,0.0,0.0
-144,Tà Hừa,2025-07-29T22:00:00.000,0.0,0.0
-144,Tà Hừa,2025-07-29T23:00:00.000,0.0,0.0
-144,Tà Hừa,2025-07-30T00:00:00.000,0.0,0.0
-144,Tà Hừa,2025-07-30T01:00:00.000,0.0,0.0
-144,Tà Hừa,2025-07-30T02:00:00.000,0.0,0.0
-144,Tà Hừa,2025-07-30T03:00:00.000,0.0,0.0
-144,Tà Hừa,2025-07-30T04:00:00.000,0.0,0.0
-144,Tà Hừa,2025-07-30T05:00:00.000,0.0,0.0
-144,Tà Hừa,2025-07-30T06:00:00.000,0.0,0.0
-144,Tà Hừa,2025-07-30T07:00:00.000,0.0,0.0
-144,Tà Hừa,2025-07-30T08:00:00.000,0.0,0.0
-144,Tà Hừa,2025-07-30T09:00:00.000,0.0,0.0
-144,Tà Hừa,2025-07-30T10:00:00.000,0.0,0.0
-144,Tà Hừa,2025-07-30T11:00:00.000,0.0,0.0
-144,Tà Hừa,2025-07-30T12:00:00.000,0.0,0.0
-144,Tà Hừa,2025-07-30T13:00:00.000,0.0,0.0
-144,Tà Hừa,2025-07-30T14:00:00.000,0.0,0.0
-144,Tà Hừa,2025-07-30T15:00:00.000,0.0,0.0
-144,Tà Hừa,2025-07-30T16:00:00.000,0.0,0.0
-144,Tà Hừa,2025-07-30T17:00:00.000,0.0,0.0
-144,Tà Hừa,2025-07-30T18:00:00.000,0.0,0.0
-144,Tà Hừa,2025-07-30T19:00:00.000,0.0,0.0
-144,Tà Hừa,2025-07-30T20:00:00.000,0.4000000059604645,0.4000000059604645
-144,Tà Hừa,2025-07-30T21:00:00.000,0.0,0.4000000059604645
-144,Tà Hừa,2025-07-30T22:00:00.000,0.0,0.4000000059604645
-144,Tà Hừa,2025-07-30T23:00:00.000,0.0,0.4000000059604645
-144,Tà Hừa,2025-07-31T00:00:00.000,0.0,0.4000000059604645
-144,Tà Hừa,2025-07-31T01:00:00.000,15.199999809265137,15.599999815225601
-144,Tà Hừa,2025-07-31T02:00:00.000,23.200000762939453,38.800000578165054
-144,Tà Hừa,2025-07-31T03:00:00.000,13.800000190734863,52.60000076889992
-144,Tà Hừa,2025-07-31T04:00:00.000,5.800000190734863,58.40000095963478
-144,Tà Hừa,2025-07-31T05:00:00.000,16.200000762939453,74.60000172257423
-144,Tà Hừa,2025-07-31T06:00:00.000,0.6000000238418579,75.20000174641609
-144,Tà Hừa,2025-07-31T07:00:00.000,2.0,77.20000174641609
-144,Tà Hừa,2025-07-31T08:00:00.000,4.0,81.20000174641609
-144,Tà Hừa,2025-07-31T09:00:00.000,0.6000000238418579,81.80000177025795
-144,Tà Hừa,2025-07-31T10:00:00.000,0.4000000059604645,82.20000177621841
-144,Tà Hừa,2025-07-31T11:00:00.000,0.20000000298023224,82.40000177919865
-144,Tà Hừa,2025-07-31T12:00:00.000,0.0,82.40000177919865
-144,Tà Hừa,2025-07-31T13:00:00.000,0.0,82.40000177919865
-144,Tà Hừa,2025-07-31T14:00:00.000,0.0,82.40000177919865
-144,Tà Hừa,2025-07-31T15:00:00.000,0.0,82.40000177919865
-144,Tà Hừa,2025-07-31T16:00:00.000,0.0,82.40000177919865
-144,Tà Hừa,2025-07-31T17:00:00.000,0.0,82.40000177919865
-144,Tà Hừa,2025-07-31T18:00:00.000,0.0,82.40000177919865
-144,Tà Hừa,2025-07-31T19:00:00.000,0.0,82.40000177919865
-144,Tà Hừa,2025-07-31T20:00:00.000,0.0,82.40000177919865
-144,Tà Hừa,2025-07-31T21:00:00.000,1.0,83.40000177919865
-144,Tà Hừa,2025-07-31T22:00:00.000,1.7999999523162842,85.20000173151493
-144,Tà Hừa,2025-07-31T23:00:00.000,0.800000011920929,86.00000174343586
-144,Tà Hừa,2025-08-01T00:00:00.000,0.0,3.599999964237213
-144,Tà Hừa,2025-08-01T01:00:00.000,0.0,3.599999964237213
-144,Tà Hừa,2025-08-01T02:00:00.000,0.0,3.599999964237213
-144,Tà Hừa,2025-08-01T03:00:00.000,0.20000000298023224,3.7999999672174454
-144,Tà Hừa,2025-08-01T04:00:00.000,0.20000000298023224,3.9999999701976776
-144,Tà Hừa,2025-08-01T05:00:00.000,1.0,4.999999970197678
-144,Tà Hừa,2025-08-01T06:00:00.000,0.20000000298023224,5.19999997317791
-144,Tà Hừa,2025-08-01T07:00:00.000,0.0,5.19999997317791
-144,Tà Hừa,2025-08-01T08:00:00.000,0.0,5.19999997317791
-144,Tà Hừa,2025-08-01T09:00:00.000,0.0,5.19999997317791
-144,Tà Hừa,2025-08-01T10:00:00.000,0.0,5.19999997317791
-144,Tà Hừa,2025-08-01T11:00:00.000,0.0,5.19999997317791
-144,Tà Hừa,2025-08-01T12:00:00.000,0.0,5.19999997317791
-144,Tà Hừa,2025-08-01T13:00:00.000,0.0,5.19999997317791
-144,Tà Hừa,2025-08-01T14:00:00.000,0.0,5.19999997317791
-144,Tà Hừa,2025-08-01T15:00:00.000,0.0,5.19999997317791
-144,Tà Hừa,2025-08-01T16:00:00.000,0.0,5.19999997317791
-144,Tà Hừa,2025-08-01T17:00:00.000,0.0,5.19999997317791
-144,Tà Hừa,2025-08-01T18:00:00.000,0.0,5.19999997317791
-144,Tà Hừa,2025-08-01T19:00:00.000,0.0,5.19999997317791
-144,Tà Hừa,2025-08-01T20:00:00.000,0.0,5.19999997317791
-144,Tà Hừa,2025-08-01T21:00:00.000,0.0,5.19999997317791
-144,Tà Hừa,2025-08-01T22:00:00.000,0.0,5.19999997317791
-144,Tà Hừa,2025-08-01T23:00:00.000,0.0,5.19999997317791
-144,Tà Hừa,2025-08-02T00:00:00.000,0.0,0.0
-144,Tà Hừa,2025-08-02T01:00:00.000,0.0,0.0
-144,Tà Hừa,2025-08-02T02:00:00.000,0.0,0.0
-144,Tà Hừa,2025-08-02T03:00:00.000,0.0,0.0
-144,Tà Hừa,2025-08-02T04:00:00.000,0.0,0.0
-144,Tà Hừa,2025-08-02T05:00:00.000,0.0,0.0
-144,Tà Hừa,2025-08-02T06:00:00.000,0.20000000298023224,0.20000000298023224
-144,Tà Hừa,2025-08-02T07:00:00.000,0.20000000298023224,0.4000000059604645
-144,Tà Hừa,2025-08-02T08:00:00.000,0.0,0.4000000059604645
-144,Tà Hừa,2025-08-02T09:00:00.000,0.0,0.4000000059604645
-144,Tà Hừa,2025-08-02T10:00:00.000,0.0,0.4000000059604645
-144,Tà Hừa,2025-08-02T11:00:00.000,0.0,0.4000000059604645
-144,Tà Hừa,2025-08-02T12:00:00.000,0.0,0.4000000059604645
-144,Tà Hừa,2025-08-02T13:00:00.000,0.0,0.4000000059604645
-144,Tà Hừa,2025-08-02T14:00:00.000,0.0,0.4000000059604645
-144,Tà Hừa,2025-08-02T15:00:00.000,0.0,0.4000000059604645
-144,Tà Hừa,2025-08-02T16:00:00.000,0.0,0.4000000059604645
-144,Tà Hừa,2025-08-02T17:00:00.000,0.0,0.4000000059604645
-144,Tà Hừa,2025-08-02T18:00:00.000,0.0,0.4000000059604645
-144,Tà Hừa,2025-08-02T19:00:00.000,0.0,0.4000000059604645
-144,Tà Hừa,2025-08-02T20:00:00.000,0.0,0.4000000059604645
-144,Tà Hừa,2025-08-02T21:00:00.000,0.0,0.4000000059604645
-144,Tà Hừa,2025-08-02T22:00:00.000,0.0,0.4000000059604645
-144,Tà Hừa,2025-08-02T23:00:00.000,0.0,0.4000000059604645
-144,Tà Hừa,2025-08-03T00:00:00.000,0.0,0.0
-144,Tà Hừa,2025-08-03T01:00:00.000,0.0,0.0
-144,Tà Hừa,2025-08-03T02:00:00.000,0.0,0.0
-144,Tà Hừa,2025-08-03T03:00:00.000,0.0,0.0
-144,Tà Hừa,2025-08-03T04:00:00.000,0.0,0.0
-144,Tà Hừa,2025-08-03T05:00:00.000,0.0,0.0
-144,Tà Hừa,2025-08-03T06:00:00.000,0.0,0.0
-144,Tà Hừa,2025-08-03T07:00:00.000,0.0,0.0
-144,Tà Hừa,2025-08-03T08:00:00.000,0.0,0.0
-144,Tà Hừa,2025-08-03T09:00:00.000,0.0,0.0
-144,Tà Hừa,2025-08-03T10:00:00.000,0.0,0.0
-144,Tà Hừa,2025-08-03T11:00:00.000,0.0,0.0
-144,Tà Hừa,2025-08-03T12:00:00.000,0.0,0.0
-144,Tà Hừa,2025-08-03T13:00:00.000,0.0,0.0
-144,Tà Hừa,2025-08-03T14:00:00.000,0.0,0.0
-144,Tà Hừa,2025-08-03T15:00:00.000,0.0,0.0
-144,Tà Hừa,2025-08-03T16:00:00.000,0.0,0.0
-144,Tà Hừa,2025-08-03T17:00:00.000,0.0,0.0
-144,Tà Hừa,2025-08-03T18:00:00.000,0.0,0.0
-144,Tà Hừa,2025-08-03T19:00:00.000,0.0,0.0
-144,Tà Hừa,2025-08-03T20:00:00.000,0.0,0.0
-144,Tà Hừa,2025-08-03T21:00:00.000,0.0,0.0
-144,Tà Hừa,2025-08-03T22:00:00.000,0.0,0.0
-144,Tà Hừa,2025-08-03T23:00:00.000,0.0,0.0
-144,Tà Hừa,2025-08-04T00:00:00.000,0.0,0.0
-144,Tà Hừa,2025-08-04T01:00:00.000,0.0,0.0
-144,Tà Hừa,2025-08-04T02:00:00.000,0.0,0.0
-144,Tà Hừa,2025-08-04T03:00:00.000,0.0,0.0
-144,Tà Hừa,2025-08-04T04:00:00.000,0.0,0.0
-144,Tà Hừa,2025-08-04T05:00:00.000,0.0,0.0
-144,Tà Hừa,2025-08-04T06:00:00.000,0.0,0.0
-144,Tà Hừa,2025-08-04T07:00:00.000,0.0,0.0
-144,Tà Hừa,2025-08-04T08:00:00.000,0.0,0.0
-144,Tà Hừa,2025-08-04T09:00:00.000,0.0,0.0
-144,Tà Hừa,2025-08-04T10:00:00.000,0.0,0.0
-144,Tà Hừa,2025-08-04T11:00:00.000,0.0,0.0
-144,Tà Hừa,2025-08-04T12:00:00.000,0.0,0.0
-144,Tà Hừa,2025-08-04T13:00:00.000,0.0,0.0
-144,Tà Hừa,2025-08-04T14:00:00.000,0.0,0.0
-144,Tà Hừa,2025-08-04T15:00:00.000,0.0,0.0
-144,Tà Hừa,2025-08-04T16:00:00.000,0.0,0.0
-144,Tà Hừa,2025-08-04T17:00:00.000,0.0,0.0
-144,Tà Hừa,2025-08-04T18:00:00.000,0.0,0.0
-144,Tà Hừa,2025-08-04T19:00:00.000,1.2000000476837158,1.2000000476837158
-144,Tà Hừa,2025-08-04T20:00:00.000,0.0,1.2000000476837158
-144,Tà Hừa,2025-08-04T21:00:00.000,0.0,1.2000000476837158
-144,Tà Hừa,2025-08-04T22:00:00.000,0.0,1.2000000476837158
-144,Tà Hừa,2025-08-04T23:00:00.000,0.0,1.2000000476837158
-144,Tà Hừa,2025-08-05T00:00:00.000,0.0,0.0
-144,Tà Hừa,2025-08-05T01:00:00.000,0.0,0.0
-144,Tà Hừa,2025-08-05T02:00:00.000,0.0,0.0
-144,Tà Hừa,2025-08-05T03:00:00.000,0.0,0.0
-144,Tà Hừa,2025-08-05T04:00:00.000,0.0,0.0
-144,Tà Hừa,2025-08-05T05:00:00.000,0.0,0.0
-144,Tà Hừa,2025-08-05T06:00:00.000,0.0,0.0
-144,Tà Hừa,2025-08-05T07:00:00.000,0.0,0.0
-144,Tà Hừa,2025-08-05T08:00:00.000,0.0,0.0
-144,Tà Hừa,2025-08-05T09:00:00.000,0.0,0.0
-144,Tà Hừa,2025-08-05T10:00:00.000,0.0,0.0
-144,Tà Hừa,2025-08-05T11:00:00.000,0.0,0.0
-144,Tà Hừa,2025-08-05T12:00:00.000,0.20000000298023224,0.20000000298023224
-144,Tà Hừa,2025-08-05T13:00:00.000,0.0,0.20000000298023224
-144,Tà Hừa,2025-08-05T14:00:00.000,0.4000000059604645,0.6000000089406967
-144,Tà Hừa,2025-08-05T15:00:00.000,0.0,0.6000000089406967
-144,Tà Hừa,2025-08-05T16:00:00.000,0.0,0.6000000089406967
-144,Tà Hừa,2025-08-05T17:00:00.000,0.0,0.6000000089406967
-144,Tà Hừa,2025-08-05T18:00:00.000,0.0,0.6000000089406967
-144,Tà Hừa,2025-08-05T19:00:00.000,0.0,0.6000000089406967
-144,Tà Hừa,2025-08-05T20:00:00.000,0.0,0.6000000089406967
-144,Tà Hừa,2025-08-05T21:00:00.000,0.0,0.6000000089406967
-144,Tà Hừa,2025-08-05T22:00:00.000,1.2000000476837158,1.8000000566244125
-144,Tà Hừa,2025-08-05T23:00:00.000,1.2000000476837158,3.0000001043081284
-144,Tà Hừa,2025-08-06T00:00:00.000,0.4000000059604645,2.800000101327896
-144,Tà Hừa,2025-08-06T01:00:00.000,0.0,2.800000101327896
-144,Tà Hừa,2025-08-06T02:00:00.000,0.0,2.800000101327896
-144,Tà Hừa,2025-08-06T03:00:00.000,0.0,2.800000101327896
-144,Tà Hừa,2025-08-06T04:00:00.000,0.0,2.800000101327896
-144,Tà Hừa,2025-08-06T05:00:00.000,0.0,2.800000101327896
-144,Tà Hừa,2025-08-06T06:00:00.000,4.400000095367432,7.200000196695328
-144,Tà Hừa,2025-08-06T07:00:00.000,3.0,10.200000196695328
-144,Tà Hừa,2025-08-06T08:00:00.000,3.799999952316284,14.000000149011612
-144,Tà Hừa,2025-08-06T09:00:00.000,0.0,14.000000149011612
-144,Tà Hừa,2025-08-06T10:00:00.000,0.0,14.000000149011612
-144,Tà Hừa,2025-08-06T11:00:00.000,0.4000000059604645,14.400000154972076
-144,Tà Hừa,2025-08-06T12:00:00.000,8.399999618530273,22.79999977350235
-144,Tà Hừa,2025-08-06T13:00:00.000,1.0,23.79999977350235
-144,Tà Hừa,2025-08-06T14:00:00.000,0.0,23.79999977350235
-144,Tà Hừa,2025-08-06T15:00:00.000,0.6000000238418579,24.399999797344208
-144,Tà Hừa,2025-08-06T16:00:00.000,0.20000000298023224,24.59999980032444
-144,Tà Hừa,2025-08-06T17:00:00.000,0.0,24.59999980032444
-144,Tà Hừa,2025-08-06T18:00:00.000,0.0,24.59999980032444
-144,Tà Hừa,2025-08-06T19:00:00.000,0.0,24.59999980032444
-144,Tà Hừa,2025-08-06T20:00:00.000,3.5999999046325684,28.19999970495701
-144,Tà Hừa,2025-08-06T21:00:00.000,0.4000000059604645,28.599999710917473
-144,Tà Hừa,2025-08-06T22:00:00.000,0.20000000298023224,28.799999713897705
-144,Tà Hừa,2025-08-06T23:00:00.000,0.0,28.799999713897705
-144,Tà Hừa,2025-08-07T00:00:00.000,0.0,4.199999913573265
-144,Tà Hừa,2025-08-07T01:00:00.000,0.0,4.199999913573265
-144,Tà Hừa,2025-08-07T02:00:00.000,0.0,4.199999913573265
-144,Tà Hừa,2025-08-07T03:00:00.000,0.0,4.199999913573265
-144,Tà Hừa,2025-08-07T04:00:00.000,0.0,4.199999913573265
-144,Tà Hừa,2025-08-07T05:00:00.000,0.20000000298023224,4.399999916553497
-144,Tà Hừa,2025-08-07T06:00:00.000,0.0,4.399999916553497
-144,Tà Hừa,2025-08-07T07:00:00.000,0.0,4.399999916553497
-144,Tà Hừa,2025-08-07T08:00:00.000,0.0,4.399999916553497
-144,Tà Hừa,2025-08-07T09:00:00.000,0.0,4.399999916553497
-144,Tà Hừa,2025-08-07T10:00:00.000,0.0,4.399999916553497
-144,Tà Hừa,2025-08-07T11:00:00.000,0.0,4.399999916553497
-144,Tà Hừa,2025-08-07T12:00:00.000,0.0,4.399999916553497
-144,Tà Hừa,2025-08-07T13:00:00.000,0.0,4.399999916553497
-144,Tà Hừa,2025-08-07T14:00:00.000,0.0,4.399999916553497
-144,Tà Hừa,2025-08-07T15:00:00.000,0.0,4.399999916553497
-144,Tà Hừa,2025-08-07T16:00:00.000,0.0,4.399999916553497
-144,Tà Hừa,2025-08-07T17:00:00.000,0.0,4.399999916553497
-144,Tà Hừa,2025-08-07T18:00:00.000,0.0,4.399999916553497
-144,Tà Hừa,2025-08-07T19:00:00.000,0.0,4.399999916553497
-144,Tà Hừa,2025-08-07T20:00:00.000,0.0,4.399999916553497
-144,Tà Hừa,2025-08-07T21:00:00.000,0.0,4.399999916553497
-144,Tà Hừa,2025-08-07T22:00:00.000,0.0,4.399999916553497
-144,Tà Hừa,2025-08-07T23:00:00.000,0.0,4.399999916553497
-144,Tà Hừa,2025-08-08T00:00:00.000,0.0,0.0
-144,Tà Hừa,2025-08-08T01:00:00.000,0.0,0.0
-144,Tà Hừa,2025-08-08T02:00:00.000,0.0,0.0
-144,Tà Hừa,2025-08-08T03:00:00.000,0.0,0.0
-144,Tà Hừa,2025-08-08T04:00:00.000,0.0,0.0
-144,Tà Hừa,2025-08-08T05:00:00.000,1.2000000476837158,1.2000000476837158
-144,Tà Hừa,2025-08-08T06:00:00.000,0.0,1.2000000476837158
-144,Tà Hừa,2025-08-08T07:00:00.000,0.0,1.2000000476837158
-144,Tà Hừa,2025-08-08T08:00:00.000,0.0,1.2000000476837158
-144,Tà Hừa,2025-08-08T09:00:00.000,0.0,1.2000000476837158
-144,Tà Hừa,2025-08-08T10:00:00.000,0.0,1.2000000476837158
-144,Tà Hừa,2025-08-08T11:00:00.000,0.0,1.2000000476837158
-144,Tà Hừa,2025-08-08T12:00:00.000,0.0,1.2000000476837158
-144,Tà Hừa,2025-08-08T13:00:00.000,0.0,1.2000000476837158
-144,Tà Hừa,2025-08-08T14:00:00.000,0.0,1.2000000476837158
-144,Tà Hừa,2025-08-08T15:00:00.000,0.0,1.2000000476837158
-144,Tà Hừa,2025-08-08T16:00:00.000,0.0,1.2000000476837158
-144,Tà Hừa,2025-08-08T17:00:00.000,0.0,1.2000000476837158
-144,Tà Hừa,2025-08-08T18:00:00.000,0.0,1.2000000476837158
-144,Tà Hừa,2025-08-08T19:00:00.000,0.0,1.2000000476837158
-144,Tà Hừa,2025-08-08T20:00:00.000,0.0,1.2000000476837158
-144,Tà Hừa,2025-08-08T21:00:00.000,0.0,1.2000000476837158
-144,Tà Hừa,2025-08-08T22:00:00.000,0.0,1.2000000476837158
-144,Tà Hừa,2025-08-08T23:00:00.000,0.0,1.2000000476837158
-144,Tà Hừa,2025-08-09T00:00:00.000,0.0,0.0
-144,Tà Hừa,2025-08-09T01:00:00.000,0.0,0.0
-144,Tà Hừa,2025-08-09T02:00:00.000,0.0,0.0
-144,Tà Hừa,2025-08-09T03:00:00.000,0.0,0.0
-144,Tà Hừa,2025-08-09T04:00:00.000,0.0,0.0
-144,Tà Hừa,2025-08-09T05:00:00.000,0.0,0.0
-144,Tà Hừa,2025-08-09T06:00:00.000,0.0,0.0
-144,Tà Hừa,2025-08-09T07:00:00.000,0.0,0.0
-144,Tà Hừa,2025-08-09T08:00:00.000,0.0,0.0
-144,Tà Hừa,2025-08-09T09:00:00.000,0.0,0.0
-144,Tà Hừa,2025-08-09T10:00:00.000,0.0,0.0
-144,Tà Hừa,2025-08-09T11:00:00.000,0.0,0.0
-144,Tà Hừa,2025-08-09T12:00:00.000,0.0,0.0
-144,Tà Hừa,2025-08-09T13:00:00.000,0.0,0.0
-144,Tà Hừa,2025-08-09T14:00:00.000,0.0,0.0
-144,Tà Hừa,2025-08-09T15:00:00.000,0.0,0.0
-144,Tà Hừa,2025-08-09T16:00:00.000,0.0,0.0
-144,Tà Hừa,2025-08-09T17:00:00.000,0.0,0.0
-144,Tà Hừa,2025-08-09T18:00:00.000,0.0,0.0
-144,Tà Hừa,2025-08-09T19:00:00.000,0.0,0.0
-144,Tà Hừa,2025-08-09T20:00:00.000,0.0,0.0
-144,Tà Hừa,2025-08-09T21:00:00.000,0.0,0.0
-144,Tà Hừa,2025-08-09T22:00:00.000,0.0,0.0
-144,Tà Hừa,2025-08-09T23:00:00.000,0.0,0.0
-144,Tà Hừa,2025-08-10T00:00:00.000,0.0,0.0
-144,Tà Hừa,2025-08-10T01:00:00.000,0.0,0.0
-144,Tà Hừa,2025-08-10T02:00:00.000,0.0,0.0
-144,Tà Hừa,2025-08-10T03:00:00.000,0.0,0.0
-144,Tà Hừa,2025-08-10T04:00:00.000,0.0,0.0
-144,Tà Hừa,2025-08-10T05:00:00.000,0.0,0.0
-144,Tà Hừa,2025-08-10T06:00:00.000,0.0,0.0
-144,Tà Hừa,2025-08-10T07:00:00.000,0.0,0.0
-144,Tà Hừa,2025-08-10T08:00:00.000,0.0,0.0
-144,Tà Hừa,2025-08-10T09:00:00.000,0.0,0.0
-144,Tà Hừa,2025-08-10T10:00:00.000,0.0,0.0
-144,Tà Hừa,2025-08-10T11:00:00.000,3.0,3.0
-144,Tà Hừa,2025-08-10T12:00:00.000,0.20000000298023224,3.2000000029802322
-144,Tà Hừa,2025-08-10T13:00:00.000,0.0,3.2000000029802322
-144,Tà Hừa,2025-08-10T14:00:00.000,0.0,3.2000000029802322
-144,Tà Hừa,2025-08-10T15:00:00.000,0.0,3.2000000029802322
-144,Tà Hừa,2025-08-10T16:00:00.000,0.0,3.2000000029802322
-144,Tà Hừa,2025-08-10T17:00:00.000,0.0,3.2000000029802322
-144,Tà Hừa,2025-08-10T18:00:00.000,0.0,3.2000000029802322
-144,Tà Hừa,2025-08-10T19:00:00.000,0.0,3.2000000029802322
-144,Tà Hừa,2025-08-10T20:00:00.000,0.0,3.2000000029802322
-144,Tà Hừa,2025-08-10T21:00:00.000,0.0,3.2000000029802322
-144,Tà Hừa,2025-08-10T22:00:00.000,0.0,3.2000000029802322
-144,Tà Hừa,2025-08-10T23:00:00.000,0.0,3.2000000029802322
-144,Tà Hừa,2025-08-11T00:00:00.000,0.0,0.0
-144,Tà Hừa,2025-08-11T01:00:00.000,0.0,0.0
-144,Tà Hừa,2025-08-11T02:00:00.000,0.0,0.0
-144,Tà Hừa,2025-08-11T03:00:00.000,0.0,0.0
-144,Tà Hừa,2025-08-11T04:00:00.000,0.0,0.0
-144,Tà Hừa,2025-08-11T05:00:00.000,0.0,0.0
-144,Tà Hừa,2025-08-11T06:00:00.000,0.0,0.0
-144,Tà Hừa,2025-08-11T07:00:00.000,0.0,0.0
-144,Tà Hừa,2025-08-11T08:00:00.000,0.0,0.0
-144,Tà Hừa,2025-08-11T09:00:00.000,0.0,0.0
-144,Tà Hừa,2025-08-11T10:00:00.000,0.0,0.0
-144,Tà Hừa,2025-08-11T11:00:00.000,0.0,0.0
-144,Tà Hừa,2025-08-11T12:00:00.000,0.0,0.0
-144,Tà Hừa,2025-08-11T13:00:00.000,0.0,0.0
-144,Tà Hừa,2025-08-11T14:00:00.000,0.0,0.0
-144,Tà Hừa,2025-08-11T15:00:00.000,0.0,0.0
-144,Tà Hừa,2025-08-11T16:00:00.000,0.0,0.0
-144,Tà Hừa,2025-08-11T17:00:00.000,0.0,0.0
-144,Tà Hừa,2025-08-11T18:00:00.000,0.0,0.0
-144,Tà Hừa,2025-08-11T19:00:00.000,0.0,0.0
-144,Tà Hừa,2025-08-11T20:00:00.000,0.0,0.0
-144,Tà Hừa,2025-08-11T21:00:00.000,0.0,0.0
-144,Tà Hừa,2025-08-11T22:00:00.000,0.0,0.0
-144,Tà Hừa,2025-08-11T23:00:00.000,0.0,0.0
-144,Tà Hừa,2025-08-12T00:00:00.000,0.0,0.0
-144,Tà Hừa,2025-08-12T01:00:00.000,0.0,0.0
-144,Tà Hừa,2025-08-12T02:00:00.000,0.0,0.0
-144,Tà Hừa,2025-08-12T03:00:00.000,0.0,0.0
-144,Tà Hừa,2025-08-12T04:00:00.000,0.0,0.0
-144,Tà Hừa,2025-08-12T05:00:00.000,0.0,0.0
-144,Tà Hừa,2025-08-12T06:00:00.000,0.0,0.0
-144,Tà Hừa,2025-08-12T07:00:00.000,0.0,0.0
-144,Tà Hừa,2025-08-12T08:00:00.000,0.0,0.0
-144,Tà Hừa,2025-08-12T09:00:00.000,0.0,0.0
-144,Tà Hừa,2025-08-12T10:00:00.000,0.6000000238418579,0.6000000238418579
-144,Tà Hừa,2025-08-12T11:00:00.000,4.0,4.600000023841858
-144,Tà Hừa,2025-08-12T12:00:00.000,0.0,4.600000023841858
-144,Tà Hừa,2025-08-12T13:00:00.000,0.0,4.600000023841858
-144,Tà Hừa,2025-08-12T14:00:00.000,0.0,4.600000023841858
-144,Tà Hừa,2025-08-12T15:00:00.000,0.0,4.600000023841858
-144,Tà Hừa,2025-08-12T16:00:00.000,0.0,4.600000023841858
-144,Tà Hừa,2025-08-12T17:00:00.000,0.20000000298023224,4.80000002682209
-144,Tà Hừa,2025-08-12T18:00:00.000,0.0,4.80000002682209
-144,Tà Hừa,2025-08-12T19:00:00.000,0.0,4.80000002682209
-144,Tà Hừa,2025-08-12T20:00:00.000,0.0,4.80000002682209
-144,Tà Hừa,2025-08-12T21:00:00.000,0.0,4.80000002682209
-144,Tà Hừa,2025-08-12T22:00:00.000,0.0,4.80000002682209
-144,Tà Hừa,2025-08-12T23:00:00.000,0.0,4.80000002682209
-144,Tà Hừa,2025-08-13T00:00:00.000,0.0,0.0
-144,Tà Hừa,2025-08-13T01:00:00.000,0.0,0.0
-144,Tà Hừa,2025-08-13T02:00:00.000,0.0,0.0
-144,Tà Hừa,2025-08-13T03:00:00.000,0.0,0.0
-144,Tà Hừa,2025-08-13T04:00:00.000,0.0,0.0
-144,Tà Hừa,2025-08-13T05:00:00.000,0.0,0.0
-144,Tà Hừa,2025-08-13T06:00:00.000,0.0,0.0
-144,Tà Hừa,2025-08-13T07:00:00.000,0.0,0.0
-144,Tà Hừa,2025-08-13T08:00:00.000,0.0,0.0
-144,Tà Hừa,2025-08-13T09:00:00.000,0.0,0.0
-144,Tà Hừa,2025-08-13T10:00:00.000,0.0,0.0
-144,Tà Hừa,2025-08-13T11:00:00.000,0.0,0.0
-144,Tà Hừa,2025-08-13T12:00:00.000,0.0,0.0
-144,Tà Hừa,2025-08-13T13:00:00.000,0.0,0.0
-144,Tà Hừa,2025-08-13T14:00:00.000,0.0,0.0
-144,Tà Hừa,2025-08-13T15:00:00.000,0.0,0.0
-144,Tà Hừa,2025-08-13T16:00:00.000,0.0,0.0
-144,Tà Hừa,2025-08-13T17:00:00.000,0.0,0.0
-144,Tà Hừa,2025-08-13T18:00:00.000,0.0,0.0
-144,Tà Hừa,2025-08-13T19:00:00.000,0.0,0.0
-144,Tà Hừa,2025-08-13T20:00:00.000,0.0,0.0
-144,Tà Hừa,2025-08-13T21:00:00.000,0.0,0.0
-144,Tà Hừa,2025-08-13T22:00:00.000,0.0,0.0
-144,Tà Hừa,2025-08-13T23:00:00.000,0.0,0.0
-144,Tà Hừa,2025-08-14T00:00:00.000,0.0,0.0
-144,Tà Hừa,2025-08-14T01:00:00.000,0.0,0.0
-144,Tà Hừa,2025-08-14T02:00:00.000,0.0,0.0
-144,Tà Hừa,2025-08-14T03:00:00.000,0.0,0.0
-144,Tà Hừa,2025-08-14T04:00:00.000,0.0,0.0
-144,Tà Hừa,2025-08-14T05:00:00.000,0.0,0.0
-144,Tà Hừa,2025-08-14T06:00:00.000,0.0,0.0
-144,Tà Hừa,2025-08-14T07:00:00.000,0.0,0.0
-144,Tà Hừa,2025-08-14T08:00:00.000,0.0,0.0
-144,Tà Hừa,2025-08-14T09:00:00.000,0.0,0.0
-144,Tà Hừa,2025-08-14T10:00:00.000,0.0,0.0
-144,Tà Hừa,2025-08-14T11:00:00.000,0.0,0.0
-144,Tà Hừa,2025-08-14T12:00:00.000,0.0,0.0
-144,Tà Hừa,2025-08-14T13:00:00.000,0.0,0.0
-144,Tà Hừa,2025-08-14T14:00:00.000,0.0,0.0
-144,Tà Hừa,2025-08-14T15:00:00.000,0.0,0.0
-144,Tà Hừa,2025-08-14T16:00:00.000,0.0,0.0
-144,Tà Hừa,2025-08-14T17:00:00.000,0.0,0.0
-144,Tà Hừa,2025-08-14T18:00:00.000,0.0,0.0
-144,Tà Hừa,2025-08-14T19:00:00.000,0.0,0.0
-144,Tà Hừa,2025-08-14T20:00:00.000,0.0,0.0
-144,Tà Hừa,2025-08-14T21:00:00.000,0.0,0.0
-144,Tà Hừa,2025-08-14T22:00:00.000,0.0,0.0
-144,Tà Hừa,2025-08-14T23:00:00.000,0.0,0.0
-144,Tà Hừa,2025-08-15T00:00:00.000,0.0,0.0
-144,Tà Hừa,2025-08-15T01:00:00.000,2.200000047683716,2.200000047683716
-144,Tà Hừa,2025-08-15T02:00:00.000,0.6000000238418579,2.8000000715255737
-144,Tà Hừa,2025-08-15T03:00:00.000,0.20000000298023224,3.000000074505806
-144,Tà Hừa,2025-08-15T04:00:00.000,0.0,3.000000074505806
-144,Tà Hừa,2025-08-15T05:00:00.000,0.0,3.000000074505806
-144,Tà Hừa,2025-08-15T06:00:00.000,0.0,3.000000074505806
-144,Tà Hừa,2025-08-15T07:00:00.000,3.799999952316284,6.80000002682209
-144,Tà Hừa,2025-08-15T08:00:00.000,3.0,9.80000002682209
-144,Tà Hừa,2025-08-15T09:00:00.000,0.6000000238418579,10.400000050663948
-144,Tà Hừa,2025-08-15T10:00:00.000,0.0,10.400000050663948
-144,Tà Hừa,2025-08-15T11:00:00.000,0.0,10.400000050663948
-144,Tà Hừa,2025-08-15T12:00:00.000,0.0,10.400000050663948
-144,Tà Hừa,2025-08-15T13:00:00.000,0.0,10.400000050663948
-144,Tà Hừa,2025-08-15T14:00:00.000,0.20000000298023224,10.60000005364418
-144,Tà Hừa,2025-08-15T15:00:00.000,0.20000000298023224,10.800000056624413
-144,Tà Hừa,2025-08-15T16:00:00.000,0.0,10.800000056624413
-144,Tà Hừa,2025-08-15T17:00:00.000,0.0,10.800000056624413
-144,Tà Hừa,2025-08-15T18:00:00.000,0.0,10.800000056624413
-144,Tà Hừa,2025-08-15T19:00:00.000,0.0,10.800000056624413
-144,Tà Hừa,2025-08-15T20:00:00.000,0.0,10.800000056624413
-144,Tà Hừa,2025-08-15T21:00:00.000,0.0,10.800000056624413
-144,Tà Hừa,2025-08-15T22:00:00.000,0.0,10.800000056624413
-144,Tà Hừa,2025-08-15T23:00:00.000,0.20000000298023224,11.000000059604645
-144,Tà Hừa,2025-08-16T00:00:00.000,0.0,0.20000000298023224
-144,Tà Hừa,2025-08-16T01:00:00.000,0.0,0.20000000298023224
-144,Tà Hừa,2025-08-16T02:00:00.000,0.0,0.20000000298023224
-144,Tà Hừa,2025-08-16T03:00:00.000,0.0,0.20000000298023224
-144,Tà Hừa,2025-08-16T04:00:00.000,0.0,0.20000000298023224
-144,Tà Hừa,2025-08-16T05:00:00.000,0.0,0.20000000298023224
-144,Tà Hừa,2025-08-16T06:00:00.000,1.600000023841858,1.8000000268220901
-144,Tà Hừa,2025-08-16T07:00:00.000,2.5999999046325684,4.3999999314546585
-144,Tà Hừa,2025-08-16T08:00:00.000,0.0,4.3999999314546585
-144,Tà Hừa,2025-08-16T09:00:00.000,0.0,4.3999999314546585
-144,Tà Hừa,2025-08-16T10:00:00.000,0.20000000298023224,4.599999934434891
-144,Tà Hừa,2025-08-16T11:00:00.000,0.0,4.599999934434891
-144,Tà Hừa,2025-08-16T12:00:00.000,0.0,4.599999934434891
-144,Tà Hừa,2025-08-16T13:00:00.000,0.0,4.599999934434891
-144,Tà Hừa,2025-08-16T14:00:00.000,0.0,4.599999934434891
-144,Tà Hừa,2025-08-16T15:00:00.000,0.0,4.599999934434891
-144,Tà Hừa,2025-08-16T16:00:00.000,0.0,4.599999934434891
-144,Tà Hừa,2025-08-16T17:00:00.000,0.0,4.599999934434891
-144,Tà Hừa,2025-08-16T18:00:00.000,0.0,4.599999934434891
-144,Tà Hừa,2025-08-16T19:00:00.000,0.0,4.599999934434891
-144,Tà Hừa,2025-08-16T20:00:00.000,0.0,4.599999934434891
-144,Tà Hừa,2025-08-16T21:00:00.000,0.0,4.599999934434891
-144,Tà Hừa,2025-08-16T22:00:00.000,0.0,4.599999934434891
-144,Tà Hừa,2025-08-16T23:00:00.000,0.0,4.599999934434891
-144,Tà Hừa,2025-08-17T00:00:00.000,0.4000000059604645,0.4000000059604645
-144,Tà Hừa,2025-08-17T01:00:00.000,0.0,0.4000000059604645
-144,Tà Hừa,2025-08-17T02:00:00.000,0.0,0.4000000059604645
-144,Tà Hừa,2025-08-17T03:00:00.000,0.0,0.4000000059604645
-144,Tà Hừa,2025-08-17T04:00:00.000,0.0,0.4000000059604645
-144,Tà Hừa,2025-08-17T05:00:00.000,0.0,0.4000000059604645
-144,Tà Hừa,2025-08-17T06:00:00.000,0.0,0.4000000059604645
-144,Tà Hừa,2025-08-17T07:00:00.000,0.0,0.4000000059604645
-144,Tà Hừa,2025-08-17T08:00:00.000,0.0,0.4000000059604645
-144,Tà Hừa,2025-08-17T09:00:00.000,0.0,0.4000000059604645
-144,Tà Hừa,2025-08-17T10:00:00.000,0.0,0.4000000059604645
-144,Tà Hừa,2025-08-17T11:00:00.000,0.0,0.4000000059604645
-144,Tà Hừa,2025-08-17T12:00:00.000,0.0,0.4000000059604645
-144,Tà Hừa,2025-08-17T13:00:00.000,0.0,0.4000000059604645
-144,Tà Hừa,2025-08-17T14:00:00.000,0.0,0.4000000059604645
-144,Tà Hừa,2025-08-17T15:00:00.000,0.0,0.4000000059604645
-144,Tà Hừa,2025-08-17T16:00:00.000,0.0,0.4000000059604645
-144,Tà Hừa,2025-08-17T17:00:00.000,0.0,0.4000000059604645
-144,Tà Hừa,2025-08-17T18:00:00.000,0.0,0.4000000059604645
-144,Tà Hừa,2025-08-17T19:00:00.000,0.0,0.4000000059604645
-144,Tà Hừa,2025-08-17T20:00:00.000,0.0,0.4000000059604645
-144,Tà Hừa,2025-08-17T21:00:00.000,0.0,0.4000000059604645
-144,Tà Hừa,2025-08-17T22:00:00.000,0.0,0.4000000059604645
-144,Tà Hừa,2025-08-17T23:00:00.000,0.0,0.4000000059604645
-144,Tà Hừa,2025-08-18T00:00:00.000,0.0,0.0
-144,Tà Hừa,2025-08-18T01:00:00.000,0.0,0.0
-144,Tà Hừa,2025-08-18T02:00:00.000,0.0,0.0
-144,Tà Hừa,2025-08-18T03:00:00.000,0.0,0.0
-144,Tà Hừa,2025-08-18T04:00:00.000,0.0,0.0
-144,Tà Hừa,2025-08-18T05:00:00.000,0.0,0.0
-144,Tà Hừa,2025-08-18T06:00:00.000,0.0,0.0
-144,Tà Hừa,2025-08-18T07:00:00.000,0.0,0.0
-144,Tà Hừa,2025-08-18T08:00:00.000,0.0,0.0
-144,Tà Hừa,2025-08-18T09:00:00.000,0.0,0.0
-144,Tà Hừa,2025-08-18T10:00:00.000,0.0,0.0
-144,Tà Hừa,2025-08-18T11:00:00.000,0.0,0.0
-144,Tà Hừa,2025-08-18T12:00:00.000,0.0,0.0
-144,Tà Hừa,2025-08-18T13:00:00.000,0.0,0.0
-144,Tà Hừa,2025-08-18T14:00:00.000,0.0,0.0
-144,Tà Hừa,2025-08-18T15:00:00.000,0.0,0.0
-144,Tà Hừa,2025-08-18T16:00:00.000,0.0,0.0
-144,Tà Hừa,2025-08-18T17:00:00.000,0.0,0.0
-144,Tà Hừa,2025-08-18T18:00:00.000,0.0,0.0
-144,Tà Hừa,2025-08-18T19:00:00.000,0.0,0.0
-144,Tà Hừa,2025-08-18T20:00:00.000,0.0,0.0
-144,Tà Hừa,2025-08-18T21:00:00.000,0.0,0.0
-144,Tà Hừa,2025-08-18T22:00:00.000,0.0,0.0
-144,Tà Hừa,2025-08-18T23:00:00.000,0.0,0.0
-144,Tà Hừa,2025-08-19T00:00:00.000,0.0,0.0
-144,Tà Hừa,2025-08-19T01:00:00.000,0.0,0.0
-144,Tà Hừa,2025-08-19T02:00:00.000,0.0,0.0
-144,Tà Hừa,2025-08-19T03:00:00.000,0.0,0.0
-144,Tà Hừa,2025-08-19T04:00:00.000,0.0,0.0
-144,Tà Hừa,2025-08-19T05:00:00.000,0.0,0.0
-144,Tà Hừa,2025-08-19T06:00:00.000,0.0,0.0
-144,Tà Hừa,2025-08-19T07:00:00.000,0.0,0.0
-144,Tà Hừa,2025-08-19T08:00:00.000,0.0,0.0
-144,Tà Hừa,2025-08-19T09:00:00.000,0.0,0.0
-144,Tà Hừa,2025-08-19T10:00:00.000,0.0,0.0
-144,Tà Hừa,2025-08-19T11:00:00.000,0.0,0.0
-144,Tà Hừa,2025-08-19T12:00:00.000,0.0,0.0
-144,Tà Hừa,2025-08-19T13:00:00.000,0.0,0.0
-144,Tà Hừa,2025-08-19T14:00:00.000,0.0,0.0
-144,Tà Hừa,2025-08-19T15:00:00.000,0.0,0.0
-144,Tà Hừa,2025-08-19T16:00:00.000,0.4000000059604645,0.4000000059604645
-144,Tà Hừa,2025-08-19T17:00:00.000,0.0,0.4000000059604645
-144,Tà Hừa,2025-08-19T18:00:00.000,0.0,0.4000000059604645
-144,Tà Hừa,2025-08-19T19:00:00.000,0.0,0.4000000059604645
-144,Tà Hừa,2025-08-19T20:00:00.000,0.0,0.4000000059604645
-144,Tà Hừa,2025-08-19T21:00:00.000,0.20000000298023224,0.6000000089406967
-144,Tà Hừa,2025-08-19T22:00:00.000,0.20000000298023224,0.800000011920929
-144,Tà Hừa,2025-08-19T23:00:00.000,1.0,1.800000011920929
-144,Tà Hừa,2025-08-20T00:00:00.000,0.6000000238418579,2.0000000298023224
-144,Tà Hừa,2025-08-20T01:00:00.000,0.0,2.0000000298023224
-144,Tà Hừa,2025-08-20T02:00:00.000,0.0,2.0000000298023224
-144,Tà Hừa,2025-08-20T03:00:00.000,0.0,2.0000000298023224
-144,Tà Hừa,2025-08-20T04:00:00.000,0.0,2.0000000298023224
-144,Tà Hừa,2025-08-20T05:00:00.000,0.0,2.0000000298023224
-144,Tà Hừa,2025-08-20T06:00:00.000,0.0,2.0000000298023224
-144,Tà Hừa,2025-08-20T07:00:00.000,0.20000000298023224,2.2000000327825546
-144,Tà Hừa,2025-08-20T08:00:00.000,0.0,2.2000000327825546
-144,Tà Hừa,2025-08-20T09:00:00.000,0.0,2.2000000327825546
-144,Tà Hừa,2025-08-20T10:00:00.000,0.0,2.2000000327825546
-144,Tà Hừa,2025-08-20T11:00:00.000,0.0,2.2000000327825546
-144,Tà Hừa,2025-08-20T12:00:00.000,0.0,2.2000000327825546
-144,Tà Hừa,2025-08-20T13:00:00.000,0.0,2.2000000327825546
-144,Tà Hừa,2025-08-20T14:00:00.000,0.0,2.2000000327825546
-144,Tà Hừa,2025-08-20T15:00:00.000,0.20000000298023224,2.400000035762787
-144,Tà Hừa,2025-08-20T16:00:00.000,0.0,2.400000035762787
-144,Tà Hừa,2025-08-20T17:00:00.000,0.0,2.400000035762787
-144,Tà Hừa,2025-08-20T18:00:00.000,0.0,2.400000035762787
-144,Tà Hừa,2025-08-20T19:00:00.000,0.0,2.400000035762787
-144,Tà Hừa,2025-08-20T20:00:00.000,0.0,2.400000035762787
-144,Tà Hừa,2025-08-20T21:00:00.000,0.0,2.400000035762787
-144,Tà Hừa,2025-08-20T22:00:00.000,0.0,2.400000035762787
-144,Tà Hừa,2025-08-20T23:00:00.000,0.20000000298023224,2.600000038743019
-144,Tà Hừa,2025-08-21T00:00:00.000,0.4000000059604645,0.6000000089406967
-144,Tà Hừa,2025-08-21T01:00:00.000,0.0,0.6000000089406967
-144,Tà Hừa,2025-08-21T02:00:00.000,0.20000000298023224,0.800000011920929
-144,Tà Hừa,2025-08-21T03:00:00.000,0.0,0.800000011920929
-144,Tà Hừa,2025-08-21T04:00:00.000,0.0,0.800000011920929
-144,Tà Hừa,2025-08-21T05:00:00.000,0.0,0.800000011920929
-144,Tà Hừa,2025-08-21T06:00:00.000,0.0,0.800000011920929
-144,Tà Hừa,2025-08-21T07:00:00.000,0.0,0.800000011920929
-144,Tà Hừa,2025-08-21T08:00:00.000,0.0,0.800000011920929
-144,Tà Hừa,2025-08-21T09:00:00.000,0.0,0.800000011920929
-144,Tà Hừa,2025-08-21T10:00:00.000,0.4000000059604645,1.2000000178813934
-144,Tà Hừa,2025-08-21T11:00:00.000,0.20000000298023224,1.4000000208616257
-144,Tà Hừa,2025-08-21T12:00:00.000,0.0,1.4000000208616257
-144,Tà Hừa,2025-08-21T13:00:00.000,0.20000000298023224,1.600000023841858
-144,Tà Hừa,2025-08-21T14:00:00.000,0.0,1.600000023841858
-144,Tà Hừa,2025-08-21T15:00:00.000,0.0,1.600000023841858
-144,Tà Hừa,2025-08-21T16:00:00.000,0.0,1.600000023841858
-144,Tà Hừa,2025-08-21T17:00:00.000,0.0,1.600000023841858
-144,Tà Hừa,2025-08-21T18:00:00.000,0.0,1.600000023841858
-144,Tà Hừa,2025-08-21T19:00:00.000,0.0,1.600000023841858
-144,Tà Hừa,2025-08-21T20:00:00.000,0.0,1.600000023841858
-144,Tà Hừa,2025-08-21T21:00:00.000,0.0,1.600000023841858
-144,Tà Hừa,2025-08-21T22:00:00.000,0.0,1.600000023841858
-144,Tà Hừa,2025-08-21T23:00:00.000,0.20000000298023224,1.8000000268220901
-144,Tà Hừa,2025-08-22T00:00:00.000,0.0,0.20000000298023224
-144,Tà Hừa,2025-08-22T01:00:00.000,0.0,0.20000000298023224
-144,Tà Hừa,2025-08-22T02:00:00.000,0.0,0.20000000298023224
-144,Tà Hừa,2025-08-22T03:00:00.000,0.20000000298023224,0.4000000059604645
-144,Tà Hừa,2025-08-22T04:00:00.000,0.0,0.4000000059604645
-144,Tà Hừa,2025-08-22T05:00:00.000,0.0,0.4000000059604645
-144,Tà Hừa,2025-08-22T06:00:00.000,0.0,0.4000000059604645
-144,Tà Hừa,2025-08-22T07:00:00.000,0.0,0.4000000059604645
-144,Tà Hừa,2025-08-22T08:00:00.000,0.0,0.4000000059604645
-144,Tà Hừa,2025-08-22T09:00:00.000,0.0,0.4000000059604645
-144,Tà Hừa,2025-08-22T10:00:00.000,2.4000000953674316,2.800000101327896
-144,Tà Hừa,2025-08-22T11:00:00.000,0.0,2.800000101327896
-144,Tà Hừa,2025-08-22T12:00:00.000,0.4000000059604645,3.2000001072883606
-144,Tà Hừa,2025-08-22T13:00:00.000,6.800000190734863,10.000000298023224
-144,Tà Hừa,2025-08-22T14:00:00.000,,10.000000298023224
-144,Tà Hừa,2025-08-22T15:00:00.000,0.20000000298023224,10.200000301003456
-144,Tà Hừa,2025-08-22T16:00:00.000,0.0,10.200000301003456
-144,Tà Hừa,2025-08-22T17:00:00.000,0.0,10.200000301003456
-144,Tà Hừa,2025-08-22T18:00:00.000,0.0,10.200000301003456
-144,Tà Hừa,2025-08-22T19:00:00.000,0.0,10.200000301003456
-144,Tà Hừa,2025-08-22T20:00:00.000,0.0,10.200000301003456
-144,Tà Hừa,2025-08-22T21:00:00.000,0.0,10.200000301003456
-144,Tà Hừa,2025-08-22T22:00:00.000,0.0,10.200000301003456
-144,Tà Hừa,2025-08-22T23:00:00.000,0.20000000298023224,10.400000303983688
-144,Tà Hừa,2025-08-23T00:00:00.000,4.0,4.200000002980232
-144,Tà Hừa,2025-08-23T01:00:00.000,3.4000000953674316,7.600000098347664
-144,Tà Hừa,2025-08-23T02:00:00.000,2.5999999046325684,10.200000002980232
-144,Tà Hừa,2025-08-23T03:00:00.000,1.399999976158142,11.599999979138374
-144,Tà Hừa,2025-08-23T04:00:00.000,6.800000190734863,18.400000169873238
-144,Tà Hừa,2025-08-23T05:00:00.000,1.399999976158142,19.80000014603138
-144,Tà Hừa,2025-08-23T06:00:00.000,0.20000000298023224,20.000000149011612
-144,Tà Hừa,2025-08-23T07:00:00.000,0.0,20.000000149011612
-144,Tà Hừa,2025-08-23T08:00:00.000,0.0,20.000000149011612
-144,Tà Hừa,2025-08-23T09:00:00.000,0.20000000298023224,20.200000151991844
-144,Tà Hừa,2025-08-23T10:00:00.000,0.0,20.200000151991844
-144,Tà Hừa,2025-08-23T11:00:00.000,0.0,20.200000151991844
-144,Tà Hừa,2025-08-23T12:00:00.000,0.0,20.200000151991844
-144,Tà Hừa,2025-08-23T13:00:00.000,0.0,20.200000151991844
-144,Tà Hừa,2025-08-23T14:00:00.000,0.0,20.200000151991844
-144,Tà Hừa,2025-08-23T15:00:00.000,0.0,20.200000151991844
-144,Tà Hừa,2025-08-23T16:00:00.000,0.0,20.200000151991844
-144,Tà Hừa,2025-08-23T17:00:00.000,0.0,20.200000151991844
-144,Tà Hừa,2025-08-23T18:00:00.000,0.20000000298023224,20.400000154972076
-144,Tà Hừa,2025-08-23T19:00:00.000,0.0,20.400000154972076
-144,Tà Hừa,2025-08-23T20:00:00.000,0.20000000298023224,20.60000015795231
-144,Tà Hừa,2025-08-23T21:00:00.000,0.0,20.60000015795231
-144,Tà Hừa,2025-08-23T22:00:00.000,0.0,20.60000015795231
-144,Tà Hừa,2025-08-23T23:00:00.000,0.0,20.60000015795231
-144,Tà Hừa,2025-08-24T00:00:00.000,0.0,0.20000000298023224
-144,Tà Hừa,2025-08-24T01:00:00.000,0.0,0.20000000298023224
-144,Tà Hừa,2025-08-24T02:00:00.000,0.0,0.20000000298023224
-144,Tà Hừa,2025-08-24T03:00:00.000,0.0,0.20000000298023224
-144,Tà Hừa,2025-08-24T04:00:00.000,0.0,0.20000000298023224
-144,Tà Hừa,2025-08-24T05:00:00.000,0.0,0.20000000298023224
-144,Tà Hừa,2025-08-24T06:00:00.000,0.0,0.20000000298023224
-144,Tà Hừa,2025-08-24T07:00:00.000,0.0,0.20000000298023224
-144,Tà Hừa,2025-08-24T08:00:00.000,0.0,0.20000000298023224
-144,Tà Hừa,2025-08-24T09:00:00.000,0.0,0.20000000298023224
-144,Tà Hừa,2025-08-24T10:00:00.000,0.0,0.20000000298023224
-144,Tà Hừa,2025-08-24T11:00:00.000,0.0,0.20000000298023224
-144,Tà Hừa,2025-08-24T12:00:00.000,0.0,0.20000000298023224
-144,Tà Hừa,2025-08-24T13:00:00.000,0.0,0.20000000298023224
-144,Tà Hừa,2025-08-24T14:00:00.000,0.0,0.20000000298023224
-144,Tà Hừa,2025-08-24T15:00:00.000,0.0,0.20000000298023224
-144,Tà Hừa,2025-08-24T16:00:00.000,0.0,0.20000000298023224
-144,Tà Hừa,2025-08-24T17:00:00.000,0.0,0.20000000298023224
-144,Tà Hừa,2025-08-24T18:00:00.000,0.0,0.20000000298023224
-144,Tà Hừa,2025-08-24T19:00:00.000,8.199999809265137,8.399999812245369
-144,Tà Hừa,2025-08-24T20:00:00.000,0.0,8.399999812245369
-144,Tà Hừa,2025-08-24T21:00:00.000,0.0,8.399999812245369
-144,Tà Hừa,2025-08-24T22:00:00.000,0.0,8.399999812245369
-144,Tà Hừa,2025-08-24T23:00:00.000,0.0,8.399999812245369
-144,Tà Hừa,2025-08-25T00:00:00.000,0.0,0.0
-144,Tà Hừa,2025-08-25T01:00:00.000,0.0,0.0
-144,Tà Hừa,2025-08-25T02:00:00.000,0.0,0.0
-144,Tà Hừa,2025-08-25T03:00:00.000,0.0,0.0
-144,Tà Hừa,2025-08-25T04:00:00.000,0.0,0.0
-144,Tà Hừa,2025-08-25T05:00:00.000,3.0,3.0
-144,Tà Hừa,2025-08-25T06:00:00.000,0.20000000298023224,3.2000000029802322
-144,Tà Hừa,2025-08-25T07:00:00.000,0.800000011920929,4.000000014901161
-144,Tà Hừa,2025-08-25T08:00:00.000,0.0,4.000000014901161
-144,Tà Hừa,2025-08-25T09:00:00.000,0.0,4.000000014901161
-144,Tà Hừa,2025-08-25T10:00:00.000,0.0,4.000000014901161
-144,Tà Hừa,2025-08-25T11:00:00.000,0.0,4.000000014901161
-144,Tà Hừa,2025-08-25T12:00:00.000,0.0,4.000000014901161
-144,Tà Hừa,2025-08-25T13:00:00.000,0.0,4.000000014901161
-144,Tà Hừa,2025-08-25T14:00:00.000,0.0,4.000000014901161
-144,Tà Hừa,2025-08-25T15:00:00.000,0.0,4.000000014901161
-144,Tà Hừa,2025-08-25T16:00:00.000,1.0,5.000000014901161
-144,Tà Hừa,2025-08-25T17:00:00.000,0.800000011920929,5.80000002682209
-144,Tà Hừa,2025-08-25T18:00:00.000,0.0,5.80000002682209
-144,Tà Hừa,2025-08-25T19:00:00.000,0.0,5.80000002682209
-144,Tà Hừa,2025-08-25T20:00:00.000,0.0,5.80000002682209
-144,Tà Hừa,2025-08-25T21:00:00.000,0.0,5.80000002682209
-144,Tà Hừa,2025-08-25T22:00:00.000,0.0,5.80000002682209
-144,Tà Hừa,2025-08-25T23:00:00.000,0.0,5.80000002682209
-144,Tà Hừa,2025-08-26T00:00:00.000,0.0,0.0
-144,Tà Hừa,2025-08-26T01:00:00.000,0.0,0.0
-144,Tà Hừa,2025-08-26T02:00:00.000,0.0,0.0
-144,Tà Hừa,2025-08-26T03:00:00.000,0.0,0.0
-144,Tà Hừa,2025-08-26T04:00:00.000,0.20000000298023224,0.20000000298023224
-144,Tà Hừa,2025-08-26T05:00:00.000,0.0,0.20000000298023224
-144,Tà Hừa,2025-08-26T06:00:00.000,0.20000000298023224,0.4000000059604645
-144,Tà Hừa,2025-08-26T07:00:00.000,0.0,0.4000000059604645
-144,Tà Hừa,2025-08-26T08:00:00.000,1.399999976158142,1.7999999821186066
-144,Tà Hừa,2025-08-26T09:00:00.000,0.4000000059604645,2.199999988079071
-144,Tà Hừa,2025-08-26T10:00:00.000,2.5999999046325684,4.799999892711639
-144,Tà Hừa,2025-08-26T11:00:00.000,4.800000190734863,9.600000083446503
-144,Tà Hừa,2025-08-26T12:00:00.000,2.4000000953674316,12.000000178813934
-144,Tà Hừa,2025-08-26T13:00:00.000,3.4000000953674316,15.400000274181366
-144,Tà Hừa,2025-08-26T14:00:00.000,2.4000000953674316,17.800000369548798
-144,Tà Hừa,2025-08-26T15:00:00.000,3.200000047683716,21.000000417232513
-144,Tà Hừa,2025-08-26T16:00:00.000,2.0,23.000000417232513
-144,Tà Hừa,2025-08-26T17:00:00.000,0.20000000298023224,23.200000420212746
-144,Tà Hừa,2025-08-26T18:00:00.000,0.20000000298023224,23.400000423192978
-144,Tà Hừa,2025-08-26T19:00:00.000,0.0,23.400000423192978
-144,Tà Hừa,2025-08-26T20:00:00.000,0.0,23.400000423192978
-144,Tà Hừa,2025-08-26T21:00:00.000,0.0,23.400000423192978
-144,Tà Hừa,2025-08-26T22:00:00.000,0.0,23.400000423192978
-144,Tà Hừa,2025-08-26T23:00:00.000,0.0,23.400000423192978
-144,Tà Hừa,2025-08-27T00:00:00.000,0.0,0.0
-144,Tà Hừa,2025-08-27T01:00:00.000,0.0,0.0
-144,Tà Hừa,2025-08-27T02:00:00.000,0.0,0.0
-144,Tà Hừa,2025-08-27T03:00:00.000,0.0,0.0
-144,Tà Hừa,2025-08-27T04:00:00.000,0.0,0.0
-144,Tà Hừa,2025-08-27T05:00:00.000,0.0,0.0
-144,Tà Hừa,2025-08-27T06:00:00.000,0.0,0.0
-144,Tà Hừa,2025-08-27T07:00:00.000,0.0,0.0
-144,Tà Hừa,2025-08-27T08:00:00.000,0.0,0.0
-144,Tà Hừa,2025-08-27T09:00:00.000,0.0,0.0
-144,Tà Hừa,2025-08-27T10:00:00.000,0.0,0.0
-144,Tà Hừa,2025-08-27T11:00:00.000,0.0,0.0
-144,Tà Hừa,2025-08-27T12:00:00.000,0.0,0.0
-144,Tà Hừa,2025-08-27T13:00:00.000,0.0,0.0
-144,Tà Hừa,2025-08-27T14:00:00.000,0.0,0.0
-144,Tà Hừa,2025-08-27T15:00:00.000,0.0,0.0
-144,Tà Hừa,2025-08-27T16:00:00.000,0.0,0.0
-144,Tà Hừa,2025-08-27T17:00:00.000,0.0,0.0
-144,Tà Hừa,2025-08-27T18:00:00.000,0.0,0.0
-144,Tà Hừa,2025-08-27T19:00:00.000,0.0,0.0
-144,Tà Hừa,2025-08-27T20:00:00.000,0.0,0.0
-144,Tà Hừa,2025-08-27T21:00:00.000,0.0,0.0
-144,Tà Hừa,2025-08-27T22:00:00.000,0.0,0.0
-144,Tà Hừa,2025-08-27T23:00:00.000,0.0,0.0
-144,Tà Hừa,2025-08-28T00:00:00.000,0.0,0.0
-144,Tà Hừa,2025-08-28T01:00:00.000,0.0,0.0
-144,Tà Hừa,2025-08-28T02:00:00.000,0.0,0.0
-144,Tà Hừa,2025-08-28T03:00:00.000,0.0,0.0
-144,Tà Hừa,2025-08-28T04:00:00.000,0.0,0.0
-144,Tà Hừa,2025-08-28T05:00:00.000,0.0,0.0
-144,Tà Hừa,2025-08-28T06:00:00.000,0.0,0.0
-144,Tà Hừa,2025-08-28T07:00:00.000,0.0,0.0
-144,Tà Hừa,2025-08-28T08:00:00.000,0.0,0.0
-144,Tà Hừa,2025-08-28T09:00:00.000,0.0,0.0
-144,Tà Hừa,2025-08-28T10:00:00.000,0.0,0.0
-144,Tà Hừa,2025-08-28T11:00:00.000,0.0,0.0
-144,Tà Hừa,2025-08-28T12:00:00.000,0.0,0.0
-144,Tà Hừa,2025-08-28T13:00:00.000,0.0,0.0
-144,Tà Hừa,2025-08-28T14:00:00.000,0.0,0.0
-144,Tà Hừa,2025-08-28T15:00:00.000,0.0,0.0
-144,Tà Hừa,2025-08-28T16:00:00.000,0.0,0.0
-144,Tà Hừa,2025-08-28T17:00:00.000,0.20000000298023224,0.20000000298023224
-144,Tà Hừa,2025-08-28T18:00:00.000,1.0,1.2000000029802322
-144,Tà Hừa,2025-08-28T19:00:00.000,0.0,1.2000000029802322
-144,Tà Hừa,2025-08-28T20:00:00.000,0.0,1.2000000029802322
-144,Tà Hừa,2025-08-28T21:00:00.000,0.0,1.2000000029802322
-144,Tà Hừa,2025-08-28T22:00:00.000,0.0,1.2000000029802322
-144,Tà Hừa,2025-08-28T23:00:00.000,0.0,1.2000000029802322
-144,Tà Hừa,2025-08-29T00:00:00.000,0.0,0.0
-144,Tà Hừa,2025-08-29T01:00:00.000,0.0,0.0
-144,Tà Hừa,2025-08-29T02:00:00.000,0.0,0.0
-144,Tà Hừa,2025-08-29T03:00:00.000,0.0,0.0
-144,Tà Hừa,2025-08-29T04:00:00.000,0.0,0.0
-144,Tà Hừa,2025-08-29T05:00:00.000,0.0,0.0
-144,Tà Hừa,2025-08-29T06:00:00.000,0.0,0.0
-144,Tà Hừa,2025-08-29T07:00:00.000,0.0,0.0
-144,Tà Hừa,2025-08-29T08:00:00.000,0.0,0.0
-144,Tà Hừa,2025-08-29T09:00:00.000,0.0,0.0
-144,Tà Hừa,2025-08-29T10:00:00.000,0.0,0.0
-144,Tà Hừa,2025-08-29T11:00:00.000,0.0,0.0
-144,Tà Hừa,2025-08-29T12:00:00.000,0.0,0.0
-144,Tà Hừa,2025-08-29T13:00:00.000,0.0,0.0
-144,Tà Hừa,2025-08-29T14:00:00.000,0.0,0.0
-144,Tà Hừa,2025-08-29T15:00:00.000,0.0,0.0
-144,Tà Hừa,2025-08-29T16:00:00.000,0.0,0.0
-144,Tà Hừa,2025-08-29T17:00:00.000,0.0,0.0
-144,Tà Hừa,2025-08-29T18:00:00.000,0.0,0.0
-144,Tà Hừa,2025-08-29T19:00:00.000,0.0,0.0
-144,Tà Hừa,2025-08-29T20:00:00.000,0.0,0.0
-144,Tà Hừa,2025-08-29T21:00:00.000,0.0,0.0
-144,Tà Hừa,2025-08-29T22:00:00.000,0.0,0.0
-144,Tà Hừa,2025-08-29T23:00:00.000,0.0,0.0
-144,Tà Hừa,2025-08-30T00:00:00.000,0.0,0.0
-144,Tà Hừa,2025-08-30T01:00:00.000,0.0,0.0
-144,Tà Hừa,2025-08-30T02:00:00.000,0.0,0.0
-144,Tà Hừa,2025-08-30T03:00:00.000,0.0,0.0
-144,Tà Hừa,2025-08-30T04:00:00.000,0.0,0.0
-144,Tà Hừa,2025-08-30T05:00:00.000,0.0,0.0
-144,Tà Hừa,2025-08-30T06:00:00.000,0.0,0.0
-144,Tà Hừa,2025-08-30T07:00:00.000,0.0,0.0
-144,Tà Hừa,2025-08-30T08:00:00.000,0.0,0.0
-144,Tà Hừa,2025-08-30T09:00:00.000,0.0,0.0
-144,Tà Hừa,2025-08-30T10:00:00.000,0.0,0.0
-144,Tà Hừa,2025-08-30T11:00:00.000,0.0,0.0
-144,Tà Hừa,2025-08-30T12:00:00.000,0.0,0.0
-144,Tà Hừa,2025-08-30T13:00:00.000,0.0,0.0
-144,Tà Hừa,2025-08-30T14:00:00.000,0.0,0.0
-144,Tà Hừa,2025-08-30T15:00:00.000,0.0,0.0
-144,Tà Hừa,2025-08-30T16:00:00.000,0.0,0.0
-144,Tà Hừa,2025-08-30T17:00:00.000,0.0,0.0
-144,Tà Hừa,2025-08-30T18:00:00.000,0.0,0.0
-144,Tà Hừa,2025-08-30T19:00:00.000,0.0,0.0
-144,Tà Hừa,2025-08-30T20:00:00.000,0.0,0.0
-144,Tà Hừa,2025-08-30T21:00:00.000,1.0,1.0
-144,Tà Hừa,2025-08-30T22:00:00.000,0.6000000238418579,1.600000023841858
-144,Tà Hừa,2025-08-30T23:00:00.000,0.0,1.600000023841858
-144,Tà Hừa,2025-08-31T00:00:00.000,0.0,1.600000023841858
-144,Tà Hừa,2025-08-31T01:00:00.000,0.0,1.600000023841858
-144,Tà Hừa,2025-08-31T02:00:00.000,0.0,1.600000023841858
-144,Tà Hừa,2025-08-31T03:00:00.000,0.0,1.600000023841858
-144,Tà Hừa,2025-08-31T04:00:00.000,0.0,1.600000023841858
-144,Tà Hừa,2025-08-31T05:00:00.000,0.20000000298023224,1.8000000268220901
-144,Tà Hừa,2025-08-31T06:00:00.000,0.0,1.8000000268220901
-144,Tà Hừa,2025-08-31T07:00:00.000,0.0,1.8000000268220901
-144,Tà Hừa,2025-08-31T08:00:00.000,0.0,1.8000000268220901
-144,Tà Hừa,2025-08-31T09:00:00.000,0.0,1.8000000268220901
-144,Tà Hừa,2025-08-31T10:00:00.000,0.0,1.8000000268220901
-144,Tà Hừa,2025-08-31T11:00:00.000,0.0,1.8000000268220901
-144,Tà Hừa,2025-08-31T12:00:00.000,0.0,1.8000000268220901
-144,Tà Hừa,2025-08-31T13:00:00.000,0.0,1.8000000268220901
-144,Tà Hừa,2025-08-31T14:00:00.000,0.4000000059604645,2.2000000327825546
-144,Tà Hừa,2025-08-31T15:00:00.000,0.20000000298023224,2.400000035762787
-144,Tà Hừa,2025-08-31T16:00:00.000,0.0,2.400000035762787
-144,Tà Hừa,2025-08-31T17:00:00.000,0.0,2.400000035762787
-144,Tà Hừa,2025-08-31T18:00:00.000,0.0,2.400000035762787
-144,Tà Hừa,2025-08-31T19:00:00.000,0.6000000238418579,3.0000000596046448
-144,Tà Hừa,2025-08-31T20:00:00.000,0.0,3.0000000596046448
-144,Tà Hừa,2025-08-31T21:00:00.000,0.0,3.0000000596046448
-144,Tà Hừa,2025-08-31T22:00:00.000,0.0,3.0000000596046448
-144,Tà Hừa,2025-08-31T23:00:00.000,0.0,3.0000000596046448
-144,Tà Hừa,2025-09-01T00:00:00.000,0.0,0.0
-144,Tà Hừa,2025-09-01T01:00:00.000,0.0,0.0
-144,Tà Hừa,2025-09-01T02:00:00.000,0.0,0.0
-144,Tà Hừa,2025-09-01T03:00:00.000,0.0,0.0
-144,Tà Hừa,2025-09-01T04:00:00.000,0.0,0.0
-144,Tà Hừa,2025-09-01T05:00:00.000,0.0,0.0
-144,Tà Hừa,2025-09-01T06:00:00.000,0.0,0.0
-144,Tà Hừa,2025-09-01T07:00:00.000,0.0,0.0
-144,Tà Hừa,2025-09-01T08:00:00.000,0.0,0.0
-144,Tà Hừa,2025-09-01T09:00:00.000,0.0,0.0
-144,Tà Hừa,2025-09-01T10:00:00.000,0.0,0.0
-144,Tà Hừa,2025-09-01T11:00:00.000,0.0,0.0
-144,Tà Hừa,2025-09-01T12:00:00.000,0.0,0.0
-144,Tà Hừa,2025-09-01T13:00:00.000,0.0,0.0
-144,Tà Hừa,2025-09-01T14:00:00.000,0.0,0.0
-144,Tà Hừa,2025-09-01T15:00:00.000,0.0,0.0
-144,Tà Hừa,2025-09-01T16:00:00.000,0.0,0.0
-144,Tà Hừa,2025-09-01T17:00:00.000,0.0,0.0
-144,Tà Hừa,2025-09-01T18:00:00.000,0.0,0.0
-144,Tà Hừa,2025-09-01T19:00:00.000,0.0,0.0
-144,Tà Hừa,2025-09-01T20:00:00.000,0.0,0.0
-144,Tà Hừa,2025-09-01T21:00:00.000,0.0,0.0
-144,Tà Hừa,2025-09-01T22:00:00.000,0.0,0.0
-144,Tà Hừa,2025-09-01T23:00:00.000,0.0,0.0
-144,Tà Hừa,2025-09-02T00:00:00.000,0.0,0.0
-144,Tà Hừa,2025-09-02T01:00:00.000,0.0,0.0
-144,Tà Hừa,2025-09-02T02:00:00.000,0.0,0.0
-144,Tà Hừa,2025-09-02T03:00:00.000,0.0,0.0
-144,Tà Hừa,2025-09-02T04:00:00.000,0.0,0.0
-144,Tà Hừa,2025-09-02T05:00:00.000,0.0,0.0
-144,Tà Hừa,2025-09-02T06:00:00.000,0.0,0.0
-144,Tà Hừa,2025-09-02T07:00:00.000,0.0,0.0
-144,Tà Hừa,2025-09-02T08:00:00.000,0.0,0.0
-144,Tà Hừa,2025-09-02T09:00:00.000,0.0,0.0
-144,Tà Hừa,2025-09-02T10:00:00.000,0.0,0.0
-144,Tà Hừa,2025-09-02T11:00:00.000,0.0,0.0
-144,Tà Hừa,2025-09-02T12:00:00.000,0.0,0.0
-144,Tà Hừa,2025-09-02T13:00:00.000,0.0,0.0
-144,Tà Hừa,2025-09-02T14:00:00.000,0.0,0.0
-144,Tà Hừa,2025-09-02T15:00:00.000,0.0,0.0
-144,Tà Hừa,2025-09-02T16:00:00.000,0.0,0.0
-144,Tà Hừa,2025-09-02T17:00:00.000,0.0,0.0
-144,Tà Hừa,2025-09-02T18:00:00.000,0.0,0.0
-144,Tà Hừa,2025-09-02T19:00:00.000,0.0,0.0
-144,Tà Hừa,2025-09-02T20:00:00.000,0.0,0.0
-144,Tà Hừa,2025-09-02T21:00:00.000,0.0,0.0
-144,Tà Hừa,2025-09-02T22:00:00.000,0.0,0.0
-144,Tà Hừa,2025-09-02T23:00:00.000,0.0,0.0
-144,Tà Hừa,2025-09-03T00:00:00.000,0.0,0.0
-144,Tà Hừa,2025-09-03T01:00:00.000,0.0,0.0
-144,Tà Hừa,2025-09-03T02:00:00.000,0.0,0.0
-144,Tà Hừa,2025-09-03T03:00:00.000,0.0,0.0
-144,Tà Hừa,2025-09-03T04:00:00.000,0.0,0.0
-144,Tà Hừa,2025-09-03T05:00:00.000,0.0,0.0
-144,Tà Hừa,2025-09-03T06:00:00.000,0.0,0.0
-144,Tà Hừa,2025-09-03T07:00:00.000,0.0,0.0
-144,Tà Hừa,2025-09-03T08:00:00.000,0.0,0.0
-144,Tà Hừa,2025-09-03T09:00:00.000,0.0,0.0
-144,Tà Hừa,2025-09-03T10:00:00.000,0.0,0.0
-144,Tà Hừa,2025-09-03T11:00:00.000,0.0,0.0
-144,Tà Hừa,2025-09-03T12:00:00.000,0.0,0.0
-144,Tà Hừa,2025-09-03T13:00:00.000,0.0,0.0
-144,Tà Hừa,2025-09-03T14:00:00.000,0.0,0.0
-144,Tà Hừa,2025-09-03T15:00:00.000,0.0,0.0
-144,Tà Hừa,2025-09-03T16:00:00.000,0.0,0.0
-144,Tà Hừa,2025-09-03T17:00:00.000,0.0,0.0
-144,Tà Hừa,2025-09-03T18:00:00.000,0.0,0.0
-144,Tà Hừa,2025-09-03T19:00:00.000,0.0,0.0
-144,Tà Hừa,2025-09-03T20:00:00.000,0.0,0.0
-144,Tà Hừa,2025-09-03T21:00:00.000,0.0,0.0
-144,Tà Hừa,2025-09-03T22:00:00.000,0.0,0.0
-144,Tà Hừa,2025-09-03T23:00:00.000,0.0,0.0
-144,Tà Hừa,2025-09-04T00:00:00.000,0.0,0.0
-144,Tà Hừa,2025-09-04T01:00:00.000,0.0,0.0
-144,Tà Hừa,2025-09-04T02:00:00.000,0.0,0.0
-144,Tà Hừa,2025-09-04T03:00:00.000,0.0,0.0
-144,Tà Hừa,2025-09-04T04:00:00.000,0.0,0.0
-144,Tà Hừa,2025-09-04T05:00:00.000,0.0,0.0
-144,Tà Hừa,2025-09-04T06:00:00.000,0.0,0.0
-144,Tà Hừa,2025-09-04T07:00:00.000,0.0,0.0
-144,Tà Hừa,2025-09-04T08:00:00.000,0.0,0.0
-144,Tà Hừa,2025-09-04T09:00:00.000,0.0,0.0
-144,Tà Hừa,2025-09-04T10:00:00.000,0.0,0.0
-144,Tà Hừa,2025-09-04T11:00:00.000,0.0,0.0
-144,Tà Hừa,2025-09-04T12:00:00.000,0.0,0.0
-144,Tà Hừa,2025-09-04T13:00:00.000,0.0,0.0
-144,Tà Hừa,2025-09-04T14:00:00.000,0.0,0.0
-144,Tà Hừa,2025-09-04T15:00:00.000,0.0,0.0
-144,Tà Hừa,2025-09-04T16:00:00.000,0.0,0.0
-144,Tà Hừa,2025-09-04T17:00:00.000,0.0,0.0
-144,Tà Hừa,2025-09-04T18:00:00.000,0.0,0.0
-144,Tà Hừa,2025-09-04T19:00:00.000,0.0,0.0
-144,Tà Hừa,2025-09-04T20:00:00.000,0.0,0.0
-144,Tà Hừa,2025-09-04T21:00:00.000,0.0,0.0
-144,Tà Hừa,2025-09-04T22:00:00.000,0.0,0.0
-144,Tà Hừa,2025-09-04T23:00:00.000,0.0,0.0
-144,Tà Hừa,2025-09-05T00:00:00.000,0.0,0.0
-144,Tà Hừa,2025-09-05T01:00:00.000,0.0,0.0
-144,Tà Hừa,2025-09-05T02:00:00.000,0.0,0.0
-144,Tà Hừa,2025-09-05T03:00:00.000,0.0,0.0
-144,Tà Hừa,2025-09-05T04:00:00.000,0.0,0.0
-144,Tà Hừa,2025-09-05T05:00:00.000,0.0,0.0
-144,Tà Hừa,2025-09-05T06:00:00.000,0.0,0.0
-144,Tà Hừa,2025-09-05T07:00:00.000,0.0,0.0
-144,Tà Hừa,2025-09-05T08:00:00.000,0.0,0.0
-144,Tà Hừa,2025-09-05T09:00:00.000,0.0,0.0
-144,Tà Hừa,2025-09-05T10:00:00.000,0.0,0.0
-144,Tà Hừa,2025-09-05T11:00:00.000,0.0,0.0
-144,Tà Hừa,2025-09-05T12:00:00.000,0.0,0.0
-144,Tà Hừa,2025-09-05T13:00:00.000,0.0,0.0
-144,Tà Hừa,2025-09-05T14:00:00.000,2.799999952316284,2.799999952316284
-144,Tà Hừa,2025-09-05T15:00:00.000,0.0,2.799999952316284
-144,Tà Hừa,2025-09-05T16:00:00.000,0.0,2.799999952316284
-144,Tà Hừa,2025-09-05T17:00:00.000,0.0,2.799999952316284
-144,Tà Hừa,2025-09-05T18:00:00.000,0.0,2.799999952316284
-144,Tà Hừa,2025-09-05T19:00:00.000,0.0,2.799999952316284
-144,Tà Hừa,2025-09-05T20:00:00.000,0.0,2.799999952316284
-144,Tà Hừa,2025-09-05T21:00:00.000,0.0,2.799999952316284
-144,Tà Hừa,2025-09-05T22:00:00.000,0.0,2.799999952316284
-144,Tà Hừa,2025-09-05T23:00:00.000,0.0,2.799999952316284
-144,Tà Hừa,2025-09-06T00:00:00.000,0.0,0.0
-144,Tà Hừa,2025-09-06T01:00:00.000,0.0,0.0
-144,Tà Hừa,2025-09-06T02:00:00.000,0.0,0.0
-144,Tà Hừa,2025-09-06T03:00:00.000,0.0,0.0
-144,Tà Hừa,2025-09-06T04:00:00.000,0.0,0.0
-144,Tà Hừa,2025-09-06T05:00:00.000,0.0,0.0
-144,Tà Hừa,2025-09-06T06:00:00.000,0.20000000298023224,0.20000000298023224
-144,Tà Hừa,2025-09-06T07:00:00.000,0.0,0.20000000298023224
-144,Tà Hừa,2025-09-06T08:00:00.000,0.0,0.20000000298023224
-144,Tà Hừa,2025-09-06T09:00:00.000,0.0,0.20000000298023224
-144,Tà Hừa,2025-09-06T10:00:00.000,0.0,0.20000000298023224
-144,Tà Hừa,2025-09-06T11:00:00.000,0.0,0.20000000298023224
-144,Tà Hừa,2025-09-06T12:00:00.000,0.0,0.20000000298023224
-144,Tà Hừa,2025-09-06T13:00:00.000,0.0,0.20000000298023224
-144,Tà Hừa,2025-09-06T14:00:00.000,0.0,0.20000000298023224
-144,Tà Hừa,2025-09-06T15:00:00.000,0.0,0.20000000298023224
-144,Tà Hừa,2025-09-06T16:00:00.000,0.0,0.20000000298023224
-144,Tà Hừa,2025-09-06T17:00:00.000,0.0,0.20000000298023224
-144,Tà Hừa,2025-09-06T18:00:00.000,0.0,0.20000000298023224
-144,Tà Hừa,2025-09-06T19:00:00.000,0.0,0.20000000298023224
-144,Tà Hừa,2025-09-06T20:00:00.000,0.0,0.20000000298023224
-144,Tà Hừa,2025-09-06T21:00:00.000,0.0,0.20000000298023224
-144,Tà Hừa,2025-09-06T22:00:00.000,0.0,0.20000000298023224
-144,Tà Hừa,2025-09-06T23:00:00.000,0.0,0.20000000298023224
-144,Tà Hừa,2025-09-07T00:00:00.000,0.0,0.0
-144,Tà Hừa,2025-09-07T01:00:00.000,0.0,0.0
-144,Tà Hừa,2025-09-07T02:00:00.000,0.0,0.0
-144,Tà Hừa,2025-09-07T03:00:00.000,0.0,0.0
-144,Tà Hừa,2025-09-07T04:00:00.000,0.0,0.0
-144,Tà Hừa,2025-09-07T05:00:00.000,0.0,0.0
-144,Tà Hừa,2025-09-07T06:00:00.000,0.0,0.0
-144,Tà Hừa,2025-09-07T07:00:00.000,0.0,0.0
-144,Tà Hừa,2025-09-07T08:00:00.000,0.0,0.0
-144,Tà Hừa,2025-09-07T09:00:00.000,0.0,0.0
-144,Tà Hừa,2025-09-07T10:00:00.000,0.0,0.0
-144,Tà Hừa,2025-09-07T11:00:00.000,0.0,0.0
-144,Tà Hừa,2025-09-07T12:00:00.000,0.0,0.0
-144,Tà Hừa,2025-09-07T13:00:00.000,0.0,0.0
-144,Tà Hừa,2025-09-07T14:00:00.000,0.0,0.0
-144,Tà Hừa,2025-09-07T15:00:00.000,0.0,0.0
-144,Tà Hừa,2025-09-07T16:00:00.000,0.0,0.0
-144,Tà Hừa,2025-09-07T17:00:00.000,0.0,0.0
-144,Tà Hừa,2025-09-07T18:00:00.000,0.0,0.0
-144,Tà Hừa,2025-09-07T19:00:00.000,0.0,0.0
-144,Tà Hừa,2025-09-07T20:00:00.000,0.0,0.0
-144,Tà Hừa,2025-09-07T21:00:00.000,0.0,0.0
-144,Tà Hừa,2025-09-07T22:00:00.000,0.0,0.0
-144,Tà Hừa,2025-09-07T23:00:00.000,0.0,0.0
-144,Tà Hừa,2025-09-08T00:00:00.000,0.0,0.0
-144,Tà Hừa,2025-09-08T01:00:00.000,0.0,0.0
-144,Tà Hừa,2025-09-08T02:00:00.000,0.0,0.0
-144,Tà Hừa,2025-09-08T03:00:00.000,0.0,0.0
-144,Tà Hừa,2025-09-08T04:00:00.000,0.0,0.0
-144,Tà Hừa,2025-09-08T05:00:00.000,0.0,0.0
-144,Tà Hừa,2025-09-08T06:00:00.000,0.0,0.0
-144,Tà Hừa,2025-09-08T07:00:00.000,0.0,0.0
-144,Tà Hừa,2025-09-08T08:00:00.000,0.0,0.0
-144,Tà Hừa,2025-09-08T09:00:00.000,0.0,0.0
-144,Tà Hừa,2025-09-08T10:00:00.000,0.0,0.0
-144,Tà Hừa,2025-09-08T11:00:00.000,0.0,0.0
-144,Tà Hừa,2025-09-08T12:00:00.000,0.0,0.0
-144,Tà Hừa,2025-09-08T13:00:00.000,0.0,0.0
-144,Tà Hừa,2025-09-08T14:00:00.000,0.0,0.0
-144,Tà Hừa,2025-09-08T15:00:00.000,0.0,0.0
-144,Tà Hừa,2025-09-08T16:00:00.000,0.0,0.0
-144,Tà Hừa,2025-09-08T17:00:00.000,0.0,0.0
-144,Tà Hừa,2025-09-08T18:00:00.000,0.0,0.0
-144,Tà Hừa,2025-09-08T19:00:00.000,0.0,0.0
-144,Tà Hừa,2025-09-08T20:00:00.000,0.0,0.0
-144,Tà Hừa,2025-09-08T21:00:00.000,0.0,0.0
-144,Tà Hừa,2025-09-08T22:00:00.000,0.0,0.0
-144,Tà Hừa,2025-09-08T23:00:00.000,0.0,0.0
-144,Tà Hừa,2025-09-09T00:00:00.000,0.0,0.0
-144,Tà Hừa,2025-09-09T01:00:00.000,0.0,0.0
-144,Tà Hừa,2025-09-09T02:00:00.000,0.0,0.0
-144,Tà Hừa,2025-09-09T03:00:00.000,0.0,0.0
-144,Tà Hừa,2025-09-09T04:00:00.000,6.199999809265137,6.199999809265137
-144,Tà Hừa,2025-09-09T05:00:00.000,4.800000190734863,11.0
-144,Tà Hừa,2025-09-09T06:00:00.000,0.0,11.0
-144,Tà Hừa,2025-09-09T07:00:00.000,0.0,11.0
-144,Tà Hừa,2025-09-09T08:00:00.000,0.0,11.0
-144,Tà Hừa,2025-09-09T09:00:00.000,2.799999952316284,13.799999952316284
-144,Tà Hừa,2025-09-09T10:00:00.000,10.199999809265137,23.99999976158142
-144,Tà Hừa,2025-09-09T11:00:00.000,4.400000095367432,28.399999856948853
-144,Tà Hừa,2025-09-09T12:00:00.000,0.800000011920929,29.19999986886978
-144,Tà Hừa,2025-09-09T13:00:00.000,0.0,29.19999986886978
-144,Tà Hừa,2025-09-09T14:00:00.000,0.0,29.19999986886978
-144,Tà Hừa,2025-09-09T15:00:00.000,0.0,29.19999986886978
-144,Tà Hừa,2025-09-09T16:00:00.000,0.0,29.19999986886978
-144,Tà Hừa,2025-09-09T17:00:00.000,0.0,29.19999986886978
-144,Tà Hừa,2025-09-09T18:00:00.000,0.0,29.19999986886978
-144,Tà Hừa,2025-09-09T19:00:00.000,0.0,29.19999986886978
-144,Tà Hừa,2025-09-09T20:00:00.000,0.0,29.19999986886978
-144,Tà Hừa,2025-09-09T21:00:00.000,0.0,29.19999986886978
-144,Tà Hừa,2025-09-09T22:00:00.000,0.0,29.19999986886978
-144,Tà Hừa,2025-09-09T23:00:00.000,0.0,29.19999986886978
-144,Tà Hừa,2025-09-10T00:00:00.000,0.0,0.0
-144,Tà Hừa,2025-09-10T01:00:00.000,0.0,0.0
-144,Tà Hừa,2025-09-10T02:00:00.000,0.0,0.0
-144,Tà Hừa,2025-09-10T03:00:00.000,0.0,0.0
-144,Tà Hừa,2025-09-10T04:00:00.000,0.0,0.0
-144,Tà Hừa,2025-09-10T05:00:00.000,0.0,0.0
-144,Tà Hừa,2025-09-10T06:00:00.000,0.0,0.0
-144,Tà Hừa,2025-09-10T07:00:00.000,0.0,0.0
-144,Tà Hừa,2025-09-10T08:00:00.000,0.0,0.0
-144,Tà Hừa,2025-09-10T09:00:00.000,0.0,0.0
-144,Tà Hừa,2025-09-10T10:00:00.000,0.0,0.0
-144,Tà Hừa,2025-09-10T11:00:00.000,0.0,0.0
-144,Tà Hừa,2025-09-10T12:00:00.000,0.0,0.0
-144,Tà Hừa,2025-09-10T13:00:00.000,0.0,0.0
-144,Tà Hừa,2025-09-10T14:00:00.000,0.0,0.0
-144,Tà Hừa,2025-09-10T15:00:00.000,0.0,0.0
-144,Tà Hừa,2025-09-10T16:00:00.000,0.0,0.0
-144,Tà Hừa,2025-09-10T17:00:00.000,0.0,0.0
-144,Tà Hừa,2025-09-10T18:00:00.000,0.0,0.0
-144,Tà Hừa,2025-09-10T19:00:00.000,0.0,0.0
-144,Tà Hừa,2025-09-10T20:00:00.000,0.0,0.0
-144,Tà Hừa,2025-09-10T21:00:00.000,0.0,0.0
-144,Tà Hừa,2025-09-10T22:00:00.000,0.0,0.0
-144,Tà Hừa,2025-09-10T23:00:00.000,0.0,0.0
-144,Tà Hừa,2025-09-11T00:00:00.000,5.199999809265137,5.199999809265137
-144,Tà Hừa,2025-09-11T01:00:00.000,54.599998474121094,59.79999828338623
-144,Tà Hừa,2025-09-11T02:00:00.000,13.399999618530273,73.1999979019165
-144,Tà Hừa,2025-09-11T03:00:00.000,31.799999237060547,104.99999713897705
-144,Tà Hừa,2025-09-11T04:00:00.000,21.200000762939453,126.1999979019165
-144,Tà Hừa,2025-09-11T05:00:00.000,6.0,132.1999979019165
-144,Tà Hừa,2025-09-11T06:00:00.000,2.200000047683716,134.39999794960022
-144,Tà Hừa,2025-09-11T07:00:00.000,4.400000095367432,138.79999804496765
-144,Tà Hừa,2025-09-11T08:00:00.000,3.0,141.79999804496765
-144,Tà Hừa,2025-09-11T09:00:00.000,2.0,143.79999804496765
-144,Tà Hừa,2025-09-11T10:00:00.000,0.6000000238418579,144.3999980688095
-144,Tà Hừa,2025-09-11T11:00:00.000,0.0,144.3999980688095
-144,Tà Hừa,2025-09-11T12:00:00.000,0.4000000059604645,144.79999807476997
-144,Tà Hừa,2025-09-11T13:00:00.000,0.0,144.79999807476997
-144,Tà Hừa,2025-09-11T14:00:00.000,0.0,144.79999807476997
-144,Tà Hừa,2025-09-11T15:00:00.000,0.0,144.79999807476997
-144,Tà Hừa,2025-09-11T16:00:00.000,0.0,144.79999807476997
-144,Tà Hừa,2025-09-11T17:00:00.000,0.0,144.79999807476997
-144,Tà Hừa,2025-09-11T18:00:00.000,0.0,144.79999807476997
-144,Tà Hừa,2025-09-11T19:00:00.000,0.0,144.79999807476997
-144,Tà Hừa,2025-09-11T20:00:00.000,0.0,144.79999807476997
-144,Tà Hừa,2025-09-11T21:00:00.000,0.0,144.79999807476997
-144,Tà Hừa,2025-09-11T22:00:00.000,0.0,144.79999807476997
-144,Tà Hừa,2025-09-11T23:00:00.000,0.0,144.79999807476997
-144,Tà Hừa,2025-09-12T00:00:00.000,0.0,0.0
-144,Tà Hừa,2025-09-12T01:00:00.000,0.0,0.0
-144,Tà Hừa,2025-09-12T02:00:00.000,0.0,0.0
-144,Tà Hừa,2025-09-12T03:00:00.000,0.20000000298023224,0.20000000298023224
-144,Tà Hừa,2025-09-12T04:00:00.000,1.600000023841858,1.8000000268220901
-144,Tà Hừa,2025-09-12T05:00:00.000,0.6000000238418579,2.400000050663948
-144,Tà Hừa,2025-09-12T06:00:00.000,0.4000000059604645,2.8000000566244125
-144,Tà Hừa,2025-09-12T07:00:00.000,0.20000000298023224,3.0000000596046448
-144,Tà Hừa,2025-09-12T08:00:00.000,0.0,3.0000000596046448
-144,Tà Hừa,2025-09-12T09:00:00.000,0.4000000059604645,3.4000000655651093
-144,Tà Hừa,2025-09-12T10:00:00.000,0.20000000298023224,3.6000000685453415
-144,Tà Hừa,2025-09-12T11:00:00.000,0.0,3.6000000685453415
-144,Tà Hừa,2025-09-12T12:00:00.000,0.0,3.6000000685453415
-144,Tà Hừa,2025-09-12T13:00:00.000,0.0,3.6000000685453415
-144,Tà Hừa,2025-09-12T14:00:00.000,1.0,4.6000000685453415
-144,Tà Hừa,2025-09-12T15:00:00.000,0.0,4.6000000685453415
-144,Tà Hừa,2025-09-12T16:00:00.000,0.0,4.6000000685453415
-144,Tà Hừa,2025-09-12T17:00:00.000,0.0,4.6000000685453415
-144,Tà Hừa,2025-09-12T18:00:00.000,0.0,4.6000000685453415
-144,Tà Hừa,2025-09-12T19:00:00.000,0.0,4.6000000685453415
-144,Tà Hừa,2025-09-12T20:00:00.000,0.0,4.6000000685453415
-144,Tà Hừa,2025-09-12T21:00:00.000,0.0,4.6000000685453415
-144,Tà Hừa,2025-09-12T22:00:00.000,0.0,4.6000000685453415
-144,Tà Hừa,2025-09-12T23:00:00.000,0.0,4.6000000685453415
-144,Tà Hừa,2025-09-13T00:00:00.000,0.0,0.0
-144,Tà Hừa,2025-09-13T01:00:00.000,0.20000000298023224,0.20000000298023224
-144,Tà Hừa,2025-09-13T02:00:00.000,0.20000000298023224,0.4000000059604645
-144,Tà Hừa,2025-09-13T03:00:00.000,0.0,0.4000000059604645
-144,Tà Hừa,2025-09-13T04:00:00.000,0.0,0.4000000059604645
-144,Tà Hừa,2025-09-13T05:00:00.000,0.0,0.4000000059604645
-144,Tà Hừa,2025-09-13T06:00:00.000,0.20000000298023224,0.6000000089406967
-144,Tà Hừa,2025-09-13T07:00:00.000,0.0,0.6000000089406967
-144,Tà Hừa,2025-09-13T08:00:00.000,0.0,0.6000000089406967
-144,Tà Hừa,2025-09-13T09:00:00.000,0.0,0.6000000089406967
-144,Tà Hừa,2025-09-13T10:00:00.000,0.0,0.6000000089406967
-144,Tà Hừa,2025-09-13T11:00:00.000,0.0,0.6000000089406967
-144,Tà Hừa,2025-09-13T12:00:00.000,0.0,0.6000000089406967
-144,Tà Hừa,2025-09-13T13:00:00.000,0.0,0.6000000089406967
-144,Tà Hừa,2025-09-13T14:00:00.000,0.0,0.6000000089406967
-144,Tà Hừa,2025-09-13T15:00:00.000,0.0,0.6000000089406967
-144,Tà Hừa,2025-09-13T16:00:00.000,0.0,0.6000000089406967
-144,Tà Hừa,2025-09-13T17:00:00.000,0.0,0.6000000089406967
-144,Tà Hừa,2025-09-13T18:00:00.000,0.0,0.6000000089406967
-144,Tà Hừa,2025-09-13T19:00:00.000,0.0,0.6000000089406967
-144,Tà Hừa,2025-09-13T20:00:00.000,0.0,0.6000000089406967
-144,Tà Hừa,2025-09-13T21:00:00.000,0.0,0.6000000089406967
-144,Tà Hừa,2025-09-13T22:00:00.000,0.0,0.6000000089406967
-144,Tà Hừa,2025-09-13T23:00:00.000,0.0,0.6000000089406967
-144,Tà Hừa,2025-09-14T00:00:00.000,0.0,0.0
-144,Tà Hừa,2025-09-14T01:00:00.000,0.0,0.0
-144,Tà Hừa,2025-09-14T02:00:00.000,0.0,0.0
-144,Tà Hừa,2025-09-14T03:00:00.000,0.0,0.0
-144,Tà Hừa,2025-09-14T04:00:00.000,0.0,0.0
-144,Tà Hừa,2025-09-14T05:00:00.000,0.0,0.0
-144,Tà Hừa,2025-09-14T06:00:00.000,0.0,0.0
-144,Tà Hừa,2025-09-14T07:00:00.000,0.0,0.0
-144,Tà Hừa,2025-09-14T08:00:00.000,0.0,0.0
-144,Tà Hừa,2025-09-14T09:00:00.000,0.0,0.0
-144,Tà Hừa,2025-09-14T10:00:00.000,0.0,0.0
-144,Tà Hừa,2025-09-14T11:00:00.000,0.0,0.0
-144,Tà Hừa,2025-09-14T12:00:00.000,0.0,0.0
-144,Tà Hừa,2025-09-14T13:00:00.000,0.0,0.0
-144,Tà Hừa,2025-09-14T14:00:00.000,0.0,0.0
-144,Tà Hừa,2025-09-14T15:00:00.000,0.0,0.0
-144,Tà Hừa,2025-09-14T16:00:00.000,0.0,0.0
-144,Tà Hừa,2025-09-14T17:00:00.000,0.0,0.0
-144,Tà Hừa,2025-09-14T18:00:00.000,0.0,0.0
-144,Tà Hừa,2025-09-14T19:00:00.000,0.0,0.0
-144,Tà Hừa,2025-09-14T20:00:00.000,0.0,0.0
-144,Tà Hừa,2025-09-14T21:00:00.000,0.0,0.0
-144,Tà Hừa,2025-09-14T22:00:00.000,0.0,0.0
-144,Tà Hừa,2025-09-14T23:00:00.000,0.0,0.0
-144,Tà Hừa,2025-09-15T00:00:00.000,0.0,0.0
-144,Tà Hừa,2025-09-15T01:00:00.000,0.0,0.0
-144,Tà Hừa,2025-09-15T02:00:00.000,0.0,0.0
-144,Tà Hừa,2025-09-15T03:00:00.000,0.0,0.0
-144,Tà Hừa,2025-09-15T04:00:00.000,0.0,0.0
-144,Tà Hừa,2025-09-15T05:00:00.000,0.0,0.0
-144,Tà Hừa,2025-09-15T06:00:00.000,0.0,0.0
-144,Tà Hừa,2025-09-15T07:00:00.000,7.400000095367432,7.400000095367432
-144,Tà Hừa,2025-09-15T08:00:00.000,5.800000190734863,13.200000286102295
-144,Tà Hừa,2025-09-15T09:00:00.000,0.0,13.200000286102295
-144,Tà Hừa,2025-09-15T10:00:00.000,0.0,13.200000286102295
-144,Tà Hừa,2025-09-15T11:00:00.000,0.0,13.200000286102295
-144,Tà Hừa,2025-09-15T12:00:00.000,0.0,13.200000286102295
-144,Tà Hừa,2025-09-15T13:00:00.000,0.0,13.200000286102295
-144,Tà Hừa,2025-09-15T14:00:00.000,0.0,13.200000286102295
-144,Tà Hừa,2025-09-15T15:00:00.000,0.0,13.200000286102295
-144,Tà Hừa,2025-09-15T16:00:00.000,0.0,13.200000286102295
-144,Tà Hừa,2025-09-15T17:00:00.000,0.0,13.200000286102295
-144,Tà Hừa,2025-09-15T18:00:00.000,0.0,13.200000286102295
-144,Tà Hừa,2025-09-15T19:00:00.000,0.0,13.200000286102295
-144,Tà Hừa,2025-09-15T20:00:00.000,0.0,13.200000286102295
-144,Tà Hừa,2025-09-15T21:00:00.000,0.0,13.200000286102295
-144,Tà Hừa,2025-09-15T22:00:00.000,0.0,13.200000286102295
-144,Tà Hừa,2025-09-15T23:00:00.000,0.0,13.200000286102295
-144,Tà Hừa,2025-09-16T00:00:00.000,0.0,0.0
-144,Tà Hừa,2025-09-16T01:00:00.000,0.0,0.0
-144,Tà Hừa,2025-09-16T02:00:00.000,0.0,0.0
-144,Tà Hừa,2025-09-16T03:00:00.000,0.0,0.0
-144,Tà Hừa,2025-09-16T04:00:00.000,0.4000000059604645,0.4000000059604645
-144,Tà Hừa,2025-09-16T05:00:00.000,0.0,0.4000000059604645
-144,Tà Hừa,2025-09-16T06:00:00.000,0.20000000298023224,0.6000000089406967
-144,Tà Hừa,2025-09-16T07:00:00.000,0.20000000298023224,0.800000011920929
-144,Tà Hừa,2025-09-16T08:00:00.000,0.0,0.800000011920929
-144,Tà Hừa,2025-09-16T09:00:00.000,0.0,0.800000011920929
-144,Tà Hừa,2025-09-16T10:00:00.000,0.0,0.800000011920929
-144,Tà Hừa,2025-09-16T11:00:00.000,0.0,0.800000011920929
-144,Tà Hừa,2025-09-16T12:00:00.000,0.0,0.800000011920929
-144,Tà Hừa,2025-09-16T13:00:00.000,0.0,0.800000011920929
-144,Tà Hừa,2025-09-16T14:00:00.000,0.0,0.800000011920929
-144,Tà Hừa,2025-09-16T15:00:00.000,0.0,0.800000011920929
-144,Tà Hừa,2025-09-16T16:00:00.000,0.0,0.800000011920929
-144,Tà Hừa,2025-09-16T17:00:00.000,0.0,0.800000011920929
-144,Tà Hừa,2025-09-16T18:00:00.000,0.0,0.800000011920929
-144,Tà Hừa,2025-09-16T19:00:00.000,0.0,0.800000011920929
-144,Tà Hừa,2025-09-16T20:00:00.000,0.0,0.800000011920929
-144,Tà Hừa,2025-09-16T21:00:00.000,0.0,0.800000011920929
-144,Tà Hừa,2025-09-16T22:00:00.000,0.0,0.800000011920929
-144,Tà Hừa,2025-09-16T23:00:00.000,0.0,0.800000011920929
-144,Tà Hừa,2025-09-17T00:00:00.000,0.0,0.0
-144,Tà Hừa,2025-09-17T01:00:00.000,0.0,0.0
-144,Tà Hừa,2025-09-17T02:00:00.000,0.0,0.0
-144,Tà Hừa,2025-09-17T03:00:00.000,0.0,0.0
-144,Tà Hừa,2025-09-17T04:00:00.000,0.0,0.0
-144,Tà Hừa,2025-09-17T05:00:00.000,0.0,0.0
-144,Tà Hừa,2025-09-17T06:00:00.000,0.0,0.0
-144,Tà Hừa,2025-09-17T07:00:00.000,0.0,0.0
-144,Tà Hừa,2025-09-17T08:00:00.000,0.0,0.0
-144,Tà Hừa,2025-09-17T09:00:00.000,0.0,0.0
-144,Tà Hừa,2025-09-17T10:00:00.000,0.0,0.0
-144,Tà Hừa,2025-09-17T11:00:00.000,0.0,0.0
-144,Tà Hừa,2025-09-17T12:00:00.000,0.0,0.0
-144,Tà Hừa,2025-09-17T13:00:00.000,0.0,0.0
-144,Tà Hừa,2025-09-17T14:00:00.000,0.0,0.0
-144,Tà Hừa,2025-09-17T15:00:00.000,0.0,0.0
-144,Tà Hừa,2025-09-17T16:00:00.000,0.0,0.0
-144,Tà Hừa,2025-09-17T17:00:00.000,0.0,0.0
-144,Tà Hừa,2025-09-17T18:00:00.000,0.0,0.0
-144,Tà Hừa,2025-09-17T19:00:00.000,0.0,0.0
-144,Tà Hừa,2025-09-17T20:00:00.000,0.0,0.0
-144,Tà Hừa,2025-09-17T21:00:00.000,0.0,0.0
-144,Tà Hừa,2025-09-17T22:00:00.000,0.0,0.0
-144,Tà Hừa,2025-09-17T23:00:00.000,0.0,0.0
-144,Tà Hừa,2025-09-18T00:00:00.000,0.0,0.0
-144,Tà Hừa,2025-09-18T01:00:00.000,0.0,0.0
-144,Tà Hừa,2025-09-18T02:00:00.000,0.0,0.0
-144,Tà Hừa,2025-09-18T03:00:00.000,0.0,0.0
-144,Tà Hừa,2025-09-18T04:00:00.000,0.0,0.0
-144,Tà Hừa,2025-09-18T05:00:00.000,0.0,0.0
-144,Tà Hừa,2025-09-18T06:00:00.000,0.0,0.0
-144,Tà Hừa,2025-09-18T07:00:00.000,0.0,0.0
-144,Tà Hừa,2025-09-18T08:00:00.000,0.0,0.0
-144,Tà Hừa,2025-09-18T09:00:00.000,0.0,0.0
-144,Tà Hừa,2025-09-18T10:00:00.000,0.0,0.0
-144,Tà Hừa,2025-09-18T11:00:00.000,0.0,0.0
-144,Tà Hừa,2025-09-18T12:00:00.000,0.0,0.0
-144,Tà Hừa,2025-09-18T13:00:00.000,0.0,0.0
-144,Tà Hừa,2025-09-18T14:00:00.000,0.0,0.0
-144,Tà Hừa,2025-09-18T15:00:00.000,0.0,0.0
-144,Tà Hừa,2025-09-18T16:00:00.000,0.0,0.0
-144,Tà Hừa,2025-09-18T17:00:00.000,0.0,0.0
-144,Tà Hừa,2025-09-18T18:00:00.000,0.0,0.0
-144,Tà Hừa,2025-09-18T19:00:00.000,0.0,0.0
-144,Tà Hừa,2025-09-18T20:00:00.000,0.0,0.0
-144,Tà Hừa,2025-09-18T21:00:00.000,0.0,0.0
-144,Tà Hừa,2025-09-18T22:00:00.000,0.0,0.0
-144,Tà Hừa,2025-09-18T23:00:00.000,0.0,0.0
-144,Tà Hừa,2025-09-19T00:00:00.000,0.0,0.0
-144,Tà Hừa,2025-09-19T01:00:00.000,0.0,0.0
-144,Tà Hừa,2025-09-19T02:00:00.000,0.0,0.0
-144,Tà Hừa,2025-09-19T03:00:00.000,0.0,0.0
-144,Tà Hừa,2025-09-19T04:00:00.000,0.0,0.0
-144,Tà Hừa,2025-09-19T05:00:00.000,0.0,0.0
-144,Tà Hừa,2025-09-19T06:00:00.000,0.0,0.0
-144,Tà Hừa,2025-09-19T07:00:00.000,0.0,0.0
-144,Tà Hừa,2025-09-19T08:00:00.000,0.0,0.0
-144,Tà Hừa,2025-09-19T09:00:00.000,0.0,0.0
-144,Tà Hừa,2025-09-19T10:00:00.000,0.0,0.0
-144,Tà Hừa,2025-09-19T11:00:00.000,0.0,0.0
-144,Tà Hừa,2025-09-19T12:00:00.000,0.0,0.0
-144,Tà Hừa,2025-09-19T13:00:00.000,0.0,0.0
-144,Tà Hừa,2025-09-19T14:00:00.000,0.0,0.0
-144,Tà Hừa,2025-09-19T15:00:00.000,0.20000000298023224,0.20000000298023224
-144,Tà Hừa,2025-09-19T16:00:00.000,1.399999976158142,1.5999999791383743
-144,Tà Hừa,2025-09-19T17:00:00.000,0.0,1.5999999791383743
-144,Tà Hừa,2025-09-19T18:00:00.000,0.0,1.5999999791383743
-144,Tà Hừa,2025-09-19T19:00:00.000,0.0,1.5999999791383743
-144,Tà Hừa,2025-09-19T20:00:00.000,0.0,1.5999999791383743
-144,Tà Hừa,2025-09-19T21:00:00.000,0.0,1.5999999791383743
-144,Tà Hừa,2025-09-19T22:00:00.000,0.0,1.5999999791383743
-144,Tà Hừa,2025-09-19T23:00:00.000,0.0,1.5999999791383743
-144,Tà Hừa,2025-09-20T00:00:00.000,0.0,0.0
-144,Tà Hừa,2025-09-20T01:00:00.000,0.0,0.0
-144,Tà Hừa,2025-09-20T02:00:00.000,0.0,0.0
-144,Tà Hừa,2025-09-20T03:00:00.000,0.0,0.0
-144,Tà Hừa,2025-09-20T04:00:00.000,0.0,0.0
-144,Tà Hừa,2025-09-20T05:00:00.000,0.0,0.0
-144,Tà Hừa,2025-09-20T06:00:00.000,0.0,0.0
-144,Tà Hừa,2025-09-20T07:00:00.000,0.0,0.0
-144,Tà Hừa,2025-09-20T08:00:00.000,0.0,0.0
-144,Tà Hừa,2025-09-20T09:00:00.000,0.0,0.0
-144,Tà Hừa,2025-09-20T10:00:00.000,0.0,0.0
-144,Tà Hừa,2025-09-20T11:00:00.000,0.0,0.0
-144,Tà Hừa,2025-09-20T12:00:00.000,0.0,0.0
-144,Tà Hừa,2025-09-20T13:00:00.000,0.0,0.0
-144,Tà Hừa,2025-09-20T14:00:00.000,0.0,0.0
-144,Tà Hừa,2025-09-20T15:00:00.000,0.0,0.0
-144,Tà Hừa,2025-09-20T16:00:00.000,0.0,0.0
-144,Tà Hừa,2025-09-20T17:00:00.000,0.0,0.0
-144,Tà Hừa,2025-09-20T18:00:00.000,0.0,0.0
-144,Tà Hừa,2025-09-20T19:00:00.000,0.0,0.0
-144,Tà Hừa,2025-09-20T20:00:00.000,0.0,0.0
-144,Tà Hừa,2025-09-20T21:00:00.000,0.0,0.0
-144,Tà Hừa,2025-09-20T22:00:00.000,0.0,0.0
-144,Tà Hừa,2025-09-20T23:00:00.000,0.0,0.0
-144,Tà Hừa,2025-09-21T00:00:00.000,0.0,0.0
-144,Tà Hừa,2025-09-21T01:00:00.000,0.0,0.0
-144,Tà Hừa,2025-09-21T02:00:00.000,0.0,0.0
-144,Tà Hừa,2025-09-21T03:00:00.000,0.0,0.0
-144,Tà Hừa,2025-09-21T04:00:00.000,0.0,0.0
-144,Tà Hừa,2025-09-21T05:00:00.000,0.0,0.0
-144,Tà Hừa,2025-09-21T06:00:00.000,0.0,0.0
-144,Tà Hừa,2025-09-21T07:00:00.000,0.0,0.0
-144,Tà Hừa,2025-09-21T08:00:00.000,0.0,0.0
-144,Tà Hừa,2025-09-21T09:00:00.000,0.0,0.0
-144,Tà Hừa,2025-09-21T10:00:00.000,0.0,0.0
-144,Tà Hừa,2025-09-21T11:00:00.000,0.0,0.0
-144,Tà Hừa,2025-09-21T12:00:00.000,0.0,0.0
-144,Tà Hừa,2025-09-21T13:00:00.000,0.0,0.0
-144,Tà Hừa,2025-09-21T14:00:00.000,0.0,0.0
-144,Tà Hừa,2025-09-21T15:00:00.000,0.0,0.0
-144,Tà Hừa,2025-09-21T16:00:00.000,0.0,0.0
-144,Tà Hừa,2025-09-21T17:00:00.000,0.0,0.0
-144,Tà Hừa,2025-09-21T18:00:00.000,0.0,0.0
-144,Tà Hừa,2025-09-21T19:00:00.000,0.0,0.0
-144,Tà Hừa,2025-09-21T20:00:00.000,0.0,0.0
-144,Tà Hừa,2025-09-21T21:00:00.000,0.0,0.0
-144,Tà Hừa,2025-09-21T22:00:00.000,0.0,0.0
-144,Tà Hừa,2025-09-21T23:00:00.000,0.0,0.0
-144,Tà Hừa,2025-09-22T00:00:00.000,0.0,0.0
-144,Tà Hừa,2025-09-22T01:00:00.000,0.0,0.0
-144,Tà Hừa,2025-09-22T02:00:00.000,0.0,0.0
-144,Tà Hừa,2025-09-22T03:00:00.000,0.0,0.0
-144,Tà Hừa,2025-09-22T04:00:00.000,38.79999923706055,38.79999923706055
-144,Tà Hừa,2025-09-22T05:00:00.000,0.6000000238418579,39.399999260902405
-144,Tà Hừa,2025-09-22T06:00:00.000,0.4000000059604645,39.79999926686287
-144,Tà Hừa,2025-09-22T07:00:00.000,0.0,39.79999926686287
-144,Tà Hừa,2025-09-22T08:00:00.000,0.0,39.79999926686287
-144,Tà Hừa,2025-09-22T09:00:00.000,0.0,39.79999926686287
-144,Tà Hừa,2025-09-22T10:00:00.000,0.0,39.79999926686287
-144,Tà Hừa,2025-09-22T11:00:00.000,0.0,39.79999926686287
-144,Tà Hừa,2025-09-22T12:00:00.000,0.0,39.79999926686287
-144,Tà Hừa,2025-09-22T13:00:00.000,0.0,39.79999926686287
-144,Tà Hừa,2025-09-22T14:00:00.000,0.0,39.79999926686287
-144,Tà Hừa,2025-09-22T15:00:00.000,0.0,39.79999926686287
-144,Tà Hừa,2025-09-22T16:00:00.000,0.0,39.79999926686287
-144,Tà Hừa,2025-09-22T17:00:00.000,0.20000000298023224,39.9999992698431
-144,Tà Hừa,2025-09-22T18:00:00.000,0.0,39.9999992698431
-144,Tà Hừa,2025-09-22T19:00:00.000,0.0,39.9999992698431
-144,Tà Hừa,2025-09-22T20:00:00.000,0.0,39.9999992698431
-144,Tà Hừa,2025-09-22T21:00:00.000,0.0,39.9999992698431
-144,Tà Hừa,2025-09-22T22:00:00.000,0.0,39.9999992698431
-144,Tà Hừa,2025-09-22T23:00:00.000,0.0,39.9999992698431
-144,Tà Hừa,2025-09-23T00:00:00.000,0.0,0.0
-144,Tà Hừa,2025-09-23T01:00:00.000,0.0,0.0
-144,Tà Hừa,2025-09-23T02:00:00.000,0.0,0.0
-144,Tà Hừa,2025-09-23T03:00:00.000,0.0,0.0
-144,Tà Hừa,2025-09-23T04:00:00.000,0.0,0.0
-144,Tà Hừa,2025-09-23T05:00:00.000,0.20000000298023224,0.20000000298023224
-144,Tà Hừa,2025-09-23T06:00:00.000,5.800000190734863,6.0000001937150955
-144,Tà Hừa,2025-09-23T07:00:00.000,19.0,25.000000193715096
-144,Tà Hừa,2025-09-23T08:00:00.000,0.4000000059604645,25.40000019967556
-144,Tà Hừa,2025-09-23T09:00:00.000,0.20000000298023224,25.600000202655792
-144,Tà Hừa,2025-09-23T10:00:00.000,0.4000000059604645,26.000000208616257
-144,Tà Hừa,2025-09-23T11:00:00.000,0.0,26.000000208616257
-144,Tà Hừa,2025-09-23T12:00:00.000,0.0,26.000000208616257
-144,Tà Hừa,2025-09-23T13:00:00.000,0.0,26.000000208616257
-144,Tà Hừa,2025-09-23T14:00:00.000,0.0,26.000000208616257
-144,Tà Hừa,2025-09-23T15:00:00.000,0.0,26.000000208616257
-144,Tà Hừa,2025-09-23T16:00:00.000,0.0,26.000000208616257
-144,Tà Hừa,2025-09-23T17:00:00.000,0.0,26.000000208616257
-144,Tà Hừa,2025-09-23T18:00:00.000,0.0,26.000000208616257
-144,Tà Hừa,2025-09-23T19:00:00.000,0.0,26.000000208616257
-144,Tà Hừa,2025-09-23T20:00:00.000,0.0,26.000000208616257
-144,Tà Hừa,2025-09-23T21:00:00.000,0.0,26.000000208616257
-144,Tà Hừa,2025-09-23T22:00:00.000,0.4000000059604645,26.40000021457672
-144,Tà Hừa,2025-09-23T23:00:00.000,0.0,26.40000021457672
-144,Tà Hừa,2025-09-24T00:00:00.000,0.0,0.4000000059604645
-144,Tà Hừa,2025-09-24T01:00:00.000,0.0,0.4000000059604645
-144,Tà Hừa,2025-09-24T02:00:00.000,0.6000000238418579,1.0000000298023224
-144,Tà Hừa,2025-09-24T03:00:00.000,0.0,1.0000000298023224
-144,Tà Hừa,2025-09-24T04:00:00.000,0.0,1.0000000298023224
-144,Tà Hừa,2025-09-24T05:00:00.000,0.0,1.0000000298023224
-144,Tà Hừa,2025-09-24T06:00:00.000,0.0,1.0000000298023224
-144,Tà Hừa,2025-09-24T07:00:00.000,0.0,1.0000000298023224
-144,Tà Hừa,2025-09-24T08:00:00.000,0.0,1.0000000298023224
-144,Tà Hừa,2025-09-24T09:00:00.000,0.0,1.0000000298023224
-144,Tà Hừa,2025-09-24T10:00:00.000,0.0,1.0000000298023224
-144,Tà Hừa,2025-09-24T11:00:00.000,0.0,1.0000000298023224
-144,Tà Hừa,2025-09-24T12:00:00.000,0.0,1.0000000298023224
-144,Tà Hừa,2025-09-24T13:00:00.000,0.0,1.0000000298023224
-144,Tà Hừa,2025-09-24T14:00:00.000,0.0,1.0000000298023224
-144,Tà Hừa,2025-09-24T15:00:00.000,0.0,1.0000000298023224
-144,Tà Hừa,2025-09-24T16:00:00.000,0.0,1.0000000298023224
-144,Tà Hừa,2025-09-24T17:00:00.000,0.0,1.0000000298023224
-144,Tà Hừa,2025-09-24T18:00:00.000,0.0,1.0000000298023224
-144,Tà Hừa,2025-09-24T19:00:00.000,0.0,1.0000000298023224
-144,Tà Hừa,2025-09-24T20:00:00.000,0.0,1.0000000298023224
-144,Tà Hừa,2025-09-24T21:00:00.000,0.0,1.0000000298023224
-144,Tà Hừa,2025-09-24T22:00:00.000,0.0,1.0000000298023224
-144,Tà Hừa,2025-09-24T23:00:00.000,0.0,1.0000000298023224
-144,Tà Hừa,2025-09-25T00:00:00.000,0.0,0.0
-144,Tà Hừa,2025-09-25T01:00:00.000,0.0,0.0
-144,Tà Hừa,2025-09-25T02:00:00.000,0.0,0.0
-144,Tà Hừa,2025-09-25T03:00:00.000,0.0,0.0
-144,Tà Hừa,2025-09-25T04:00:00.000,0.0,0.0
-144,Tà Hừa,2025-09-25T05:00:00.000,0.0,0.0
-144,Tà Hừa,2025-09-25T06:00:00.000,0.0,0.0
-144,Tà Hừa,2025-09-25T07:00:00.000,0.0,0.0
-144,Tà Hừa,2025-09-25T08:00:00.000,0.0,0.0
-144,Tà Hừa,2025-09-25T09:00:00.000,0.0,0.0
-144,Tà Hừa,2025-09-25T10:00:00.000,0.0,0.0
-144,Tà Hừa,2025-09-25T11:00:00.000,0.0,0.0
-144,Tà Hừa,2025-09-25T12:00:00.000,0.0,0.0
-144,Tà Hừa,2025-09-25T13:00:00.000,0.0,0.0
-144,Tà Hừa,2025-09-25T14:00:00.000,0.0,0.0
-144,Tà Hừa,2025-09-25T15:00:00.000,0.0,0.0
-144,Tà Hừa,2025-09-25T16:00:00.000,0.0,0.0
-144,Tà Hừa,2025-09-25T17:00:00.000,0.0,0.0
-144,Tà Hừa,2025-09-25T18:00:00.000,0.0,0.0
-144,Tà Hừa,2025-09-25T19:00:00.000,0.0,0.0
-144,Tà Hừa,2025-09-25T20:00:00.000,0.0,0.0
-144,Tà Hừa,2025-09-25T21:00:00.000,0.0,0.0
-144,Tà Hừa,2025-09-25T22:00:00.000,0.0,0.0
-144,Tà Hừa,2025-09-25T23:00:00.000,0.0,0.0
-144,Tà Hừa,2025-09-26T00:00:00.000,0.0,0.0
-144,Tà Hừa,2025-09-26T01:00:00.000,0.0,0.0
-144,Tà Hừa,2025-09-26T02:00:00.000,0.0,0.0
-144,Tà Hừa,2025-09-26T03:00:00.000,0.0,0.0
-144,Tà Hừa,2025-09-26T04:00:00.000,0.0,0.0
-144,Tà Hừa,2025-09-26T05:00:00.000,0.0,0.0
-144,Tà Hừa,2025-09-26T06:00:00.000,0.0,0.0
-144,Tà Hừa,2025-09-26T07:00:00.000,0.0,0.0
-144,Tà Hừa,2025-09-26T08:00:00.000,0.0,0.0
-144,Tà Hừa,2025-09-26T09:00:00.000,0.0,0.0
-144,Tà Hừa,2025-09-26T10:00:00.000,0.0,0.0
-144,Tà Hừa,2025-09-26T11:00:00.000,0.0,0.0
-144,Tà Hừa,2025-09-26T12:00:00.000,0.0,0.0
-144,Tà Hừa,2025-09-26T13:00:00.000,0.0,0.0
-144,Tà Hừa,2025-09-26T14:00:00.000,0.0,0.0
-144,Tà Hừa,2025-09-26T15:00:00.000,0.0,0.0
-144,Tà Hừa,2025-09-26T16:00:00.000,0.0,0.0
-144,Tà Hừa,2025-09-26T17:00:00.000,0.0,0.0
-144,Tà Hừa,2025-09-26T18:00:00.000,0.0,0.0
-144,Tà Hừa,2025-09-26T19:00:00.000,0.0,0.0
-144,Tà Hừa,2025-09-26T20:00:00.000,0.0,0.0
-144,Tà Hừa,2025-09-26T21:00:00.000,0.0,0.0
-144,Tà Hừa,2025-09-26T22:00:00.000,0.0,0.0
-144,Tà Hừa,2025-09-26T23:00:00.000,0.0,0.0
-144,Tà Hừa,2025-09-27T00:00:00.000,0.0,0.0
-144,Tà Hừa,2025-09-27T01:00:00.000,0.0,0.0
-144,Tà Hừa,2025-09-27T02:00:00.000,0.0,0.0
-144,Tà Hừa,2025-09-27T03:00:00.000,0.0,0.0
-144,Tà Hừa,2025-09-27T04:00:00.000,0.0,0.0
-144,Tà Hừa,2025-09-27T05:00:00.000,0.20000000298023224,0.20000000298023224
-144,Tà Hừa,2025-09-27T06:00:00.000,0.20000000298023224,0.4000000059604645
-144,Tà Hừa,2025-09-27T07:00:00.000,0.0,0.4000000059604645
-144,Tà Hừa,2025-09-27T08:00:00.000,0.0,0.4000000059604645
-144,Tà Hừa,2025-09-27T09:00:00.000,0.0,0.4000000059604645
-144,Tà Hừa,2025-09-27T10:00:00.000,0.0,0.4000000059604645
-144,Tà Hừa,2025-09-27T11:00:00.000,0.0,0.4000000059604645
-144,Tà Hừa,2025-09-27T12:00:00.000,0.0,0.4000000059604645
-144,Tà Hừa,2025-09-27T13:00:00.000,0.0,0.4000000059604645
-144,Tà Hừa,2025-09-27T14:00:00.000,0.0,0.4000000059604645
-144,Tà Hừa,2025-09-27T15:00:00.000,0.0,0.4000000059604645
-144,Tà Hừa,2025-09-27T16:00:00.000,0.0,0.4000000059604645
-144,Tà Hừa,2025-09-27T17:00:00.000,0.0,0.4000000059604645
-144,Tà Hừa,2025-09-27T18:00:00.000,0.0,0.4000000059604645
-144,Tà Hừa,2025-09-27T19:00:00.000,0.0,0.4000000059604645
-144,Tà Hừa,2025-09-27T20:00:00.000,0.0,0.4000000059604645
-144,Tà Hừa,2025-09-27T21:00:00.000,0.0,0.4000000059604645
-144,Tà Hừa,2025-09-27T22:00:00.000,0.0,0.4000000059604645
-144,Tà Hừa,2025-09-27T23:00:00.000,0.0,0.4000000059604645
-144,Tà Hừa,2025-09-28T00:00:00.000,0.0,0.0
-144,Tà Hừa,2025-09-28T01:00:00.000,0.0,0.0
-144,Tà Hừa,2025-09-28T02:00:00.000,0.0,0.0
-144,Tà Hừa,2025-09-28T03:00:00.000,0.0,0.0
-144,Tà Hừa,2025-09-28T04:00:00.000,0.0,0.0
-144,Tà Hừa,2025-09-28T05:00:00.000,0.0,0.0
-144,Tà Hừa,2025-09-28T06:00:00.000,0.0,0.0
-144,Tà Hừa,2025-09-28T07:00:00.000,0.0,0.0
-144,Tà Hừa,2025-09-28T08:00:00.000,0.0,0.0
-144,Tà Hừa,2025-09-28T09:00:00.000,0.0,0.0
-144,Tà Hừa,2025-09-28T10:00:00.000,0.0,0.0
-144,Tà Hừa,2025-09-28T11:00:00.000,0.0,0.0
-144,Tà Hừa,2025-09-28T12:00:00.000,0.0,0.0
-144,Tà Hừa,2025-09-28T13:00:00.000,0.0,0.0
-144,Tà Hừa,2025-09-28T14:00:00.000,0.0,0.0
-144,Tà Hừa,2025-09-28T15:00:00.000,0.0,0.0
-144,Tà Hừa,2025-09-28T16:00:00.000,0.0,0.0
-144,Tà Hừa,2025-09-28T17:00:00.000,0.0,0.0
-144,Tà Hừa,2025-09-28T18:00:00.000,1.600000023841858,1.600000023841858
-144,Tà Hừa,2025-09-28T19:00:00.000,1.0,2.600000023841858
-144,Tà Hừa,2025-09-28T20:00:00.000,0.4000000059604645,3.0000000298023224
-144,Tà Hừa,2025-09-28T21:00:00.000,0.0,3.0000000298023224
-144,Tà Hừa,2025-09-28T22:00:00.000,0.0,3.0000000298023224
-144,Tà Hừa,2025-09-28T23:00:00.000,0.0,3.0000000298023224
-144,Tà Hừa,2025-09-29T00:00:00.000,0.0,0.4000000059604645
-144,Tà Hừa,2025-09-29T01:00:00.000,0.0,0.4000000059604645
-144,Tà Hừa,2025-09-29T02:00:00.000,0.0,0.4000000059604645
-144,Tà Hừa,2025-09-29T03:00:00.000,0.0,0.4000000059604645
-144,Tà Hừa,2025-09-29T04:00:00.000,0.0,0.4000000059604645
-144,Tà Hừa,2025-09-29T05:00:00.000,0.0,0.4000000059604645
-144,Tà Hừa,2025-09-29T06:00:00.000,0.0,0.4000000059604645
-144,Tà Hừa,2025-09-29T07:00:00.000,0.0,0.4000000059604645
-144,Tà Hừa,2025-09-29T08:00:00.000,0.0,0.4000000059604645
-144,Tà Hừa,2025-09-29T09:00:00.000,0.0,0.4000000059604645
-144,Tà Hừa,2025-09-29T10:00:00.000,0.20000000298023224,0.6000000089406967
-144,Tà Hừa,2025-09-29T11:00:00.000,0.0,0.6000000089406967
-144,Tà Hừa,2025-09-29T12:00:00.000,0.0,0.6000000089406967
-144,Tà Hừa,2025-09-29T13:00:00.000,0.0,0.6000000089406967
-144,Tà Hừa,2025-09-29T14:00:00.000,3.0,3.6000000089406967
-144,Tà Hừa,2025-09-29T15:00:00.000,5.800000190734863,9.40000019967556
-144,Tà Hừa,2025-09-29T16:00:00.000,4.400000095367432,13.800000295042992
-144,Tà Hừa,2025-09-29T17:00:00.000,4.800000190734863,18.600000485777855
-144,Tà Hừa,2025-09-29T18:00:00.000,4.199999809265137,22.80000029504299
-144,Tà Hừa,2025-09-29T19:00:00.000,6.199999809265137,29.00000010430813
-144,Tà Hừa,2025-09-29T20:00:00.000,0.20000000298023224,29.20000010728836
-144,Tà Hừa,2025-09-29T21:00:00.000,0.20000000298023224,29.400000110268593
-144,Tà Hừa,2025-09-29T22:00:00.000,0.20000000298023224,29.600000113248825
-144,Tà Hừa,2025-09-29T23:00:00.000,0.0,29.600000113248825
-144,Tà Hừa,2025-09-30T00:00:00.000,0.0,0.6000000089406967
-144,Tà Hừa,2025-09-30T01:00:00.000,0.0,0.6000000089406967
-144,Tà Hừa,2025-09-30T02:00:00.000,0.0,0.6000000089406967
-144,Tà Hừa,2025-09-30T03:00:00.000,0.20000000298023224,0.800000011920929
-144,Tà Hừa,2025-09-30T04:00:00.000,0.20000000298023224,1.0000000149011612
-144,Tà Hừa,2025-09-30T05:00:00.000,0.4000000059604645,1.4000000208616257
-144,Tà Hừa,2025-09-30T06:00:00.000,0.0,1.4000000208616257
-144,Tà Hừa,2025-09-30T07:00:00.000,0.0,1.4000000208616257
-144,Tà Hừa,2025-09-30T08:00:00.000,1.0,2.4000000208616257
-144,Tà Hừa,2025-09-30T09:00:00.000,1.399999976158142,3.7999999970197678
-144,Tà Hừa,2025-09-30T10:00:00.000,4.599999904632568,8.399999901652336
-144,Tà Hừa,2025-09-30T11:00:00.000,0.20000000298023224,8.599999904632568
-144,Tà Hừa,2025-09-30T12:00:00.000,0.6000000238418579,9.199999928474426
-144,Tà Hừa,2025-09-30T13:00:00.000,0.0,9.199999928474426
-144,Tà Hừa,2025-09-30T14:00:00.000,0.20000000298023224,9.399999931454659
-144,Tà Hừa,2025-09-30T15:00:00.000,0.0,9.399999931454659
-144,Tà Hừa,2025-09-30T16:00:00.000,0.0,9.399999931454659
-144,Tà Hừa,2025-09-30T17:00:00.000,0.0,9.399999931454659
-144,Tà Hừa,2025-09-30T18:00:00.000,0.0,9.399999931454659
-144,Tà Hừa,2025-09-30T19:00:00.000,0.0,9.399999931454659
-144,Tà Hừa,2025-09-30T20:00:00.000,0.0,9.399999931454659
-144,Tà Hừa,2025-09-30T21:00:00.000,0.0,9.399999931454659
-144,Tà Hừa,2025-09-30T22:00:00.000,0.0,9.399999931454659
-144,Tà Hừa,2025-09-30T23:00:00.000,0.0,9.399999931454659
-144,Tà Hừa,2025-10-01T00:00:00.000,0.0,0.0
-144,Tà Hừa,2025-10-01T01:00:00.000,0.0,0.0
-144,Tà Hừa,2025-10-01T02:00:00.000,0.4000000059604645,0.4000000059604645
-144,Tà Hừa,2025-10-01T03:00:00.000,0.4000000059604645,0.800000011920929
-144,Tà Hừa,2025-10-01T04:00:00.000,2.4000000953674316,3.2000001072883606
-144,Tà Hừa,2025-10-01T05:00:00.000,0.0,3.2000001072883606
-144,Tà Hừa,2025-10-01T06:00:00.000,0.0,3.2000001072883606
-144,Tà Hừa,2025-10-01T07:00:00.000,0.4000000059604645,3.600000113248825
-144,Tà Hừa,2025-10-01T08:00:00.000,0.0,3.600000113248825
-144,Tà Hừa,2025-10-01T09:00:00.000,0.0,3.600000113248825
-144,Tà Hừa,2025-10-01T10:00:00.000,0.0,3.600000113248825
-144,Tà Hừa,2025-10-01T11:00:00.000,0.0,3.600000113248825
-144,Tà Hừa,2025-10-01T12:00:00.000,0.0,3.600000113248825
-144,Tà Hừa,2025-10-01T13:00:00.000,0.0,3.600000113248825
-144,Tà Hừa,2025-10-01T14:00:00.000,0.0,3.600000113248825
-144,Tà Hừa,2025-10-01T15:00:00.000,0.0,3.600000113248825
-144,Tà Hừa,2025-10-01T16:00:00.000,0.0,3.600000113248825
-144,Tà Hừa,2025-10-01T17:00:00.000,0.0,3.600000113248825
-144,Tà Hừa,2025-10-01T18:00:00.000,0.0,3.600000113248825
-144,Tà Hừa,2025-10-01T19:00:00.000,0.0,3.600000113248825
-144,Tà Hừa,2025-10-01T20:00:00.000,0.0,3.600000113248825
-144,Tà Hừa,2025-10-01T21:00:00.000,0.0,3.600000113248825
-144,Tà Hừa,2025-10-01T22:00:00.000,0.0,3.600000113248825
-144,Tà Hừa,2025-10-01T23:00:00.000,0.0,3.600000113248825
-144,Tà Hừa,2025-10-02T00:00:00.000,2.0,2.0
-144,Tà Hừa,2025-10-02T01:00:00.000,0.4000000059604645,2.4000000059604645
-144,Tà Hừa,2025-10-02T02:00:00.000,0.0,2.4000000059604645
-144,Tà Hừa,2025-10-02T03:00:00.000,0.0,2.4000000059604645
-144,Tà Hừa,2025-10-02T04:00:00.000,0.0,2.4000000059604645
-144,Tà Hừa,2025-10-02T05:00:00.000,0.0,2.4000000059604645
-144,Tà Hừa,2025-10-02T06:00:00.000,0.0,2.4000000059604645
-144,Tà Hừa,2025-10-02T07:00:00.000,1.0,3.4000000059604645
-144,Tà Hừa,2025-10-02T08:00:00.000,1.0,4.4000000059604645
-144,Tà Hừa,2025-10-02T09:00:00.000,0.0,4.4000000059604645
-144,Tà Hừa,2025-10-02T10:00:00.000,0.800000011920929,5.200000017881393
-144,Tà Hừa,2025-10-02T11:00:00.000,0.0,5.200000017881393
-144,Tà Hừa,2025-10-02T12:00:00.000,0.0,5.200000017881393
-144,Tà Hừa,2025-10-02T13:00:00.000,0.0,5.200000017881393
-144,Tà Hừa,2025-10-02T14:00:00.000,0.0,5.200000017881393
-144,Tà Hừa,2025-10-02T15:00:00.000,3.5999999046325684,8.799999922513962
-144,Tà Hừa,2025-10-02T16:00:00.000,0.20000000298023224,8.999999925494194
-144,Tà Hừa,2025-10-02T17:00:00.000,0.0,8.999999925494194
-144,Tà Hừa,2025-10-02T18:00:00.000,0.0,8.999999925494194
-144,Tà Hừa,2025-10-02T19:00:00.000,0.0,8.999999925494194
-144,Tà Hừa,2025-10-02T20:00:00.000,0.0,8.999999925494194
-144,Tà Hừa,2025-10-02T21:00:00.000,0.0,8.999999925494194
-144,Tà Hừa,2025-10-02T22:00:00.000,0.0,8.999999925494194
-144,Tà Hừa,2025-10-02T23:00:00.000,0.0,8.999999925494194
-144,Tà Hừa,2025-10-03T00:00:00.000,0.0,0.0
-144,Tà Hừa,2025-10-03T01:00:00.000,0.0,0.0
-144,Tà Hừa,2025-10-03T02:00:00.000,0.0,0.0
-144,Tà Hừa,2025-10-03T03:00:00.000,0.20000000298023224,0.20000000298023224
-144,Tà Hừa,2025-10-03T04:00:00.000,7.400000095367432,7.600000098347664
-144,Tà Hừa,2025-10-03T05:00:00.000,2.799999952316284,10.400000050663948
-144,Tà Hừa,2025-10-03T06:00:00.000,21.600000381469727,32.000000432133675
-144,Tà Hừa,2025-10-03T07:00:00.000,19.600000381469727,51.6000008136034
-144,Tà Hừa,2025-10-03T08:00:00.000,10.800000190734863,62.400001004338264
-144,Tà Hừa,2025-10-03T09:00:00.000,0.4000000059604645,62.80000101029873
-144,Tà Hừa,2025-10-03T10:00:00.000,0.0,62.80000101029873
-144,Tà Hừa,2025-10-03T11:00:00.000,0.0,62.80000101029873
-144,Tà Hừa,2025-10-03T12:00:00.000,0.0,62.80000101029873
-144,Tà Hừa,2025-10-03T13:00:00.000,0.0,62.80000101029873
-144,Tà Hừa,2025-10-03T14:00:00.000,0.0,62.80000101029873
-144,Tà Hừa,2025-10-03T15:00:00.000,0.0,62.80000101029873
-144,Tà Hừa,2025-10-03T16:00:00.000,0.0,62.80000101029873
-144,Tà Hừa,2025-10-03T17:00:00.000,0.0,62.80000101029873
-144,Tà Hừa,2025-10-03T18:00:00.000,0.0,62.80000101029873
-144,Tà Hừa,2025-10-03T19:00:00.000,0.0,62.80000101029873
-144,Tà Hừa,2025-10-03T20:00:00.000,0.0,62.80000101029873
-144,Tà Hừa,2025-10-03T21:00:00.000,0.0,62.80000101029873
-144,Tà Hừa,2025-10-03T22:00:00.000,0.0,62.80000101029873
-144,Tà Hừa,2025-10-03T23:00:00.000,0.20000000298023224,63.00000101327896
-144,Tà Hừa,2025-10-04T00:00:00.000,0.4000000059604645,0.6000000089406967
-144,Tà Hừa,2025-10-04T01:00:00.000,0.20000000298023224,0.800000011920929
-144,Tà Hừa,2025-10-04T02:00:00.000,0.0,0.800000011920929
-144,Tà Hừa,2025-10-04T03:00:00.000,0.0,0.800000011920929
-144,Tà Hừa,2025-10-04T04:00:00.000,0.0,0.800000011920929
-144,Tà Hừa,2025-10-04T05:00:00.000,0.0,0.800000011920929
-144,Tà Hừa,2025-10-04T06:00:00.000,0.0,0.800000011920929
-144,Tà Hừa,2025-10-04T07:00:00.000,0.0,0.800000011920929
-144,Tà Hừa,2025-10-04T08:00:00.000,0.0,0.800000011920929
-144,Tà Hừa,2025-10-04T09:00:00.000,0.0,0.800000011920929
-144,Tà Hừa,2025-10-04T10:00:00.000,0.0,0.800000011920929
-144,Tà Hừa,2025-10-04T11:00:00.000,0.0,0.800000011920929
-144,Tà Hừa,2025-10-04T12:00:00.000,0.0,0.800000011920929
-144,Tà Hừa,2025-10-04T13:00:00.000,0.0,0.800000011920929
-144,Tà Hừa,2025-10-04T14:00:00.000,0.0,0.800000011920929
-144,Tà Hừa,2025-10-04T15:00:00.000,0.0,0.800000011920929
-144,Tà Hừa,2025-10-04T16:00:00.000,0.0,0.800000011920929
-144,Tà Hừa,2025-10-04T17:00:00.000,0.0,0.800000011920929
-144,Tà Hừa,2025-10-04T18:00:00.000,0.0,0.800000011920929
-144,Tà Hừa,2025-10-04T19:00:00.000,0.0,0.800000011920929
-144,Tà Hừa,2025-10-04T20:00:00.000,0.0,0.800000011920929
-144,Tà Hừa,2025-10-04T21:00:00.000,0.0,0.800000011920929
-144,Tà Hừa,2025-10-04T22:00:00.000,0.0,0.800000011920929
-144,Tà Hừa,2025-10-04T23:00:00.000,0.0,0.800000011920929
-144,Tà Hừa,2025-10-05T00:00:00.000,15.0,15.0
-144,Tà Hừa,2025-10-05T01:00:00.000,0.0,15.0
-144,Tà Hừa,2025-10-05T02:00:00.000,0.0,15.0
-144,Tà Hừa,2025-10-05T03:00:00.000,0.0,15.0
-144,Tà Hừa,2025-10-05T04:00:00.000,0.0,15.0
-144,Tà Hừa,2025-10-05T05:00:00.000,0.0,15.0
-144,Tà Hừa,2025-10-05T06:00:00.000,0.0,15.0
-144,Tà Hừa,2025-10-05T07:00:00.000,0.0,15.0
-144,Tà Hừa,2025-10-05T08:00:00.000,0.0,15.0
-144,Tà Hừa,2025-10-05T09:00:00.000,0.0,15.0
-144,Tà Hừa,2025-10-05T10:00:00.000,0.0,15.0
-144,Tà Hừa,2025-10-05T11:00:00.000,0.0,15.0
-144,Tà Hừa,2025-10-05T12:00:00.000,0.0,15.0
-144,Tà Hừa,2025-10-05T13:00:00.000,0.0,15.0
-144,Tà Hừa,2025-10-05T14:00:00.000,0.0,15.0
-144,Tà Hừa,2025-10-05T15:00:00.000,0.0,15.0
-144,Tà Hừa,2025-10-05T16:00:00.000,0.0,15.0
-144,Tà Hừa,2025-10-05T17:00:00.000,0.0,15.0
-144,Tà Hừa,2025-10-05T18:00:00.000,0.0,15.0
-144,Tà Hừa,2025-10-05T19:00:00.000,0.0,15.0
-144,Tà Hừa,2025-10-05T20:00:00.000,0.0,15.0
-144,Tà Hừa,2025-10-05T21:00:00.000,0.0,15.0
-144,Tà Hừa,2025-10-05T22:00:00.000,0.0,15.0
-144,Tà Hừa,2025-10-05T23:00:00.000,0.0,15.0
-144,Tà Hừa,2025-10-06T00:00:00.000,0.0,0.0
-144,Tà Hừa,2025-10-06T01:00:00.000,0.0,0.0
-144,Tà Hừa,2025-10-06T02:00:00.000,0.0,0.0
-144,Tà Hừa,2025-10-06T03:00:00.000,0.0,0.0
-144,Tà Hừa,2025-10-06T04:00:00.000,0.0,0.0
-144,Tà Hừa,2025-10-06T05:00:00.000,0.0,0.0
-144,Tà Hừa,2025-10-06T06:00:00.000,0.0,0.0
-144,Tà Hừa,2025-10-06T07:00:00.000,7.0,7.0
-144,Tà Hừa,2025-10-06T08:00:00.000,13.800000190734863,20.800000190734863
-144,Tà Hừa,2025-10-06T09:00:00.000,6.0,26.800000190734863
-144,Tà Hừa,2025-10-06T10:00:00.000,0.0,26.800000190734863
-144,Tà Hừa,2025-10-06T11:00:00.000,0.0,26.800000190734863
-144,Tà Hừa,2025-10-06T12:00:00.000,0.0,26.800000190734863
-144,Tà Hừa,2025-10-06T13:00:00.000,0.0,26.800000190734863
-144,Tà Hừa,2025-10-06T14:00:00.000,0.0,26.800000190734863
-144,Tà Hừa,2025-10-06T15:00:00.000,0.0,26.800000190734863
-144,Tà Hừa,2025-10-06T16:00:00.000,0.800000011920929,27.600000202655792
-144,Tà Hừa,2025-10-06T17:00:00.000,0.20000000298023224,27.800000205636024
-144,Tà Hừa,2025-10-06T18:00:00.000,0.20000000298023224,28.000000208616257
-144,Tà Hừa,2025-10-06T19:00:00.000,0.0,28.000000208616257
-144,Tà Hừa,2025-10-06T20:00:00.000,0.0,28.000000208616257
-144,Tà Hừa,2025-10-06T21:00:00.000,0.0,28.000000208616257
-144,Tà Hừa,2025-10-06T22:00:00.000,0.0,28.000000208616257
-144,Tà Hừa,2025-10-06T23:00:00.000,0.0,28.000000208616257
-144,Tà Hừa,2025-10-07T00:00:00.000,0.0,0.0
-144,Tà Hừa,2025-10-07T01:00:00.000,0.20000000298023224,0.20000000298023224
-144,Tà Hừa,2025-10-07T02:00:00.000,15.600000381469727,15.800000384449959
-144,Tà Hừa,2025-10-07T03:00:00.000,39.599998474121094,55.39999885857105
-144,Tà Hừa,2025-10-07T04:00:00.000,18.399999618530273,73.79999847710133
-144,Tà Hừa,2025-10-07T05:00:00.000,9.0,82.79999847710133
-144,Tà Hừa,2025-10-07T06:00:00.000,5.0,87.79999847710133
-144,Tà Hừa,2025-10-07T07:00:00.000,6.199999809265137,93.99999828636646
-144,Tà Hừa,2025-10-07T08:00:00.000,2.200000047683716,96.19999833405018
-144,Tà Hừa,2025-10-07T09:00:00.000,1.0,97.19999833405018
-144,Tà Hừa,2025-10-07T10:00:00.000,0.20000000298023224,97.39999833703041
-144,Tà Hừa,2025-10-07T11:00:00.000,0.20000000298023224,97.59999834001064
-144,Tà Hừa,2025-10-07T12:00:00.000,0.4000000059604645,97.99999834597111
-144,Tà Hừa,2025-10-07T13:00:00.000,0.20000000298023224,98.19999834895134
-144,Tà Hừa,2025-10-07T14:00:00.000,0.0,98.19999834895134
-144,Tà Hừa,2025-10-07T15:00:00.000,0.0,98.19999834895134
-144,Tà Hừa,2025-10-07T16:00:00.000,0.0,98.19999834895134
-144,Tà Hừa,2025-10-07T17:00:00.000,0.0,98.19999834895134
-144,Tà Hừa,2025-10-07T18:00:00.000,0.0,98.19999834895134
-144,Tà Hừa,2025-10-07T19:00:00.000,0.0,98.19999834895134
-144,Tà Hừa,2025-10-07T20:00:00.000,0.0,98.19999834895134
-144,Tà Hừa,2025-10-07T21:00:00.000,0.0,98.19999834895134
-144,Tà Hừa,2025-10-07T22:00:00.000,0.0,98.19999834895134
-144,Tà Hừa,2025-10-07T23:00:00.000,0.0,98.19999834895134
-144,Tà Hừa,2025-10-08T00:00:00.000,0.0,0.0
-144,Tà Hừa,2025-10-08T01:00:00.000,0.0,0.0
-144,Tà Hừa,2025-10-08T02:00:00.000,0.0,0.0
-144,Tà Hừa,2025-10-08T03:00:00.000,0.0,0.0
-144,Tà Hừa,2025-10-08T04:00:00.000,0.0,0.0
-144,Tà Hừa,2025-10-08T05:00:00.000,0.0,0.0
-144,Tà Hừa,2025-10-08T06:00:00.000,0.0,0.0
-144,Tà Hừa,2025-10-08T07:00:00.000,0.0,0.0
-144,Tà Hừa,2025-10-08T08:00:00.000,0.0,0.0
-144,Tà Hừa,2025-10-08T09:00:00.000,0.0,0.0
-144,Tà Hừa,2025-10-08T10:00:00.000,0.0,0.0
-144,Tà Hừa,2025-10-08T11:00:00.000,0.0,0.0
-144,Tà Hừa,2025-10-08T12:00:00.000,0.0,0.0
-144,Tà Hừa,2025-10-08T13:00:00.000,0.0,0.0
-144,Tà Hừa,2025-10-08T14:00:00.000,0.0,0.0
-144,Tà Hừa,2025-10-08T15:00:00.000,0.0,0.0
-144,Tà Hừa,2025-10-08T16:00:00.000,0.0,0.0
-144,Tà Hừa,2025-10-08T17:00:00.000,0.0,0.0
-144,Tà Hừa,2025-10-08T18:00:00.000,0.0,0.0
-144,Tà Hừa,2025-10-08T19:00:00.000,0.0,0.0
-144,Tà Hừa,2025-10-08T20:00:00.000,0.0,0.0
-144,Tà Hừa,2025-10-08T21:00:00.000,0.0,0.0
-144,Tà Hừa,2025-10-08T22:00:00.000,0.0,0.0
-144,Tà Hừa,2025-10-08T23:00:00.000,0.0,0.0
-144,Tà Hừa,2025-10-09T00:00:00.000,0.0,0.0
-144,Tà Hừa,2025-10-09T01:00:00.000,0.0,0.0
-144,Tà Hừa,2025-10-09T02:00:00.000,0.0,0.0
-144,Tà Hừa,2025-10-09T03:00:00.000,0.0,0.0
-144,Tà Hừa,2025-10-09T04:00:00.000,0.20000000298023224,0.20000000298023224
-144,Tà Hừa,2025-10-09T05:00:00.000,0.0,0.20000000298023224
-144,Tà Hừa,2025-10-09T06:00:00.000,0.0,0.20000000298023224
-144,Tà Hừa,2025-10-09T07:00:00.000,0.0,0.20000000298023224
-144,Tà Hừa,2025-10-09T08:00:00.000,0.0,0.20000000298023224
-144,Tà Hừa,2025-10-09T09:00:00.000,0.0,0.20000000298023224
-144,Tà Hừa,2025-10-09T10:00:00.000,0.0,0.20000000298023224
-144,Tà Hừa,2025-10-09T11:00:00.000,0.0,0.20000000298023224
-144,Tà Hừa,2025-10-09T12:00:00.000,0.0,0.20000000298023224
-144,Tà Hừa,2025-10-09T13:00:00.000,0.0,0.20000000298023224
-144,Tà Hừa,2025-10-09T14:00:00.000,0.0,0.20000000298023224
-144,Tà Hừa,2025-10-09T15:00:00.000,0.0,0.20000000298023224
-144,Tà Hừa,2025-10-09T16:00:00.000,0.0,0.20000000298023224
-144,Tà Hừa,2025-10-09T17:00:00.000,0.0,0.20000000298023224
-144,Tà Hừa,2025-10-09T18:00:00.000,0.0,0.20000000298023224
-144,Tà Hừa,2025-10-09T19:00:00.000,0.0,0.20000000298023224
-144,Tà Hừa,2025-10-09T20:00:00.000,0.0,0.20000000298023224
-144,Tà Hừa,2025-10-09T21:00:00.000,0.0,0.20000000298023224
-144,Tà Hừa,2025-10-09T22:00:00.000,0.0,0.20000000298023224
-144,Tà Hừa,2025-10-09T23:00:00.000,0.0,0.20000000298023224
-144,Tà Hừa,2025-10-10T00:00:00.000,0.0,0.0
-144,Tà Hừa,2025-10-10T01:00:00.000,0.0,0.0
-144,Tà Hừa,2025-10-10T02:00:00.000,0.0,0.0
-144,Tà Hừa,2025-10-10T03:00:00.000,0.0,0.0
-144,Tà Hừa,2025-10-10T04:00:00.000,0.0,0.0
-144,Tà Hừa,2025-10-10T05:00:00.000,0.0,0.0
-144,Tà Hừa,2025-10-10T06:00:00.000,0.0,0.0
-144,Tà Hừa,2025-10-10T07:00:00.000,0.0,0.0
-144,Tà Hừa,2025-10-10T08:00:00.000,0.0,0.0
-144,Tà Hừa,2025-10-10T09:00:00.000,0.0,0.0
-144,Tà Hừa,2025-10-10T10:00:00.000,0.0,0.0
-144,Tà Hừa,2025-10-10T11:00:00.000,0.0,0.0
-144,Tà Hừa,2025-10-10T12:00:00.000,0.0,0.0
-144,Tà Hừa,2025-10-10T13:00:00.000,0.0,0.0
-144,Tà Hừa,2025-10-10T14:00:00.000,0.0,0.0
-144,Tà Hừa,2025-10-10T15:00:00.000,0.0,0.0
-144,Tà Hừa,2025-10-10T16:00:00.000,0.0,0.0
-144,Tà Hừa,2025-10-10T17:00:00.000,0.0,0.0
-144,Tà Hừa,2025-10-10T18:00:00.000,0.0,0.0
-144,Tà Hừa,2025-10-10T19:00:00.000,0.0,0.0
-144,Tà Hừa,2025-10-10T20:00:00.000,0.0,0.0
-144,Tà Hừa,2025-10-10T21:00:00.000,0.0,0.0
-144,Tà Hừa,2025-10-10T22:00:00.000,0.0,0.0
-144,Tà Hừa,2025-10-10T23:00:00.000,0.0,0.0
-144,Tà Hừa,2025-10-11T00:00:00.000,0.0,0.0
-144,Tà Hừa,2025-10-11T01:00:00.000,0.0,0.0
-144,Tà Hừa,2025-10-11T02:00:00.000,0.0,0.0
-144,Tà Hừa,2025-10-11T03:00:00.000,0.0,0.0
-144,Tà Hừa,2025-10-11T04:00:00.000,0.0,0.0
-144,Tà Hừa,2025-10-11T05:00:00.000,0.0,0.0
-144,Tà Hừa,2025-10-11T06:00:00.000,0.0,0.0
-144,Tà Hừa,2025-10-11T07:00:00.000,0.0,0.0
-144,Tà Hừa,2025-10-11T08:00:00.000,0.0,0.0
-144,Tà Hừa,2025-10-11T09:00:00.000,0.0,0.0
-144,Tà Hừa,2025-10-11T10:00:00.000,0.0,0.0
-144,Tà Hừa,2025-10-11T11:00:00.000,0.0,0.0
-144,Tà Hừa,2025-10-11T12:00:00.000,0.0,0.0
-144,Tà Hừa,2025-10-11T13:00:00.000,0.0,0.0
-144,Tà Hừa,2025-10-11T14:00:00.000,0.0,0.0
-144,Tà Hừa,2025-10-11T15:00:00.000,0.0,0.0
-144,Tà Hừa,2025-10-11T16:00:00.000,0.0,0.0
-144,Tà Hừa,2025-10-11T17:00:00.000,0.0,0.0
-144,Tà Hừa,2025-10-11T18:00:00.000,0.0,0.0
-144,Tà Hừa,2025-10-11T19:00:00.000,0.0,0.0
-144,Tà Hừa,2025-10-11T20:00:00.000,0.0,0.0
-144,Tà Hừa,2025-10-11T21:00:00.000,0.0,0.0
-144,Tà Hừa,2025-10-11T22:00:00.000,0.0,0.0
-144,Tà Hừa,2025-10-11T23:00:00.000,0.0,0.0
-144,Tà Hừa,2025-10-12T00:00:00.000,0.0,0.0
-144,Tà Hừa,2025-10-12T01:00:00.000,0.0,0.0
-144,Tà Hừa,2025-10-12T02:00:00.000,0.0,0.0
-144,Tà Hừa,2025-10-12T03:00:00.000,0.0,0.0
-144,Tà Hừa,2025-10-12T04:00:00.000,0.0,0.0
-144,Tà Hừa,2025-10-12T05:00:00.000,0.0,0.0
-144,Tà Hừa,2025-10-12T06:00:00.000,0.0,0.0
-144,Tà Hừa,2025-10-12T07:00:00.000,0.0,0.0
-144,Tà Hừa,2025-10-12T08:00:00.000,0.0,0.0
-144,Tà Hừa,2025-10-12T09:00:00.000,0.0,0.0
-144,Tà Hừa,2025-10-12T10:00:00.000,0.0,0.0
-144,Tà Hừa,2025-10-12T11:00:00.000,0.0,0.0
-144,Tà Hừa,2025-10-12T12:00:00.000,0.0,0.0
-144,Tà Hừa,2025-10-12T13:00:00.000,0.0,0.0
-144,Tà Hừa,2025-10-12T14:00:00.000,0.0,0.0
-144,Tà Hừa,2025-10-12T15:00:00.000,0.0,0.0
-144,Tà Hừa,2025-10-12T16:00:00.000,0.0,0.0
-144,Tà Hừa,2025-10-12T17:00:00.000,0.0,0.0
-144,Tà Hừa,2025-10-12T18:00:00.000,0.0,0.0
-144,Tà Hừa,2025-10-12T19:00:00.000,0.0,0.0
-144,Tà Hừa,2025-10-12T20:00:00.000,0.0,0.0
-144,Tà Hừa,2025-10-12T21:00:00.000,0.0,0.0
-144,Tà Hừa,2025-10-12T22:00:00.000,0.0,0.0
-144,Tà Hừa,2025-10-12T23:00:00.000,0.0,0.0
-144,Tà Hừa,2025-10-13T00:00:00.000,0.0,0.0
-144,Tà Hừa,2025-10-13T01:00:00.000,0.0,0.0
-144,Tà Hừa,2025-10-13T02:00:00.000,0.0,0.0
-144,Tà Hừa,2025-10-13T03:00:00.000,0.0,0.0
-144,Tà Hừa,2025-10-13T04:00:00.000,0.0,0.0
-144,Tà Hừa,2025-10-13T05:00:00.000,0.0,0.0
-144,Tà Hừa,2025-10-13T06:00:00.000,0.0,0.0
-144,Tà Hừa,2025-10-13T07:00:00.000,0.0,0.0
-144,Tà Hừa,2025-10-13T08:00:00.000,0.0,0.0
-144,Tà Hừa,2025-10-13T09:00:00.000,0.0,0.0
-144,Tà Hừa,2025-10-13T10:00:00.000,0.0,0.0
-144,Tà Hừa,2025-10-13T11:00:00.000,0.0,0.0
-144,Tà Hừa,2025-10-13T12:00:00.000,0.0,0.0
-144,Tà Hừa,2025-10-13T13:00:00.000,0.0,0.0
-144,Tà Hừa,2025-10-13T14:00:00.000,0.0,0.0
-144,Tà Hừa,2025-10-13T15:00:00.000,0.0,0.0
-144,Tà Hừa,2025-10-13T16:00:00.000,0.0,0.0
-144,Tà Hừa,2025-10-13T17:00:00.000,0.0,0.0
-144,Tà Hừa,2025-10-13T18:00:00.000,0.0,0.0
-144,Tà Hừa,2025-10-13T19:00:00.000,0.0,0.0
-144,Tà Hừa,2025-10-13T20:00:00.000,0.0,0.0
-144,Tà Hừa,2025-10-13T21:00:00.000,0.0,0.0
-144,Tà Hừa,2025-10-13T22:00:00.000,0.0,0.0
-144,Tà Hừa,2025-10-13T23:00:00.000,0.0,0.0
-144,Tà Hừa,2025-10-14T00:00:00.000,0.0,0.0
-144,Tà Hừa,2025-10-14T01:00:00.000,0.0,0.0
-144,Tà Hừa,2025-10-14T02:00:00.000,0.0,0.0
-144,Tà Hừa,2025-10-14T03:00:00.000,0.0,0.0
-144,Tà Hừa,2025-10-14T04:00:00.000,0.0,0.0
-144,Tà Hừa,2025-10-14T05:00:00.000,0.0,0.0
-144,Tà Hừa,2025-10-14T06:00:00.000,0.0,0.0
-144,Tà Hừa,2025-10-14T07:00:00.000,0.0,0.0
-144,Tà Hừa,2025-10-14T08:00:00.000,0.0,0.0
-144,Tà Hừa,2025-10-14T09:00:00.000,0.0,0.0
-144,Tà Hừa,2025-10-14T10:00:00.000,0.0,0.0
-144,Tà Hừa,2025-10-14T11:00:00.000,0.0,0.0
-144,Tà Hừa,2025-10-14T12:00:00.000,0.0,0.0
-144,Tà Hừa,2025-10-14T13:00:00.000,0.0,0.0
-144,Tà Hừa,2025-10-14T14:00:00.000,0.0,0.0
-144,Tà Hừa,2025-10-14T15:00:00.000,0.0,0.0
-144,Tà Hừa,2025-10-14T16:00:00.000,0.800000011920929,0.800000011920929
-144,Tà Hừa,2025-10-14T17:00:00.000,0.0,0.800000011920929
-144,Tà Hừa,2025-10-14T18:00:00.000,0.0,0.800000011920929
-144,Tà Hừa,2025-10-14T19:00:00.000,0.0,0.800000011920929
-144,Tà Hừa,2025-10-14T20:00:00.000,0.0,0.800000011920929
-144,Tà Hừa,2025-10-14T21:00:00.000,0.0,0.800000011920929
-144,Tà Hừa,2025-10-14T22:00:00.000,0.0,0.800000011920929
-144,Tà Hừa,2025-10-14T23:00:00.000,0.0,0.800000011920929
-144,Tà Hừa,2025-10-15T00:00:00.000,0.0,0.0
-144,Tà Hừa,2025-10-15T01:00:00.000,0.0,0.0
-144,Tà Hừa,2025-10-15T02:00:00.000,0.0,0.0
-144,Tà Hừa,2025-10-15T03:00:00.000,0.0,0.0
-144,Tà Hừa,2025-10-15T04:00:00.000,0.20000000298023224,0.20000000298023224
-144,Tà Hừa,2025-10-15T05:00:00.000,0.0,0.20000000298023224
-144,Tà Hừa,2025-10-15T06:00:00.000,0.0,0.20000000298023224
-144,Tà Hừa,2025-10-15T07:00:00.000,0.0,0.20000000298023224
-144,Tà Hừa,2025-10-15T08:00:00.000,0.0,0.20000000298023224
-144,Tà Hừa,2025-10-15T09:00:00.000,0.0,0.20000000298023224
-144,Tà Hừa,2025-10-15T10:00:00.000,0.0,0.20000000298023224
-144,Tà Hừa,2025-10-15T11:00:00.000,0.0,0.20000000298023224
-144,Tà Hừa,2025-10-15T12:00:00.000,0.0,0.20000000298023224
-144,Tà Hừa,2025-10-15T13:00:00.000,0.0,0.20000000298023224
-144,Tà Hừa,2025-10-15T14:00:00.000,0.0,0.20000000298023224
-144,Tà Hừa,2025-10-15T15:00:00.000,0.0,0.20000000298023224
-144,Tà Hừa,2025-10-15T16:00:00.000,0.0,0.20000000298023224
-144,Tà Hừa,2025-10-15T17:00:00.000,0.0,0.20000000298023224
-144,Tà Hừa,2025-10-15T18:00:00.000,0.0,0.20000000298023224
-144,Tà Hừa,2025-10-15T19:00:00.000,0.0,0.20000000298023224
-144,Tà Hừa,2025-10-15T20:00:00.000,0.0,0.20000000298023224
-144,Tà Hừa,2025-10-15T21:00:00.000,0.0,0.20000000298023224
-144,Tà Hừa,2025-10-15T22:00:00.000,0.0,0.20000000298023224
-144,Tà Hừa,2025-10-15T23:00:00.000,0.0,0.20000000298023224
-144,Tà Hừa,2025-10-16T00:00:00.000,0.0,0.0
-144,Tà Hừa,2025-10-16T01:00:00.000,0.0,0.0
-144,Tà Hừa,2025-10-16T02:00:00.000,0.0,0.0
-144,Tà Hừa,2025-10-16T03:00:00.000,0.0,0.0
-144,Tà Hừa,2025-10-16T04:00:00.000,0.0,0.0
-144,Tà Hừa,2025-10-16T05:00:00.000,0.0,0.0
-144,Tà Hừa,2025-10-16T06:00:00.000,0.0,0.0
-144,Tà Hừa,2025-10-16T07:00:00.000,0.0,0.0
-144,Tà Hừa,2025-10-16T08:00:00.000,0.0,0.0
-144,Tà Hừa,2025-10-16T09:00:00.000,0.0,0.0
-144,Tà Hừa,2025-10-16T10:00:00.000,0.0,0.0
-144,Tà Hừa,2025-10-16T11:00:00.000,0.0,0.0
-144,Tà Hừa,2025-10-16T12:00:00.000,0.0,0.0
-144,Tà Hừa,2025-10-16T13:00:00.000,0.0,0.0
-144,Tà Hừa,2025-10-16T14:00:00.000,0.0,0.0
-144,Tà Hừa,2025-10-16T15:00:00.000,0.0,0.0
-144,Tà Hừa,2025-10-16T16:00:00.000,0.0,0.0
-144,Tà Hừa,2025-10-16T17:00:00.000,0.0,0.0
-144,Tà Hừa,2025-10-16T18:00:00.000,0.0,0.0
-144,Tà Hừa,2025-10-16T19:00:00.000,0.0,0.0
-144,Tà Hừa,2025-10-16T20:00:00.000,0.0,0.0
-144,Tà Hừa,2025-10-16T21:00:00.000,0.0,0.0
-144,Tà Hừa,2025-10-16T22:00:00.000,0.0,0.0
-144,Tà Hừa,2025-10-16T23:00:00.000,0.0,0.0
-144,Tà Hừa,2025-10-17T00:00:00.000,0.0,0.0
-144,Tà Hừa,2025-10-17T01:00:00.000,0.0,0.0
-144,Tà Hừa,2025-10-17T02:00:00.000,0.0,0.0
-144,Tà Hừa,2025-10-17T03:00:00.000,0.0,0.0
-144,Tà Hừa,2025-10-17T04:00:00.000,0.0,0.0
-144,Tà Hừa,2025-10-17T05:00:00.000,0.0,0.0
-144,Tà Hừa,2025-10-17T06:00:00.000,0.0,0.0
-144,Tà Hừa,2025-10-17T07:00:00.000,0.0,0.0
-144,Tà Hừa,2025-10-17T08:00:00.000,0.0,0.0
-144,Tà Hừa,2025-10-17T09:00:00.000,0.0,0.0
-144,Tà Hừa,2025-10-17T10:00:00.000,0.0,0.0
-144,Tà Hừa,2025-10-17T11:00:00.000,0.0,0.0
-144,Tà Hừa,2025-10-17T12:00:00.000,0.0,0.0
-144,Tà Hừa,2025-10-17T13:00:00.000,0.0,0.0
-144,Tà Hừa,2025-10-17T14:00:00.000,0.0,0.0
-144,Tà Hừa,2025-10-17T15:00:00.000,0.0,0.0
-144,Tà Hừa,2025-10-17T16:00:00.000,0.0,0.0
-144,Tà Hừa,2025-10-17T17:00:00.000,0.0,0.0
-144,Tà Hừa,2025-10-17T18:00:00.000,0.0,0.0
-144,Tà Hừa,2025-10-17T19:00:00.000,0.0,0.0
-144,Tà Hừa,2025-10-17T20:00:00.000,0.0,0.0
-144,Tà Hừa,2025-10-17T21:00:00.000,0.0,0.0
-144,Tà Hừa,2025-10-17T22:00:00.000,0.0,0.0
-144,Tà Hừa,2025-10-17T23:00:00.000,0.0,0.0
-144,Tà Hừa,2025-10-18T00:00:00.000,0.0,0.0
-144,Tà Hừa,2025-10-18T01:00:00.000,0.0,0.0
-144,Tà Hừa,2025-10-18T02:00:00.000,0.0,0.0
-144,Tà Hừa,2025-10-18T03:00:00.000,0.0,0.0
-144,Tà Hừa,2025-10-18T04:00:00.000,0.0,0.0
-144,Tà Hừa,2025-10-18T05:00:00.000,0.0,0.0
-144,Tà Hừa,2025-10-18T06:00:00.000,0.0,0.0
-144,Tà Hừa,2025-10-18T07:00:00.000,0.0,0.0
-144,Tà Hừa,2025-10-18T08:00:00.000,0.0,0.0
-144,Tà Hừa,2025-10-18T09:00:00.000,0.0,0.0
-144,Tà Hừa,2025-10-18T10:00:00.000,0.0,0.0
-144,Tà Hừa,2025-10-18T11:00:00.000,0.0,0.0
-144,Tà Hừa,2025-10-18T12:00:00.000,0.0,0.0
-144,Tà Hừa,2025-10-18T13:00:00.000,0.0,0.0
-144,Tà Hừa,2025-10-18T14:00:00.000,0.0,0.0
-144,Tà Hừa,2025-10-18T15:00:00.000,0.0,0.0
-144,Tà Hừa,2025-10-18T16:00:00.000,0.0,0.0
-144,Tà Hừa,2025-10-18T17:00:00.000,0.0,0.0
-144,Tà Hừa,2025-10-18T18:00:00.000,0.0,0.0
-144,Tà Hừa,2025-10-18T19:00:00.000,0.0,0.0
-144,Tà Hừa,2025-10-18T20:00:00.000,0.0,0.0
-144,Tà Hừa,2025-10-18T21:00:00.000,0.0,0.0
-144,Tà Hừa,2025-10-18T22:00:00.000,0.0,0.0
-144,Tà Hừa,2025-10-18T23:00:00.000,0.0,0.0
-144,Tà Hừa,2025-10-19T00:00:00.000,0.0,0.0
-144,Tà Hừa,2025-10-19T01:00:00.000,0.0,0.0
-144,Tà Hừa,2025-10-19T02:00:00.000,0.0,0.0
-144,Tà Hừa,2025-10-19T03:00:00.000,0.0,0.0
-144,Tà Hừa,2025-10-19T04:00:00.000,0.0,0.0
-144,Tà Hừa,2025-10-19T05:00:00.000,0.0,0.0
-144,Tà Hừa,2025-10-19T06:00:00.000,0.0,0.0
-144,Tà Hừa,2025-10-19T07:00:00.000,0.0,0.0
-144,Tà Hừa,2025-10-19T08:00:00.000,0.0,0.0
-144,Tà Hừa,2025-10-19T09:00:00.000,0.0,0.0
-144,Tà Hừa,2025-10-19T10:00:00.000,0.0,0.0
-144,Tà Hừa,2025-10-19T11:00:00.000,0.0,0.0
-144,Tà Hừa,2025-10-19T12:00:00.000,0.0,0.0
-144,Tà Hừa,2025-10-19T13:00:00.000,0.0,0.0
-144,Tà Hừa,2025-10-19T14:00:00.000,0.0,0.0
-144,Tà Hừa,2025-10-19T15:00:00.000,0.0,0.0
-144,Tà Hừa,2025-10-19T16:00:00.000,0.0,0.0
-144,Tà Hừa,2025-10-19T17:00:00.000,0.0,0.0
-144,Tà Hừa,2025-10-19T18:00:00.000,0.0,0.0
-144,Tà Hừa,2025-10-19T19:00:00.000,0.0,0.0
-144,Tà Hừa,2025-10-19T20:00:00.000,0.0,0.0
-144,Tà Hừa,2025-10-19T21:00:00.000,0.0,0.0
-144,Tà Hừa,2025-10-19T22:00:00.000,0.0,0.0
-144,Tà Hừa,2025-10-19T23:00:00.000,0.0,0.0
-144,Tà Hừa,2025-10-20T00:00:00.000,0.0,0.0
-144,Tà Hừa,2025-10-20T01:00:00.000,0.0,0.0
-144,Tà Hừa,2025-10-20T02:00:00.000,0.0,0.0
-144,Tà Hừa,2025-10-20T03:00:00.000,0.0,0.0
-144,Tà Hừa,2025-10-20T04:00:00.000,0.0,0.0
-144,Tà Hừa,2025-10-20T05:00:00.000,0.0,0.0
-144,Tà Hừa,2025-10-20T06:00:00.000,0.0,0.0
-144,Tà Hừa,2025-10-20T07:00:00.000,0.0,0.0
-144,Tà Hừa,2025-10-20T08:00:00.000,0.0,0.0
-144,Tà Hừa,2025-10-20T09:00:00.000,0.0,0.0
-144,Tà Hừa,2025-10-20T10:00:00.000,0.0,0.0
-144,Tà Hừa,2025-10-20T11:00:00.000,0.0,0.0
-144,Tà Hừa,2025-10-20T12:00:00.000,0.0,0.0
-144,Tà Hừa,2025-10-20T13:00:00.000,0.0,0.0
-144,Tà Hừa,2025-10-20T14:00:00.000,0.0,0.0
-144,Tà Hừa,2025-10-20T15:00:00.000,0.0,0.0
-144,Tà Hừa,2025-10-20T16:00:00.000,0.0,0.0
-144,Tà Hừa,2025-10-20T17:00:00.000,0.0,0.0
-144,Tà Hừa,2025-10-20T18:00:00.000,0.0,0.0
-144,Tà Hừa,2025-10-20T19:00:00.000,0.0,0.0
-144,Tà Hừa,2025-10-20T20:00:00.000,0.0,0.0
-144,Tà Hừa,2025-10-20T21:00:00.000,0.0,0.0
-144,Tà Hừa,2025-10-20T22:00:00.000,0.0,0.0
-144,Tà Hừa,2025-10-20T23:00:00.000,0.0,0.0
-144,Tà Hừa,2025-10-21T00:00:00.000,0.0,0.0
-144,Tà Hừa,2025-10-21T01:00:00.000,0.0,0.0
-144,Tà Hừa,2025-10-21T02:00:00.000,0.0,0.0
-144,Tà Hừa,2025-10-21T03:00:00.000,0.0,0.0
-144,Tà Hừa,2025-10-21T04:00:00.000,0.0,0.0
-144,Tà Hừa,2025-10-21T05:00:00.000,0.0,0.0
-144,Tà Hừa,2025-10-21T06:00:00.000,0.0,0.0
-144,Tà Hừa,2025-10-21T07:00:00.000,0.0,0.0
-144,Tà Hừa,2025-10-21T08:00:00.000,0.0,0.0
-144,Tà Hừa,2025-10-21T09:00:00.000,0.0,0.0
-144,Tà Hừa,2025-10-21T10:00:00.000,0.0,0.0
-144,Tà Hừa,2025-10-21T11:00:00.000,0.0,0.0
-144,Tà Hừa,2025-10-21T12:00:00.000,0.0,0.0
-144,Tà Hừa,2025-10-21T13:00:00.000,0.0,0.0
-144,Tà Hừa,2025-10-21T14:00:00.000,0.0,0.0
-144,Tà Hừa,2025-10-21T15:00:00.000,0.0,0.0
-144,Tà Hừa,2025-10-21T16:00:00.000,0.0,0.0
-144,Tà Hừa,2025-10-21T17:00:00.000,0.0,0.0
-144,Tà Hừa,2025-10-21T18:00:00.000,0.0,0.0
-144,Tà Hừa,2025-10-21T19:00:00.000,0.0,0.0
-144,Tà Hừa,2025-10-21T20:00:00.000,0.0,0.0
-144,Tà Hừa,2025-10-21T21:00:00.000,0.0,0.0
-144,Tà Hừa,2025-10-21T22:00:00.000,0.0,0.0
-144,Tà Hừa,2025-10-21T23:00:00.000,0.0,0.0
-144,Tà Hừa,2025-10-22T00:00:00.000,0.0,0.0
-144,Tà Hừa,2025-10-22T01:00:00.000,0.0,0.0
-144,Tà Hừa,2025-10-22T02:00:00.000,0.0,0.0
-144,Tà Hừa,2025-10-22T03:00:00.000,0.0,0.0
-144,Tà Hừa,2025-10-22T04:00:00.000,0.0,0.0
-144,Tà Hừa,2025-10-22T05:00:00.000,0.0,0.0
-144,Tà Hừa,2025-10-22T06:00:00.000,0.0,0.0
-144,Tà Hừa,2025-10-22T07:00:00.000,0.0,0.0
-144,Tà Hừa,2025-10-22T08:00:00.000,0.0,0.0
-144,Tà Hừa,2025-10-22T09:00:00.000,0.0,0.0
-144,Tà Hừa,2025-10-22T10:00:00.000,0.0,0.0
-144,Tà Hừa,2025-10-22T11:00:00.000,0.0,0.0
-144,Tà Hừa,2025-10-22T12:00:00.000,0.0,0.0
-144,Tà Hừa,2025-10-22T13:00:00.000,0.0,0.0
-144,Tà Hừa,2025-10-22T14:00:00.000,0.0,0.0
-144,Tà Hừa,2025-10-22T15:00:00.000,0.0,0.0
-144,Tà Hừa,2025-10-22T16:00:00.000,0.0,0.0
-144,Tà Hừa,2025-10-22T17:00:00.000,0.0,0.0
-144,Tà Hừa,2025-10-22T18:00:00.000,0.0,0.0
-144,Tà Hừa,2025-10-22T19:00:00.000,0.0,0.0
-144,Tà Hừa,2025-10-22T20:00:00.000,0.0,0.0
-144,Tà Hừa,2025-10-22T21:00:00.000,0.0,0.0
-144,Tà Hừa,2025-10-22T22:00:00.000,0.0,0.0
-144,Tà Hừa,2025-10-22T23:00:00.000,0.0,0.0
-144,Tà Hừa,2025-10-23T00:00:00.000,0.0,0.0
-144,Tà Hừa,2025-10-23T01:00:00.000,0.0,0.0
-144,Tà Hừa,2025-10-23T02:00:00.000,0.0,0.0
-144,Tà Hừa,2025-10-23T03:00:00.000,0.0,0.0
-144,Tà Hừa,2025-10-23T04:00:00.000,0.0,0.0
-144,Tà Hừa,2025-10-23T05:00:00.000,0.0,0.0
-144,Tà Hừa,2025-10-23T06:00:00.000,0.0,0.0
-144,Tà Hừa,2025-10-23T07:00:00.000,0.0,0.0
-144,Tà Hừa,2025-10-23T08:00:00.000,0.0,0.0
-144,Tà Hừa,2025-10-23T09:00:00.000,0.0,0.0
-144,Tà Hừa,2025-10-23T10:00:00.000,0.0,0.0
-144,Tà Hừa,2025-10-23T11:00:00.000,0.0,0.0
-144,Tà Hừa,2025-10-23T12:00:00.000,0.0,0.0
-144,Tà Hừa,2025-10-23T13:00:00.000,0.0,0.0
-144,Tà Hừa,2025-10-23T14:00:00.000,0.0,0.0
-144,Tà Hừa,2025-10-23T15:00:00.000,0.0,0.0
-144,Tà Hừa,2025-10-23T16:00:00.000,0.0,0.0
-144,Tà Hừa,2025-10-23T17:00:00.000,0.0,0.0
-144,Tà Hừa,2025-10-23T18:00:00.000,0.0,0.0
-144,Tà Hừa,2025-10-23T19:00:00.000,0.0,0.0
-144,Tà Hừa,2025-10-23T20:00:00.000,0.0,0.0
-144,Tà Hừa,2025-10-23T21:00:00.000,0.0,0.0
-144,Tà Hừa,2025-10-23T22:00:00.000,0.0,0.0
-144,Tà Hừa,2025-10-23T23:00:00.000,0.0,0.0
-144,Tà Hừa,2025-10-24T00:00:00.000,0.0,0.0
-144,Tà Hừa,2025-10-24T01:00:00.000,0.0,0.0
-144,Tà Hừa,2025-10-24T02:00:00.000,0.0,0.0
-144,Tà Hừa,2025-10-24T03:00:00.000,0.0,0.0
-144,Tà Hừa,2025-10-24T04:00:00.000,0.0,0.0
-144,Tà Hừa,2025-10-24T05:00:00.000,0.0,0.0
-144,Tà Hừa,2025-10-24T06:00:00.000,0.0,0.0
-144,Tà Hừa,2025-10-24T07:00:00.000,0.0,0.0
-144,Tà Hừa,2025-10-24T08:00:00.000,0.0,0.0
-144,Tà Hừa,2025-10-24T09:00:00.000,0.0,0.0
-144,Tà Hừa,2025-10-24T10:00:00.000,0.0,0.0
-144,Tà Hừa,2025-10-24T11:00:00.000,0.0,0.0
-144,Tà Hừa,2025-10-24T12:00:00.000,0.0,0.0
-144,Tà Hừa,2025-10-24T13:00:00.000,0.0,0.0
-144,Tà Hừa,2025-10-24T14:00:00.000,0.0,0.0
-144,Tà Hừa,2025-10-24T15:00:00.000,0.0,0.0
-144,Tà Hừa,2025-10-24T16:00:00.000,0.0,0.0
-144,Tà Hừa,2025-10-24T17:00:00.000,1.2000000476837158,1.2000000476837158
-144,Tà Hừa,2025-10-24T18:00:00.000,1.0,2.200000047683716
-144,Tà Hừa,2025-10-24T19:00:00.000,1.600000023841858,3.8000000715255737
-144,Tà Hừa,2025-10-24T20:00:00.000,0.20000000298023224,4.000000074505806
-144,Tà Hừa,2025-10-24T21:00:00.000,0.0,4.000000074505806
-144,Tà Hừa,2025-10-24T22:00:00.000,0.0,4.000000074505806
-144,Tà Hừa,2025-10-24T23:00:00.000,0.0,4.000000074505806
-144,Tà Hừa,2025-10-25T00:00:00.000,0.20000000298023224,0.4000000059604645
-144,Tà Hừa,2025-10-25T01:00:00.000,0.0,0.4000000059604645
-144,Tà Hừa,2025-10-25T02:00:00.000,0.0,0.4000000059604645
-144,Tà Hừa,2025-10-25T03:00:00.000,0.0,0.4000000059604645
-144,Tà Hừa,2025-10-25T04:00:00.000,0.0,0.4000000059604645
-144,Tà Hừa,2025-10-25T05:00:00.000,0.0,0.4000000059604645
-144,Tà Hừa,2025-10-25T06:00:00.000,0.20000000298023224,0.6000000089406967
-144,Tà Hừa,2025-10-25T07:00:00.000,0.0,0.6000000089406967
-144,Tà Hừa,2025-10-25T08:00:00.000,0.0,0.6000000089406967
-144,Tà Hừa,2025-10-25T09:00:00.000,0.0,0.6000000089406967
-144,Tà Hừa,2025-10-25T10:00:00.000,0.0,0.6000000089406967
-144,Tà Hừa,2025-10-25T11:00:00.000,0.0,0.6000000089406967
-144,Tà Hừa,2025-10-25T12:00:00.000,0.0,0.6000000089406967
-144,Tà Hừa,2025-10-25T13:00:00.000,0.0,0.6000000089406967
-144,Tà Hừa,2025-10-25T14:00:00.000,0.0,0.6000000089406967
-144,Tà Hừa,2025-10-25T15:00:00.000,0.0,0.6000000089406967
-144,Tà Hừa,2025-10-25T16:00:00.000,0.0,0.6000000089406967
-144,Tà Hừa,2025-10-25T17:00:00.000,0.0,0.6000000089406967
-144,Tà Hừa,2025-10-25T18:00:00.000,0.0,0.6000000089406967
-144,Tà Hừa,2025-10-25T19:00:00.000,0.0,0.6000000089406967
-144,Tà Hừa,2025-10-25T20:00:00.000,0.0,0.6000000089406967
-144,Tà Hừa,2025-10-25T21:00:00.000,0.0,0.6000000089406967
-144,Tà Hừa,2025-10-25T22:00:00.000,0.0,0.6000000089406967
-144,Tà Hừa,2025-10-25T23:00:00.000,0.0,0.6000000089406967
-144,Tà Hừa,2025-10-26T00:00:00.000,0.0,0.0
-144,Tà Hừa,2025-10-26T01:00:00.000,0.0,0.0
-144,Tà Hừa,2025-10-26T02:00:00.000,0.0,0.0
-144,Tà Hừa,2025-10-26T03:00:00.000,0.0,0.0
-144,Tà Hừa,2025-10-26T04:00:00.000,0.0,0.0
-144,Tà Hừa,2025-10-26T05:00:00.000,0.0,0.0
-144,Tà Hừa,2025-10-26T06:00:00.000,0.0,0.0
-144,Tà Hừa,2025-10-26T07:00:00.000,0.0,0.0
-144,Tà Hừa,2025-10-26T08:00:00.000,0.0,0.0
-144,Tà Hừa,2025-10-26T09:00:00.000,0.0,0.0
-144,Tà Hừa,2025-10-26T10:00:00.000,0.0,0.0
-144,Tà Hừa,2025-10-26T11:00:00.000,0.0,0.0
-144,Tà Hừa,2025-10-26T12:00:00.000,0.0,0.0
-144,Tà Hừa,2025-10-26T13:00:00.000,0.0,0.0
-144,Tà Hừa,2025-10-26T14:00:00.000,0.0,0.0
-144,Tà Hừa,2025-10-26T15:00:00.000,0.0,0.0
-144,Tà Hừa,2025-10-26T16:00:00.000,0.0,0.0
-144,Tà Hừa,2025-10-26T17:00:00.000,0.0,0.0
-144,Tà Hừa,2025-10-26T18:00:00.000,0.0,0.0
-144,Tà Hừa,2025-10-26T19:00:00.000,0.0,0.0
-144,Tà Hừa,2025-10-26T20:00:00.000,0.0,0.0
-144,Tà Hừa,2025-10-26T21:00:00.000,0.0,0.0
-144,Tà Hừa,2025-10-26T22:00:00.000,0.0,0.0
-144,Tà Hừa,2025-10-26T23:00:00.000,0.0,0.0
-144,Tà Hừa,2025-10-27T00:00:00.000,0.0,0.0
-144,Tà Hừa,2025-10-27T01:00:00.000,0.0,0.0
-144,Tà Hừa,2025-10-27T02:00:00.000,0.0,0.0
-144,Tà Hừa,2025-10-27T03:00:00.000,0.0,0.0
-144,Tà Hừa,2025-10-27T04:00:00.000,0.0,0.0
-144,Tà Hừa,2025-10-27T05:00:00.000,0.0,0.0
-144,Tà Hừa,2025-10-27T06:00:00.000,0.0,0.0
-144,Tà Hừa,2025-10-27T07:00:00.000,0.0,0.0
-144,Tà Hừa,2025-10-27T08:00:00.000,0.0,0.0
-144,Tà Hừa,2025-10-27T09:00:00.000,0.0,0.0
-144,Tà Hừa,2025-10-27T10:00:00.000,0.0,0.0
-144,Tà Hừa,2025-10-27T11:00:00.000,0.0,0.0
-144,Tà Hừa,2025-10-27T12:00:00.000,0.0,0.0
-144,Tà Hừa,2025-10-27T13:00:00.000,0.0,0.0
-144,Tà Hừa,2025-10-27T14:00:00.000,0.0,0.0
-144,Tà Hừa,2025-10-27T15:00:00.000,0.0,0.0
-144,Tà Hừa,2025-10-27T16:00:00.000,0.0,0.0
-144,Tà Hừa,2025-10-27T17:00:00.000,0.0,0.0
-144,Tà Hừa,2025-10-27T18:00:00.000,0.0,0.0
-144,Tà Hừa,2025-10-27T19:00:00.000,0.0,0.0
-144,Tà Hừa,2025-10-27T20:00:00.000,0.0,0.0
-144,Tà Hừa,2025-10-27T21:00:00.000,0.0,0.0
-144,Tà Hừa,2025-10-27T22:00:00.000,0.0,0.0
-144,Tà Hừa,2025-10-27T23:00:00.000,0.0,0.0
-144,Tà Hừa,2025-10-28T00:00:00.000,0.0,0.0
-144,Tà Hừa,2025-10-28T01:00:00.000,0.0,0.0
-144,Tà Hừa,2025-10-28T02:00:00.000,0.0,0.0
-144,Tà Hừa,2025-10-28T03:00:00.000,0.0,0.0
-144,Tà Hừa,2025-10-28T04:00:00.000,0.0,0.0
-144,Tà Hừa,2025-10-28T05:00:00.000,0.0,0.0
-144,Tà Hừa,2025-10-28T06:00:00.000,0.0,0.0
-144,Tà Hừa,2025-10-28T07:00:00.000,0.0,0.0
-144,Tà Hừa,2025-10-28T08:00:00.000,0.0,0.0
-144,Tà Hừa,2025-10-28T09:00:00.000,0.0,0.0
-144,Tà Hừa,2025-10-28T10:00:00.000,0.0,0.0
-144,Tà Hừa,2025-10-28T11:00:00.000,0.0,0.0
-144,Tà Hừa,2025-10-28T12:00:00.000,0.0,0.0
-144,Tà Hừa,2025-10-28T13:00:00.000,0.0,0.0
-144,Tà Hừa,2025-10-28T14:00:00.000,0.0,0.0
-144,Tà Hừa,2025-10-28T15:00:00.000,0.0,0.0
-144,Tà Hừa,2025-10-28T16:00:00.000,0.0,0.0
-144,Tà Hừa,2025-10-28T17:00:00.000,0.0,0.0
-144,Tà Hừa,2025-10-28T18:00:00.000,0.0,0.0
-144,Tà Hừa,2025-10-28T19:00:00.000,0.0,0.0
-144,Tà Hừa,2025-10-28T20:00:00.000,0.0,0.0
-144,Tà Hừa,2025-10-28T21:00:00.000,0.0,0.0
-144,Tà Hừa,2025-10-28T22:00:00.000,0.0,0.0
-144,Tà Hừa,2025-10-28T23:00:00.000,0.0,0.0
-144,Tà Hừa,2025-10-29T00:00:00.000,0.0,0.0
-144,Tà Hừa,2025-10-29T01:00:00.000,0.0,0.0
-144,Tà Hừa,2025-10-29T02:00:00.000,0.0,0.0
-144,Tà Hừa,2025-10-29T03:00:00.000,0.0,0.0
-144,Tà Hừa,2025-10-29T04:00:00.000,0.0,0.0
-144,Tà Hừa,2025-10-29T05:00:00.000,0.0,0.0
-144,Tà Hừa,2025-10-29T06:00:00.000,0.0,0.0
-144,Tà Hừa,2025-10-29T07:00:00.000,0.0,0.0
-144,Tà Hừa,2025-10-29T08:00:00.000,0.0,0.0
-144,Tà Hừa,2025-10-29T09:00:00.000,0.0,0.0
-144,Tà Hừa,2025-10-29T10:00:00.000,0.0,0.0
-144,Tà Hừa,2025-10-29T11:00:00.000,0.0,0.0
-144,Tà Hừa,2025-10-29T12:00:00.000,0.0,0.0
-144,Tà Hừa,2025-10-29T13:00:00.000,0.0,0.0
-144,Tà Hừa,2025-10-29T14:00:00.000,0.0,0.0
-144,Tà Hừa,2025-10-29T15:00:00.000,0.0,0.0
-144,Tà Hừa,2025-10-29T16:00:00.000,0.0,0.0
-144,Tà Hừa,2025-10-29T17:00:00.000,0.0,0.0
-144,Tà Hừa,2025-10-29T18:00:00.000,0.0,0.0
-144,Tà Hừa,2025-10-29T19:00:00.000,0.0,0.0
-144,Tà Hừa,2025-10-29T20:00:00.000,0.0,0.0
-144,Tà Hừa,2025-10-29T21:00:00.000,0.0,0.0
-144,Tà Hừa,2025-10-29T22:00:00.000,0.0,0.0
-144,Tà Hừa,2025-10-29T23:00:00.000,0.0,0.0
-144,Tà Hừa,2025-10-30T00:00:00.000,0.0,0.0
-144,Tà Hừa,2025-10-30T01:00:00.000,0.0,0.0
-144,Tà Hừa,2025-10-30T02:00:00.000,0.0,0.0
-144,Tà Hừa,2025-10-30T03:00:00.000,0.0,0.0
-144,Tà Hừa,2025-10-30T04:00:00.000,0.0,0.0
-144,Tà Hừa,2025-10-30T05:00:00.000,0.0,0.0
-144,Tà Hừa,2025-10-30T06:00:00.000,0.0,0.0
-144,Tà Hừa,2025-10-30T07:00:00.000,0.0,0.0
-144,Tà Hừa,2025-10-30T08:00:00.000,0.0,0.0
-144,Tà Hừa,2025-10-30T09:00:00.000,0.0,0.0
-144,Tà Hừa,2025-10-30T10:00:00.000,0.0,0.0
-144,Tà Hừa,2025-10-30T11:00:00.000,0.0,0.0
-144,Tà Hừa,2025-10-30T12:00:00.000,0.0,0.0
-144,Tà Hừa,2025-10-30T13:00:00.000,0.0,0.0
-144,Tà Hừa,2025-10-30T14:00:00.000,0.0,0.0
-144,Tà Hừa,2025-10-30T15:00:00.000,0.0,0.0
-144,Tà Hừa,2025-10-30T16:00:00.000,0.0,0.0
-144,Tà Hừa,2025-10-30T17:00:00.000,0.0,0.0
-144,Tà Hừa,2025-10-30T18:00:00.000,0.0,0.0
-144,Tà Hừa,2025-10-30T19:00:00.000,0.0,0.0
-144,Tà Hừa,2025-10-30T20:00:00.000,0.0,0.0
-144,Tà Hừa,2025-10-30T21:00:00.000,0.0,0.0
-144,Tà Hừa,2025-10-30T22:00:00.000,0.0,0.0
-144,Tà Hừa,2025-10-30T23:00:00.000,0.0,0.0
-144,Tà Hừa,2025-10-31T00:00:00.000,0.0,0.0
-144,Tà Hừa,2025-10-31T01:00:00.000,0.0,0.0
-144,Tà Hừa,2025-10-31T02:00:00.000,0.0,0.0
-144,Tà Hừa,2025-10-31T03:00:00.000,0.0,0.0
-144,Tà Hừa,2025-10-31T04:00:00.000,0.0,0.0
-144,Tà Hừa,2025-10-31T05:00:00.000,0.0,0.0
-144,Tà Hừa,2025-10-31T06:00:00.000,0.0,0.0
-144,Tà Hừa,2025-10-31T07:00:00.000,0.0,0.0
-144,Tà Hừa,2025-10-31T08:00:00.000,0.0,0.0
-144,Tà Hừa,2025-10-31T09:00:00.000,0.0,0.0
-144,Tà Hừa,2025-10-31T10:00:00.000,0.0,0.0
-144,Tà Hừa,2025-10-31T11:00:00.000,0.0,0.0
-144,Tà Hừa,2025-10-31T12:00:00.000,0.0,0.0
-144,Tà Hừa,2025-10-31T13:00:00.000,0.0,0.0
-144,Tà Hừa,2025-10-31T14:00:00.000,0.0,0.0
-144,Tà Hừa,2025-10-31T15:00:00.000,0.0,0.0
-144,Tà Hừa,2025-10-31T16:00:00.000,0.0,0.0
-144,Tà Hừa,2025-10-31T17:00:00.000,0.0,0.0
-144,Tà Hừa,2025-10-31T18:00:00.000,0.0,0.0
-144,Tà Hừa,2025-10-31T19:00:00.000,0.0,0.0
-144,Tà Hừa,2025-10-31T20:00:00.000,0.0,0.0
-144,Tà Hừa,2025-10-31T21:00:00.000,0.0,0.0
-144,Tà Hừa,2025-10-31T22:00:00.000,0.0,0.0
-144,Tà Hừa,2025-10-31T23:00:00.000,0.0,0.0
-144,Tà Hừa,2025-11-01T00:00:00.000,0.20000000298023224,0.20000000298023224
-144,Tà Hừa,2025-11-01T01:00:00.000,0.4000000059604645,0.6000000089406967
-144,Tà Hừa,2025-11-01T02:00:00.000,0.0,0.6000000089406967
-144,Tà Hừa,2025-11-01T03:00:00.000,0.0,0.6000000089406967
-144,Tà Hừa,2025-11-01T04:00:00.000,0.0,0.6000000089406967
-144,Tà Hừa,2025-11-01T05:00:00.000,0.0,0.6000000089406967
-144,Tà Hừa,2025-11-01T06:00:00.000,0.0,0.6000000089406967
-144,Tà Hừa,2025-11-01T07:00:00.000,0.20000000298023224,0.800000011920929
-144,Tà Hừa,2025-11-01T08:00:00.000,0.0,0.800000011920929
-144,Tà Hừa,2025-11-01T09:00:00.000,0.0,0.800000011920929
-144,Tà Hừa,2025-11-01T10:00:00.000,0.6000000238418579,1.4000000357627869
-144,Tà Hừa,2025-11-01T11:00:00.000,0.0,1.4000000357627869
-144,Tà Hừa,2025-11-01T12:00:00.000,0.4000000059604645,1.8000000417232513
-144,Tà Hừa,2025-11-01T13:00:00.000,0.20000000298023224,2.0000000447034836
-144,Tà Hừa,2025-11-01T14:00:00.000,0.20000000298023224,2.200000047683716
-144,Tà Hừa,2025-11-01T15:00:00.000,0.4000000059604645,2.6000000536441803
-144,Tà Hừa,2025-11-01T16:00:00.000,0.20000000298023224,2.8000000566244125
-144,Tà Hừa,2025-11-01T17:00:00.000,0.0,2.8000000566244125
-144,Tà Hừa,2025-11-01T18:00:00.000,0.20000000298023224,3.0000000596046448
-144,Tà Hừa,2025-11-01T19:00:00.000,0.0,3.0000000596046448
-144,Tà Hừa,2025-11-01T20:00:00.000,0.0,3.0000000596046448
-144,Tà Hừa,2025-11-01T21:00:00.000,0.0,3.0000000596046448
-144,Tà Hừa,2025-11-01T22:00:00.000,0.0,3.0000000596046448
-144,Tà Hừa,2025-11-01T23:00:00.000,0.0,3.0000000596046448
-144,Tà Hừa,2025-11-02T00:00:00.000,0.0,0.0
-144,Tà Hừa,2025-11-02T01:00:00.000,0.0,0.0
-144,Tà Hừa,2025-11-02T02:00:00.000,0.0,0.0
-144,Tà Hừa,2025-11-02T03:00:00.000,0.0,0.0
-144,Tà Hừa,2025-11-02T04:00:00.000,0.0,0.0
-144,Tà Hừa,2025-11-02T05:00:00.000,0.0,0.0
-144,Tà Hừa,2025-11-02T06:00:00.000,0.0,0.0
-144,Tà Hừa,2025-11-02T07:00:00.000,0.0,0.0
-144,Tà Hừa,2025-11-02T08:00:00.000,0.0,0.0
-144,Tà Hừa,2025-11-02T09:00:00.000,0.0,0.0
-144,Tà Hừa,2025-11-02T10:00:00.000,0.0,0.0
-144,Tà Hừa,2025-11-02T11:00:00.000,0.0,0.0
-144,Tà Hừa,2025-11-02T12:00:00.000,0.20000000298023224,0.20000000298023224
-144,Tà Hừa,2025-11-02T13:00:00.000,0.0,0.20000000298023224
-144,Tà Hừa,2025-11-02T14:00:00.000,0.0,0.20000000298023224
-144,Tà Hừa,2025-11-02T15:00:00.000,0.0,0.20000000298023224
-144,Tà Hừa,2025-11-02T16:00:00.000,0.0,0.20000000298023224
-144,Tà Hừa,2025-11-02T17:00:00.000,0.0,0.20000000298023224
-144,Tà Hừa,2025-11-02T18:00:00.000,0.0,0.20000000298023224
-144,Tà Hừa,2025-11-02T19:00:00.000,0.0,0.20000000298023224
-144,Tà Hừa,2025-11-02T20:00:00.000,0.0,0.20000000298023224
-144,Tà Hừa,2025-11-02T21:00:00.000,0.0,0.20000000298023224
-144,Tà Hừa,2025-11-02T22:00:00.000,0.0,0.20000000298023224
-144,Tà Hừa,2025-11-02T23:00:00.000,0.0,0.20000000298023224
-144,Tà Hừa,2025-11-03T00:00:00.000,0.0,0.0
-144,Tà Hừa,2025-11-03T01:00:00.000,0.0,0.0
-144,Tà Hừa,2025-11-03T02:00:00.000,0.0,0.0
-144,Tà Hừa,2025-11-03T03:00:00.000,0.0,0.0
-144,Tà Hừa,2025-11-03T04:00:00.000,0.0,0.0
-144,Tà Hừa,2025-11-03T05:00:00.000,0.0,0.0
-144,Tà Hừa,2025-11-03T06:00:00.000,0.0,0.0
-144,Tà Hừa,2025-11-03T07:00:00.000,0.0,0.0
-144,Tà Hừa,2025-11-03T08:00:00.000,0.0,0.0
-144,Tà Hừa,2025-11-03T09:00:00.000,0.0,0.0
-144,Tà Hừa,2025-11-03T10:00:00.000,0.0,0.0
-144,Tà Hừa,2025-11-03T11:00:00.000,0.0,0.0
-144,Tà Hừa,2025-11-03T12:00:00.000,0.0,0.0
-144,Tà Hừa,2025-11-03T13:00:00.000,0.0,0.0
-144,Tà Hừa,2025-11-03T14:00:00.000,0.0,0.0
-144,Tà Hừa,2025-11-03T15:00:00.000,0.0,0.0
-144,Tà Hừa,2025-11-03T16:00:00.000,0.0,0.0
-144,Tà Hừa,2025-11-03T17:00:00.000,0.0,0.0
-144,Tà Hừa,2025-11-03T18:00:00.000,0.0,0.0
-144,Tà Hừa,2025-11-03T19:00:00.000,0.0,0.0
-144,Tà Hừa,2025-11-03T20:00:00.000,0.0,0.0
-144,Tà Hừa,2025-11-03T21:00:00.000,0.0,0.0
-144,Tà Hừa,2025-11-03T22:00:00.000,0.0,0.0
-144,Tà Hừa,2025-11-03T23:00:00.000,0.0,0.0
-144,Tà Hừa,2025-11-04T00:00:00.000,0.0,0.0
-144,Tà Hừa,2025-11-04T01:00:00.000,0.0,0.0
-144,Tà Hừa,2025-11-04T02:00:00.000,0.0,0.0
-144,Tà Hừa,2025-11-04T03:00:00.000,0.0,0.0
-144,Tà Hừa,2025-11-04T04:00:00.000,0.0,0.0
-144,Tà Hừa,2025-11-04T05:00:00.000,0.0,0.0
-144,Tà Hừa,2025-11-04T06:00:00.000,0.0,0.0
-144,Tà Hừa,2025-11-04T07:00:00.000,0.0,0.0
-144,Tà Hừa,2025-11-04T08:00:00.000,0.0,0.0
-144,Tà Hừa,2025-11-04T09:00:00.000,0.0,0.0
-144,Tà Hừa,2025-11-04T10:00:00.000,0.0,0.0
-144,Tà Hừa,2025-11-04T11:00:00.000,0.0,0.0
-144,Tà Hừa,2025-11-04T12:00:00.000,0.0,0.0
-144,Tà Hừa,2025-11-04T13:00:00.000,0.0,0.0
-144,Tà Hừa,2025-11-04T14:00:00.000,0.0,0.0
-144,Tà Hừa,2025-11-04T15:00:00.000,0.0,0.0
-144,Tà Hừa,2025-11-04T16:00:00.000,0.0,0.0
-144,Tà Hừa,2025-11-04T17:00:00.000,0.0,0.0
-144,Tà Hừa,2025-11-04T18:00:00.000,0.0,0.0
-144,Tà Hừa,2025-11-04T19:00:00.000,0.0,0.0
-144,Tà Hừa,2025-11-04T20:00:00.000,0.0,0.0
-144,Tà Hừa,2025-11-04T21:00:00.000,0.0,0.0
-144,Tà Hừa,2025-11-04T22:00:00.000,0.0,0.0
-144,Tà Hừa,2025-11-04T23:00:00.000,0.0,0.0
-144,Tà Hừa,2025-11-05T00:00:00.000,0.0,0.0
-144,Tà Hừa,2025-11-05T01:00:00.000,0.0,0.0
-144,Tà Hừa,2025-11-05T02:00:00.000,0.0,0.0
-144,Tà Hừa,2025-11-05T03:00:00.000,0.0,0.0
-144,Tà Hừa,2025-11-05T04:00:00.000,0.0,0.0
-144,Tà Hừa,2025-11-05T05:00:00.000,0.0,0.0
-144,Tà Hừa,2025-11-05T06:00:00.000,0.0,0.0
-144,Tà Hừa,2025-11-05T07:00:00.000,0.0,0.0
-144,Tà Hừa,2025-11-05T08:00:00.000,0.0,0.0
-144,Tà Hừa,2025-11-05T09:00:00.000,0.0,0.0
-144,Tà Hừa,2025-11-05T10:00:00.000,0.0,0.0
-144,Tà Hừa,2025-11-05T11:00:00.000,0.0,0.0
-144,Tà Hừa,2025-11-05T12:00:00.000,0.0,0.0
-144,Tà Hừa,2025-11-05T13:00:00.000,0.0,0.0
-144,Tà Hừa,2025-11-05T14:00:00.000,0.0,0.0
-144,Tà Hừa,2025-11-05T15:00:00.000,0.0,0.0
-144,Tà Hừa,2025-11-05T16:00:00.000,0.0,0.0
-144,Tà Hừa,2025-11-05T17:00:00.000,0.0,0.0
-144,Tà Hừa,2025-11-05T18:00:00.000,0.0,0.0
-144,Tà Hừa,2025-11-05T19:00:00.000,0.0,0.0
-144,Tà Hừa,2025-11-05T20:00:00.000,0.0,0.0
-144,Tà Hừa,2025-11-05T21:00:00.000,0.0,0.0
-144,Tà Hừa,2025-11-05T22:00:00.000,0.0,0.0
-144,Tà Hừa,2025-11-05T23:00:00.000,0.0,0.0
-144,Tà Hừa,2025-11-06T00:00:00.000,0.0,0.0
-144,Tà Hừa,2025-11-06T01:00:00.000,0.0,0.0
-144,Tà Hừa,2025-11-06T02:00:00.000,0.0,0.0
-144,Tà Hừa,2025-11-06T03:00:00.000,0.0,0.0
-144,Tà Hừa,2025-11-06T04:00:00.000,0.0,0.0
-144,Tà Hừa,2025-11-06T05:00:00.000,0.0,0.0
-144,Tà Hừa,2025-11-06T06:00:00.000,0.0,0.0
-144,Tà Hừa,2025-11-06T07:00:00.000,0.0,0.0
-144,Tà Hừa,2025-11-06T08:00:00.000,0.0,0.0
-144,Tà Hừa,2025-11-06T09:00:00.000,0.0,0.0
-144,Tà Hừa,2025-11-06T10:00:00.000,0.0,0.0
-144,Tà Hừa,2025-11-06T11:00:00.000,0.0,0.0
-144,Tà Hừa,2025-11-06T12:00:00.000,0.0,0.0
-144,Tà Hừa,2025-11-06T13:00:00.000,0.0,0.0
-144,Tà Hừa,2025-11-06T14:00:00.000,0.0,0.0
-144,Tà Hừa,2025-11-06T15:00:00.000,0.0,0.0
-144,Tà Hừa,2025-11-06T16:00:00.000,0.0,0.0
-144,Tà Hừa,2025-11-06T17:00:00.000,0.0,0.0
-144,Tà Hừa,2025-11-06T18:00:00.000,0.0,0.0
-144,Tà Hừa,2025-11-06T19:00:00.000,0.0,0.0
-144,Tà Hừa,2025-11-06T20:00:00.000,0.0,0.0
-144,Tà Hừa,2025-11-06T21:00:00.000,0.0,0.0
-144,Tà Hừa,2025-11-06T22:00:00.000,0.0,0.0
-144,Tà Hừa,2025-11-06T23:00:00.000,0.0,0.0
-144,Tà Hừa,2025-11-07T00:00:00.000,0.0,0.0
-144,Tà Hừa,2025-11-07T01:00:00.000,0.0,0.0
-144,Tà Hừa,2025-11-07T02:00:00.000,0.0,0.0
-144,Tà Hừa,2025-11-07T03:00:00.000,0.0,0.0
-144,Tà Hừa,2025-11-07T04:00:00.000,0.0,0.0
-144,Tà Hừa,2025-11-07T05:00:00.000,0.0,0.0
-144,Tà Hừa,2025-11-07T06:00:00.000,0.0,0.0
-144,Tà Hừa,2025-11-07T07:00:00.000,0.0,0.0
-144,Tà Hừa,2025-11-07T08:00:00.000,0.0,0.0
-144,Tà Hừa,2025-11-07T09:00:00.000,0.0,0.0
-144,Tà Hừa,2025-11-07T10:00:00.000,0.0,0.0
-144,Tà Hừa,2025-11-07T11:00:00.000,0.0,0.0
-144,Tà Hừa,2025-11-07T12:00:00.000,0.0,0.0
-144,Tà Hừa,2025-11-07T13:00:00.000,0.0,0.0
-144,Tà Hừa,2025-11-07T14:00:00.000,0.0,0.0
-144,Tà Hừa,2025-11-07T15:00:00.000,0.0,0.0
-144,Tà Hừa,2025-11-07T16:00:00.000,0.0,0.0
-144,Tà Hừa,2025-11-07T17:00:00.000,0.0,0.0
-144,Tà Hừa,2025-11-07T18:00:00.000,0.0,0.0
-144,Tà Hừa,2025-11-07T19:00:00.000,0.0,0.0
-144,Tà Hừa,2025-11-07T20:00:00.000,0.0,0.0
-144,Tà Hừa,2025-11-07T21:00:00.000,0.0,0.0
-144,Tà Hừa,2025-11-07T22:00:00.000,0.0,0.0
-144,Tà Hừa,2025-11-07T23:00:00.000,0.0,0.0
-144,Tà Hừa,2025-11-08T00:00:00.000,0.0,0.0
-144,Tà Hừa,2025-11-08T01:00:00.000,0.0,0.0
-144,Tà Hừa,2025-11-08T02:00:00.000,0.0,0.0
-144,Tà Hừa,2025-11-08T03:00:00.000,0.0,0.0
-144,Tà Hừa,2025-11-08T04:00:00.000,0.0,0.0
-144,Tà Hừa,2025-11-08T05:00:00.000,0.0,0.0
-144,Tà Hừa,2025-11-08T06:00:00.000,0.0,0.0
-144,Tà Hừa,2025-11-08T07:00:00.000,0.0,0.0
-144,Tà Hừa,2025-11-08T08:00:00.000,0.0,0.0
-144,Tà Hừa,2025-11-08T09:00:00.000,0.0,0.0
-144,Tà Hừa,2025-11-08T10:00:00.000,0.0,0.0
-144,Tà Hừa,2025-11-08T11:00:00.000,0.0,0.0
-144,Tà Hừa,2025-11-08T12:00:00.000,0.0,0.0
-144,Tà Hừa,2025-11-08T13:00:00.000,0.0,0.0
-144,Tà Hừa,2025-11-08T14:00:00.000,0.0,0.0
-144,Tà Hừa,2025-11-08T15:00:00.000,0.6000000238418579,0.6000000238418579
-144,Tà Hừa,2025-11-08T16:00:00.000,0.20000000298023224,0.8000000268220901
-144,Tà Hừa,2025-11-08T17:00:00.000,0.6000000238418579,1.400000050663948
-144,Tà Hừa,2025-11-08T18:00:00.000,0.0,1.400000050663948
-144,Tà Hừa,2025-11-08T19:00:00.000,0.20000000298023224,1.6000000536441803
-144,Tà Hừa,2025-11-08T20:00:00.000,0.20000000298023224,1.8000000566244125
-144,Tà Hừa,2025-11-08T21:00:00.000,0.0,1.8000000566244125
-144,Tà Hừa,2025-11-08T22:00:00.000,0.20000000298023224,2.0000000596046448
-144,Tà Hừa,2025-11-08T23:00:00.000,0.0,2.0000000596046448
-144,Tà Hừa,2025-11-09T00:00:00.000,0.20000000298023224,0.6000000089406967
-144,Tà Hừa,2025-11-09T01:00:00.000,0.0,0.6000000089406967
-144,Tà Hừa,2025-11-09T02:00:00.000,0.0,0.6000000089406967
-144,Tà Hừa,2025-11-09T03:00:00.000,0.0,0.6000000089406967
-144,Tà Hừa,2025-11-09T04:00:00.000,0.0,0.6000000089406967
-144,Tà Hừa,2025-11-09T05:00:00.000,0.0,0.6000000089406967
-144,Tà Hừa,2025-11-09T06:00:00.000,0.0,0.6000000089406967
-144,Tà Hừa,2025-11-09T07:00:00.000,0.0,0.6000000089406967
-144,Tà Hừa,2025-11-09T08:00:00.000,0.0,0.6000000089406967
-144,Tà Hừa,2025-11-09T09:00:00.000,0.0,0.6000000089406967
-144,Tà Hừa,2025-11-09T10:00:00.000,0.0,0.6000000089406967
-144,Tà Hừa,2025-11-09T11:00:00.000,0.0,0.6000000089406967
-144,Tà Hừa,2025-11-09T12:00:00.000,0.0,0.6000000089406967
-144,Tà Hừa,2025-11-09T13:00:00.000,0.0,0.6000000089406967
-144,Tà Hừa,2025-11-09T14:00:00.000,0.0,0.6000000089406967
-144,Tà Hừa,2025-11-09T15:00:00.000,0.0,0.6000000089406967
-144,Tà Hừa,2025-11-09T16:00:00.000,0.0,0.6000000089406967
-144,Tà Hừa,2025-11-09T17:00:00.000,0.0,0.6000000089406967
-144,Tà Hừa,2025-11-09T18:00:00.000,0.0,0.6000000089406967
-144,Tà Hừa,2025-11-09T19:00:00.000,0.0,0.6000000089406967
-144,Tà Hừa,2025-11-09T20:00:00.000,0.0,0.6000000089406967
-144,Tà Hừa,2025-11-09T21:00:00.000,0.0,0.6000000089406967
-144,Tà Hừa,2025-11-09T22:00:00.000,0.0,0.6000000089406967
-144,Tà Hừa,2025-11-09T23:00:00.000,0.0,0.6000000089406967
-144,Tà Hừa,2025-11-10T00:00:00.000,0.0,0.0
-144,Tà Hừa,2025-11-10T01:00:00.000,0.0,0.0
-144,Tà Hừa,2025-11-10T02:00:00.000,0.0,0.0
-144,Tà Hừa,2025-11-10T03:00:00.000,2.200000047683716,2.200000047683716
-144,Tà Hừa,2025-11-10T04:00:00.000,0.20000000298023224,2.400000050663948
-144,Tà Hừa,2025-11-10T05:00:00.000,0.6000000238418579,3.000000074505806
-144,Tà Hừa,2025-11-10T06:00:00.000,0.800000011920929,3.800000086426735
-144,Tà Hừa,2025-11-10T07:00:00.000,0.20000000298023224,4.000000089406967
-144,Tà Hừa,2025-11-10T08:00:00.000,0.0,4.000000089406967
-144,Tà Hừa,2025-11-10T09:00:00.000,0.0,4.000000089406967
-144,Tà Hừa,2025-11-10T10:00:00.000,0.0,4.000000089406967
-144,Tà Hừa,2025-11-10T11:00:00.000,0.0,4.000000089406967
-144,Tà Hừa,2025-11-10T12:00:00.000,0.0,4.000000089406967
-144,Tà Hừa,2025-11-10T13:00:00.000,0.0,4.000000089406967
-144,Tà Hừa,2025-11-10T14:00:00.000,0.0,4.000000089406967
-144,Tà Hừa,2025-11-10T15:00:00.000,0.0,4.000000089406967
-144,Tà Hừa,2025-11-10T16:00:00.000,0.0,4.000000089406967
-144,Tà Hừa,2025-11-10T17:00:00.000,0.0,4.000000089406967
-144,Tà Hừa,2025-11-10T18:00:00.000,0.0,4.000000089406967
-144,Tà Hừa,2025-11-10T19:00:00.000,0.0,4.000000089406967
-144,Tà Hừa,2025-11-10T20:00:00.000,0.0,4.000000089406967
-144,Tà Hừa,2025-11-10T21:00:00.000,0.0,4.000000089406967
-144,Tà Hừa,2025-11-10T22:00:00.000,0.0,4.000000089406967
-144,Tà Hừa,2025-11-10T23:00:00.000,0.0,4.000000089406967
-144,Tà Hừa,2025-11-11T00:00:00.000,0.0,0.0
-144,Tà Hừa,2025-11-11T01:00:00.000,0.0,0.0
-144,Tà Hừa,2025-11-11T02:00:00.000,0.0,0.0
-144,Tà Hừa,2025-11-11T03:00:00.000,0.0,0.0
-144,Tà Hừa,2025-11-11T04:00:00.000,0.0,0.0
-144,Tà Hừa,2025-11-11T05:00:00.000,0.0,0.0
-144,Tà Hừa,2025-11-11T06:00:00.000,0.0,0.0
-144,Tà Hừa,2025-11-11T07:00:00.000,0.0,0.0
-144,Tà Hừa,2025-11-11T08:00:00.000,0.0,0.0
-144,Tà Hừa,2025-11-11T09:00:00.000,0.0,0.0
-144,Tà Hừa,2025-11-11T10:00:00.000,0.0,0.0
-144,Tà Hừa,2025-11-11T11:00:00.000,0.0,0.0
-144,Tà Hừa,2025-11-11T12:00:00.000,0.0,0.0
-144,Tà Hừa,2025-11-11T13:00:00.000,0.0,0.0
-144,Tà Hừa,2025-11-11T14:00:00.000,0.0,0.0
-144,Tà Hừa,2025-11-11T15:00:00.000,0.0,0.0
-144,Tà Hừa,2025-11-11T16:00:00.000,0.0,0.0
-144,Tà Hừa,2025-11-11T17:00:00.000,0.0,0.0
-144,Tà Hừa,2025-11-11T18:00:00.000,0.0,0.0
-144,Tà Hừa,2025-11-11T19:00:00.000,0.0,0.0
-144,Tà Hừa,2025-11-11T20:00:00.000,0.0,0.0
-144,Tà Hừa,2025-11-11T21:00:00.000,0.20000000298023224,0.20000000298023224
-144,Tà Hừa,2025-11-11T22:00:00.000,0.0,0.20000000298023224
-144,Tà Hừa,2025-11-11T23:00:00.000,0.0,0.20000000298023224
-144,Tà Hừa,2025-11-12T00:00:00.000,0.0,0.20000000298023224
-144,Tà Hừa,2025-11-12T01:00:00.000,0.0,0.20000000298023224
-144,Tà Hừa,2025-11-12T02:00:00.000,0.0,0.20000000298023224
-144,Tà Hừa,2025-11-12T03:00:00.000,0.0,0.20000000298023224
-144,Tà Hừa,2025-11-12T04:00:00.000,0.0,0.20000000298023224
-144,Tà Hừa,2025-11-12T05:00:00.000,0.0,0.20000000298023224
-144,Tà Hừa,2025-11-12T06:00:00.000,0.0,0.20000000298023224
-144,Tà Hừa,2025-11-12T07:00:00.000,0.0,0.20000000298023224
-144,Tà Hừa,2025-11-12T08:00:00.000,0.0,0.20000000298023224
-144,Tà Hừa,2025-11-12T09:00:00.000,0.20000000298023224,0.4000000059604645
-144,Tà Hừa,2025-11-12T10:00:00.000,0.20000000298023224,0.6000000089406967
-144,Tà Hừa,2025-11-12T11:00:00.000,0.0,0.6000000089406967
-144,Tà Hừa,2025-11-12T12:00:00.000,0.0,0.6000000089406967
-144,Tà Hừa,2025-11-12T13:00:00.000,0.0,0.6000000089406967
-144,Tà Hừa,2025-11-12T14:00:00.000,0.0,0.6000000089406967
-144,Tà Hừa,2025-11-12T15:00:00.000,0.0,0.6000000089406967
-144,Tà Hừa,2025-11-12T16:00:00.000,0.0,0.6000000089406967
-144,Tà Hừa,2025-11-12T17:00:00.000,0.0,0.6000000089406967
-144,Tà Hừa,2025-11-12T18:00:00.000,0.0,0.6000000089406967
-144,Tà Hừa,2025-11-12T19:00:00.000,0.0,0.6000000089406967
-144,Tà Hừa,2025-11-12T20:00:00.000,0.0,0.6000000089406967
-144,Tà Hừa,2025-11-12T21:00:00.000,0.0,0.6000000089406967
-144,Tà Hừa,2025-11-12T22:00:00.000,0.0,0.6000000089406967
-144,Tà Hừa,2025-11-12T23:00:00.000,0.0,0.6000000089406967
-144,Tà Hừa,2025-11-13T00:00:00.000,0.0,0.0
-144,Tà Hừa,2025-11-13T01:00:00.000,0.0,0.0
-144,Tà Hừa,2025-11-13T02:00:00.000,0.0,0.0
-144,Tà Hừa,2025-11-13T03:00:00.000,0.0,0.0
-144,Tà Hừa,2025-11-13T04:00:00.000,0.0,0.0
-144,Tà Hừa,2025-11-13T05:00:00.000,0.0,0.0
-144,Tà Hừa,2025-11-13T06:00:00.000,0.0,0.0
-144,Tà Hừa,2025-11-13T07:00:00.000,0.0,0.0
-144,Tà Hừa,2025-11-13T08:00:00.000,0.0,0.0
-144,Tà Hừa,2025-11-13T09:00:00.000,0.0,0.0
-144,Tà Hừa,2025-11-13T10:00:00.000,0.0,0.0
-144,Tà Hừa,2025-11-13T11:00:00.000,0.0,0.0
-144,Tà Hừa,2025-11-13T12:00:00.000,0.0,0.0
-144,Tà Hừa,2025-11-13T13:00:00.000,0.0,0.0
-144,Tà Hừa,2025-11-13T14:00:00.000,0.0,0.0
-144,Tà Hừa,2025-11-13T15:00:00.000,0.0,0.0
-144,Tà Hừa,2025-11-13T16:00:00.000,0.0,0.0
-144,Tà Hừa,2025-11-13T17:00:00.000,0.0,0.0
-144,Tà Hừa,2025-11-13T18:00:00.000,0.0,0.0
-144,Tà Hừa,2025-11-13T19:00:00.000,0.0,0.0
-144,Tà Hừa,2025-11-13T20:00:00.000,0.0,0.0
-144,Tà Hừa,2025-11-13T21:00:00.000,0.0,0.0
-144,Tà Hừa,2025-11-13T22:00:00.000,0.0,0.0
-144,Tà Hừa,2025-11-13T23:00:00.000,0.0,0.0
-144,Tà Hừa,2025-11-14T00:00:00.000,0.0,0.0
-144,Tà Hừa,2025-11-14T01:00:00.000,0.0,0.0
-144,Tà Hừa,2025-11-14T02:00:00.000,0.0,0.0
-144,Tà Hừa,2025-11-14T03:00:00.000,0.0,0.0
-144,Tà Hừa,2025-11-14T04:00:00.000,0.0,0.0
-144,Tà Hừa,2025-11-14T05:00:00.000,0.0,0.0
-144,Tà Hừa,2025-11-14T06:00:00.000,0.0,0.0
-144,Tà Hừa,2025-11-14T07:00:00.000,0.0,0.0
-144,Tà Hừa,2025-11-14T08:00:00.000,0.0,0.0
-144,Tà Hừa,2025-11-14T09:00:00.000,0.0,0.0
-144,Tà Hừa,2025-11-14T10:00:00.000,0.0,0.0
-144,Tà Hừa,2025-11-14T11:00:00.000,0.0,0.0
-144,Tà Hừa,2025-11-14T12:00:00.000,0.0,0.0
-144,Tà Hừa,2025-11-14T13:00:00.000,0.0,0.0
-144,Tà Hừa,2025-11-14T14:00:00.000,0.0,0.0
-144,Tà Hừa,2025-11-14T15:00:00.000,0.0,0.0
-144,Tà Hừa,2025-11-14T16:00:00.000,0.0,0.0
-144,Tà Hừa,2025-11-14T17:00:00.000,0.0,0.0
-144,Tà Hừa,2025-11-14T18:00:00.000,0.0,0.0
-144,Tà Hừa,2025-11-14T19:00:00.000,0.0,0.0
-144,Tà Hừa,2025-11-14T20:00:00.000,0.0,0.0
-144,Tà Hừa,2025-11-14T21:00:00.000,0.0,0.0
-144,Tà Hừa,2025-11-14T22:00:00.000,0.0,0.0
-144,Tà Hừa,2025-11-14T23:00:00.000,0.0,0.0
-144,Tà Hừa,2025-11-15T00:00:00.000,0.0,0.0
-144,Tà Hừa,2025-11-15T01:00:00.000,0.0,0.0
-144,Tà Hừa,2025-11-15T02:00:00.000,0.0,0.0
-144,Tà Hừa,2025-11-15T03:00:00.000,0.0,0.0
-144,Tà Hừa,2025-11-15T04:00:00.000,0.0,0.0
-144,Tà Hừa,2025-11-15T05:00:00.000,0.0,0.0
-144,Tà Hừa,2025-11-15T06:00:00.000,0.0,0.0
-144,Tà Hừa,2025-11-15T07:00:00.000,0.0,0.0
-144,Tà Hừa,2025-11-15T08:00:00.000,0.0,0.0
-144,Tà Hừa,2025-11-15T09:00:00.000,0.0,0.0
-144,Tà Hừa,2025-11-15T10:00:00.000,0.0,0.0
-144,Tà Hừa,2025-11-15T11:00:00.000,0.0,0.0
-144,Tà Hừa,2025-11-15T12:00:00.000,0.0,0.0
-144,Tà Hừa,2025-11-15T13:00:00.000,0.0,0.0
-144,Tà Hừa,2025-11-15T14:00:00.000,0.0,0.0
-144,Tà Hừa,2025-11-15T15:00:00.000,0.0,0.0
-144,Tà Hừa,2025-11-15T16:00:00.000,0.0,0.0
-144,Tà Hừa,2025-11-15T17:00:00.000,0.0,0.0
-144,Tà Hừa,2025-11-15T18:00:00.000,0.0,0.0
-144,Tà Hừa,2025-11-15T19:00:00.000,0.0,0.0
-144,Tà Hừa,2025-11-15T20:00:00.000,0.0,0.0
-144,Tà Hừa,2025-11-15T21:00:00.000,0.0,0.0
-144,Tà Hừa,2025-11-15T22:00:00.000,0.0,0.0
-144,Tà Hừa,2025-11-15T23:00:00.000,0.0,0.0
-144,Tà Hừa,2025-11-16T00:00:00.000,0.0,0.0
-144,Tà Hừa,2025-11-16T01:00:00.000,0.0,0.0
-144,Tà Hừa,2025-11-16T02:00:00.000,0.0,0.0
-144,Tà Hừa,2025-11-16T03:00:00.000,0.0,0.0
-144,Tà Hừa,2025-11-16T04:00:00.000,0.0,0.0
-144,Tà Hừa,2025-11-16T05:00:00.000,0.0,0.0
-144,Tà Hừa,2025-11-16T06:00:00.000,0.0,0.0
-144,Tà Hừa,2025-11-16T07:00:00.000,0.0,0.0
-144,Tà Hừa,2025-11-16T08:00:00.000,0.0,0.0
-144,Tà Hừa,2025-11-16T09:00:00.000,0.0,0.0
-144,Tà Hừa,2025-11-16T10:00:00.000,0.0,0.0
-144,Tà Hừa,2025-11-16T11:00:00.000,,0.0
-144,Tà Hừa,2025-11-16T12:00:00.000,,0.0
-144,Tà Hừa,2025-11-16T13:00:00.000,,0.0
-144,Tà Hừa,2025-11-16T14:00:00.000,,0.0
-144,Tà Hừa,2025-11-16T15:00:00.000,0.0,0.0
-144,Tà Hừa,2025-11-16T16:00:00.000,0.0,0.0
-144,Tà Hừa,2025-11-16T17:00:00.000,0.0,0.0
-144,Tà Hừa,2025-11-16T18:00:00.000,0.0,0.0
-144,Tà Hừa,2025-11-16T19:00:00.000,0.0,0.0
-144,Tà Hừa,2025-11-16T20:00:00.000,0.0,0.0
-144,Tà Hừa,2025-11-16T21:00:00.000,0.0,0.0
-144,Tà Hừa,2025-11-16T22:00:00.000,0.0,0.0
-144,Tà Hừa,2025-11-16T23:00:00.000,0.0,0.0
-144,Tà Hừa,2025-11-17T00:00:00.000,0.0,0.0
-144,Tà Hừa,2025-11-17T01:00:00.000,0.0,0.0
-144,Tà Hừa,2025-11-17T02:00:00.000,0.0,0.0
-144,Tà Hừa,2025-11-17T03:00:00.000,0.0,0.0
-144,Tà Hừa,2025-11-17T04:00:00.000,0.0,0.0
-144,Tà Hừa,2025-11-17T05:00:00.000,0.0,0.0
-144,Tà Hừa,2025-11-17T06:00:00.000,0.0,0.0
-144,Tà Hừa,2025-11-17T07:00:00.000,0.0,0.0
-144,Tà Hừa,2025-11-17T08:00:00.000,0.0,0.0
-144,Tà Hừa,2025-11-17T09:00:00.000,0.0,0.0
-144,Tà Hừa,2025-11-17T10:00:00.000,0.0,0.0
-144,Tà Hừa,2025-11-17T11:00:00.000,0.0,0.0
-144,Tà Hừa,2025-11-17T12:00:00.000,0.0,0.0
-144,Tà Hừa,2025-11-17T13:00:00.000,0.0,0.0
-144,Tà Hừa,2025-11-17T14:00:00.000,0.0,0.0
-144,Tà Hừa,2025-11-17T15:00:00.000,0.0,0.0
-144,Tà Hừa,2025-11-17T16:00:00.000,0.0,0.0
-144,Tà Hừa,2025-11-17T17:00:00.000,0.0,0.0
-144,Tà Hừa,2025-11-17T18:00:00.000,0.0,0.0
-144,Tà Hừa,2025-11-17T19:00:00.000,0.0,0.0
-144,Tà Hừa,2025-11-17T20:00:00.000,0.20000000298023224,0.20000000298023224
-144,Tà Hừa,2025-11-17T21:00:00.000,1.0,1.2000000029802322
-144,Tà Hừa,2025-11-17T22:00:00.000,0.20000000298023224,1.4000000059604645
-144,Tà Hừa,2025-11-17T23:00:00.000,4.800000190734863,6.200000196695328
-144,Tà Hừa,2025-11-18T00:00:00.000,5.400000095367432,11.60000029206276
-144,Tà Hừa,2025-11-18T01:00:00.000,4.400000095367432,16.00000038743019
-144,Tà Hừa,2025-11-18T02:00:00.000,2.799999952316284,18.800000339746475
-144,Tà Hừa,2025-11-18T03:00:00.000,0.800000011920929,19.600000351667404
-144,Tà Hừa,2025-11-18T04:00:00.000,0.0,19.600000351667404
-144,Tà Hừa,2025-11-18T05:00:00.000,0.6000000238418579,20.200000375509262
-144,Tà Hừa,2025-11-18T06:00:00.000,1.600000023841858,21.80000039935112
-144,Tà Hừa,2025-11-18T07:00:00.000,0.4000000059604645,22.200000405311584
-144,Tà Hừa,2025-11-18T08:00:00.000,0.0,22.200000405311584
-144,Tà Hừa,2025-11-18T09:00:00.000,0.0,22.200000405311584
-144,Tà Hừa,2025-11-18T10:00:00.000,0.0,22.200000405311584
-144,Tà Hừa,2025-11-18T11:00:00.000,0.6000000238418579,22.800000429153442
-144,Tà Hừa,2025-11-18T12:00:00.000,2.0,24.800000429153442
-144,Tà Hừa,2025-11-18T13:00:00.000,2.200000047683716,27.000000476837158
-144,Tà Hừa,2025-11-18T14:00:00.000,1.600000023841858,28.600000500679016
-144,Tà Hừa,2025-11-18T15:00:00.000,0.20000000298023224,28.80000050365925
-144,Tà Hừa,2025-11-18T16:00:00.000,0.0,28.80000050365925
-144,Tà Hừa,2025-11-18T17:00:00.000,1.2000000476837158,30.000000551342964
-144,Tà Hừa,2025-11-18T18:00:00.000,0.20000000298023224,30.200000554323196
-144,Tà Hừa,2025-11-18T19:00:00.000,0.20000000298023224,30.40000055730343
-144,Tà Hừa,2025-11-18T20:00:00.000,0.6000000238418579,31.000000581145287
-144,Tà Hừa,2025-11-18T21:00:00.000,1.0,32.00000058114529
-144,Tà Hừa,2025-11-18T22:00:00.000,0.4000000059604645,32.40000058710575
-144,Tà Hừa,2025-11-18T23:00:00.000,0.800000011920929,33.20000059902668
-144,Tà Hừa,2025-11-19T00:00:00.000,1.399999976158142,4.200000017881393
-144,Tà Hừa,2025-11-19T01:00:00.000,0.6000000238418579,4.800000041723251
-144,Tà Hừa,2025-11-19T02:00:00.000,0.800000011920929,5.60000005364418
-144,Tà Hừa,2025-11-19T03:00:00.000,1.0,6.60000005364418
-144,Tà Hừa,2025-11-19T04:00:00.000,0.4000000059604645,7.000000059604645
-144,Tà Hừa,2025-11-19T05:00:00.000,0.20000000298023224,7.200000062584877
-144,Tà Hừa,2025-11-19T06:00:00.000,0.20000000298023224,7.400000065565109
-144,Tà Hừa,2025-11-19T07:00:00.000,0.0,7.400000065565109
-144,Tà Hừa,2025-11-19T08:00:00.000,0.20000000298023224,7.6000000685453415
-144,Tà Hừa,2025-11-19T09:00:00.000,0.0,7.6000000685453415
-144,Tà Hừa,2025-11-19T10:00:00.000,0.0,7.6000000685453415
-144,Tà Hừa,2025-11-19T11:00:00.000,0.0,7.6000000685453415
-144,Tà Hừa,2025-11-19T12:00:00.000,0.0,7.6000000685453415
-144,Tà Hừa,2025-11-19T13:00:00.000,0.0,7.6000000685453415
-144,Tà Hừa,2025-11-19T14:00:00.000,2.5999999046325684,10.19999997317791
-144,Tà Hừa,2025-11-19T15:00:00.000,0.0,10.19999997317791
-144,Tà Hừa,2025-11-19T16:00:00.000,0.0,10.19999997317791
-144,Tà Hừa,2025-11-19T17:00:00.000,0.0,10.19999997317791
-144,Tà Hừa,2025-11-19T18:00:00.000,0.0,10.19999997317791
-144,Tà Hừa,2025-11-19T19:00:00.000,0.0,10.19999997317791
-144,Tà Hừa,2025-11-19T20:00:00.000,0.0,10.19999997317791
-144,Tà Hừa,2025-11-19T21:00:00.000,0.0,10.19999997317791
-144,Tà Hừa,2025-11-19T22:00:00.000,0.0,10.19999997317791
-144,Tà Hừa,2025-11-19T23:00:00.000,0.0,10.19999997317791
-144,Tà Hừa,2025-11-20T00:00:00.000,0.0,0.0
-144,Tà Hừa,2025-11-20T01:00:00.000,0.0,0.0
-144,Tà Hừa,2025-11-20T02:00:00.000,0.0,0.0
-144,Tà Hừa,2025-11-20T03:00:00.000,0.0,0.0
-144,Tà Hừa,2025-11-20T04:00:00.000,0.0,0.0
-144,Tà Hừa,2025-11-20T05:00:00.000,0.0,0.0
-144,Tà Hừa,2025-11-20T06:00:00.000,0.0,0.0
-144,Tà Hừa,2025-11-20T07:00:00.000,0.0,0.0
-144,Tà Hừa,2025-11-20T08:00:00.000,0.0,0.0
-144,Tà Hừa,2025-11-20T09:00:00.000,0.0,0.0
-144,Tà Hừa,2025-11-20T10:00:00.000,0.0,0.0
-144,Tà Hừa,2025-11-20T11:00:00.000,0.0,0.0
-144,Tà Hừa,2025-11-20T12:00:00.000,0.0,0.0
-144,Tà Hừa,2025-11-20T13:00:00.000,0.0,0.0
-144,Tà Hừa,2025-11-20T14:00:00.000,0.0,0.0
-144,Tà Hừa,2025-11-20T15:00:00.000,0.0,0.0
-144,Tà Hừa,2025-11-20T16:00:00.000,0.0,0.0
-144,Tà Hừa,2025-11-20T17:00:00.000,0.0,0.0
-144,Tà Hừa,2025-11-20T18:00:00.000,0.0,0.0
-144,Tà Hừa,2025-11-20T19:00:00.000,0.0,0.0
-144,Tà Hừa,2025-11-20T20:00:00.000,0.0,0.0
-144,Tà Hừa,2025-11-20T21:00:00.000,0.0,0.0
-144,Tà Hừa,2025-11-20T22:00:00.000,0.0,0.0
-144,Tà Hừa,2025-11-20T23:00:00.000,0.0,0.0
-144,Tà Hừa,2025-11-21T00:00:00.000,0.0,0.0
-144,Tà Hừa,2025-11-21T01:00:00.000,0.0,0.0
-144,Tà Hừa,2025-11-21T02:00:00.000,0.0,0.0
-144,Tà Hừa,2025-11-21T03:00:00.000,0.0,0.0
-144,Tà Hừa,2025-11-21T04:00:00.000,0.0,0.0
-144,Tà Hừa,2025-11-21T05:00:00.000,0.0,0.0
-144,Tà Hừa,2025-11-21T06:00:00.000,0.0,0.0
-144,Tà Hừa,2025-11-21T07:00:00.000,0.0,0.0
-144,Tà Hừa,2025-11-21T08:00:00.000,0.0,0.0
-144,Tà Hừa,2025-11-21T09:00:00.000,0.0,0.0
-144,Tà Hừa,2025-11-21T10:00:00.000,0.0,0.0
-144,Tà Hừa,2025-11-21T11:00:00.000,0.0,0.0
-144,Tà Hừa,2025-11-21T12:00:00.000,0.0,0.0
-144,Tà Hừa,2025-11-21T13:00:00.000,0.0,0.0
-144,Tà Hừa,2025-11-21T14:00:00.000,0.0,0.0
-144,Tà Hừa,2025-11-21T15:00:00.000,0.0,0.0
-144,Tà Hừa,2025-11-21T16:00:00.000,0.0,0.0
-144,Tà Hừa,2025-11-21T17:00:00.000,0.0,0.0
-144,Tà Hừa,2025-11-21T18:00:00.000,0.0,0.0
-144,Tà Hừa,2025-11-21T19:00:00.000,0.0,0.0
-144,Tà Hừa,2025-11-21T20:00:00.000,0.0,0.0
-144,Tà Hừa,2025-11-21T21:00:00.000,0.0,0.0
-144,Tà Hừa,2025-11-21T22:00:00.000,0.0,0.0
-144,Tà Hừa,2025-11-21T23:00:00.000,0.0,0.0
-144,Tà Hừa,2025-11-22T00:00:00.000,0.0,0.0
-144,Tà Hừa,2025-11-22T01:00:00.000,0.0,0.0
-144,Tà Hừa,2025-11-22T02:00:00.000,0.0,0.0
-144,Tà Hừa,2025-11-22T03:00:00.000,0.0,0.0
-144,Tà Hừa,2025-11-22T04:00:00.000,0.0,0.0
-144,Tà Hừa,2025-11-22T05:00:00.000,0.0,0.0
-144,Tà Hừa,2025-11-22T06:00:00.000,0.0,0.0
-144,Tà Hừa,2025-11-22T07:00:00.000,0.0,0.0
-144,Tà Hừa,2025-11-22T08:00:00.000,0.0,0.0
-144,Tà Hừa,2025-11-22T09:00:00.000,0.0,0.0
-144,Tà Hừa,2025-11-22T10:00:00.000,0.0,0.0
-144,Tà Hừa,2025-11-22T11:00:00.000,0.0,0.0
-144,Tà Hừa,2025-11-22T12:00:00.000,0.0,0.0
-144,Tà Hừa,2025-11-22T13:00:00.000,0.0,0.0
-144,Tà Hừa,2025-11-22T14:00:00.000,0.0,0.0
-144,Tà Hừa,2025-11-22T15:00:00.000,0.0,0.0
-144,Tà Hừa,2025-11-22T16:00:00.000,0.0,0.0
-144,Tà Hừa,2025-11-22T17:00:00.000,0.0,0.0
-144,Tà Hừa,2025-11-22T18:00:00.000,0.0,0.0
-144,Tà Hừa,2025-11-22T19:00:00.000,0.0,0.0
-144,Tà Hừa,2025-11-22T20:00:00.000,0.0,0.0
-144,Tà Hừa,2025-11-22T21:00:00.000,0.0,0.0
-144,Tà Hừa,2025-11-22T22:00:00.000,0.0,0.0
-144,Tà Hừa,2025-11-22T23:00:00.000,0.0,0.0
-144,Tà Hừa,2025-11-23T00:00:00.000,0.0,0.0
-144,Tà Hừa,2025-11-23T01:00:00.000,0.0,0.0
-144,Tà Hừa,2025-11-23T02:00:00.000,0.0,0.0
-144,Tà Hừa,2025-11-23T03:00:00.000,0.0,0.0
-144,Tà Hừa,2025-11-23T04:00:00.000,0.0,0.0
-144,Tà Hừa,2025-11-23T05:00:00.000,0.0,0.0
-144,Tà Hừa,2025-11-23T06:00:00.000,0.0,0.0
-144,Tà Hừa,2025-11-23T07:00:00.000,0.0,0.0
-144,Tà Hừa,2025-11-23T08:00:00.000,0.0,0.0
-144,Tà Hừa,2025-11-23T09:00:00.000,0.0,0.0
-144,Tà Hừa,2025-11-23T10:00:00.000,0.0,0.0
-144,Tà Hừa,2025-11-23T11:00:00.000,0.0,0.0
-144,Tà Hừa,2025-11-23T12:00:00.000,0.0,0.0
-144,Tà Hừa,2025-11-23T13:00:00.000,0.0,0.0
-144,Tà Hừa,2025-11-23T14:00:00.000,0.0,0.0
-144,Tà Hừa,2025-11-23T15:00:00.000,0.0,0.0
-144,Tà Hừa,2025-11-23T16:00:00.000,0.0,0.0
-144,Tà Hừa,2025-11-23T17:00:00.000,0.0,0.0
-144,Tà Hừa,2025-11-23T18:00:00.000,0.0,0.0
-144,Tà Hừa,2025-11-23T19:00:00.000,0.0,0.0
-144,Tà Hừa,2025-11-23T20:00:00.000,0.0,0.0
-144,Tà Hừa,2025-11-23T21:00:00.000,0.0,0.0
-144,Tà Hừa,2025-11-23T22:00:00.000,0.0,0.0
-144,Tà Hừa,2025-11-23T23:00:00.000,0.0,0.0
-144,Tà Hừa,2025-11-24T00:00:00.000,0.0,0.0
-144,Tà Hừa,2025-11-24T01:00:00.000,0.0,0.0
-144,Tà Hừa,2025-11-24T02:00:00.000,0.0,0.0
-144,Tà Hừa,2025-11-24T03:00:00.000,0.0,0.0
-144,Tà Hừa,2025-11-24T04:00:00.000,0.0,0.0
-144,Tà Hừa,2025-11-24T05:00:00.000,0.0,0.0
-144,Tà Hừa,2025-11-24T06:00:00.000,0.0,0.0
-144,Tà Hừa,2025-11-24T07:00:00.000,0.0,0.0
-144,Tà Hừa,2025-11-24T08:00:00.000,0.0,0.0
-144,Tà Hừa,2025-11-24T09:00:00.000,0.0,0.0
-144,Tà Hừa,2025-11-24T10:00:00.000,0.0,0.0
-144,Tà Hừa,2025-11-24T11:00:00.000,0.0,0.0
-144,Tà Hừa,2025-11-24T12:00:00.000,0.0,0.0
-144,Tà Hừa,2025-11-24T13:00:00.000,0.0,0.0
-144,Tà Hừa,2025-11-24T14:00:00.000,0.0,0.0
-144,Tà Hừa,2025-11-24T15:00:00.000,0.0,0.0
-144,Tà Hừa,2025-11-24T16:00:00.000,0.0,0.0
-144,Tà Hừa,2025-11-24T17:00:00.000,0.0,0.0
-144,Tà Hừa,2025-11-24T18:00:00.000,0.0,0.0
-144,Tà Hừa,2025-11-24T19:00:00.000,0.0,0.0
-144,Tà Hừa,2025-11-24T20:00:00.000,0.0,0.0
-144,Tà Hừa,2025-11-24T21:00:00.000,0.0,0.0
-144,Tà Hừa,2025-11-24T22:00:00.000,0.0,0.0
-144,Tà Hừa,2025-11-24T23:00:00.000,0.0,0.0
-144,Tà Hừa,2025-11-25T00:00:00.000,0.0,0.0
-144,Tà Hừa,2025-11-25T01:00:00.000,0.0,0.0
-144,Tà Hừa,2025-11-25T02:00:00.000,0.0,0.0
-144,Tà Hừa,2025-11-25T03:00:00.000,0.0,0.0
-144,Tà Hừa,2025-11-25T04:00:00.000,0.0,0.0
-144,Tà Hừa,2025-11-25T05:00:00.000,0.0,0.0
-144,Tà Hừa,2025-11-25T06:00:00.000,0.0,0.0
-144,Tà Hừa,2025-11-25T07:00:00.000,0.0,0.0
-144,Tà Hừa,2025-11-25T08:00:00.000,0.0,0.0
-144,Tà Hừa,2025-11-25T09:00:00.000,0.0,0.0
-144,Tà Hừa,2025-11-25T10:00:00.000,0.0,0.0
-144,Tà Hừa,2025-11-25T11:00:00.000,0.0,0.0
-144,Tà Hừa,2025-11-25T12:00:00.000,0.0,0.0
-144,Tà Hừa,2025-11-25T13:00:00.000,0.0,0.0
-144,Tà Hừa,2025-11-25T14:00:00.000,0.0,0.0
-144,Tà Hừa,2025-11-25T15:00:00.000,0.0,0.0
-144,Tà Hừa,2025-11-25T16:00:00.000,0.0,0.0
-144,Tà Hừa,2025-11-25T17:00:00.000,0.0,0.0
-144,Tà Hừa,2025-11-25T18:00:00.000,0.0,0.0
-144,Tà Hừa,2025-11-25T19:00:00.000,0.0,0.0
-144,Tà Hừa,2025-11-25T20:00:00.000,0.0,0.0
-144,Tà Hừa,2025-11-25T21:00:00.000,0.0,0.0
-144,Tà Hừa,2025-11-25T22:00:00.000,0.0,0.0
-144,Tà Hừa,2025-11-25T23:00:00.000,0.0,0.0
-144,Tà Hừa,2025-11-26T00:00:00.000,0.0,0.0
-144,Tà Hừa,2025-11-26T01:00:00.000,0.0,0.0
-144,Tà Hừa,2025-11-26T02:00:00.000,0.0,0.0
-144,Tà Hừa,2025-11-26T03:00:00.000,0.0,0.0
-144,Tà Hừa,2025-11-26T04:00:00.000,0.0,0.0
-144,Tà Hừa,2025-11-26T05:00:00.000,0.0,0.0
-144,Tà Hừa,2025-11-26T06:00:00.000,0.0,0.0
-144,Tà Hừa,2025-11-26T07:00:00.000,0.0,0.0
-144,Tà Hừa,2025-11-26T08:00:00.000,0.0,0.0
-144,Tà Hừa,2025-11-26T09:00:00.000,0.0,0.0
-144,Tà Hừa,2025-11-26T10:00:00.000,0.0,0.0
-144,Tà Hừa,2025-11-26T11:00:00.000,0.0,0.0
-144,Tà Hừa,2025-11-26T12:00:00.000,0.0,0.0
-144,Tà Hừa,2025-11-26T13:00:00.000,0.0,0.0
-144,Tà Hừa,2025-11-26T14:00:00.000,0.0,0.0
-144,Tà Hừa,2025-11-26T15:00:00.000,0.0,0.0
-144,Tà Hừa,2025-11-26T16:00:00.000,0.0,0.0
-144,Tà Hừa,2025-11-26T17:00:00.000,0.0,0.0
-144,Tà Hừa,2025-11-26T18:00:00.000,0.0,0.0
-144,Tà Hừa,2025-11-26T19:00:00.000,0.0,0.0
-144,Tà Hừa,2025-11-26T20:00:00.000,0.0,0.0
-144,Tà Hừa,2025-11-26T21:00:00.000,0.0,0.0
-144,Tà Hừa,2025-11-26T22:00:00.000,0.0,0.0
-144,Tà Hừa,2025-11-26T23:00:00.000,0.0,0.0
-144,Tà Hừa,2025-11-27T00:00:00.000,0.0,0.0
-144,Tà Hừa,2025-11-27T01:00:00.000,0.0,0.0
-144,Tà Hừa,2025-11-27T02:00:00.000,0.0,0.0
-144,Tà Hừa,2025-11-27T03:00:00.000,0.0,0.0
-144,Tà Hừa,2025-11-27T04:00:00.000,0.0,0.0
-144,Tà Hừa,2025-11-27T05:00:00.000,0.0,0.0
-144,Tà Hừa,2025-11-27T06:00:00.000,0.0,0.0
-144,Tà Hừa,2025-11-27T07:00:00.000,0.0,0.0
-144,Tà Hừa,2025-11-27T08:00:00.000,0.0,0.0
-144,Tà Hừa,2025-11-27T09:00:00.000,0.0,0.0
-144,Tà Hừa,2025-11-27T10:00:00.000,0.0,0.0
-144,Tà Hừa,2025-11-27T11:00:00.000,0.0,0.0
-144,Tà Hừa,2025-11-27T12:00:00.000,0.0,0.0
-144,Tà Hừa,2025-11-27T13:00:00.000,0.0,0.0
-144,Tà Hừa,2025-11-27T14:00:00.000,0.0,0.0
-144,Tà Hừa,2025-11-27T15:00:00.000,0.0,0.0
-144,Tà Hừa,2025-11-27T16:00:00.000,0.0,0.0
-144,Tà Hừa,2025-11-27T17:00:00.000,0.0,0.0
-144,Tà Hừa,2025-11-27T18:00:00.000,0.0,0.0
-144,Tà Hừa,2025-11-27T19:00:00.000,0.0,0.0
-144,Tà Hừa,2025-11-27T20:00:00.000,0.0,0.0
-144,Tà Hừa,2025-11-27T21:00:00.000,0.0,0.0
-144,Tà Hừa,2025-11-27T22:00:00.000,0.0,0.0
-144,Tà Hừa,2025-11-27T23:00:00.000,0.0,0.0
-144,Tà Hừa,2025-11-28T00:00:00.000,0.0,0.0
-144,Tà Hừa,2025-11-28T01:00:00.000,0.0,0.0
-144,Tà Hừa,2025-11-28T02:00:00.000,0.0,0.0
-144,Tà Hừa,2025-11-28T03:00:00.000,0.0,0.0
-144,Tà Hừa,2025-11-28T04:00:00.000,0.0,0.0
-144,Tà Hừa,2025-11-28T05:00:00.000,0.0,0.0
-144,Tà Hừa,2025-11-28T06:00:00.000,0.0,0.0
-144,Tà Hừa,2025-11-28T07:00:00.000,0.0,0.0
-144,Tà Hừa,2025-11-28T08:00:00.000,0.0,0.0
-144,Tà Hừa,2025-11-28T09:00:00.000,0.0,0.0
-144,Tà Hừa,2025-11-28T10:00:00.000,0.0,0.0
-144,Tà Hừa,2025-11-28T11:00:00.000,0.0,0.0
-144,Tà Hừa,2025-11-28T12:00:00.000,0.0,0.0
-144,Tà Hừa,2025-11-28T13:00:00.000,0.0,0.0
-144,Tà Hừa,2025-11-28T14:00:00.000,0.0,0.0
-144,Tà Hừa,2025-11-28T15:00:00.000,0.0,0.0
-144,Tà Hừa,2025-11-28T16:00:00.000,0.0,0.0
-144,Tà Hừa,2025-11-28T17:00:00.000,0.0,0.0
-144,Tà Hừa,2025-11-28T18:00:00.000,0.0,0.0
-144,Tà Hừa,2025-11-28T19:00:00.000,0.0,0.0
-144,Tà Hừa,2025-11-28T20:00:00.000,0.0,0.0
-144,Tà Hừa,2025-11-28T21:00:00.000,0.0,0.0
-144,Tà Hừa,2025-11-28T22:00:00.000,0.0,0.0
-144,Tà Hừa,2025-11-28T23:00:00.000,0.0,0.0
-144,Tà Hừa,2025-11-29T00:00:00.000,0.0,0.0
-144,Tà Hừa,2025-11-29T01:00:00.000,0.0,0.0
-144,Tà Hừa,2025-11-29T02:00:00.000,0.0,0.0
-144,Tà Hừa,2025-11-29T03:00:00.000,0.0,0.0
-144,Tà Hừa,2025-11-29T04:00:00.000,0.0,0.0
-144,Tà Hừa,2025-11-29T05:00:00.000,0.0,0.0
-144,Tà Hừa,2025-11-29T06:00:00.000,0.0,0.0
-144,Tà Hừa,2025-11-29T07:00:00.000,0.0,0.0
-144,Tà Hừa,2025-11-29T08:00:00.000,0.0,0.0
-144,Tà Hừa,2025-11-29T09:00:00.000,0.0,0.0
-144,Tà Hừa,2025-11-29T10:00:00.000,0.0,0.0
-144,Tà Hừa,2025-11-29T11:00:00.000,0.0,0.0
-144,Tà Hừa,2025-11-29T12:00:00.000,0.0,0.0
-144,Tà Hừa,2025-11-29T13:00:00.000,0.0,0.0
-144,Tà Hừa,2025-11-29T14:00:00.000,0.0,0.0
-144,Tà Hừa,2025-11-29T15:00:00.000,0.0,0.0
-144,Tà Hừa,2025-11-29T16:00:00.000,0.0,0.0
-144,Tà Hừa,2025-11-29T17:00:00.000,0.0,0.0
-144,Tà Hừa,2025-11-29T18:00:00.000,0.0,0.0
-144,Tà Hừa,2025-11-29T19:00:00.000,0.0,0.0
-144,Tà Hừa,2025-11-29T20:00:00.000,0.0,0.0
-144,Tà Hừa,2025-11-29T21:00:00.000,0.0,0.0
-144,Tà Hừa,2025-11-29T22:00:00.000,0.0,0.0
-144,Tà Hừa,2025-11-29T23:00:00.000,0.0,0.0
-144,Tà Hừa,2025-11-30T00:00:00.000,0.0,0.0
-144,Tà Hừa,2025-11-30T01:00:00.000,0.0,0.0
-144,Tà Hừa,2025-11-30T02:00:00.000,0.0,0.0
-144,Tà Hừa,2025-11-30T03:00:00.000,0.0,0.0
-144,Tà Hừa,2025-11-30T04:00:00.000,0.0,0.0
-144,Tà Hừa,2025-11-30T05:00:00.000,0.0,0.0
-144,Tà Hừa,2025-11-30T06:00:00.000,0.0,0.0
-144,Tà Hừa,2025-11-30T07:00:00.000,0.0,0.0
-144,Tà Hừa,2025-11-30T08:00:00.000,0.0,0.0
-144,Tà Hừa,2025-11-30T09:00:00.000,0.0,0.0
-144,Tà Hừa,2025-11-30T10:00:00.000,0.0,0.0
-144,Tà Hừa,2025-11-30T11:00:00.000,0.0,0.0
-144,Tà Hừa,2025-11-30T12:00:00.000,0.0,0.0
-144,Tà Hừa,2025-11-30T13:00:00.000,0.0,0.0
-144,Tà Hừa,2025-11-30T14:00:00.000,0.0,0.0
-144,Tà Hừa,2025-11-30T15:00:00.000,0.0,0.0
-144,Tà Hừa,2025-11-30T16:00:00.000,0.0,0.0
-144,Tà Hừa,2025-11-30T17:00:00.000,0.0,0.0
-144,Tà Hừa,2025-11-30T18:00:00.000,0.0,0.0
-144,Tà Hừa,2025-11-30T19:00:00.000,0.0,0.0
-144,Tà Hừa,2025-11-30T20:00:00.000,0.0,0.0
-144,Tà Hừa,2025-11-30T21:00:00.000,0.0,0.0
-144,Tà Hừa,2025-11-30T22:00:00.000,0.0,0.0
-144,Tà Hừa,2025-11-30T23:00:00.000,0.0,0.0
-144,Tà Hừa,2025-12-01T00:00:00.000,0.0,0.0
-144,Tà Hừa,2025-12-01T01:00:00.000,0.0,0.0
-144,Tà Hừa,2025-12-01T02:00:00.000,0.0,0.0
-144,Tà Hừa,2025-12-01T03:00:00.000,0.0,0.0
-144,Tà Hừa,2025-12-01T04:00:00.000,0.0,0.0
-144,Tà Hừa,2025-12-01T05:00:00.000,0.0,0.0
-144,Tà Hừa,2025-12-01T06:00:00.000,0.0,0.0
-144,Tà Hừa,2025-12-01T07:00:00.000,0.0,0.0
-144,Tà Hừa,2025-12-01T08:00:00.000,0.0,0.0
-144,Tà Hừa,2025-12-01T09:00:00.000,0.0,0.0
-144,Tà Hừa,2025-12-01T10:00:00.000,0.0,0.0
-144,Tà Hừa,2025-12-01T11:00:00.000,0.0,0.0
-144,Tà Hừa,2025-12-01T12:00:00.000,0.0,0.0
-144,Tà Hừa,2025-12-01T13:00:00.000,0.0,0.0
-144,Tà Hừa,2025-12-01T14:00:00.000,0.0,0.0
-144,Tà Hừa,2025-12-01T15:00:00.000,0.0,0.0
-144,Tà Hừa,2025-12-01T16:00:00.000,0.0,0.0
-144,Tà Hừa,2025-12-01T17:00:00.000,0.0,0.0
-144,Tà Hừa,2025-12-01T18:00:00.000,0.0,0.0
-144,Tà Hừa,2025-12-01T19:00:00.000,0.0,0.0
-144,Tà Hừa,2025-12-01T20:00:00.000,0.0,0.0
-144,Tà Hừa,2025-12-01T21:00:00.000,0.0,0.0
-144,Tà Hừa,2025-12-01T22:00:00.000,0.0,0.0
-144,Tà Hừa,2025-12-01T23:00:00.000,0.0,0.0
-144,Tà Hừa,2025-12-02T00:00:00.000,0.0,0.0
-144,Tà Hừa,2025-12-02T01:00:00.000,0.0,0.0
-144,Tà Hừa,2025-12-02T02:00:00.000,0.0,0.0
-144,Tà Hừa,2025-12-02T03:00:00.000,0.0,0.0
-144,Tà Hừa,2025-12-02T04:00:00.000,0.0,0.0
-144,Tà Hừa,2025-12-02T05:00:00.000,0.0,0.0
-144,Tà Hừa,2025-12-02T06:00:00.000,0.0,0.0
-144,Tà Hừa,2025-12-02T07:00:00.000,0.0,0.0
-144,Tà Hừa,2025-12-02T08:00:00.000,0.0,0.0
-144,Tà Hừa,2025-12-02T09:00:00.000,0.0,0.0
-144,Tà Hừa,2025-12-02T10:00:00.000,0.0,0.0
-144,Tà Hừa,2025-12-02T11:00:00.000,0.0,0.0
-144,Tà Hừa,2025-12-02T12:00:00.000,0.0,0.0
-144,Tà Hừa,2025-12-02T13:00:00.000,0.0,0.0
-144,Tà Hừa,2025-12-02T14:00:00.000,0.0,0.0
-144,Tà Hừa,2025-12-02T15:00:00.000,0.0,0.0
-144,Tà Hừa,2025-12-02T16:00:00.000,0.0,0.0
-144,Tà Hừa,2025-12-02T17:00:00.000,0.0,0.0
-144,Tà Hừa,2025-12-02T18:00:00.000,0.0,0.0
-144,Tà Hừa,2025-12-02T19:00:00.000,0.0,0.0
-144,Tà Hừa,2025-12-02T20:00:00.000,0.0,0.0
-144,Tà Hừa,2025-12-02T21:00:00.000,0.0,0.0
-144,Tà Hừa,2025-12-02T22:00:00.000,0.0,0.0
-144,Tà Hừa,2025-12-02T23:00:00.000,0.0,0.0
-144,Tà Hừa,2025-12-03T00:00:00.000,0.0,0.0
-144,Tà Hừa,2025-12-03T01:00:00.000,0.0,0.0
-144,Tà Hừa,2025-12-03T02:00:00.000,0.0,0.0
-144,Tà Hừa,2025-12-03T03:00:00.000,0.0,0.0
-144,Tà Hừa,2025-12-03T04:00:00.000,0.0,0.0
-144,Tà Hừa,2025-12-03T05:00:00.000,0.0,0.0
-144,Tà Hừa,2025-12-03T06:00:00.000,0.0,0.0
-144,Tà Hừa,2025-12-03T07:00:00.000,0.0,0.0
-144,Tà Hừa,2025-12-03T08:00:00.000,0.0,0.0
-144,Tà Hừa,2025-12-03T09:00:00.000,0.0,0.0
-144,Tà Hừa,2025-12-03T10:00:00.000,0.0,0.0
-144,Tà Hừa,2025-12-03T11:00:00.000,0.0,0.0
-144,Tà Hừa,2025-12-03T12:00:00.000,0.0,0.0
-144,Tà Hừa,2025-12-03T13:00:00.000,0.0,0.0
-144,Tà Hừa,2025-12-03T14:00:00.000,0.0,0.0
-144,Tà Hừa,2025-12-03T15:00:00.000,0.0,0.0
-144,Tà Hừa,2025-12-03T16:00:00.000,0.0,0.0
-144,Tà Hừa,2025-12-03T17:00:00.000,0.0,0.0
-144,Tà Hừa,2025-12-03T18:00:00.000,0.0,0.0
-144,Tà Hừa,2025-12-03T19:00:00.000,0.0,0.0
-144,Tà Hừa,2025-12-03T20:00:00.000,0.0,0.0
-144,Tà Hừa,2025-12-03T21:00:00.000,0.0,0.0
-144,Tà Hừa,2025-12-03T22:00:00.000,0.0,0.0
-144,Tà Hừa,2025-12-03T23:00:00.000,0.0,0.0
-144,Tà Hừa,2025-12-04T00:00:00.000,0.0,0.0
-144,Tà Hừa,2025-12-04T01:00:00.000,0.0,0.0
-144,Tà Hừa,2025-12-04T02:00:00.000,0.0,0.0
-144,Tà Hừa,2025-12-04T03:00:00.000,0.0,0.0
-144,Tà Hừa,2025-12-04T04:00:00.000,0.0,0.0
-144,Tà Hừa,2025-12-04T05:00:00.000,0.0,0.0
-144,Tà Hừa,2025-12-04T06:00:00.000,0.0,0.0
-144,Tà Hừa,2025-12-04T07:00:00.000,0.0,0.0
-144,Tà Hừa,2025-12-04T08:00:00.000,0.0,0.0
-144,Tà Hừa,2025-12-04T09:00:00.000,0.0,0.0
-144,Tà Hừa,2025-12-04T10:00:00.000,0.0,0.0
-144,Tà Hừa,2025-12-04T11:00:00.000,0.0,0.0
-144,Tà Hừa,2025-12-04T12:00:00.000,0.0,0.0
-144,Tà Hừa,2025-12-04T13:00:00.000,0.0,0.0
-144,Tà Hừa,2025-12-04T14:00:00.000,0.0,0.0
-144,Tà Hừa,2025-12-04T15:00:00.000,0.0,0.0
-144,Tà Hừa,2025-12-04T16:00:00.000,0.0,0.0
-144,Tà Hừa,2025-12-04T17:00:00.000,0.0,0.0
-144,Tà Hừa,2025-12-04T18:00:00.000,0.0,0.0
-144,Tà Hừa,2025-12-04T19:00:00.000,0.0,0.0
-144,Tà Hừa,2025-12-04T20:00:00.000,0.0,0.0
-144,Tà Hừa,2025-12-04T21:00:00.000,0.0,0.0
-144,Tà Hừa,2025-12-04T22:00:00.000,0.0,0.0
-144,Tà Hừa,2025-12-04T23:00:00.000,0.0,0.0
-144,Tà Hừa,2025-12-05T00:00:00.000,0.0,0.0
-144,Tà Hừa,2025-12-05T01:00:00.000,0.0,0.0
-144,Tà Hừa,2025-12-05T02:00:00.000,0.0,0.0
-144,Tà Hừa,2025-12-05T03:00:00.000,0.0,0.0
-144,Tà Hừa,2025-12-05T04:00:00.000,0.0,0.0
-144,Tà Hừa,2025-12-05T05:00:00.000,0.0,0.0
-144,Tà Hừa,2025-12-05T06:00:00.000,0.0,0.0
-144,Tà Hừa,2025-12-05T07:00:00.000,0.0,0.0
-144,Tà Hừa,2025-12-05T08:00:00.000,0.0,0.0
-144,Tà Hừa,2025-12-05T09:00:00.000,0.0,0.0
-144,Tà Hừa,2025-12-05T10:00:00.000,0.0,0.0
-144,Tà Hừa,2025-12-05T11:00:00.000,0.0,0.0
-144,Tà Hừa,2025-12-05T12:00:00.000,0.0,0.0
-144,Tà Hừa,2025-12-05T13:00:00.000,0.0,0.0
-144,Tà Hừa,2025-12-05T14:00:00.000,0.0,0.0
-144,Tà Hừa,2025-12-05T15:00:00.000,0.0,0.0
-144,Tà Hừa,2025-12-05T16:00:00.000,0.0,0.0
-144,Tà Hừa,2025-12-05T17:00:00.000,0.0,0.0
-144,Tà Hừa,2025-12-05T18:00:00.000,0.0,0.0
-144,Tà Hừa,2025-12-05T19:00:00.000,0.0,0.0
-144,Tà Hừa,2025-12-05T20:00:00.000,0.0,0.0
-144,Tà Hừa,2025-12-05T21:00:00.000,0.0,0.0
-144,Tà Hừa,2025-12-05T22:00:00.000,0.0,0.0
-144,Tà Hừa,2025-12-05T23:00:00.000,0.0,0.0
-144,Tà Hừa,2025-12-06T00:00:00.000,0.0,0.0
-144,Tà Hừa,2025-12-06T01:00:00.000,0.0,0.0
-144,Tà Hừa,2025-12-06T02:00:00.000,0.0,0.0
-144,Tà Hừa,2025-12-06T03:00:00.000,0.0,0.0
-144,Tà Hừa,2025-12-06T04:00:00.000,0.0,0.0
-144,Tà Hừa,2025-12-06T05:00:00.000,0.0,0.0
-144,Tà Hừa,2025-12-06T06:00:00.000,0.0,0.0
-144,Tà Hừa,2025-12-06T07:00:00.000,0.0,0.0
-144,Tà Hừa,2025-12-06T08:00:00.000,0.0,0.0
-144,Tà Hừa,2025-12-06T09:00:00.000,0.0,0.0
-144,Tà Hừa,2025-12-06T10:00:00.000,0.0,0.0
-144,Tà Hừa,2025-12-06T11:00:00.000,0.0,0.0
-144,Tà Hừa,2025-12-06T12:00:00.000,0.0,0.0
-144,Tà Hừa,2025-12-06T13:00:00.000,0.0,0.0
-144,Tà Hừa,2025-12-06T14:00:00.000,0.0,0.0
-144,Tà Hừa,2025-12-06T15:00:00.000,0.0,0.0
-144,Tà Hừa,2025-12-06T16:00:00.000,0.0,0.0
-144,Tà Hừa,2025-12-06T17:00:00.000,0.0,0.0
-144,Tà Hừa,2025-12-06T18:00:00.000,0.0,0.0
-144,Tà Hừa,2025-12-06T19:00:00.000,0.0,0.0
-144,Tà Hừa,2025-12-06T20:00:00.000,0.0,0.0
-144,Tà Hừa,2025-12-06T21:00:00.000,0.0,0.0
-144,Tà Hừa,2025-12-06T22:00:00.000,0.0,0.0
-144,Tà Hừa,2025-12-06T23:00:00.000,0.0,0.0
-144,Tà Hừa,2025-12-07T00:00:00.000,0.0,0.0
-144,Tà Hừa,2025-12-07T01:00:00.000,0.0,0.0
-144,Tà Hừa,2025-12-07T02:00:00.000,0.0,0.0
-144,Tà Hừa,2025-12-07T03:00:00.000,0.0,0.0
-144,Tà Hừa,2025-12-07T04:00:00.000,0.0,0.0
-144,Tà Hừa,2025-12-07T05:00:00.000,0.0,0.0
-144,Tà Hừa,2025-12-07T06:00:00.000,0.0,0.0
-144,Tà Hừa,2025-12-07T07:00:00.000,0.0,0.0
-144,Tà Hừa,2025-12-07T08:00:00.000,0.0,0.0
-144,Tà Hừa,2025-12-07T09:00:00.000,0.0,0.0
-144,Tà Hừa,2025-12-07T10:00:00.000,0.0,0.0
-144,Tà Hừa,2025-12-07T11:00:00.000,0.0,0.0
-144,Tà Hừa,2025-12-07T12:00:00.000,0.0,0.0
-144,Tà Hừa,2025-12-07T13:00:00.000,0.0,0.0
-144,Tà Hừa,2025-12-07T14:00:00.000,0.0,0.0
-144,Tà Hừa,2025-12-07T15:00:00.000,0.0,0.0
-144,Tà Hừa,2025-12-07T16:00:00.000,0.0,0.0
-144,Tà Hừa,2025-12-07T17:00:00.000,0.0,0.0
-144,Tà Hừa,2025-12-07T18:00:00.000,0.0,0.0
-144,Tà Hừa,2025-12-07T19:00:00.000,0.0,0.0
-144,Tà Hừa,2025-12-07T20:00:00.000,0.0,0.0
-144,Tà Hừa,2025-12-07T21:00:00.000,0.0,0.0
-144,Tà Hừa,2025-12-07T22:00:00.000,0.0,0.0
-144,Tà Hừa,2025-12-07T23:00:00.000,0.0,0.0
-144,Tà Hừa,2025-12-08T00:00:00.000,0.0,0.0
-144,Tà Hừa,2025-12-08T01:00:00.000,0.0,0.0
-144,Tà Hừa,2025-12-08T02:00:00.000,0.0,0.0
-144,Tà Hừa,2025-12-08T03:00:00.000,0.0,0.0
-144,Tà Hừa,2025-12-08T04:00:00.000,0.0,0.0
-144,Tà Hừa,2025-12-08T05:00:00.000,0.0,0.0
-144,Tà Hừa,2025-12-08T06:00:00.000,0.0,0.0
-144,Tà Hừa,2025-12-08T07:00:00.000,0.0,0.0
-144,Tà Hừa,2025-12-08T08:00:00.000,0.0,0.0
-144,Tà Hừa,2025-12-08T09:00:00.000,0.0,0.0
-144,Tà Hừa,2025-12-08T10:00:00.000,0.0,0.0
-144,Tà Hừa,2025-12-08T11:00:00.000,0.0,0.0
-144,Tà Hừa,2025-12-08T12:00:00.000,0.0,0.0
-144,Tà Hừa,2025-12-08T13:00:00.000,0.0,0.0
-144,Tà Hừa,2025-12-08T14:00:00.000,0.0,0.0
-144,Tà Hừa,2025-12-08T15:00:00.000,0.0,0.0
-144,Tà Hừa,2025-12-08T16:00:00.000,0.0,0.0
-144,Tà Hừa,2025-12-08T17:00:00.000,0.0,0.0
-144,Tà Hừa,2025-12-08T18:00:00.000,0.0,0.0
-144,Tà Hừa,2025-12-08T19:00:00.000,0.0,0.0
-144,Tà Hừa,2025-12-08T20:00:00.000,0.0,0.0
-144,Tà Hừa,2025-12-08T21:00:00.000,0.0,0.0
-144,Tà Hừa,2025-12-08T22:00:00.000,0.0,0.0
-144,Tà Hừa,2025-12-08T23:00:00.000,0.0,0.0
-144,Tà Hừa,2025-12-09T00:00:00.000,0.0,0.0
-144,Tà Hừa,2025-12-09T01:00:00.000,0.0,0.0
-144,Tà Hừa,2025-12-09T02:00:00.000,0.0,0.0
-144,Tà Hừa,2025-12-09T03:00:00.000,0.0,0.0
-144,Tà Hừa,2025-12-09T04:00:00.000,0.0,0.0
-144,Tà Hừa,2025-12-09T05:00:00.000,0.0,0.0
-144,Tà Hừa,2025-12-09T06:00:00.000,0.0,0.0
-144,Tà Hừa,2025-12-09T07:00:00.000,0.0,0.0
-144,Tà Hừa,2025-12-09T08:00:00.000,0.0,0.0
-144,Tà Hừa,2025-12-09T09:00:00.000,0.0,0.0
-144,Tà Hừa,2025-12-09T10:00:00.000,0.0,0.0
-144,Tà Hừa,2025-12-09T11:00:00.000,0.0,0.0
-144,Tà Hừa,2025-12-09T12:00:00.000,0.0,0.0
-144,Tà Hừa,2025-12-09T13:00:00.000,0.0,0.0
-144,Tà Hừa,2025-12-09T14:00:00.000,0.0,0.0
-144,Tà Hừa,2025-12-09T15:00:00.000,0.0,0.0
-144,Tà Hừa,2025-12-09T16:00:00.000,0.0,0.0
-144,Tà Hừa,2025-12-09T17:00:00.000,0.0,0.0
-144,Tà Hừa,2025-12-09T18:00:00.000,0.0,0.0
-144,Tà Hừa,2025-12-09T19:00:00.000,0.0,0.0
-144,Tà Hừa,2025-12-09T20:00:00.000,0.0,0.0
-144,Tà Hừa,2025-12-09T21:00:00.000,0.0,0.0
-144,Tà Hừa,2025-12-09T22:00:00.000,0.0,0.0
-144,Tà Hừa,2025-12-09T23:00:00.000,0.0,0.0
-144,Tà Hừa,2025-12-10T00:00:00.000,0.0,0.0
-144,Tà Hừa,2025-12-10T01:00:00.000,0.0,0.0
-144,Tà Hừa,2025-12-10T02:00:00.000,0.0,0.0
-144,Tà Hừa,2025-12-10T03:00:00.000,0.0,0.0
-144,Tà Hừa,2025-12-10T04:00:00.000,0.0,0.0
-144,Tà Hừa,2025-12-10T05:00:00.000,0.0,0.0
-144,Tà Hừa,2025-12-10T06:00:00.000,0.0,0.0
-144,Tà Hừa,2025-12-10T07:00:00.000,0.0,0.0
-144,Tà Hừa,2025-12-10T08:00:00.000,0.0,0.0
-144,Tà Hừa,2025-12-10T09:00:00.000,0.0,0.0
-144,Tà Hừa,2025-12-10T10:00:00.000,0.0,0.0
-144,Tà Hừa,2025-12-10T11:00:00.000,0.0,0.0
-144,Tà Hừa,2025-12-10T12:00:00.000,0.0,0.0
-144,Tà Hừa,2025-12-10T13:00:00.000,0.0,0.0
-144,Tà Hừa,2025-12-10T14:00:00.000,0.0,0.0
-144,Tà Hừa,2025-12-10T15:00:00.000,0.0,0.0
-144,Tà Hừa,2025-12-10T16:00:00.000,0.0,0.0
-144,Tà Hừa,2025-12-10T17:00:00.000,0.0,0.0
-144,Tà Hừa,2025-12-10T18:00:00.000,0.0,0.0
-144,Tà Hừa,2025-12-10T19:00:00.000,0.0,0.0
-144,Tà Hừa,2025-12-10T20:00:00.000,0.0,0.0
-144,Tà Hừa,2025-12-10T21:00:00.000,0.0,0.0
-144,Tà Hừa,2025-12-10T22:00:00.000,0.0,0.0
-144,Tà Hừa,2025-12-10T23:00:00.000,0.0,0.0
-144,Tà Hừa,2025-12-11T00:00:00.000,0.0,0.0
-144,Tà Hừa,2025-12-11T01:00:00.000,0.0,0.0
-144,Tà Hừa,2025-12-11T02:00:00.000,0.0,0.0
-144,Tà Hừa,2025-12-11T03:00:00.000,0.0,0.0
-144,Tà Hừa,2025-12-11T04:00:00.000,0.0,0.0
-144,Tà Hừa,2025-12-11T05:00:00.000,0.0,0.0
-144,Tà Hừa,2025-12-11T06:00:00.000,0.0,0.0
-144,Tà Hừa,2025-12-11T07:00:00.000,0.0,0.0
-144,Tà Hừa,2025-12-11T08:00:00.000,0.0,0.0
-144,Tà Hừa,2025-12-11T09:00:00.000,0.0,0.0
-144,Tà Hừa,2025-12-11T10:00:00.000,0.0,0.0
-144,Tà Hừa,2025-12-11T11:00:00.000,0.0,0.0
-144,Tà Hừa,2025-12-11T12:00:00.000,0.0,0.0
-144,Tà Hừa,2025-12-11T13:00:00.000,0.0,0.0
-144,Tà Hừa,2025-12-11T14:00:00.000,0.0,0.0
-144,Tà Hừa,2025-12-11T15:00:00.000,0.0,0.0
-144,Tà Hừa,2025-12-11T16:00:00.000,0.0,0.0
-144,Tà Hừa,2025-12-11T17:00:00.000,0.4000000059604645,0.4000000059604645
-144,Tà Hừa,2025-12-11T18:00:00.000,0.20000000298023224,0.6000000089406967
-144,Tà Hừa,2025-12-11T19:00:00.000,0.0,0.6000000089406967
-144,Tà Hừa,2025-12-11T20:00:00.000,0.20000000298023224,0.800000011920929
-144,Tà Hừa,2025-12-11T21:00:00.000,0.6000000238418579,1.4000000357627869
-144,Tà Hừa,2025-12-11T22:00:00.000,1.2000000476837158,2.6000000834465027
-144,Tà Hừa,2025-12-11T23:00:00.000,1.7999999523162842,4.400000035762787
-144,Tà Hừa,2025-12-12T00:00:00.000,0.20000000298023224,4.000000029802322
-144,Tà Hừa,2025-12-12T01:00:00.000,0.0,4.000000029802322
-144,Tà Hừa,2025-12-12T02:00:00.000,0.0,4.000000029802322
-144,Tà Hừa,2025-12-12T03:00:00.000,0.0,4.000000029802322
-144,Tà Hừa,2025-12-12T04:00:00.000,0.20000000298023224,4.200000032782555
-144,Tà Hừa,2025-12-12T05:00:00.000,0.4000000059604645,4.600000038743019
-144,Tà Hừa,2025-12-12T06:00:00.000,2.799999952316284,7.399999991059303
-144,Tà Hừa,2025-12-12T07:00:00.000,3.200000047683716,10.600000038743019
-144,Tà Hừa,2025-12-12T08:00:00.000,1.399999976158142,12.000000014901161
-144,Tà Hừa,2025-12-12T09:00:00.000,0.4000000059604645,12.400000020861626
-144,Tà Hừa,2025-12-12T10:00:00.000,0.0,12.400000020861626
-144,Tà Hừa,2025-12-12T11:00:00.000,0.0,12.400000020861626
-144,Tà Hừa,2025-12-12T12:00:00.000,0.4000000059604645,12.80000002682209
-144,Tà Hừa,2025-12-12T13:00:00.000,0.20000000298023224,13.000000029802322
-144,Tà Hừa,2025-12-12T14:00:00.000,0.800000011920929,13.800000041723251
-144,Tà Hừa,2025-12-12T15:00:00.000,0.20000000298023224,14.000000044703484
-144,Tà Hừa,2025-12-12T16:00:00.000,0.0,14.000000044703484
-144,Tà Hừa,2025-12-12T17:00:00.000,0.0,14.000000044703484
-144,Tà Hừa,2025-12-12T18:00:00.000,0.0,14.000000044703484
-144,Tà Hừa,2025-12-12T19:00:00.000,0.0,14.000000044703484
-144,Tà Hừa,2025-12-12T20:00:00.000,0.0,14.000000044703484
-144,Tà Hừa,2025-12-12T21:00:00.000,0.0,14.000000044703484
-144,Tà Hừa,2025-12-12T22:00:00.000,0.0,14.000000044703484
-144,Tà Hừa,2025-12-12T23:00:00.000,0.0,14.000000044703484
-144,Tà Hừa,2025-12-13T00:00:00.000,0.0,0.0
-144,Tà Hừa,2025-12-13T01:00:00.000,0.0,0.0
-144,Tà Hừa,2025-12-13T02:00:00.000,0.0,0.0
-144,Tà Hừa,2025-12-13T03:00:00.000,0.0,0.0
-144,Tà Hừa,2025-12-13T04:00:00.000,0.0,0.0
-144,Tà Hừa,2025-12-13T05:00:00.000,0.0,0.0
-144,Tà Hừa,2025-12-13T06:00:00.000,0.0,0.0
-144,Tà Hừa,2025-12-13T07:00:00.000,0.0,0.0
-144,Tà Hừa,2025-12-13T08:00:00.000,0.0,0.0
-144,Tà Hừa,2025-12-13T09:00:00.000,0.0,0.0
-144,Tà Hừa,2025-12-13T10:00:00.000,0.0,0.0
-144,Tà Hừa,2025-12-13T11:00:00.000,0.0,0.0
-144,Tà Hừa,2025-12-13T12:00:00.000,0.0,0.0
-144,Tà Hừa,2025-12-13T13:00:00.000,0.0,0.0
-144,Tà Hừa,2025-12-13T14:00:00.000,0.0,0.0
-144,Tà Hừa,2025-12-13T15:00:00.000,0.0,0.0
-144,Tà Hừa,2025-12-13T16:00:00.000,0.0,0.0
-144,Tà Hừa,2025-12-13T17:00:00.000,0.0,0.0
-144,Tà Hừa,2025-12-13T18:00:00.000,0.0,0.0
-144,Tà Hừa,2025-12-13T19:00:00.000,0.0,0.0
-144,Tà Hừa,2025-12-13T20:00:00.000,0.0,0.0
-144,Tà Hừa,2025-12-13T21:00:00.000,0.0,0.0
-144,Tà Hừa,2025-12-13T22:00:00.000,0.0,0.0
-144,Tà Hừa,2025-12-13T23:00:00.000,0.0,0.0
-144,Tà Hừa,2025-12-14T00:00:00.000,0.0,0.0
-144,Tà Hừa,2025-12-14T01:00:00.000,0.0,0.0
-144,Tà Hừa,2025-12-14T02:00:00.000,0.0,0.0
-144,Tà Hừa,2025-12-14T03:00:00.000,0.0,0.0
-144,Tà Hừa,2025-12-14T04:00:00.000,0.0,0.0
-144,Tà Hừa,2025-12-14T05:00:00.000,0.0,0.0
-144,Tà Hừa,2025-12-14T06:00:00.000,0.0,0.0
-144,Tà Hừa,2025-12-14T07:00:00.000,0.0,0.0
-144,Tà Hừa,2025-12-14T08:00:00.000,0.0,0.0
-144,Tà Hừa,2025-12-14T09:00:00.000,0.0,0.0
-144,Tà Hừa,2025-12-14T10:00:00.000,0.0,0.0
-144,Tà Hừa,2025-12-14T11:00:00.000,0.0,0.0
-144,Tà Hừa,2025-12-14T12:00:00.000,0.0,0.0
-144,Tà Hừa,2025-12-14T13:00:00.000,0.0,0.0
-144,Tà Hừa,2025-12-14T14:00:00.000,0.0,0.0
-144,Tà Hừa,2025-12-14T15:00:00.000,0.0,0.0
-144,Tà Hừa,2025-12-14T16:00:00.000,0.0,0.0
-144,Tà Hừa,2025-12-14T17:00:00.000,0.0,0.0
-144,Tà Hừa,2025-12-14T18:00:00.000,0.0,0.0
-144,Tà Hừa,2025-12-14T19:00:00.000,0.0,0.0
-144,Tà Hừa,2025-12-14T20:00:00.000,0.0,0.0
-144,Tà Hừa,2025-12-14T21:00:00.000,0.0,0.0
-144,Tà Hừa,2025-12-14T22:00:00.000,0.0,0.0
-144,Tà Hừa,2025-12-14T23:00:00.000,0.0,0.0
-144,Tà Hừa,2025-12-15T00:00:00.000,0.0,0.0
-144,Tà Hừa,2025-12-15T01:00:00.000,0.0,0.0
-144,Tà Hừa,2025-12-15T02:00:00.000,0.0,0.0
-144,Tà Hừa,2025-12-15T03:00:00.000,0.0,0.0
-144,Tà Hừa,2025-12-15T04:00:00.000,0.0,0.0
-144,Tà Hừa,2025-12-15T05:00:00.000,0.0,0.0
-144,Tà Hừa,2025-12-15T06:00:00.000,0.0,0.0
-144,Tà Hừa,2025-12-15T07:00:00.000,0.0,0.0
-144,Tà Hừa,2025-12-15T08:00:00.000,0.0,0.0
-144,Tà Hừa,2025-12-15T09:00:00.000,0.0,0.0
-144,Tà Hừa,2025-12-15T10:00:00.000,0.0,0.0
-144,Tà Hừa,2025-12-15T11:00:00.000,0.0,0.0
-144,Tà Hừa,2025-12-15T12:00:00.000,0.0,0.0
-144,Tà Hừa,2025-12-15T13:00:00.000,0.0,0.0
-144,Tà Hừa,2025-12-15T14:00:00.000,0.0,0.0
-144,Tà Hừa,2025-12-15T15:00:00.000,0.0,0.0
-144,Tà Hừa,2025-12-15T16:00:00.000,0.0,0.0
-144,Tà Hừa,2025-12-15T17:00:00.000,0.0,0.0
-144,Tà Hừa,2025-12-15T18:00:00.000,0.0,0.0
-144,Tà Hừa,2025-12-15T19:00:00.000,0.0,0.0
-144,Tà Hừa,2025-12-15T20:00:00.000,0.0,0.0
-144,Tà Hừa,2025-12-15T21:00:00.000,0.0,0.0
-144,Tà Hừa,2025-12-15T22:00:00.000,0.0,0.0
-144,Tà Hừa,2025-12-15T23:00:00.000,0.0,0.0
-144,Tà Hừa,2025-12-16T00:00:00.000,0.0,0.0
-144,Tà Hừa,2025-12-16T01:00:00.000,0.0,0.0
-144,Tà Hừa,2025-12-16T02:00:00.000,0.0,0.0
-144,Tà Hừa,2025-12-16T03:00:00.000,0.0,0.0
-144,Tà Hừa,2025-12-16T04:00:00.000,0.0,0.0
-144,Tà Hừa,2025-12-16T05:00:00.000,0.0,0.0
-144,Tà Hừa,2025-12-16T06:00:00.000,0.0,0.0
-144,Tà Hừa,2025-12-16T07:00:00.000,0.0,0.0
-144,Tà Hừa,2025-12-16T08:00:00.000,0.0,0.0
-144,Tà Hừa,2025-12-16T09:00:00.000,0.0,0.0
-144,Tà Hừa,2025-12-16T10:00:00.000,0.0,0.0
-144,Tà Hừa,2025-12-16T11:00:00.000,0.0,0.0
-144,Tà Hừa,2025-12-16T12:00:00.000,0.0,0.0
-144,Tà Hừa,2025-12-16T13:00:00.000,0.0,0.0
-144,Tà Hừa,2025-12-16T14:00:00.000,0.0,0.0
-144,Tà Hừa,2025-12-16T15:00:00.000,0.0,0.0
-144,Tà Hừa,2025-12-16T16:00:00.000,0.0,0.0
-144,Tà Hừa,2025-12-16T17:00:00.000,0.0,0.0
-144,Tà Hừa,2025-12-16T18:00:00.000,0.0,0.0
-144,Tà Hừa,2025-12-16T19:00:00.000,0.0,0.0
-144,Tà Hừa,2025-12-16T20:00:00.000,0.0,0.0
-144,Tà Hừa,2025-12-16T21:00:00.000,0.0,0.0
-144,Tà Hừa,2025-12-16T22:00:00.000,0.0,0.0
-144,Tà Hừa,2025-12-16T23:00:00.000,0.0,0.0
-144,Tà Hừa,2025-12-17T00:00:00.000,0.0,0.0
-144,Tà Hừa,2025-12-17T01:00:00.000,0.0,0.0
-144,Tà Hừa,2025-12-17T02:00:00.000,0.0,0.0
-144,Tà Hừa,2025-12-17T03:00:00.000,0.0,0.0
-144,Tà Hừa,2025-12-17T04:00:00.000,0.0,0.0
-144,Tà Hừa,2025-12-17T05:00:00.000,0.0,0.0
-144,Tà Hừa,2025-12-17T06:00:00.000,0.0,0.0
-144,Tà Hừa,2025-12-17T07:00:00.000,0.0,0.0
-144,Tà Hừa,2025-12-17T08:00:00.000,0.0,0.0
-144,Tà Hừa,2025-12-17T09:00:00.000,0.0,0.0
-144,Tà Hừa,2025-12-17T10:00:00.000,0.0,0.0
-144,Tà Hừa,2025-12-17T11:00:00.000,0.0,0.0
-144,Tà Hừa,2025-12-17T12:00:00.000,0.0,0.0
-144,Tà Hừa,2025-12-17T13:00:00.000,0.0,0.0
-144,Tà Hừa,2025-12-17T14:00:00.000,0.0,0.0
-144,Tà Hừa,2025-12-17T15:00:00.000,0.0,0.0
-144,Tà Hừa,2025-12-17T16:00:00.000,0.0,0.0
-144,Tà Hừa,2025-12-17T17:00:00.000,0.0,0.0
-144,Tà Hừa,2025-12-17T18:00:00.000,0.0,0.0
-144,Tà Hừa,2025-12-17T19:00:00.000,0.0,0.0
-144,Tà Hừa,2025-12-17T20:00:00.000,0.0,0.0
-144,Tà Hừa,2025-12-17T21:00:00.000,0.0,0.0
-144,Tà Hừa,2025-12-17T22:00:00.000,0.0,0.0
-144,Tà Hừa,2025-12-17T23:00:00.000,0.0,0.0
-144,Tà Hừa,2025-12-18T00:00:00.000,0.0,0.0
-144,Tà Hừa,2025-12-18T01:00:00.000,0.0,0.0
-144,Tà Hừa,2025-12-18T02:00:00.000,0.0,0.0
-144,Tà Hừa,2025-12-18T03:00:00.000,0.0,0.0
-144,Tà Hừa,2025-12-18T04:00:00.000,0.0,0.0
-144,Tà Hừa,2025-12-18T05:00:00.000,0.0,0.0
-144,Tà Hừa,2025-12-18T06:00:00.000,0.0,0.0
-144,Tà Hừa,2025-12-18T07:00:00.000,0.0,0.0
-144,Tà Hừa,2025-12-18T08:00:00.000,0.0,0.0
-144,Tà Hừa,2025-12-18T09:00:00.000,0.0,0.0
-144,Tà Hừa,2025-12-18T10:00:00.000,0.0,0.0
-144,Tà Hừa,2025-12-18T11:00:00.000,0.0,0.0
-144,Tà Hừa,2025-12-18T12:00:00.000,0.0,0.0
-144,Tà Hừa,2025-12-18T13:00:00.000,0.0,0.0
-144,Tà Hừa,2025-12-18T14:00:00.000,0.0,0.0
-144,Tà Hừa,2025-12-18T15:00:00.000,0.0,0.0
-144,Tà Hừa,2025-12-18T16:00:00.000,0.0,0.0
-144,Tà Hừa,2025-12-18T17:00:00.000,0.0,0.0
-144,Tà Hừa,2025-12-18T18:00:00.000,0.0,0.0
-144,Tà Hừa,2025-12-18T19:00:00.000,0.0,0.0
-144,Tà Hừa,2025-12-18T20:00:00.000,0.0,0.0
-144,Tà Hừa,2025-12-18T21:00:00.000,0.0,0.0
-144,Tà Hừa,2025-12-18T22:00:00.000,0.0,0.0
-144,Tà Hừa,2025-12-18T23:00:00.000,0.0,0.0
-144,Tà Hừa,2025-12-19T00:00:00.000,0.0,0.0
-144,Tà Hừa,2025-12-19T01:00:00.000,0.0,0.0
-144,Tà Hừa,2025-12-19T02:00:00.000,0.0,0.0
-144,Tà Hừa,2025-12-19T03:00:00.000,0.0,0.0
-144,Tà Hừa,2025-12-19T04:00:00.000,0.0,0.0
-144,Tà Hừa,2025-12-19T05:00:00.000,0.0,0.0
-144,Tà Hừa,2025-12-19T06:00:00.000,0.0,0.0
-144,Tà Hừa,2025-12-19T07:00:00.000,0.0,0.0
-144,Tà Hừa,2025-12-19T08:00:00.000,0.0,0.0
-144,Tà Hừa,2025-12-19T09:00:00.000,0.0,0.0
-144,Tà Hừa,2025-12-19T10:00:00.000,0.0,0.0
-144,Tà Hừa,2025-12-19T11:00:00.000,0.0,0.0
-144,Tà Hừa,2025-12-19T12:00:00.000,0.0,0.0
-144,Tà Hừa,2025-12-19T13:00:00.000,0.0,0.0
-144,Tà Hừa,2025-12-19T14:00:00.000,0.0,0.0
-144,Tà Hừa,2025-12-19T15:00:00.000,0.0,0.0
-144,Tà Hừa,2025-12-19T16:00:00.000,0.0,0.0
-144,Tà Hừa,2025-12-19T17:00:00.000,0.0,0.0
-144,Tà Hừa,2025-12-19T18:00:00.000,0.0,0.0
-144,Tà Hừa,2025-12-19T19:00:00.000,0.0,0.0
-144,Tà Hừa,2025-12-19T20:00:00.000,0.0,0.0
-144,Tà Hừa,2025-12-19T21:00:00.000,0.0,0.0
-144,Tà Hừa,2025-12-19T22:00:00.000,0.0,0.0
-144,Tà Hừa,2025-12-19T23:00:00.000,0.0,0.0
-144,Tà Hừa,2025-12-20T00:00:00.000,0.0,0.0
-144,Tà Hừa,2025-12-20T01:00:00.000,0.0,0.0
-144,Tà Hừa,2025-12-20T02:00:00.000,0.0,0.0
-144,Tà Hừa,2025-12-20T03:00:00.000,0.0,0.0
-144,Tà Hừa,2025-12-20T04:00:00.000,0.0,0.0
-144,Tà Hừa,2025-12-20T05:00:00.000,0.0,0.0
-144,Tà Hừa,2025-12-20T06:00:00.000,0.0,0.0
-144,Tà Hừa,2025-12-20T07:00:00.000,0.0,0.0
-144,Tà Hừa,2025-12-20T08:00:00.000,0.0,0.0
-144,Tà Hừa,2025-12-20T09:00:00.000,0.0,0.0
-144,Tà Hừa,2025-12-20T10:00:00.000,0.0,0.0
-144,Tà Hừa,2025-12-20T11:00:00.000,0.0,0.0
-144,Tà Hừa,2025-12-20T12:00:00.000,0.0,0.0
-144,Tà Hừa,2025-12-20T13:00:00.000,0.0,0.0
-144,Tà Hừa,2025-12-20T14:00:00.000,0.0,0.0
-144,Tà Hừa,2025-12-20T15:00:00.000,0.0,0.0
-144,Tà Hừa,2025-12-20T16:00:00.000,0.0,0.0
-144,Tà Hừa,2025-12-20T17:00:00.000,0.0,0.0
-144,Tà Hừa,2025-12-20T18:00:00.000,0.0,0.0
-144,Tà Hừa,2025-12-20T19:00:00.000,0.0,0.0
-144,Tà Hừa,2025-12-20T20:00:00.000,0.0,0.0
-144,Tà Hừa,2025-12-20T21:00:00.000,0.0,0.0
-144,Tà Hừa,2025-12-20T22:00:00.000,0.0,0.0
-144,Tà Hừa,2025-12-20T23:00:00.000,0.0,0.0
-144,Tà Hừa,2025-12-21T00:00:00.000,0.0,0.0
-144,Tà Hừa,2025-12-21T01:00:00.000,0.0,0.0
-144,Tà Hừa,2025-12-21T02:00:00.000,0.0,0.0
-144,Tà Hừa,2025-12-21T03:00:00.000,0.0,0.0
-144,Tà Hừa,2025-12-21T04:00:00.000,0.0,0.0
-144,Tà Hừa,2025-12-21T05:00:00.000,0.0,0.0
-144,Tà Hừa,2025-12-21T06:00:00.000,0.0,0.0
-144,Tà Hừa,2025-12-21T07:00:00.000,0.0,0.0
-144,Tà Hừa,2025-12-21T08:00:00.000,0.0,0.0
-144,Tà Hừa,2025-12-21T09:00:00.000,0.0,0.0
-144,Tà Hừa,2025-12-21T10:00:00.000,0.0,0.0
-144,Tà Hừa,2025-12-21T11:00:00.000,0.0,0.0
-144,Tà Hừa,2025-12-21T12:00:00.000,0.0,0.0
-144,Tà Hừa,2025-12-21T13:00:00.000,0.0,0.0
-144,Tà Hừa,2025-12-21T14:00:00.000,0.0,0.0
-144,Tà Hừa,2025-12-21T15:00:00.000,0.0,0.0
-144,Tà Hừa,2025-12-21T16:00:00.000,0.0,0.0
-144,Tà Hừa,2025-12-21T17:00:00.000,0.0,0.0
-144,Tà Hừa,2025-12-21T18:00:00.000,0.0,0.0
-144,Tà Hừa,2025-12-21T19:00:00.000,0.0,0.0
-144,Tà Hừa,2025-12-21T20:00:00.000,0.0,0.0
-144,Tà Hừa,2025-12-21T21:00:00.000,0.0,0.0
-144,Tà Hừa,2025-12-21T22:00:00.000,0.0,0.0
-144,Tà Hừa,2025-12-21T23:00:00.000,0.0,0.0
-144,Tà Hừa,2025-12-22T00:00:00.000,0.0,0.0
-144,Tà Hừa,2025-12-22T01:00:00.000,0.0,0.0
-144,Tà Hừa,2025-12-22T02:00:00.000,0.0,0.0
-144,Tà Hừa,2025-12-22T03:00:00.000,0.0,0.0
-144,Tà Hừa,2025-12-22T04:00:00.000,0.0,0.0
-144,Tà Hừa,2025-12-22T05:00:00.000,0.0,0.0
-144,Tà Hừa,2025-12-22T06:00:00.000,0.0,0.0
-144,Tà Hừa,2025-12-22T07:00:00.000,0.0,0.0
-144,Tà Hừa,2025-12-22T08:00:00.000,0.0,0.0
-144,Tà Hừa,2025-12-22T09:00:00.000,0.0,0.0
-144,Tà Hừa,2025-12-22T10:00:00.000,0.0,0.0
-144,Tà Hừa,2025-12-22T11:00:00.000,0.0,0.0
-144,Tà Hừa,2025-12-22T12:00:00.000,0.0,0.0
-144,Tà Hừa,2025-12-22T13:00:00.000,0.0,0.0
-144,Tà Hừa,2025-12-22T14:00:00.000,0.0,0.0
-144,Tà Hừa,2025-12-22T15:00:00.000,0.0,0.0
-144,Tà Hừa,2025-12-22T16:00:00.000,0.0,0.0
-144,Tà Hừa,2025-12-22T17:00:00.000,0.0,0.0
-144,Tà Hừa,2025-12-22T18:00:00.000,0.0,0.0
-144,Tà Hừa,2025-12-22T19:00:00.000,0.0,0.0
-144,Tà Hừa,2025-12-22T20:00:00.000,0.0,0.0
-144,Tà Hừa,2025-12-22T21:00:00.000,0.0,0.0
-144,Tà Hừa,2025-12-22T22:00:00.000,0.0,0.0
-144,Tà Hừa,2025-12-22T23:00:00.000,0.0,0.0
-144,Tà Hừa,2025-12-23T00:00:00.000,0.0,0.0
-144,Tà Hừa,2025-12-23T01:00:00.000,0.0,0.0
-144,Tà Hừa,2025-12-23T02:00:00.000,0.0,0.0
-144,Tà Hừa,2025-12-23T03:00:00.000,0.0,0.0
-144,Tà Hừa,2025-12-23T04:00:00.000,0.0,0.0
-144,Tà Hừa,2025-12-23T05:00:00.000,0.0,0.0
-144,Tà Hừa,2025-12-23T06:00:00.000,0.0,0.0
-144,Tà Hừa,2025-12-23T07:00:00.000,0.0,0.0
-144,Tà Hừa,2025-12-23T08:00:00.000,0.0,0.0
-144,Tà Hừa,2025-12-23T09:00:00.000,0.0,0.0
-144,Tà Hừa,2025-12-23T10:00:00.000,0.0,0.0
-144,Tà Hừa,2025-12-23T11:00:00.000,0.0,0.0
-144,Tà Hừa,2025-12-23T12:00:00.000,0.0,0.0
-144,Tà Hừa,2025-12-23T13:00:00.000,0.0,0.0
-144,Tà Hừa,2025-12-23T14:00:00.000,0.0,0.0
-144,Tà Hừa,2025-12-23T15:00:00.000,0.0,0.0
-144,Tà Hừa,2025-12-23T16:00:00.000,0.0,0.0
-144,Tà Hừa,2025-12-23T17:00:00.000,0.0,0.0
-144,Tà Hừa,2025-12-23T18:00:00.000,0.0,0.0
-144,Tà Hừa,2025-12-23T19:00:00.000,0.0,0.0
-144,Tà Hừa,2025-12-23T20:00:00.000,0.0,0.0
-144,Tà Hừa,2025-12-23T21:00:00.000,0.0,0.0
-144,Tà Hừa,2025-12-23T22:00:00.000,0.0,0.0
-144,Tà Hừa,2025-12-23T23:00:00.000,0.0,0.0
-144,Tà Hừa,2025-12-24T00:00:00.000,0.0,0.0
-144,Tà Hừa,2025-12-24T01:00:00.000,0.0,0.0
-144,Tà Hừa,2025-12-24T02:00:00.000,0.0,0.0
-144,Tà Hừa,2025-12-24T03:00:00.000,0.0,0.0
-144,Tà Hừa,2025-12-24T04:00:00.000,0.0,0.0
-144,Tà Hừa,2025-12-24T05:00:00.000,0.0,0.0
-144,Tà Hừa,2025-12-24T06:00:00.000,0.0,0.0
-144,Tà Hừa,2025-12-24T07:00:00.000,0.0,0.0
-144,Tà Hừa,2025-12-24T08:00:00.000,0.0,0.0
-144,Tà Hừa,2025-12-24T09:00:00.000,0.0,0.0
-144,Tà Hừa,2025-12-24T10:00:00.000,0.0,0.0
-144,Tà Hừa,2025-12-24T11:00:00.000,0.0,0.0
-144,Tà Hừa,2025-12-24T12:00:00.000,0.0,0.0
-144,Tà Hừa,2025-12-24T13:00:00.000,0.0,0.0
-144,Tà Hừa,2025-12-24T14:00:00.000,0.0,0.0
-144,Tà Hừa,2025-12-24T15:00:00.000,0.0,0.0
-144,Tà Hừa,2025-12-24T16:00:00.000,0.0,0.0
-144,Tà Hừa,2025-12-24T17:00:00.000,0.0,0.0
-144,Tà Hừa,2025-12-24T18:00:00.000,0.0,0.0
-144,Tà Hừa,2025-12-24T19:00:00.000,0.0,0.0
-144,Tà Hừa,2025-12-24T20:00:00.000,0.0,0.0
-144,Tà Hừa,2025-12-24T21:00:00.000,0.0,0.0
-144,Tà Hừa,2025-12-24T22:00:00.000,0.0,0.0
-144,Tà Hừa,2025-12-24T23:00:00.000,0.0,0.0
-144,Tà Hừa,2025-12-25T00:00:00.000,0.0,0.0
-144,Tà Hừa,2025-12-25T01:00:00.000,0.0,0.0
-144,Tà Hừa,2025-12-25T02:00:00.000,0.0,0.0
-144,Tà Hừa,2025-12-25T03:00:00.000,0.0,0.0
-144,Tà Hừa,2025-12-25T04:00:00.000,0.0,0.0
-144,Tà Hừa,2025-12-25T05:00:00.000,0.0,0.0
-144,Tà Hừa,2025-12-25T06:00:00.000,0.0,0.0
-144,Tà Hừa,2025-12-25T07:00:00.000,0.0,0.0
-144,Tà Hừa,2025-12-25T08:00:00.000,0.0,0.0
-144,Tà Hừa,2025-12-25T09:00:00.000,0.0,0.0
-144,Tà Hừa,2025-12-25T10:00:00.000,0.0,0.0
-144,Tà Hừa,2025-12-25T11:00:00.000,0.0,0.0
-144,Tà Hừa,2025-12-25T12:00:00.000,0.0,0.0
-144,Tà Hừa,2025-12-25T13:00:00.000,0.0,0.0
-144,Tà Hừa,2025-12-25T14:00:00.000,0.0,0.0
-144,Tà Hừa,2025-12-25T15:00:00.000,0.0,0.0
-144,Tà Hừa,2025-12-25T16:00:00.000,0.0,0.0
-144,Tà Hừa,2025-12-25T17:00:00.000,0.0,0.0
-144,Tà Hừa,2025-12-25T18:00:00.000,0.0,0.0
-144,Tà Hừa,2025-12-25T19:00:00.000,0.0,0.0
-144,Tà Hừa,2025-12-25T20:00:00.000,0.0,0.0
-144,Tà Hừa,2025-12-25T21:00:00.000,0.0,0.0
-144,Tà Hừa,2025-12-25T22:00:00.000,0.0,0.0
-144,Tà Hừa,2025-12-25T23:00:00.000,0.0,0.0
-144,Tà Hừa,2025-12-26T00:00:00.000,0.0,0.0
-144,Tà Hừa,2025-12-26T01:00:00.000,0.0,0.0
-144,Tà Hừa,2025-12-26T02:00:00.000,0.0,0.0
-144,Tà Hừa,2025-12-26T03:00:00.000,0.0,0.0
-144,Tà Hừa,2025-12-26T04:00:00.000,0.0,0.0
-144,Tà Hừa,2025-12-26T05:00:00.000,0.0,0.0
-144,Tà Hừa,2025-12-26T06:00:00.000,0.0,0.0
-144,Tà Hừa,2025-12-26T07:00:00.000,0.0,0.0
-144,Tà Hừa,2025-12-26T08:00:00.000,0.0,0.0
-144,Tà Hừa,2025-12-26T09:00:00.000,0.0,0.0
-144,Tà Hừa,2025-12-26T10:00:00.000,0.0,0.0
-144,Tà Hừa,2025-12-26T11:00:00.000,0.0,0.0
-144,Tà Hừa,2025-12-26T12:00:00.000,0.0,0.0
-144,Tà Hừa,2025-12-26T13:00:00.000,0.0,0.0
-144,Tà Hừa,2025-12-26T14:00:00.000,0.0,0.0
-144,Tà Hừa,2025-12-26T15:00:00.000,0.0,0.0
-144,Tà Hừa,2025-12-26T16:00:00.000,0.0,0.0
-144,Tà Hừa,2025-12-26T17:00:00.000,0.0,0.0
-144,Tà Hừa,2025-12-26T18:00:00.000,0.0,0.0
-144,Tà Hừa,2025-12-26T19:00:00.000,0.0,0.0
-144,Tà Hừa,2025-12-26T20:00:00.000,0.0,0.0
-144,Tà Hừa,2025-12-26T21:00:00.000,0.0,0.0
-144,Tà Hừa,2025-12-26T22:00:00.000,0.0,0.0
-144,Tà Hừa,2025-12-26T23:00:00.000,0.0,0.0
-144,Tà Hừa,2025-12-27T00:00:00.000,0.0,0.0
-144,Tà Hừa,2025-12-27T01:00:00.000,0.0,0.0
-144,Tà Hừa,2025-12-27T02:00:00.000,0.0,0.0
-144,Tà Hừa,2025-12-27T03:00:00.000,0.0,0.0
-144,Tà Hừa,2025-12-27T04:00:00.000,0.0,0.0
-144,Tà Hừa,2025-12-27T05:00:00.000,0.0,0.0
-144,Tà Hừa,2025-12-27T06:00:00.000,0.0,0.0
-144,Tà Hừa,2025-12-27T07:00:00.000,0.0,0.0
-144,Tà Hừa,2025-12-27T08:00:00.000,0.0,0.0
-144,Tà Hừa,2025-12-27T09:00:00.000,0.0,0.0
-144,Tà Hừa,2025-12-27T10:00:00.000,0.0,0.0
-144,Tà Hừa,2025-12-27T11:00:00.000,0.0,0.0
-144,Tà Hừa,2025-12-27T12:00:00.000,0.0,0.0
-144,Tà Hừa,2025-12-27T13:00:00.000,0.0,0.0
-144,Tà Hừa,2025-12-27T14:00:00.000,0.0,0.0
-144,Tà Hừa,2025-12-27T15:00:00.000,0.0,0.0
-144,Tà Hừa,2025-12-27T16:00:00.000,0.0,0.0
-144,Tà Hừa,2025-12-27T17:00:00.000,0.0,0.0
-144,Tà Hừa,2025-12-27T18:00:00.000,0.0,0.0
-144,Tà Hừa,2025-12-27T19:00:00.000,0.0,0.0
-144,Tà Hừa,2025-12-27T20:00:00.000,0.0,0.0
-144,Tà Hừa,2025-12-27T21:00:00.000,0.0,0.0
-144,Tà Hừa,2025-12-27T22:00:00.000,0.0,0.0
-144,Tà Hừa,2025-12-27T23:00:00.000,0.0,0.0
-144,Tà Hừa,2025-12-28T00:00:00.000,0.0,0.0
-144,Tà Hừa,2025-12-28T01:00:00.000,0.0,0.0
-144,Tà Hừa,2025-12-28T02:00:00.000,0.0,0.0
-144,Tà Hừa,2025-12-28T03:00:00.000,0.0,0.0
-144,Tà Hừa,2025-12-28T04:00:00.000,0.0,0.0
-144,Tà Hừa,2025-12-28T05:00:00.000,0.0,0.0
-144,Tà Hừa,2025-12-28T06:00:00.000,0.0,0.0
-144,Tà Hừa,2025-12-28T07:00:00.000,0.0,0.0
-144,Tà Hừa,2025-12-28T08:00:00.000,0.0,0.0
-144,Tà Hừa,2025-12-28T09:00:00.000,0.0,0.0
-144,Tà Hừa,2025-12-28T10:00:00.000,0.0,0.0
-144,Tà Hừa,2025-12-28T11:00:00.000,0.0,0.0
-144,Tà Hừa,2025-12-28T12:00:00.000,0.0,0.0
-144,Tà Hừa,2025-12-28T13:00:00.000,0.0,0.0
-144,Tà Hừa,2025-12-28T14:00:00.000,0.0,0.0
-144,Tà Hừa,2025-12-28T15:00:00.000,0.0,0.0
-144,Tà Hừa,2025-12-28T16:00:00.000,0.0,0.0
-144,Tà Hừa,2025-12-28T17:00:00.000,0.0,0.0
-144,Tà Hừa,2025-12-28T18:00:00.000,0.0,0.0
-144,Tà Hừa,2025-12-28T19:00:00.000,0.0,0.0
-144,Tà Hừa,2025-12-28T20:00:00.000,0.0,0.0
-144,Tà Hừa,2025-12-28T21:00:00.000,0.0,0.0
-144,Tà Hừa,2025-12-28T22:00:00.000,0.0,0.0
-144,Tà Hừa,2025-12-28T23:00:00.000,0.0,0.0
-144,Tà Hừa,2025-12-29T00:00:00.000,0.0,0.0
-144,Tà Hừa,2025-12-29T01:00:00.000,0.0,0.0
-144,Tà Hừa,2025-12-29T02:00:00.000,0.0,0.0
-144,Tà Hừa,2025-12-29T03:00:00.000,0.0,0.0
-144,Tà Hừa,2025-12-29T04:00:00.000,0.0,0.0
-144,Tà Hừa,2025-12-29T05:00:00.000,0.0,0.0
-144,Tà Hừa,2025-12-29T06:00:00.000,0.0,0.0
-144,Tà Hừa,2025-12-29T07:00:00.000,0.0,0.0
-144,Tà Hừa,2025-12-29T08:00:00.000,0.0,0.0
-144,Tà Hừa,2025-12-29T09:00:00.000,0.0,0.0
-144,Tà Hừa,2025-12-29T10:00:00.000,0.0,0.0
-144,Tà Hừa,2025-12-29T11:00:00.000,0.0,0.0
-144,Tà Hừa,2025-12-29T12:00:00.000,0.0,0.0
-144,Tà Hừa,2025-12-29T13:00:00.000,0.0,0.0
-144,Tà Hừa,2025-12-29T14:00:00.000,0.0,0.0
-144,Tà Hừa,2025-12-29T15:00:00.000,0.0,0.0
-144,Tà Hừa,2025-12-29T16:00:00.000,0.0,0.0
-144,Tà Hừa,2025-12-29T17:00:00.000,0.0,0.0
-144,Tà Hừa,2025-12-29T18:00:00.000,0.0,0.0
-144,Tà Hừa,2025-12-29T19:00:00.000,0.0,0.0
-144,Tà Hừa,2025-12-29T20:00:00.000,0.0,0.0
-144,Tà Hừa,2025-12-29T21:00:00.000,0.0,0.0
-144,Tà Hừa,2025-12-29T22:00:00.000,0.0,0.0
-144,Tà Hừa,2025-12-29T23:00:00.000,0.0,0.0
-144,Tà Hừa,2025-12-30T00:00:00.000,0.0,0.0
-144,Tà Hừa,2025-12-30T01:00:00.000,0.0,0.0
-144,Tà Hừa,2025-12-30T02:00:00.000,0.0,0.0
-144,Tà Hừa,2025-12-30T03:00:00.000,0.0,0.0
-144,Tà Hừa,2025-12-30T04:00:00.000,0.0,0.0
-144,Tà Hừa,2025-12-30T05:00:00.000,0.0,0.0
-144,Tà Hừa,2025-12-30T06:00:00.000,0.0,0.0
-144,Tà Hừa,2025-12-30T07:00:00.000,0.0,0.0
-144,Tà Hừa,2025-12-30T08:00:00.000,0.0,0.0
-144,Tà Hừa,2025-12-30T09:00:00.000,0.0,0.0
-144,Tà Hừa,2025-12-30T10:00:00.000,0.0,0.0
-144,Tà Hừa,2025-12-30T11:00:00.000,0.0,0.0
-144,Tà Hừa,2025-12-30T12:00:00.000,0.0,0.0
-144,Tà Hừa,2025-12-30T13:00:00.000,0.0,0.0
-144,Tà Hừa,2025-12-30T14:00:00.000,0.0,0.0
-144,Tà Hừa,2025-12-30T15:00:00.000,0.0,0.0
-144,Tà Hừa,2025-12-30T16:00:00.000,0.0,0.0
-144,Tà Hừa,2025-12-30T17:00:00.000,0.0,0.0
-144,Tà Hừa,2025-12-30T18:00:00.000,0.0,0.0
-144,Tà Hừa,2025-12-30T19:00:00.000,0.0,0.0
-144,Tà Hừa,2025-12-30T20:00:00.000,0.0,0.0
-144,Tà Hừa,2025-12-30T21:00:00.000,0.0,0.0
-144,Tà Hừa,2025-12-30T22:00:00.000,0.0,0.0
-144,Tà Hừa,2025-12-30T23:00:00.000,0.0,0.0
-144,Tà Hừa,2025-12-31T00:00:00.000,0.0,0.0
-144,Tà Hừa,2025-12-31T01:00:00.000,0.0,0.0
-144,Tà Hừa,2025-12-31T02:00:00.000,0.0,0.0
-144,Tà Hừa,2025-12-31T03:00:00.000,0.0,0.0
-144,Tà Hừa,2025-12-31T04:00:00.000,0.0,0.0
-144,Tà Hừa,2025-12-31T05:00:00.000,0.0,0.0
-144,Tà Hừa,2025-12-31T06:00:00.000,0.0,0.0
-144,Tà Hừa,2025-12-31T07:00:00.000,0.0,0.0
-144,Tà Hừa,2025-12-31T08:00:00.000,0.0,0.0
-144,Tà Hừa,2025-12-31T09:00:00.000,0.0,0.0
-144,Tà Hừa,2025-12-31T10:00:00.000,0.0,0.0
-144,Tà Hừa,2025-12-31T11:00:00.000,0.0,0.0
-144,Tà Hừa,2025-12-31T12:00:00.000,0.0,0.0
-144,Tà Hừa,2025-12-31T13:00:00.000,0.0,0.0
-144,Tà Hừa,2025-12-31T14:00:00.000,0.0,0.0
-144,Tà Hừa,2025-12-31T15:00:00.000,0.0,0.0
-144,Tà Hừa,2025-12-31T16:00:00.000,0.0,0.0
-144,Tà Hừa,2025-12-31T17:00:00.000,0.0,0.0
-144,Tà Hừa,2025-12-31T18:00:00.000,0.0,0.0
-144,Tà Hừa,2025-12-31T19:00:00.000,0.0,0.0
-144,Tà Hừa,2025-12-31T20:00:00.000,0.0,0.0
-144,Tà Hừa,2025-12-31T21:00:00.000,0.0,0.0
-144,Tà Hừa,2025-12-31T22:00:00.000,0.0,0.0
-144,Tà Hừa,2025-12-31T23:00:00.000,0.0,0.0
-144,Tà Hừa,2026-01-01T00:00:00.000,0.0,0.0
-144,Tà Hừa,2026-01-01T01:00:00.000,0.0,0.0
-144,Tà Hừa,2026-01-01T02:00:00.000,0.0,0.0
-144,Tà Hừa,2026-01-01T03:00:00.000,0.0,0.0
-144,Tà Hừa,2026-01-01T04:00:00.000,0.0,0.0
-144,Tà Hừa,2026-01-01T05:00:00.000,0.0,0.0
-144,Tà Hừa,2026-01-01T06:00:00.000,0.0,0.0
-144,Tà Hừa,2026-01-01T07:00:00.000,0.0,0.0
-144,Tà Hừa,2026-01-01T08:00:00.000,0.0,0.0
-144,Tà Hừa,2026-01-01T09:00:00.000,0.0,0.0
-144,Tà Hừa,2026-01-01T10:00:00.000,0.0,0.0
-144,Tà Hừa,2026-01-01T11:00:00.000,0.0,0.0
-144,Tà Hừa,2026-01-01T12:00:00.000,0.0,0.0
-144,Tà Hừa,2026-01-01T13:00:00.000,0.0,0.0
-144,Tà Hừa,2026-01-01T14:00:00.000,0.0,0.0
-144,Tà Hừa,2026-01-01T15:00:00.000,0.0,0.0
-144,Tà Hừa,2026-01-01T16:00:00.000,0.0,0.0
-144,Tà Hừa,2026-01-01T17:00:00.000,0.0,0.0
-144,Tà Hừa,2026-01-01T18:00:00.000,0.0,0.0
-144,Tà Hừa,2026-01-01T19:00:00.000,0.0,0.0
-144,Tà Hừa,2026-01-01T20:00:00.000,0.0,0.0
-144,Tà Hừa,2026-01-01T21:00:00.000,0.0,0.0
-144,Tà Hừa,2026-01-01T22:00:00.000,0.0,0.0
-144,Tà Hừa,2026-01-01T23:00:00.000,0.0,0.0
-144,Tà Hừa,2026-01-02T00:00:00.000,0.0,0.0
-144,Tà Hừa,2026-01-02T01:00:00.000,0.0,0.0
-144,Tà Hừa,2026-01-02T02:00:00.000,0.0,0.0
-144,Tà Hừa,2026-01-02T03:00:00.000,0.0,0.0
-144,Tà Hừa,2026-01-02T04:00:00.000,0.0,0.0
-144,Tà Hừa,2026-01-02T05:00:00.000,0.0,0.0
-144,Tà Hừa,2026-01-02T06:00:00.000,0.0,0.0
-144,Tà Hừa,2026-01-02T07:00:00.000,0.0,0.0
-144,Tà Hừa,2026-01-02T08:00:00.000,0.0,0.0
-144,Tà Hừa,2026-01-02T09:00:00.000,0.0,0.0
-144,Tà Hừa,2026-01-02T10:00:00.000,0.0,0.0
-144,Tà Hừa,2026-01-02T11:00:00.000,0.0,0.0
-144,Tà Hừa,2026-01-02T12:00:00.000,0.0,0.0
-144,Tà Hừa,2026-01-02T13:00:00.000,0.0,0.0
-144,Tà Hừa,2026-01-02T14:00:00.000,0.0,0.0
-144,Tà Hừa,2026-01-02T15:00:00.000,0.0,0.0
-144,Tà Hừa,2026-01-02T16:00:00.000,0.0,0.0
-144,Tà Hừa,2026-01-02T17:00:00.000,0.0,0.0
-144,Tà Hừa,2026-01-02T18:00:00.000,0.0,0.0
-144,Tà Hừa,2026-01-02T19:00:00.000,0.0,0.0
-144,Tà Hừa,2026-01-02T20:00:00.000,0.0,0.0
-144,Tà Hừa,2026-01-02T21:00:00.000,0.0,0.0
-144,Tà Hừa,2026-01-02T22:00:00.000,0.0,0.0
-144,Tà Hừa,2026-01-02T23:00:00.000,0.0,0.0
-144,Tà Hừa,2026-01-03T00:00:00.000,0.0,0.0
-144,Tà Hừa,2026-01-03T01:00:00.000,0.0,0.0
-144,Tà Hừa,2026-01-03T02:00:00.000,0.0,0.0
-144,Tà Hừa,2026-01-03T03:00:00.000,0.0,0.0
-144,Tà Hừa,2026-01-03T04:00:00.000,0.0,0.0
-144,Tà Hừa,2026-01-03T05:00:00.000,0.0,0.0
-144,Tà Hừa,2026-01-03T06:00:00.000,0.0,0.0
-144,Tà Hừa,2026-01-03T07:00:00.000,0.0,0.0
-144,Tà Hừa,2026-01-03T08:00:00.000,0.0,0.0
-144,Tà Hừa,2026-01-03T09:00:00.000,0.0,0.0
-144,Tà Hừa,2026-01-03T10:00:00.000,0.0,0.0
-144,Tà Hừa,2026-01-03T11:00:00.000,0.0,0.0
-144,Tà Hừa,2026-01-03T12:00:00.000,0.0,0.0
-144,Tà Hừa,2026-01-03T13:00:00.000,0.0,0.0
-144,Tà Hừa,2026-01-03T14:00:00.000,0.0,0.0
-144,Tà Hừa,2026-01-03T15:00:00.000,0.0,0.0
-144,Tà Hừa,2026-01-03T16:00:00.000,0.0,0.0
-144,Tà Hừa,2026-01-03T17:00:00.000,0.0,0.0
-144,Tà Hừa,2026-01-03T18:00:00.000,0.0,0.0
-144,Tà Hừa,2026-01-03T19:00:00.000,0.0,0.0
-144,Tà Hừa,2026-01-03T20:00:00.000,0.0,0.0
-144,Tà Hừa,2026-01-03T21:00:00.000,0.0,0.0
-144,Tà Hừa,2026-01-03T22:00:00.000,0.0,0.0
-144,Tà Hừa,2026-01-03T23:00:00.000,0.0,0.0
-144,Tà Hừa,2026-01-04T00:00:00.000,4.599999904632568,4.599999904632568
-144,Tà Hừa,2026-01-04T01:00:00.000,0.20000000298023224,4.799999907612801
-144,Tà Hừa,2026-01-04T02:00:00.000,0.0,4.799999907612801
-144,Tà Hừa,2026-01-04T03:00:00.000,0.0,4.799999907612801
-144,Tà Hừa,2026-01-04T04:00:00.000,0.0,4.799999907612801
-144,Tà Hừa,2026-01-04T05:00:00.000,0.4000000059604645,5.199999913573265
-144,Tà Hừa,2026-01-04T06:00:00.000,0.0,5.199999913573265
-144,Tà Hừa,2026-01-04T07:00:00.000,0.0,5.199999913573265
-144,Tà Hừa,2026-01-04T08:00:00.000,0.0,5.199999913573265
-144,Tà Hừa,2026-01-04T09:00:00.000,0.0,5.199999913573265
-144,Tà Hừa,2026-01-04T10:00:00.000,0.0,5.199999913573265
-144,Tà Hừa,2026-01-04T11:00:00.000,0.20000000298023224,5.399999916553497
-144,Tà Hừa,2026-01-04T12:00:00.000,0.0,5.399999916553497
-144,Tà Hừa,2026-01-04T13:00:00.000,0.0,5.399999916553497
-144,Tà Hừa,2026-01-04T14:00:00.000,0.0,5.399999916553497
-144,Tà Hừa,2026-01-04T15:00:00.000,0.0,5.399999916553497
-144,Tà Hừa,2026-01-04T16:00:00.000,0.0,5.399999916553497
-144,Tà Hừa,2026-01-04T17:00:00.000,0.0,5.399999916553497
-144,Tà Hừa,2026-01-04T18:00:00.000,0.0,5.399999916553497
-144,Tà Hừa,2026-01-04T19:00:00.000,0.0,5.399999916553497
-144,Tà Hừa,2026-01-04T20:00:00.000,0.0,5.399999916553497
-144,Tà Hừa,2026-01-04T21:00:00.000,0.0,5.399999916553497
-144,Tà Hừa,2026-01-04T22:00:00.000,0.0,5.399999916553497
-144,Tà Hừa,2026-01-04T23:00:00.000,0.0,5.399999916553497
-144,Tà Hừa,2026-01-05T00:00:00.000,0.0,0.0
-144,Tà Hừa,2026-01-05T01:00:00.000,0.0,0.0
-144,Tà Hừa,2026-01-05T02:00:00.000,0.0,0.0
-144,Tà Hừa,2026-01-05T03:00:00.000,0.0,0.0
-144,Tà Hừa,2026-01-05T04:00:00.000,0.0,0.0
-144,Tà Hừa,2026-01-05T05:00:00.000,0.0,0.0
-144,Tà Hừa,2026-01-05T06:00:00.000,0.0,0.0
-144,Tà Hừa,2026-01-05T07:00:00.000,0.0,0.0
-144,Tà Hừa,2026-01-05T08:00:00.000,0.0,0.0
-144,Tà Hừa,2026-01-05T09:00:00.000,0.0,0.0
-144,Tà Hừa,2026-01-05T10:00:00.000,0.0,0.0
-144,Tà Hừa,2026-01-05T11:00:00.000,0.0,0.0
-144,Tà Hừa,2026-01-05T12:00:00.000,0.0,0.0
-144,Tà Hừa,2026-01-05T13:00:00.000,0.0,0.0
-144,Tà Hừa,2026-01-05T14:00:00.000,0.0,0.0
-144,Tà Hừa,2026-01-05T15:00:00.000,0.0,0.0
-144,Tà Hừa,2026-01-05T16:00:00.000,0.0,0.0
-144,Tà Hừa,2026-01-05T17:00:00.000,0.0,0.0
-144,Tà Hừa,2026-01-05T18:00:00.000,0.0,0.0
-144,Tà Hừa,2026-01-05T19:00:00.000,0.0,0.0
-144,Tà Hừa,2026-01-05T20:00:00.000,0.0,0.0
-144,Tà Hừa,2026-01-05T21:00:00.000,0.0,0.0
-144,Tà Hừa,2026-01-05T22:00:00.000,0.0,0.0
-144,Tà Hừa,2026-01-05T23:00:00.000,0.0,0.0
-144,Tà Hừa,2026-01-06T00:00:00.000,0.0,0.0
-144,Tà Hừa,2026-01-06T01:00:00.000,0.0,0.0
-144,Tà Hừa,2026-01-06T02:00:00.000,0.0,0.0
-144,Tà Hừa,2026-01-06T03:00:00.000,0.0,0.0
-144,Tà Hừa,2026-01-06T04:00:00.000,0.0,0.0
-144,Tà Hừa,2026-01-06T05:00:00.000,0.0,0.0
-144,Tà Hừa,2026-01-06T06:00:00.000,0.0,0.0
-144,Tà Hừa,2026-01-06T07:00:00.000,0.0,0.0
-144,Tà Hừa,2026-01-06T08:00:00.000,0.0,0.0
-144,Tà Hừa,2026-01-06T09:00:00.000,0.0,0.0
-144,Tà Hừa,2026-01-06T10:00:00.000,0.0,0.0
-144,Tà Hừa,2026-01-06T11:00:00.000,0.0,0.0
-144,Tà Hừa,2026-01-06T12:00:00.000,0.0,0.0
-144,Tà Hừa,2026-01-06T13:00:00.000,0.0,0.0
-144,Tà Hừa,2026-01-06T14:00:00.000,,0.0
-144,Tà Hừa,2026-01-06T15:00:00.000,,0.0
-144,Tà Hừa,2026-01-06T16:00:00.000,,0.0
-144,Tà Hừa,2026-01-06T17:00:00.000,,0.0
-144,Tà Hừa,2026-01-06T18:00:00.000,0.0,0.0
-144,Tà Hừa,2026-01-06T19:00:00.000,0.0,0.0
-144,Tà Hừa,2026-01-06T20:00:00.000,0.0,0.0
-144,Tà Hừa,2026-01-06T21:00:00.000,0.0,0.0
-144,Tà Hừa,2026-01-06T22:00:00.000,0.0,0.0
-144,Tà Hừa,2026-01-06T23:00:00.000,0.0,0.0
-144,Tà Hừa,2026-01-07T00:00:00.000,0.0,0.0
-144,Tà Hừa,2026-01-07T01:00:00.000,0.0,0.0
-144,Tà Hừa,2026-01-07T02:00:00.000,0.0,0.0
-144,Tà Hừa,2026-01-07T03:00:00.000,0.0,0.0
-144,Tà Hừa,2026-01-07T04:00:00.000,0.0,0.0
-144,Tà Hừa,2026-01-07T05:00:00.000,0.0,0.0
-144,Tà Hừa,2026-01-07T06:00:00.000,0.0,0.0
-144,Tà Hừa,2026-01-07T07:00:00.000,0.0,0.0
-144,Tà Hừa,2026-01-07T08:00:00.000,0.0,0.0
-144,Tà Hừa,2026-01-07T09:00:00.000,0.0,0.0
-144,Tà Hừa,2026-01-07T10:00:00.000,0.0,0.0
-144,Tà Hừa,2026-01-07T11:00:00.000,0.0,0.0
-144,Tà Hừa,2026-01-07T12:00:00.000,0.0,0.0
-144,Tà Hừa,2026-01-07T13:00:00.000,0.0,0.0
-144,Tà Hừa,2026-01-07T14:00:00.000,0.0,0.0
-144,Tà Hừa,2026-01-07T15:00:00.000,0.0,0.0
-144,Tà Hừa,2026-01-07T16:00:00.000,0.0,0.0
-144,Tà Hừa,2026-01-07T17:00:00.000,0.0,0.0
-144,Tà Hừa,2026-01-07T18:00:00.000,0.0,0.0
-144,Tà Hừa,2026-01-07T19:00:00.000,0.0,0.0
-144,Tà Hừa,2026-01-07T20:00:00.000,0.0,0.0
-144,Tà Hừa,2026-01-07T21:00:00.000,0.0,0.0
-144,Tà Hừa,2026-01-07T22:00:00.000,0.0,0.0
-144,Tà Hừa,2026-01-07T23:00:00.000,0.0,0.0
-144,Tà Hừa,2026-01-08T00:00:00.000,0.0,0.0
-144,Tà Hừa,2026-01-08T01:00:00.000,0.0,0.0
-144,Tà Hừa,2026-01-08T02:00:00.000,0.0,0.0
-144,Tà Hừa,2026-01-08T03:00:00.000,0.0,0.0
-144,Tà Hừa,2026-01-08T04:00:00.000,0.0,0.0
-144,Tà Hừa,2026-01-08T05:00:00.000,0.0,0.0
-144,Tà Hừa,2026-01-08T06:00:00.000,0.0,0.0
-144,Tà Hừa,2026-01-08T07:00:00.000,0.0,0.0
-144,Tà Hừa,2026-01-08T08:00:00.000,0.0,0.0
-144,Tà Hừa,2026-01-08T09:00:00.000,0.0,0.0
-144,Tà Hừa,2026-01-08T10:00:00.000,0.0,0.0
-144,Tà Hừa,2026-01-08T11:00:00.000,0.0,0.0
-144,Tà Hừa,2026-01-08T12:00:00.000,0.0,0.0
-144,Tà Hừa,2026-01-08T13:00:00.000,0.0,0.0
-144,Tà Hừa,2026-01-08T14:00:00.000,0.0,0.0
-144,Tà Hừa,2026-01-08T15:00:00.000,0.0,0.0
-144,Tà Hừa,2026-01-08T16:00:00.000,0.0,0.0
-144,Tà Hừa,2026-01-08T17:00:00.000,0.0,0.0
-144,Tà Hừa,2026-01-08T18:00:00.000,0.0,0.0
-144,Tà Hừa,2026-01-08T19:00:00.000,0.0,0.0
-144,Tà Hừa,2026-01-08T20:00:00.000,0.0,0.0
-144,Tà Hừa,2026-01-08T21:00:00.000,0.0,0.0
-144,Tà Hừa,2026-01-08T22:00:00.000,0.0,0.0
-144,Tà Hừa,2026-01-08T23:00:00.000,0.0,0.0
-144,Tà Hừa,2026-01-09T00:00:00.000,0.0,0.0
-144,Tà Hừa,2026-01-09T01:00:00.000,0.0,0.0
-144,Tà Hừa,2026-01-09T02:00:00.000,0.0,0.0
-144,Tà Hừa,2026-01-09T03:00:00.000,0.0,0.0
-144,Tà Hừa,2026-01-09T04:00:00.000,0.0,0.0
-144,Tà Hừa,2026-01-09T05:00:00.000,0.0,0.0
-144,Tà Hừa,2026-01-09T06:00:00.000,0.0,0.0
-144,Tà Hừa,2026-01-09T07:00:00.000,0.0,0.0
-144,Tà Hừa,2026-01-09T08:00:00.000,0.0,0.0
-144,Tà Hừa,2026-01-09T09:00:00.000,0.0,0.0
-144,Tà Hừa,2026-01-09T10:00:00.000,0.0,0.0
-144,Tà Hừa,2026-01-09T11:00:00.000,0.0,0.0
-144,Tà Hừa,2026-01-09T12:00:00.000,0.0,0.0
-144,Tà Hừa,2026-01-09T13:00:00.000,0.0,0.0
-144,Tà Hừa,2026-01-09T14:00:00.000,0.0,0.0
-144,Tà Hừa,2026-01-09T15:00:00.000,0.0,0.0
-144,Tà Hừa,2026-01-09T16:00:00.000,0.0,0.0
-144,Tà Hừa,2026-01-09T17:00:00.000,0.0,0.0
-144,Tà Hừa,2026-01-09T18:00:00.000,0.0,0.0
-144,Tà Hừa,2026-01-09T19:00:00.000,0.0,0.0
-144,Tà Hừa,2026-01-09T20:00:00.000,0.0,0.0
-144,Tà Hừa,2026-01-09T21:00:00.000,0.0,0.0
-144,Tà Hừa,2026-01-09T22:00:00.000,0.0,0.0
-144,Tà Hừa,2026-01-09T23:00:00.000,0.0,0.0
-144,Tà Hừa,2026-01-10T00:00:00.000,0.0,0.0
-144,Tà Hừa,2026-01-10T01:00:00.000,0.0,0.0
-144,Tà Hừa,2026-01-10T02:00:00.000,0.0,0.0
-144,Tà Hừa,2026-01-10T03:00:00.000,0.0,0.0
-144,Tà Hừa,2026-01-10T04:00:00.000,0.0,0.0
-144,Tà Hừa,2026-01-10T05:00:00.000,0.0,0.0
-144,Tà Hừa,2026-01-10T06:00:00.000,0.0,0.0
-144,Tà Hừa,2026-01-10T07:00:00.000,0.0,0.0
-144,Tà Hừa,2026-01-10T08:00:00.000,0.0,0.0
-144,Tà Hừa,2026-01-10T09:00:00.000,0.0,0.0
-144,Tà Hừa,2026-01-10T10:00:00.000,0.0,0.0
-144,Tà Hừa,2026-01-10T11:00:00.000,0.0,0.0
-144,Tà Hừa,2026-01-10T12:00:00.000,,0.0
-144,Tà Hừa,2026-01-10T13:00:00.000,,0.0
-144,Tà Hừa,2026-01-10T14:00:00.000,0.0,0.0
-144,Tà Hừa,2026-01-10T15:00:00.000,0.0,0.0
-144,Tà Hừa,2026-01-10T16:00:00.000,0.0,0.0
-144,Tà Hừa,2026-01-10T17:00:00.000,0.0,0.0
-144,Tà Hừa,2026-01-10T18:00:00.000,0.0,0.0
-144,Tà Hừa,2026-01-10T19:00:00.000,0.0,0.0
-144,Tà Hừa,2026-01-10T20:00:00.000,0.0,0.0
-144,Tà Hừa,2026-01-10T21:00:00.000,0.0,0.0
-144,Tà Hừa,2026-01-10T22:00:00.000,0.0,0.0
-144,Tà Hừa,2026-01-10T23:00:00.000,0.0,0.0
-144,Tà Hừa,2026-01-11T00:00:00.000,0.0,0.0
-144,Tà Hừa,2026-01-11T01:00:00.000,0.0,0.0
-144,Tà Hừa,2026-01-11T02:00:00.000,0.0,0.0
-144,Tà Hừa,2026-01-11T03:00:00.000,0.0,0.0
-144,Tà Hừa,2026-01-11T04:00:00.000,0.0,0.0
-144,Tà Hừa,2026-01-11T05:00:00.000,0.0,0.0
-144,Tà Hừa,2026-01-11T06:00:00.000,0.0,0.0
-144,Tà Hừa,2026-01-11T07:00:00.000,0.0,0.0
-144,Tà Hừa,2026-01-11T08:00:00.000,0.0,0.0
-144,Tà Hừa,2026-01-11T09:00:00.000,0.0,0.0
-144,Tà Hừa,2026-01-11T10:00:00.000,0.0,0.0
-144,Tà Hừa,2026-01-11T11:00:00.000,0.0,0.0
-144,Tà Hừa,2026-01-11T12:00:00.000,0.0,0.0
-144,Tà Hừa,2026-01-11T13:00:00.000,0.0,0.0
-144,Tà Hừa,2026-01-11T14:00:00.000,0.0,0.0
-144,Tà Hừa,2026-01-11T15:00:00.000,0.0,0.0
-144,Tà Hừa,2026-01-11T16:00:00.000,0.0,0.0
-144,Tà Hừa,2026-01-11T17:00:00.000,0.0,0.0
-144,Tà Hừa,2026-01-11T18:00:00.000,0.0,0.0
-144,Tà Hừa,2026-01-11T19:00:00.000,0.0,0.0
-144,Tà Hừa,2026-01-11T20:00:00.000,0.0,0.0
-144,Tà Hừa,2026-01-11T21:00:00.000,0.0,0.0
-144,Tà Hừa,2026-01-11T22:00:00.000,0.0,0.0
-144,Tà Hừa,2026-01-11T23:00:00.000,0.0,0.0
-144,Tà Hừa,2026-01-12T00:00:00.000,0.0,0.0
-144,Tà Hừa,2026-01-12T01:00:00.000,0.0,0.0
-144,Tà Hừa,2026-01-12T02:00:00.000,0.0,0.0
-144,Tà Hừa,2026-01-12T03:00:00.000,0.0,0.0
-144,Tà Hừa,2026-01-12T04:00:00.000,0.0,0.0
-144,Tà Hừa,2026-01-12T05:00:00.000,0.0,0.0
-144,Tà Hừa,2026-01-12T06:00:00.000,0.0,0.0
-144,Tà Hừa,2026-01-12T07:00:00.000,0.0,0.0
-144,Tà Hừa,2026-01-12T08:00:00.000,0.0,0.0
-144,Tà Hừa,2026-01-12T09:00:00.000,0.0,0.0
-144,Tà Hừa,2026-01-12T10:00:00.000,0.0,0.0
-144,Tà Hừa,2026-01-12T11:00:00.000,0.0,0.0
-144,Tà Hừa,2026-01-12T12:00:00.000,0.0,0.0
-144,Tà Hừa,2026-01-12T13:00:00.000,0.0,0.0
-144,Tà Hừa,2026-01-12T14:00:00.000,0.0,0.0
-144,Tà Hừa,2026-01-12T15:00:00.000,0.0,0.0
-144,Tà Hừa,2026-01-12T16:00:00.000,0.0,0.0
-144,Tà Hừa,2026-01-12T17:00:00.000,0.0,0.0
-144,Tà Hừa,2026-01-12T18:00:00.000,0.0,0.0
-144,Tà Hừa,2026-01-12T19:00:00.000,0.0,0.0
-144,Tà Hừa,2026-01-12T20:00:00.000,0.0,0.0
-144,Tà Hừa,2026-01-12T21:00:00.000,0.0,0.0
-144,Tà Hừa,2026-01-12T22:00:00.000,0.0,0.0
-144,Tà Hừa,2026-01-12T23:00:00.000,0.0,0.0
-144,Tà Hừa,2026-01-13T00:00:00.000,0.0,0.0
-144,Tà Hừa,2026-01-13T01:00:00.000,0.0,0.0
-144,Tà Hừa,2026-01-13T02:00:00.000,0.0,0.0
-144,Tà Hừa,2026-01-13T03:00:00.000,0.0,0.0
-144,Tà Hừa,2026-01-13T04:00:00.000,0.0,0.0
-144,Tà Hừa,2026-01-13T05:00:00.000,0.0,0.0
-144,Tà Hừa,2026-01-13T06:00:00.000,0.0,0.0
-144,Tà Hừa,2026-01-13T07:00:00.000,0.0,0.0
-144,Tà Hừa,2026-01-13T08:00:00.000,0.0,0.0
-144,Tà Hừa,2026-01-13T09:00:00.000,0.0,0.0
-144,Tà Hừa,2026-01-13T10:00:00.000,0.0,0.0
-144,Tà Hừa,2026-01-13T11:00:00.000,0.0,0.0
-144,Tà Hừa,2026-01-13T12:00:00.000,0.0,0.0
-144,Tà Hừa,2026-01-13T13:00:00.000,0.0,0.0
-144,Tà Hừa,2026-01-13T14:00:00.000,0.0,0.0
-144,Tà Hừa,2026-01-13T15:00:00.000,0.0,0.0
-144,Tà Hừa,2026-01-13T16:00:00.000,0.0,0.0
-144,Tà Hừa,2026-01-13T17:00:00.000,0.0,0.0
-144,Tà Hừa,2026-01-13T18:00:00.000,0.0,0.0
-144,Tà Hừa,2026-01-13T19:00:00.000,0.0,0.0
-144,Tà Hừa,2026-01-13T20:00:00.000,0.0,0.0
-144,Tà Hừa,2026-01-13T21:00:00.000,0.0,0.0
-144,Tà Hừa,2026-01-13T22:00:00.000,0.0,0.0
-144,Tà Hừa,2026-01-13T23:00:00.000,0.0,0.0
-144,Tà Hừa,2026-01-14T00:00:00.000,0.0,0.0
-144,Tà Hừa,2026-01-14T01:00:00.000,0.0,0.0
-144,Tà Hừa,2026-01-14T02:00:00.000,0.0,0.0
-144,Tà Hừa,2026-01-14T03:00:00.000,0.0,0.0
-144,Tà Hừa,2026-01-14T04:00:00.000,0.0,0.0
-144,Tà Hừa,2026-01-14T05:00:00.000,0.0,0.0
-144,Tà Hừa,2026-01-14T06:00:00.000,0.0,0.0
-144,Tà Hừa,2026-01-14T07:00:00.000,0.0,0.0
-144,Tà Hừa,2026-01-14T08:00:00.000,0.0,0.0
-144,Tà Hừa,2026-01-14T09:00:00.000,0.0,0.0
-144,Tà Hừa,2026-01-14T10:00:00.000,0.0,0.0
-144,Tà Hừa,2026-01-14T11:00:00.000,0.0,0.0
-144,Tà Hừa,2026-01-14T12:00:00.000,0.0,0.0
-144,Tà Hừa,2026-01-14T13:00:00.000,0.0,0.0
-144,Tà Hừa,2026-01-14T14:00:00.000,0.0,0.0
-144,Tà Hừa,2026-01-14T15:00:00.000,0.0,0.0
-144,Tà Hừa,2026-01-14T16:00:00.000,0.0,0.0
-144,Tà Hừa,2026-01-14T17:00:00.000,0.0,0.0
-144,Tà Hừa,2026-01-14T18:00:00.000,0.0,0.0
-144,Tà Hừa,2026-01-14T19:00:00.000,0.0,0.0
-144,Tà Hừa,2026-01-14T20:00:00.000,0.0,0.0
-144,Tà Hừa,2026-01-14T21:00:00.000,0.0,0.0
-144,Tà Hừa,2026-01-14T22:00:00.000,0.0,0.0
-144,Tà Hừa,2026-01-14T23:00:00.000,0.0,0.0
-144,Tà Hừa,2026-01-15T00:00:00.000,0.0,0.0
-144,Tà Hừa,2026-01-15T01:00:00.000,0.0,0.0
-144,Tà Hừa,2026-01-15T02:00:00.000,0.0,0.0
-144,Tà Hừa,2026-01-15T03:00:00.000,0.0,0.0
-144,Tà Hừa,2026-01-15T04:00:00.000,0.0,0.0
-144,Tà Hừa,2026-01-15T05:00:00.000,0.0,0.0
-144,Tà Hừa,2026-01-15T06:00:00.000,0.0,0.0
-144,Tà Hừa,2026-01-15T07:00:00.000,0.0,0.0
-144,Tà Hừa,2026-01-15T08:00:00.000,0.0,0.0
-144,Tà Hừa,2026-01-15T09:00:00.000,0.0,0.0
-144,Tà Hừa,2026-01-15T10:00:00.000,0.0,0.0
-144,Tà Hừa,2026-01-15T11:00:00.000,0.0,0.0
-144,Tà Hừa,2026-01-15T12:00:00.000,0.0,0.0
-144,Tà Hừa,2026-01-15T13:00:00.000,0.0,0.0
-144,Tà Hừa,2026-01-15T14:00:00.000,0.0,0.0
-144,Tà Hừa,2026-01-15T15:00:00.000,0.0,0.0
-144,Tà Hừa,2026-01-15T16:00:00.000,0.0,0.0
-144,Tà Hừa,2026-01-15T17:00:00.000,0.0,0.0
-144,Tà Hừa,2026-01-15T18:00:00.000,0.0,0.0
-144,Tà Hừa,2026-01-15T19:00:00.000,0.0,0.0
-144,Tà Hừa,2026-01-15T20:00:00.000,0.0,0.0
-144,Tà Hừa,2026-01-15T21:00:00.000,0.0,0.0
-144,Tà Hừa,2026-01-15T22:00:00.000,0.0,0.0
-144,Tà Hừa,2026-01-15T23:00:00.000,0.0,0.0
-144,Tà Hừa,2026-01-16T00:00:00.000,0.0,0.0
-144,Tà Hừa,2026-01-16T01:00:00.000,0.0,0.0
-144,Tà Hừa,2026-01-16T02:00:00.000,0.0,0.0
-144,Tà Hừa,2026-01-16T03:00:00.000,0.0,0.0
-144,Tà Hừa,2026-01-16T04:00:00.000,0.0,0.0
-144,Tà Hừa,2026-01-16T05:00:00.000,0.0,0.0
-144,Tà Hừa,2026-01-16T06:00:00.000,0.0,0.0
-144,Tà Hừa,2026-01-16T07:00:00.000,0.0,0.0
-144,Tà Hừa,2026-01-16T08:00:00.000,0.0,0.0
-144,Tà Hừa,2026-01-16T09:00:00.000,0.0,0.0
-144,Tà Hừa,2026-01-16T10:00:00.000,0.0,0.0
-144,Tà Hừa,2026-01-16T11:00:00.000,0.0,0.0
-144,Tà Hừa,2026-01-16T12:00:00.000,0.0,0.0
-144,Tà Hừa,2026-01-16T13:00:00.000,0.0,0.0
-144,Tà Hừa,2026-01-16T14:00:00.000,0.0,0.0
-144,Tà Hừa,2026-01-16T15:00:00.000,0.0,0.0
-144,Tà Hừa,2026-01-16T16:00:00.000,0.0,0.0
-144,Tà Hừa,2026-01-16T17:00:00.000,0.0,0.0
-144,Tà Hừa,2026-01-16T18:00:00.000,0.0,0.0
-144,Tà Hừa,2026-01-16T19:00:00.000,0.0,0.0
-144,Tà Hừa,2026-01-16T20:00:00.000,0.20000000298023224,0.20000000298023224
-144,Tà Hừa,2026-01-16T21:00:00.000,0.0,0.20000000298023224
-144,Tà Hừa,2026-01-16T22:00:00.000,0.0,0.20000000298023224
-144,Tà Hừa,2026-01-16T23:00:00.000,0.0,0.20000000298023224
-144,Tà Hừa,2026-01-17T00:00:00.000,0.0,0.20000000298023224
-144,Tà Hừa,2026-01-17T01:00:00.000,0.0,0.20000000298023224
-144,Tà Hừa,2026-01-17T02:00:00.000,0.0,0.20000000298023224
-144,Tà Hừa,2026-01-17T03:00:00.000,0.0,0.20000000298023224
-144,Tà Hừa,2026-01-17T04:00:00.000,0.0,0.20000000298023224
-144,Tà Hừa,2026-01-17T05:00:00.000,0.0,0.20000000298023224
-144,Tà Hừa,2026-01-17T06:00:00.000,0.0,0.20000000298023224
-144,Tà Hừa,2026-01-17T07:00:00.000,0.0,0.20000000298023224
-144,Tà Hừa,2026-01-17T08:00:00.000,0.0,0.20000000298023224
-144,Tà Hừa,2026-01-17T09:00:00.000,0.0,0.20000000298023224
-144,Tà Hừa,2026-01-17T10:00:00.000,0.0,0.20000000298023224
-144,Tà Hừa,2026-01-17T11:00:00.000,0.0,0.20000000298023224
-144,Tà Hừa,2026-01-17T12:00:00.000,0.0,0.20000000298023224
-144,Tà Hừa,2026-01-17T13:00:00.000,0.0,0.20000000298023224
-144,Tà Hừa,2026-01-17T14:00:00.000,0.0,0.20000000298023224
-144,Tà Hừa,2026-01-17T15:00:00.000,0.0,0.20000000298023224
-144,Tà Hừa,2026-01-17T16:00:00.000,0.0,0.20000000298023224
-144,Tà Hừa,2026-01-17T17:00:00.000,0.0,0.20000000298023224
-144,Tà Hừa,2026-01-17T18:00:00.000,0.0,0.20000000298023224
-144,Tà Hừa,2026-01-17T19:00:00.000,0.0,0.20000000298023224
-144,Tà Hừa,2026-01-17T20:00:00.000,0.0,0.20000000298023224
-144,Tà Hừa,2026-01-17T21:00:00.000,0.0,0.20000000298023224
-144,Tà Hừa,2026-01-17T22:00:00.000,0.0,0.20000000298023224
-144,Tà Hừa,2026-01-17T23:00:00.000,0.0,0.20000000298023224
-144,Tà Hừa,2026-01-18T00:00:00.000,0.0,0.0
-144,Tà Hừa,2026-01-18T01:00:00.000,0.0,0.0
-144,Tà Hừa,2026-01-18T02:00:00.000,0.0,0.0
-144,Tà Hừa,2026-01-18T03:00:00.000,0.0,0.0
-144,Tà Hừa,2026-01-18T04:00:00.000,0.0,0.0
-144,Tà Hừa,2026-01-18T05:00:00.000,0.0,0.0
-144,Tà Hừa,2026-01-18T06:00:00.000,0.0,0.0
-144,Tà Hừa,2026-01-18T07:00:00.000,0.0,0.0
-144,Tà Hừa,2026-01-18T08:00:00.000,0.0,0.0
-144,Tà Hừa,2026-01-18T09:00:00.000,0.0,0.0
-144,Tà Hừa,2026-01-18T10:00:00.000,0.0,0.0
-144,Tà Hừa,2026-01-18T11:00:00.000,0.0,0.0
-144,Tà Hừa,2026-01-18T12:00:00.000,0.0,0.0
-144,Tà Hừa,2026-01-18T13:00:00.000,0.0,0.0
-144,Tà Hừa,2026-01-18T14:00:00.000,0.0,0.0
-144,Tà Hừa,2026-01-18T15:00:00.000,0.0,0.0
-144,Tà Hừa,2026-01-18T16:00:00.000,0.0,0.0
-144,Tà Hừa,2026-01-18T17:00:00.000,0.0,0.0
-144,Tà Hừa,2026-01-18T18:00:00.000,0.0,0.0
-144,Tà Hừa,2026-01-18T19:00:00.000,0.0,0.0
-144,Tà Hừa,2026-01-18T20:00:00.000,0.0,0.0
-144,Tà Hừa,2026-01-18T21:00:00.000,0.0,0.0
-144,Tà Hừa,2026-01-18T22:00:00.000,0.0,0.0
-144,Tà Hừa,2026-01-18T23:00:00.000,0.0,0.0
-144,Tà Hừa,2026-01-19T00:00:00.000,0.0,0.0
-144,Tà Hừa,2026-01-19T01:00:00.000,0.0,0.0
-144,Tà Hừa,2026-01-19T02:00:00.000,0.0,0.0
-144,Tà Hừa,2026-01-19T03:00:00.000,0.0,0.0
-144,Tà Hừa,2026-01-19T04:00:00.000,0.0,0.0
-144,Tà Hừa,2026-01-19T05:00:00.000,0.0,0.0
-144,Tà Hừa,2026-01-19T06:00:00.000,0.0,0.0
-144,Tà Hừa,2026-01-19T07:00:00.000,0.0,0.0
-144,Tà Hừa,2026-01-19T08:00:00.000,0.0,0.0
-144,Tà Hừa,2026-01-19T09:00:00.000,0.0,0.0
-144,Tà Hừa,2026-01-19T10:00:00.000,0.0,0.0
-144,Tà Hừa,2026-01-19T11:00:00.000,0.0,0.0
-144,Tà Hừa,2026-01-19T12:00:00.000,0.0,0.0
-144,Tà Hừa,2026-01-19T13:00:00.000,0.0,0.0
-144,Tà Hừa,2026-01-19T14:00:00.000,0.0,0.0
-144,Tà Hừa,2026-01-19T15:00:00.000,0.0,0.0
-144,Tà Hừa,2026-01-19T16:00:00.000,0.0,0.0
-144,Tà Hừa,2026-01-19T17:00:00.000,0.0,0.0
-144,Tà Hừa,2026-01-19T18:00:00.000,0.0,0.0
-144,Tà Hừa,2026-01-19T19:00:00.000,0.0,0.0
-144,Tà Hừa,2026-01-19T20:00:00.000,0.0,0.0
-144,Tà Hừa,2026-01-19T21:00:00.000,0.0,0.0
-144,Tà Hừa,2026-01-19T22:00:00.000,0.0,0.0
-144,Tà Hừa,2026-01-19T23:00:00.000,0.0,0.0
-144,Tà Hừa,2026-01-20T00:00:00.000,0.0,0.0
-144,Tà Hừa,2026-01-20T01:00:00.000,0.0,0.0
-144,Tà Hừa,2026-01-20T02:00:00.000,0.0,0.0
-144,Tà Hừa,2026-01-20T03:00:00.000,0.0,0.0
-144,Tà Hừa,2026-01-20T04:00:00.000,0.0,0.0
-144,Tà Hừa,2026-01-20T05:00:00.000,0.0,0.0
-144,Tà Hừa,2026-01-20T06:00:00.000,0.0,0.0
-144,Tà Hừa,2026-01-20T07:00:00.000,0.0,0.0
-144,Tà Hừa,2026-01-20T08:00:00.000,0.0,0.0
-144,Tà Hừa,2026-01-20T09:00:00.000,0.0,0.0
-144,Tà Hừa,2026-01-20T10:00:00.000,0.0,0.0
-144,Tà Hừa,2026-01-20T11:00:00.000,0.0,0.0
-144,Tà Hừa,2026-01-20T12:00:00.000,0.0,0.0
-144,Tà Hừa,2026-01-20T13:00:00.000,0.0,0.0
-144,Tà Hừa,2026-01-20T14:00:00.000,0.0,0.0
-144,Tà Hừa,2026-01-20T15:00:00.000,0.0,0.0
-144,Tà Hừa,2026-01-20T16:00:00.000,0.0,0.0
-144,Tà Hừa,2026-01-20T17:00:00.000,0.0,0.0
-144,Tà Hừa,2026-01-20T18:00:00.000,0.0,0.0
-144,Tà Hừa,2026-01-20T19:00:00.000,0.0,0.0
-144,Tà Hừa,2026-01-20T20:00:00.000,0.0,0.0
-144,Tà Hừa,2026-01-20T21:00:00.000,0.0,0.0
-144,Tà Hừa,2026-01-20T22:00:00.000,0.0,0.0
-144,Tà Hừa,2026-01-20T23:00:00.000,0.0,0.0
-144,Tà Hừa,2026-01-21T00:00:00.000,0.0,0.0
-144,Tà Hừa,2026-01-21T01:00:00.000,0.0,0.0
-144,Tà Hừa,2026-01-21T02:00:00.000,0.0,0.0
-144,Tà Hừa,2026-01-21T03:00:00.000,0.0,0.0
-144,Tà Hừa,2026-01-21T04:00:00.000,0.0,0.0
-144,Tà Hừa,2026-01-21T05:00:00.000,0.0,0.0
-144,Tà Hừa,2026-01-21T06:00:00.000,0.0,0.0
-144,Tà Hừa,2026-01-21T07:00:00.000,0.0,0.0
-144,Tà Hừa,2026-01-21T08:00:00.000,0.0,0.0
-144,Tà Hừa,2026-01-21T09:00:00.000,0.0,0.0
-144,Tà Hừa,2026-01-21T10:00:00.000,0.0,0.0
-144,Tà Hừa,2026-01-21T11:00:00.000,0.0,0.0
-144,Tà Hừa,2026-01-21T12:00:00.000,0.0,0.0
-144,Tà Hừa,2026-01-21T13:00:00.000,0.0,0.0
-144,Tà Hừa,2026-01-21T14:00:00.000,0.0,0.0
-144,Tà Hừa,2026-01-21T15:00:00.000,0.0,0.0
-144,Tà Hừa,2026-01-21T16:00:00.000,0.0,0.0
-144,Tà Hừa,2026-01-21T17:00:00.000,0.0,0.0
-144,Tà Hừa,2026-01-21T18:00:00.000,0.0,0.0
-144,Tà Hừa,2026-01-21T19:00:00.000,0.0,0.0
-144,Tà Hừa,2026-01-21T20:00:00.000,0.0,0.0
-144,Tà Hừa,2026-01-21T21:00:00.000,0.0,0.0
-144,Tà Hừa,2026-01-21T22:00:00.000,0.0,0.0
-144,Tà Hừa,2026-01-21T23:00:00.000,0.0,0.0
-144,Tà Hừa,2026-01-22T00:00:00.000,0.0,0.0
-144,Tà Hừa,2026-01-22T01:00:00.000,0.0,0.0
-144,Tà Hừa,2026-01-22T02:00:00.000,0.0,0.0
-144,Tà Hừa,2026-01-22T03:00:00.000,0.0,0.0
-144,Tà Hừa,2026-01-22T04:00:00.000,0.0,0.0
-144,Tà Hừa,2026-01-22T05:00:00.000,0.0,0.0
-144,Tà Hừa,2026-01-22T06:00:00.000,0.0,0.0
-144,Tà Hừa,2026-01-22T07:00:00.000,0.0,0.0
-144,Tà Hừa,2026-01-22T08:00:00.000,0.0,0.0
-144,Tà Hừa,2026-01-22T09:00:00.000,0.0,0.0
-144,Tà Hừa,2026-01-22T10:00:00.000,0.0,0.0
-144,Tà Hừa,2026-01-22T11:00:00.000,0.0,0.0
-144,Tà Hừa,2026-01-22T12:00:00.000,0.0,0.0
-144,Tà Hừa,2026-01-22T13:00:00.000,0.0,0.0
-144,Tà Hừa,2026-01-22T14:00:00.000,0.0,0.0
-144,Tà Hừa,2026-01-22T15:00:00.000,0.0,0.0
-144,Tà Hừa,2026-01-22T16:00:00.000,0.0,0.0
-144,Tà Hừa,2026-01-22T17:00:00.000,0.0,0.0
-144,Tà Hừa,2026-01-22T18:00:00.000,0.0,0.0
-144,Tà Hừa,2026-01-22T19:00:00.000,0.0,0.0
-144,Tà Hừa,2026-01-22T20:00:00.000,0.0,0.0
-144,Tà Hừa,2026-01-22T21:00:00.000,0.0,0.0
-144,Tà Hừa,2026-01-22T22:00:00.000,0.0,0.0
-144,Tà Hừa,2026-01-22T23:00:00.000,0.0,0.0
-144,Tà Hừa,2026-01-23T00:00:00.000,0.0,0.0
-144,Tà Hừa,2026-01-23T01:00:00.000,0.0,0.0
-144,Tà Hừa,2026-01-23T02:00:00.000,0.0,0.0
-144,Tà Hừa,2026-01-23T03:00:00.000,0.0,0.0
-144,Tà Hừa,2026-01-23T04:00:00.000,0.0,0.0
-144,Tà Hừa,2026-01-23T05:00:00.000,0.0,0.0
-144,Tà Hừa,2026-01-23T06:00:00.000,0.0,0.0
-144,Tà Hừa,2026-01-23T07:00:00.000,0.0,0.0
-144,Tà Hừa,2026-01-23T08:00:00.000,0.0,0.0
-144,Tà Hừa,2026-01-23T09:00:00.000,0.0,0.0
-144,Tà Hừa,2026-01-23T10:00:00.000,0.0,0.0
-144,Tà Hừa,2026-01-23T11:00:00.000,0.0,0.0
-144,Tà Hừa,2026-01-23T12:00:00.000,0.0,0.0
-144,Tà Hừa,2026-01-23T13:00:00.000,0.0,0.0
-144,Tà Hừa,2026-01-23T14:00:00.000,0.0,0.0
-144,Tà Hừa,2026-01-23T15:00:00.000,0.0,0.0
-144,Tà Hừa,2026-01-23T16:00:00.000,0.0,0.0
-144,Tà Hừa,2026-01-23T17:00:00.000,0.0,0.0
-144,Tà Hừa,2026-01-23T18:00:00.000,0.0,0.0
-144,Tà Hừa,2026-01-23T19:00:00.000,0.0,0.0
-144,Tà Hừa,2026-01-23T20:00:00.000,0.0,0.0
-144,Tà Hừa,2026-01-23T21:00:00.000,0.0,0.0
-144,Tà Hừa,2026-01-23T22:00:00.000,0.0,0.0
-144,Tà Hừa,2026-01-23T23:00:00.000,0.0,0.0
-144,Tà Hừa,2026-01-24T00:00:00.000,0.0,0.0
-144,Tà Hừa,2026-01-24T01:00:00.000,0.0,0.0
-144,Tà Hừa,2026-01-24T02:00:00.000,0.0,0.0
-144,Tà Hừa,2026-01-24T03:00:00.000,0.0,0.0
-144,Tà Hừa,2026-01-24T04:00:00.000,0.0,0.0
-144,Tà Hừa,2026-01-24T05:00:00.000,0.0,0.0
-144,Tà Hừa,2026-01-24T06:00:00.000,0.0,0.0
-144,Tà Hừa,2026-01-24T07:00:00.000,0.0,0.0
-144,Tà Hừa,2026-01-24T08:00:00.000,0.0,0.0
-144,Tà Hừa,2026-01-24T09:00:00.000,0.0,0.0
-144,Tà Hừa,2026-01-24T10:00:00.000,0.0,0.0
-144,Tà Hừa,2026-01-24T11:00:00.000,0.0,0.0
-144,Tà Hừa,2026-01-24T12:00:00.000,0.0,0.0
-144,Tà Hừa,2026-01-24T13:00:00.000,0.0,0.0
-144,Tà Hừa,2026-01-24T14:00:00.000,0.0,0.0
-144,Tà Hừa,2026-01-24T15:00:00.000,0.0,0.0
-144,Tà Hừa,2026-01-24T16:00:00.000,0.0,0.0
-144,Tà Hừa,2026-01-24T17:00:00.000,0.0,0.0
-144,Tà Hừa,2026-01-24T18:00:00.000,0.0,0.0
-144,Tà Hừa,2026-01-24T19:00:00.000,0.0,0.0
-144,Tà Hừa,2026-01-24T20:00:00.000,0.0,0.0
-144,Tà Hừa,2026-01-24T21:00:00.000,0.0,0.0
-144,Tà Hừa,2026-01-24T22:00:00.000,0.0,0.0
-144,Tà Hừa,2026-01-24T23:00:00.000,0.0,0.0
-144,Tà Hừa,2026-01-25T00:00:00.000,0.0,0.0
-144,Tà Hừa,2026-01-25T01:00:00.000,0.0,0.0
-144,Tà Hừa,2026-01-25T02:00:00.000,0.0,0.0
-144,Tà Hừa,2026-01-25T03:00:00.000,0.0,0.0
-144,Tà Hừa,2026-01-25T04:00:00.000,0.0,0.0
-144,Tà Hừa,2026-01-25T05:00:00.000,0.0,0.0
-144,Tà Hừa,2026-01-25T06:00:00.000,0.0,0.0
-144,Tà Hừa,2026-01-25T07:00:00.000,0.0,0.0
-144,Tà Hừa,2026-01-25T08:00:00.000,0.0,0.0
-144,Tà Hừa,2026-01-25T09:00:00.000,0.0,0.0
-144,Tà Hừa,2026-01-25T10:00:00.000,0.0,0.0
-144,Tà Hừa,2026-01-25T11:00:00.000,0.0,0.0
-144,Tà Hừa,2026-01-25T12:00:00.000,0.0,0.0
-144,Tà Hừa,2026-01-25T13:00:00.000,0.0,0.0
-144,Tà Hừa,2026-01-25T14:00:00.000,0.0,0.0
-144,Tà Hừa,2026-01-25T15:00:00.000,0.0,0.0
-144,Tà Hừa,2026-01-25T16:00:00.000,0.0,0.0
-144,Tà Hừa,2026-01-25T17:00:00.000,0.0,0.0
-144,Tà Hừa,2026-01-25T18:00:00.000,0.0,0.0
-144,Tà Hừa,2026-01-25T19:00:00.000,0.0,0.0
-144,Tà Hừa,2026-01-25T20:00:00.000,0.0,0.0
-144,Tà Hừa,2026-01-25T21:00:00.000,0.0,0.0
-144,Tà Hừa,2026-01-25T22:00:00.000,0.0,0.0
-144,Tà Hừa,2026-01-25T23:00:00.000,0.0,0.0
-144,Tà Hừa,2026-01-26T00:00:00.000,0.0,0.0
-144,Tà Hừa,2026-01-26T01:00:00.000,0.0,0.0
-144,Tà Hừa,2026-01-26T02:00:00.000,0.0,0.0
-144,Tà Hừa,2026-01-26T03:00:00.000,0.0,0.0
-144,Tà Hừa,2026-01-26T04:00:00.000,0.0,0.0
-144,Tà Hừa,2026-01-26T05:00:00.000,0.0,0.0
-144,Tà Hừa,2026-01-26T06:00:00.000,0.0,0.0
-144,Tà Hừa,2026-01-26T07:00:00.000,0.0,0.0
-144,Tà Hừa,2026-01-26T08:00:00.000,0.0,0.0
-144,Tà Hừa,2026-01-26T09:00:00.000,0.0,0.0
-144,Tà Hừa,2026-01-26T10:00:00.000,0.0,0.0
-144,Tà Hừa,2026-01-26T11:00:00.000,0.0,0.0
-144,Tà Hừa,2026-01-26T12:00:00.000,0.0,0.0
-144,Tà Hừa,2026-01-26T13:00:00.000,0.0,0.0
-144,Tà Hừa,2026-01-26T14:00:00.000,0.0,0.0
-144,Tà Hừa,2026-01-26T15:00:00.000,0.0,0.0
-144,Tà Hừa,2026-01-26T16:00:00.000,0.0,0.0
-144,Tà Hừa,2026-01-26T17:00:00.000,0.0,0.0
-144,Tà Hừa,2026-01-26T18:00:00.000,0.0,0.0
-144,Tà Hừa,2026-01-26T19:00:00.000,0.0,0.0
-144,Tà Hừa,2026-01-26T20:00:00.000,0.0,0.0
-144,Tà Hừa,2026-01-26T21:00:00.000,0.0,0.0
-144,Tà Hừa,2026-01-26T22:00:00.000,0.0,0.0
-144,Tà Hừa,2026-01-26T23:00:00.000,0.0,0.0
-144,Tà Hừa,2026-01-27T00:00:00.000,0.0,0.0
-144,Tà Hừa,2026-01-27T01:00:00.000,0.0,0.0
-144,Tà Hừa,2026-01-27T02:00:00.000,0.0,0.0
-144,Tà Hừa,2026-01-27T03:00:00.000,0.0,0.0
-144,Tà Hừa,2026-01-27T04:00:00.000,0.0,0.0
-144,Tà Hừa,2026-01-27T05:00:00.000,0.0,0.0
-144,Tà Hừa,2026-01-27T06:00:00.000,0.0,0.0
-144,Tà Hừa,2026-01-27T07:00:00.000,0.0,0.0
-144,Tà Hừa,2026-01-27T08:00:00.000,0.0,0.0
-144,Tà Hừa,2026-01-27T09:00:00.000,0.0,0.0
-144,Tà Hừa,2026-01-27T10:00:00.000,0.0,0.0
-144,Tà Hừa,2026-01-27T11:00:00.000,0.0,0.0
-144,Tà Hừa,2026-01-27T12:00:00.000,0.0,0.0
-144,Tà Hừa,2026-01-27T13:00:00.000,0.0,0.0
-144,Tà Hừa,2026-01-27T14:00:00.000,0.0,0.0
-144,Tà Hừa,2026-01-27T15:00:00.000,0.0,0.0
-144,Tà Hừa,2026-01-27T16:00:00.000,0.0,0.0
-144,Tà Hừa,2026-01-27T17:00:00.000,0.0,0.0
-144,Tà Hừa,2026-01-27T18:00:00.000,0.0,0.0
-144,Tà Hừa,2026-01-27T19:00:00.000,0.0,0.0
-144,Tà Hừa,2026-01-27T20:00:00.000,0.0,0.0
-144,Tà Hừa,2026-01-27T21:00:00.000,0.0,0.0
-144,Tà Hừa,2026-01-27T22:00:00.000,0.0,0.0
-144,Tà Hừa,2026-01-27T23:00:00.000,0.0,0.0
-144,Tà Hừa,2026-01-28T00:00:00.000,0.0,0.0
-144,Tà Hừa,2026-01-28T01:00:00.000,0.0,0.0
-144,Tà Hừa,2026-01-28T02:00:00.000,0.0,0.0
-144,Tà Hừa,2026-01-28T03:00:00.000,0.0,0.0
-144,Tà Hừa,2026-01-28T04:00:00.000,0.0,0.0
-144,Tà Hừa,2026-01-28T05:00:00.000,0.0,0.0
-144,Tà Hừa,2026-01-28T06:00:00.000,0.0,0.0
-144,Tà Hừa,2026-01-28T07:00:00.000,0.0,0.0
-144,Tà Hừa,2026-01-28T08:00:00.000,0.0,0.0
-144,Tà Hừa,2026-01-28T09:00:00.000,0.0,0.0
-144,Tà Hừa,2026-01-28T10:00:00.000,0.0,0.0
-144,Tà Hừa,2026-01-28T11:00:00.000,0.0,0.0
-144,Tà Hừa,2026-01-28T12:00:00.000,0.0,0.0
-144,Tà Hừa,2026-01-28T13:00:00.000,0.0,0.0
-144,Tà Hừa,2026-01-28T14:00:00.000,0.0,0.0
-144,Tà Hừa,2026-01-28T15:00:00.000,0.0,0.0
-144,Tà Hừa,2026-01-28T16:00:00.000,0.0,0.0
-144,Tà Hừa,2026-01-28T17:00:00.000,0.0,0.0
-144,Tà Hừa,2026-01-28T18:00:00.000,0.0,0.0
-144,Tà Hừa,2026-01-28T19:00:00.000,0.0,0.0
-144,Tà Hừa,2026-01-28T20:00:00.000,0.0,0.0
-144,Tà Hừa,2026-01-28T21:00:00.000,0.0,0.0
-144,Tà Hừa,2026-01-28T22:00:00.000,0.0,0.0
-144,Tà Hừa,2026-01-28T23:00:00.000,0.0,0.0
-144,Tà Hừa,2026-01-29T00:00:00.000,0.0,0.0
-144,Tà Hừa,2026-01-29T01:00:00.000,0.0,0.0
-144,Tà Hừa,2026-01-29T02:00:00.000,0.0,0.0
-144,Tà Hừa,2026-01-29T03:00:00.000,0.0,0.0
-144,Tà Hừa,2026-01-29T04:00:00.000,0.0,0.0
-144,Tà Hừa,2026-01-29T05:00:00.000,0.0,0.0
-144,Tà Hừa,2026-01-29T06:00:00.000,0.0,0.0
-144,Tà Hừa,2026-01-29T07:00:00.000,0.0,0.0
-144,Tà Hừa,2026-01-29T08:00:00.000,0.0,0.0
-144,Tà Hừa,2026-01-29T09:00:00.000,0.0,0.0
-144,Tà Hừa,2026-01-29T10:00:00.000,0.0,0.0
-144,Tà Hừa,2026-01-29T11:00:00.000,0.0,0.0
-144,Tà Hừa,2026-01-29T12:00:00.000,0.0,0.0
-144,Tà Hừa,2026-01-29T13:00:00.000,0.0,0.0
-144,Tà Hừa,2026-01-29T14:00:00.000,0.0,0.0
-144,Tà Hừa,2026-01-29T15:00:00.000,0.0,0.0
-144,Tà Hừa,2026-01-29T16:00:00.000,0.0,0.0
-144,Tà Hừa,2026-01-29T17:00:00.000,0.0,0.0
-144,Tà Hừa,2026-01-29T18:00:00.000,0.0,0.0
-144,Tà Hừa,2026-01-29T19:00:00.000,0.0,0.0
-144,Tà Hừa,2026-01-29T20:00:00.000,0.0,0.0
-144,Tà Hừa,2026-01-29T21:00:00.000,0.0,0.0
-144,Tà Hừa,2026-01-29T22:00:00.000,0.0,0.0
-144,Tà Hừa,2026-01-29T23:00:00.000,0.0,0.0
-144,Tà Hừa,2026-01-30T00:00:00.000,0.0,0.0
-144,Tà Hừa,2026-01-30T01:00:00.000,0.0,0.0
-144,Tà Hừa,2026-01-30T02:00:00.000,0.0,0.0
-144,Tà Hừa,2026-01-30T03:00:00.000,0.0,0.0
-144,Tà Hừa,2026-01-30T04:00:00.000,0.0,0.0
-144,Tà Hừa,2026-01-30T05:00:00.000,0.0,0.0
-144,Tà Hừa,2026-01-30T06:00:00.000,0.0,0.0
-144,Tà Hừa,2026-01-30T07:00:00.000,0.0,0.0
-144,Tà Hừa,2026-01-30T08:00:00.000,0.0,0.0
-144,Tà Hừa,2026-01-30T09:00:00.000,0.0,0.0
-144,Tà Hừa,2026-01-30T10:00:00.000,0.0,0.0
-144,Tà Hừa,2026-01-30T11:00:00.000,0.0,0.0
-144,Tà Hừa,2026-01-30T12:00:00.000,0.0,0.0
-144,Tà Hừa,2026-01-30T13:00:00.000,0.0,0.0
-144,Tà Hừa,2026-01-30T14:00:00.000,0.0,0.0
-144,Tà Hừa,2026-01-30T15:00:00.000,0.0,0.0
-144,Tà Hừa,2026-01-30T16:00:00.000,0.0,0.0
-144,Tà Hừa,2026-01-30T17:00:00.000,0.0,0.0
-144,Tà Hừa,2026-01-30T18:00:00.000,0.0,0.0
-144,Tà Hừa,2026-01-30T19:00:00.000,0.0,0.0
-144,Tà Hừa,2026-01-30T20:00:00.000,0.0,0.0
-144,Tà Hừa,2026-01-30T21:00:00.000,0.0,0.0
-144,Tà Hừa,2026-01-30T22:00:00.000,0.0,0.0
-144,Tà Hừa,2026-01-30T23:00:00.000,0.0,0.0
-144,Tà Hừa,2026-01-31T00:00:00.000,0.0,0.0
-144,Tà Hừa,2026-01-31T01:00:00.000,0.0,0.0
-144,Tà Hừa,2026-01-31T02:00:00.000,0.0,0.0
-144,Tà Hừa,2026-01-31T03:00:00.000,0.0,0.0
-144,Tà Hừa,2026-01-31T04:00:00.000,0.0,0.0
-144,Tà Hừa,2026-01-31T05:00:00.000,0.0,0.0
-144,Tà Hừa,2026-01-31T06:00:00.000,0.0,0.0
-144,Tà Hừa,2026-01-31T07:00:00.000,0.0,0.0
-144,Tà Hừa,2026-01-31T08:00:00.000,0.0,0.0
-144,Tà Hừa,2026-01-31T09:00:00.000,0.0,0.0
-144,Tà Hừa,2026-01-31T10:00:00.000,0.0,0.0
-144,Tà Hừa,2026-01-31T11:00:00.000,0.0,0.0
-144,Tà Hừa,2026-01-31T12:00:00.000,0.0,0.0
-144,Tà Hừa,2026-01-31T13:00:00.000,0.0,0.0
-144,Tà Hừa,2026-01-31T14:00:00.000,0.0,0.0
-144,Tà Hừa,2026-01-31T15:00:00.000,0.0,0.0
-144,Tà Hừa,2026-01-31T16:00:00.000,0.0,0.0
-144,Tà Hừa,2026-01-31T17:00:00.000,0.0,0.0
-144,Tà Hừa,2026-01-31T18:00:00.000,0.0,0.0
-144,Tà Hừa,2026-01-31T19:00:00.000,0.0,0.0
-144,Tà Hừa,2026-01-31T20:00:00.000,0.0,0.0
-144,Tà Hừa,2026-01-31T21:00:00.000,0.0,0.0
-144,Tà Hừa,2026-01-31T22:00:00.000,0.0,0.0
-144,Tà Hừa,2026-01-31T23:00:00.000,0.0,0.0
-144,Tà Hừa,2026-02-01T00:00:00.000,0.0,0.0
-144,Tà Hừa,2026-02-01T01:00:00.000,0.0,0.0
-144,Tà Hừa,2026-02-01T02:00:00.000,0.0,0.0
-144,Tà Hừa,2026-02-01T03:00:00.000,0.0,0.0
-144,Tà Hừa,2026-02-01T04:00:00.000,0.0,0.0
-144,Tà Hừa,2026-02-01T05:00:00.000,0.0,0.0
-144,Tà Hừa,2026-02-01T06:00:00.000,0.0,0.0
-144,Tà Hừa,2026-02-01T07:00:00.000,0.0,0.0
-144,Tà Hừa,2026-02-01T08:00:00.000,0.0,0.0
-144,Tà Hừa,2026-02-01T09:00:00.000,0.0,0.0
-144,Tà Hừa,2026-02-01T10:00:00.000,0.0,0.0
-144,Tà Hừa,2026-02-01T11:00:00.000,0.0,0.0
-144,Tà Hừa,2026-02-01T12:00:00.000,0.0,0.0
-144,Tà Hừa,2026-02-01T13:00:00.000,0.0,0.0
-144,Tà Hừa,2026-02-01T14:00:00.000,0.0,0.0
-144,Tà Hừa,2026-02-01T15:00:00.000,0.0,0.0
-144,Tà Hừa,2026-02-01T16:00:00.000,0.0,0.0
-144,Tà Hừa,2026-02-01T17:00:00.000,0.0,0.0
-144,Tà Hừa,2026-02-01T18:00:00.000,0.0,0.0
-144,Tà Hừa,2026-02-01T19:00:00.000,0.0,0.0
-144,Tà Hừa,2026-02-01T20:00:00.000,0.0,0.0
-144,Tà Hừa,2026-02-01T21:00:00.000,0.0,0.0
-144,Tà Hừa,2026-02-01T22:00:00.000,0.0,0.0
-144,Tà Hừa,2026-02-01T23:00:00.000,0.0,0.0
-144,Tà Hừa,2026-02-02T00:00:00.000,0.0,0.0
-144,Tà Hừa,2026-02-02T01:00:00.000,0.0,0.0
-144,Tà Hừa,2026-02-02T02:00:00.000,0.0,0.0
-144,Tà Hừa,2026-02-02T03:00:00.000,0.0,0.0
-144,Tà Hừa,2026-02-02T04:00:00.000,0.0,0.0
-144,Tà Hừa,2026-02-02T05:00:00.000,0.0,0.0
-144,Tà Hừa,2026-02-02T06:00:00.000,0.0,0.0
-144,Tà Hừa,2026-02-02T07:00:00.000,0.0,0.0
-144,Tà Hừa,2026-02-02T08:00:00.000,0.0,0.0
-144,Tà Hừa,2026-02-02T09:00:00.000,0.0,0.0
-144,Tà Hừa,2026-02-02T10:00:00.000,0.0,0.0
-144,Tà Hừa,2026-02-02T11:00:00.000,0.0,0.0
-144,Tà Hừa,2026-02-02T12:00:00.000,0.0,0.0
-144,Tà Hừa,2026-02-02T13:00:00.000,0.0,0.0
-144,Tà Hừa,2026-02-02T14:00:00.000,0.0,0.0
-144,Tà Hừa,2026-02-02T15:00:00.000,0.0,0.0
-144,Tà Hừa,2026-02-02T16:00:00.000,0.0,0.0
-144,Tà Hừa,2026-02-02T17:00:00.000,0.0,0.0
-144,Tà Hừa,2026-02-02T18:00:00.000,0.0,0.0
-144,Tà Hừa,2026-02-02T19:00:00.000,0.0,0.0
-144,Tà Hừa,2026-02-02T20:00:00.000,0.0,0.0
-144,Tà Hừa,2026-02-02T21:00:00.000,0.0,0.0
-144,Tà Hừa,2026-02-02T22:00:00.000,0.0,0.0
-144,Tà Hừa,2026-02-02T23:00:00.000,0.0,0.0
-144,Tà Hừa,2026-02-03T00:00:00.000,0.0,0.0
-144,Tà Hừa,2026-02-03T01:00:00.000,0.0,0.0
-144,Tà Hừa,2026-02-03T02:00:00.000,0.0,0.0
-144,Tà Hừa,2026-02-03T03:00:00.000,0.0,0.0
-144,Tà Hừa,2026-02-03T04:00:00.000,0.0,0.0
-144,Tà Hừa,2026-02-03T05:00:00.000,0.0,0.0
-144,Tà Hừa,2026-02-03T06:00:00.000,0.0,0.0
-144,Tà Hừa,2026-02-03T07:00:00.000,0.0,0.0
-144,Tà Hừa,2026-02-03T08:00:00.000,0.0,0.0
-144,Tà Hừa,2026-02-03T09:00:00.000,0.0,0.0
-144,Tà Hừa,2026-02-03T10:00:00.000,0.0,0.0
-144,Tà Hừa,2026-02-03T11:00:00.000,0.0,0.0
-144,Tà Hừa,2026-02-03T12:00:00.000,0.0,0.0
-144,Tà Hừa,2026-02-03T13:00:00.000,0.0,0.0
-144,Tà Hừa,2026-02-03T14:00:00.000,0.0,0.0
-144,Tà Hừa,2026-02-03T15:00:00.000,0.0,0.0
-144,Tà Hừa,2026-02-03T16:00:00.000,0.0,0.0
-144,Tà Hừa,2026-02-03T17:00:00.000,0.0,0.0
-144,Tà Hừa,2026-02-03T18:00:00.000,0.0,0.0
-144,Tà Hừa,2026-02-03T19:00:00.000,0.0,0.0
-144,Tà Hừa,2026-02-03T20:00:00.000,0.0,0.0
-144,Tà Hừa,2026-02-03T21:00:00.000,0.0,0.0
-144,Tà Hừa,2026-02-03T22:00:00.000,0.0,0.0
-144,Tà Hừa,2026-02-03T23:00:00.000,0.0,0.0
-144,Tà Hừa,2026-02-04T00:00:00.000,0.0,0.0
-144,Tà Hừa,2026-02-04T01:00:00.000,0.0,0.0
-144,Tà Hừa,2026-02-04T02:00:00.000,0.0,0.0
-144,Tà Hừa,2026-02-04T03:00:00.000,0.0,0.0
-144,Tà Hừa,2026-02-04T04:00:00.000,0.0,0.0
-144,Tà Hừa,2026-02-04T05:00:00.000,0.0,0.0
-144,Tà Hừa,2026-02-04T06:00:00.000,0.0,0.0
-144,Tà Hừa,2026-02-04T07:00:00.000,0.0,0.0
-144,Tà Hừa,2026-02-04T08:00:00.000,0.0,0.0
-144,Tà Hừa,2026-02-04T09:00:00.000,0.0,0.0
-144,Tà Hừa,2026-02-04T10:00:00.000,0.0,0.0
-144,Tà Hừa,2026-02-04T11:00:00.000,0.0,0.0
-144,Tà Hừa,2026-02-04T12:00:00.000,0.0,0.0
-144,Tà Hừa,2026-02-04T13:00:00.000,0.0,0.0
-144,Tà Hừa,2026-02-04T14:00:00.000,0.0,0.0
-144,Tà Hừa,2026-02-04T15:00:00.000,0.0,0.0
-144,Tà Hừa,2026-02-04T16:00:00.000,0.0,0.0
-144,Tà Hừa,2026-02-04T17:00:00.000,0.0,0.0
-144,Tà Hừa,2026-02-04T18:00:00.000,0.0,0.0
-144,Tà Hừa,2026-02-04T19:00:00.000,0.0,0.0
-144,Tà Hừa,2026-02-04T20:00:00.000,0.0,0.0
-144,Tà Hừa,2026-02-04T21:00:00.000,0.0,0.0
-144,Tà Hừa,2026-02-04T22:00:00.000,0.0,0.0
-144,Tà Hừa,2026-02-04T23:00:00.000,0.0,0.0
-144,Tà Hừa,2026-02-05T00:00:00.000,0.0,0.0
-144,Tà Hừa,2026-02-05T01:00:00.000,0.0,0.0
-144,Tà Hừa,2026-02-05T02:00:00.000,0.0,0.0
-144,Tà Hừa,2026-02-05T03:00:00.000,0.0,0.0
-144,Tà Hừa,2026-02-05T04:00:00.000,0.0,0.0
-144,Tà Hừa,2026-02-05T05:00:00.000,0.0,0.0
-144,Tà Hừa,2026-02-05T06:00:00.000,0.0,0.0
-144,Tà Hừa,2026-02-05T07:00:00.000,0.0,0.0
-144,Tà Hừa,2026-02-05T08:00:00.000,0.0,0.0
-144,Tà Hừa,2026-02-05T09:00:00.000,0.0,0.0
-144,Tà Hừa,2026-02-05T10:00:00.000,0.0,0.0
-144,Tà Hừa,2026-02-05T11:00:00.000,0.0,0.0
-144,Tà Hừa,2026-02-05T12:00:00.000,0.0,0.0
-144,Tà Hừa,2026-02-05T13:00:00.000,0.0,0.0
-144,Tà Hừa,2026-02-05T14:00:00.000,0.0,0.0
-144,Tà Hừa,2026-02-05T15:00:00.000,0.0,0.0
-144,Tà Hừa,2026-02-05T16:00:00.000,0.0,0.0
-144,Tà Hừa,2026-02-05T17:00:00.000,0.0,0.0
-144,Tà Hừa,2026-02-05T18:00:00.000,0.0,0.0
-144,Tà Hừa,2026-02-05T19:00:00.000,0.0,0.0
-144,Tà Hừa,2026-02-05T20:00:00.000,0.0,0.0
-144,Tà Hừa,2026-02-05T21:00:00.000,0.0,0.0
-144,Tà Hừa,2026-02-05T22:00:00.000,0.0,0.0
-144,Tà Hừa,2026-02-05T23:00:00.000,0.0,0.0
-144,Tà Hừa,2026-02-06T00:00:00.000,0.0,0.0
-144,Tà Hừa,2026-02-06T01:00:00.000,0.0,0.0
-144,Tà Hừa,2026-02-06T02:00:00.000,0.0,0.0
-144,Tà Hừa,2026-02-06T03:00:00.000,0.0,0.0
-144,Tà Hừa,2026-02-06T04:00:00.000,0.0,0.0
-144,Tà Hừa,2026-02-06T05:00:00.000,0.0,0.0
-144,Tà Hừa,2026-02-06T06:00:00.000,0.0,0.0
-144,Tà Hừa,2026-02-06T07:00:00.000,0.0,0.0
-144,Tà Hừa,2026-02-06T08:00:00.000,0.0,0.0
-144,Tà Hừa,2026-02-06T09:00:00.000,0.0,0.0
-144,Tà Hừa,2026-02-06T10:00:00.000,0.0,0.0
-144,Tà Hừa,2026-02-06T11:00:00.000,0.0,0.0
-144,Tà Hừa,2026-02-06T12:00:00.000,0.0,0.0
-144,Tà Hừa,2026-02-06T13:00:00.000,0.0,0.0
-144,Tà Hừa,2026-02-06T14:00:00.000,0.0,0.0
-144,Tà Hừa,2026-02-06T15:00:00.000,0.0,0.0
-144,Tà Hừa,2026-02-06T16:00:00.000,0.0,0.0
-144,Tà Hừa,2026-02-06T17:00:00.000,0.0,0.0
-144,Tà Hừa,2026-02-06T18:00:00.000,0.0,0.0
-144,Tà Hừa,2026-02-06T19:00:00.000,0.0,0.0
-144,Tà Hừa,2026-02-06T20:00:00.000,0.0,0.0
-144,Tà Hừa,2026-02-06T21:00:00.000,,0.0
-144,Tà Hừa,2026-02-06T22:00:00.000,,0.0
-144,Tà Hừa,2026-02-06T23:00:00.000,,0.0
-144,Tà Hừa,2026-02-07T00:00:00.000,,0.0
-144,Tà Hừa,2026-02-07T01:00:00.000,,0.0
-144,Tà Hừa,2026-02-07T02:00:00.000,,0.0
-144,Tà Hừa,2026-02-07T03:00:00.000,,0.0
-144,Tà Hừa,2026-02-07T04:00:00.000,,0.0
-144,Tà Hừa,2026-02-07T05:00:00.000,,0.0
-144,Tà Hừa,2026-02-07T06:00:00.000,,0.0
-144,Tà Hừa,2026-02-07T07:00:00.000,0.0,0.0
-144,Tà Hừa,2026-02-07T08:00:00.000,0.0,0.0
-144,Tà Hừa,2026-02-07T09:00:00.000,0.0,0.0
-144,Tà Hừa,2026-02-07T10:00:00.000,0.0,0.0
-144,Tà Hừa,2026-02-07T11:00:00.000,0.0,0.0
-144,Tà Hừa,2026-02-07T12:00:00.000,0.0,0.0
-144,Tà Hừa,2026-02-07T13:00:00.000,0.0,0.0
-144,Tà Hừa,2026-02-07T14:00:00.000,0.0,0.0
-144,Tà Hừa,2026-02-07T15:00:00.000,0.0,0.0
-144,Tà Hừa,2026-02-07T16:00:00.000,0.0,0.0
-144,Tà Hừa,2026-02-07T17:00:00.000,0.0,0.0
-144,Tà Hừa,2026-02-07T18:00:00.000,0.0,0.0
-144,Tà Hừa,2026-02-07T19:00:00.000,0.0,0.0
-144,Tà Hừa,2026-02-07T20:00:00.000,0.0,0.0
-144,Tà Hừa,2026-02-07T21:00:00.000,0.0,0.0
-144,Tà Hừa,2026-02-07T22:00:00.000,0.0,0.0
-144,Tà Hừa,2026-02-07T23:00:00.000,0.0,0.0
-144,Tà Hừa,2026-02-08T00:00:00.000,0.0,0.0
-144,Tà Hừa,2026-02-08T01:00:00.000,0.0,0.0
-144,Tà Hừa,2026-02-08T02:00:00.000,0.0,0.0
-144,Tà Hừa,2026-02-08T03:00:00.000,0.0,0.0
-144,Tà Hừa,2026-02-08T04:00:00.000,0.0,0.0
-144,Tà Hừa,2026-02-08T05:00:00.000,0.0,0.0
-144,Tà Hừa,2026-02-08T06:00:00.000,0.0,0.0
-144,Tà Hừa,2026-02-08T07:00:00.000,0.0,0.0
-144,Tà Hừa,2026-02-08T08:00:00.000,0.0,0.0
-144,Tà Hừa,2026-02-08T09:00:00.000,0.0,0.0
-144,Tà Hừa,2026-02-08T10:00:00.000,0.0,0.0
-144,Tà Hừa,2026-02-08T11:00:00.000,0.0,0.0
-144,Tà Hừa,2026-02-08T12:00:00.000,0.0,0.0
-144,Tà Hừa,2026-02-08T13:00:00.000,0.0,0.0
-144,Tà Hừa,2026-02-08T14:00:00.000,0.20000000298023224,0.20000000298023224
-144,Tà Hừa,2026-02-08T15:00:00.000,0.4000000059604645,0.6000000089406967
-144,Tà Hừa,2026-02-08T16:00:00.000,1.0,1.6000000089406967
-144,Tà Hừa,2026-02-08T17:00:00.000,0.800000011920929,2.4000000208616257
-144,Tà Hừa,2026-02-08T18:00:00.000,0.0,2.4000000208616257
-144,Tà Hừa,2026-02-08T19:00:00.000,0.0,2.4000000208616257
-144,Tà Hừa,2026-02-08T20:00:00.000,0.0,2.4000000208616257
-144,Tà Hừa,2026-02-08T21:00:00.000,0.0,2.4000000208616257
-144,Tà Hừa,2026-02-08T22:00:00.000,0.0,2.4000000208616257
-144,Tà Hừa,2026-02-08T23:00:00.000,1.7999999523162842,4.19999997317791
-144,Tà Hừa,2026-02-09T00:00:00.000,0.20000000298023224,1.9999999552965164
-144,Tà Hừa,2026-02-09T01:00:00.000,0.20000000298023224,2.1999999582767487
-144,Tà Hừa,2026-02-09T02:00:00.000,0.0,2.1999999582767487
-144,Tà Hừa,2026-02-09T03:00:00.000,0.0,2.1999999582767487
-144,Tà Hừa,2026-02-09T04:00:00.000,0.0,2.1999999582767487
-144,Tà Hừa,2026-02-09T05:00:00.000,1.600000023841858,3.7999999821186066
-144,Tà Hừa,2026-02-09T06:00:00.000,3.4000000953674316,7.200000077486038
-144,Tà Hừa,2026-02-09T07:00:00.000,1.399999976158142,8.60000005364418
-144,Tà Hừa,2026-02-09T08:00:00.000,0.6000000238418579,9.200000077486038
-144,Tà Hừa,2026-02-09T09:00:00.000,0.20000000298023224,9.40000008046627
-144,Tà Hừa,2026-02-09T10:00:00.000,0.0,9.40000008046627
-144,Tà Hừa,2026-02-09T11:00:00.000,0.0,9.40000008046627
-144,Tà Hừa,2026-02-09T12:00:00.000,0.6000000238418579,10.000000104308128
-144,Tà Hừa,2026-02-09T13:00:00.000,0.0,10.000000104308128
-144,Tà Hừa,2026-02-09T14:00:00.000,0.0,10.000000104308128
-144,Tà Hừa,2026-02-09T15:00:00.000,0.0,10.000000104308128
-144,Tà Hừa,2026-02-09T16:00:00.000,0.0,10.000000104308128
-144,Tà Hừa,2026-02-09T17:00:00.000,0.0,10.000000104308128
-144,Tà Hừa,2026-02-09T18:00:00.000,0.0,10.000000104308128
-144,Tà Hừa,2026-02-09T19:00:00.000,0.0,10.000000104308128
-144,Tà Hừa,2026-02-09T20:00:00.000,0.0,10.000000104308128
-144,Tà Hừa,2026-02-09T21:00:00.000,0.0,10.000000104308128
-144,Tà Hừa,2026-02-09T22:00:00.000,0.0,10.000000104308128
-144,Tà Hừa,2026-02-09T23:00:00.000,0.0,10.000000104308128
-144,Tà Hừa,2026-02-10T00:00:00.000,0.0,0.0
-144,Tà Hừa,2026-02-10T01:00:00.000,0.0,0.0
-144,Tà Hừa,2026-02-10T02:00:00.000,0.0,0.0
-144,Tà Hừa,2026-02-10T03:00:00.000,0.0,0.0
-144,Tà Hừa,2026-02-10T04:00:00.000,0.0,0.0
-144,Tà Hừa,2026-02-10T05:00:00.000,0.0,0.0
-144,Tà Hừa,2026-02-10T06:00:00.000,0.0,0.0
-144,Tà Hừa,2026-02-10T07:00:00.000,0.0,0.0
-144,Tà Hừa,2026-02-10T08:00:00.000,0.0,0.0
-144,Tà Hừa,2026-02-10T09:00:00.000,0.0,0.0
-144,Tà Hừa,2026-02-10T10:00:00.000,0.0,0.0
-144,Tà Hừa,2026-02-10T11:00:00.000,0.0,0.0
-144,Tà Hừa,2026-02-10T12:00:00.000,0.0,0.0
-144,Tà Hừa,2026-02-10T13:00:00.000,0.0,0.0
-144,Tà Hừa,2026-02-10T14:00:00.000,0.0,0.0
-144,Tà Hừa,2026-02-10T15:00:00.000,0.0,0.0
-144,Tà Hừa,2026-02-10T16:00:00.000,0.0,0.0
-144,Tà Hừa,2026-02-10T17:00:00.000,0.0,0.0
-144,Tà Hừa,2026-02-10T18:00:00.000,0.0,0.0
-144,Tà Hừa,2026-02-10T19:00:00.000,0.0,0.0
-144,Tà Hừa,2026-02-10T20:00:00.000,0.0,0.0
-144,Tà Hừa,2026-02-10T21:00:00.000,0.0,0.0
-144,Tà Hừa,2026-02-10T22:00:00.000,0.0,0.0
-144,Tà Hừa,2026-02-10T23:00:00.000,0.0,0.0
-144,Tà Hừa,2026-02-11T00:00:00.000,0.0,0.0
-144,Tà Hừa,2026-02-11T01:00:00.000,0.0,0.0
-144,Tà Hừa,2026-02-11T02:00:00.000,0.0,0.0
-144,Tà Hừa,2026-02-11T03:00:00.000,0.0,0.0
-144,Tà Hừa,2026-02-11T04:00:00.000,0.0,0.0
-144,Tà Hừa,2026-02-11T05:00:00.000,0.0,0.0
-144,Tà Hừa,2026-02-11T06:00:00.000,0.0,0.0
-144,Tà Hừa,2026-02-11T07:00:00.000,0.0,0.0
-144,Tà Hừa,2026-02-11T08:00:00.000,0.0,0.0
-144,Tà Hừa,2026-02-11T09:00:00.000,0.0,0.0
-144,Tà Hừa,2026-02-11T10:00:00.000,0.0,0.0
-144,Tà Hừa,2026-02-11T11:00:00.000,,0.0
-144,Tà Hừa,2026-02-11T12:00:00.000,0.0,0.0
-144,Tà Hừa,2026-02-11T13:00:00.000,0.0,0.0
-144,Tà Hừa,2026-02-11T14:00:00.000,0.0,0.0
-144,Tà Hừa,2026-02-11T15:00:00.000,0.0,0.0
-144,Tà Hừa,2026-02-11T16:00:00.000,0.0,0.0
-144,Tà Hừa,2026-02-11T17:00:00.000,0.0,0.0
-144,Tà Hừa,2026-02-11T18:00:00.000,0.0,0.0
-144,Tà Hừa,2026-02-11T19:00:00.000,0.0,0.0
-144,Tà Hừa,2026-02-11T20:00:00.000,0.0,0.0
-144,Tà Hừa,2026-02-11T21:00:00.000,0.0,0.0
-144,Tà Hừa,2026-02-11T22:00:00.000,0.0,0.0
-144,Tà Hừa,2026-02-11T23:00:00.000,0.0,0.0
-144,Tà Hừa,2026-02-12T00:00:00.000,0.0,0.0
-144,Tà Hừa,2026-02-12T01:00:00.000,0.0,0.0
-144,Tà Hừa,2026-02-12T02:00:00.000,0.0,0.0
-144,Tà Hừa,2026-02-12T03:00:00.000,0.0,0.0
-144,Tà Hừa,2026-02-12T04:00:00.000,0.0,0.0
-144,Tà Hừa,2026-02-12T05:00:00.000,0.0,0.0
-144,Tà Hừa,2026-02-12T06:00:00.000,0.0,0.0
-144,Tà Hừa,2026-02-12T07:00:00.000,0.0,0.0
-144,Tà Hừa,2026-02-12T08:00:00.000,0.0,0.0
-144,Tà Hừa,2026-02-12T09:00:00.000,0.0,0.0
-144,Tà Hừa,2026-02-12T10:00:00.000,0.0,0.0
-144,Tà Hừa,2026-02-12T11:00:00.000,0.0,0.0
-144,Tà Hừa,2026-02-12T12:00:00.000,0.0,0.0
-144,Tà Hừa,2026-02-12T13:00:00.000,0.0,0.0
-144,Tà Hừa,2026-02-12T14:00:00.000,0.0,0.0
-144,Tà Hừa,2026-02-12T15:00:00.000,0.0,0.0
-144,Tà Hừa,2026-02-12T16:00:00.000,0.0,0.0
-144,Tà Hừa,2026-02-12T17:00:00.000,0.0,0.0
-144,Tà Hừa,2026-02-12T18:00:00.000,0.0,0.0
-144,Tà Hừa,2026-02-12T19:00:00.000,0.0,0.0
-144,Tà Hừa,2026-02-12T20:00:00.000,0.0,0.0
-144,Tà Hừa,2026-02-12T21:00:00.000,0.0,0.0
-144,Tà Hừa,2026-02-12T22:00:00.000,0.0,0.0
-144,Tà Hừa,2026-02-12T23:00:00.000,0.0,0.0
-144,Tà Hừa,2026-02-13T00:00:00.000,0.0,0.0
-144,Tà Hừa,2026-02-13T01:00:00.000,0.0,0.0
-144,Tà Hừa,2026-02-13T02:00:00.000,0.0,0.0
-144,Tà Hừa,2026-02-13T03:00:00.000,0.0,0.0
-144,Tà Hừa,2026-02-13T04:00:00.000,0.0,0.0
-144,Tà Hừa,2026-02-13T05:00:00.000,0.0,0.0
-144,Tà Hừa,2026-02-13T06:00:00.000,0.0,0.0
-144,Tà Hừa,2026-02-13T07:00:00.000,0.0,0.0
-144,Tà Hừa,2026-02-13T08:00:00.000,0.0,0.0
-144,Tà Hừa,2026-02-13T09:00:00.000,0.0,0.0
-144,Tà Hừa,2026-02-13T10:00:00.000,0.0,0.0
-144,Tà Hừa,2026-02-13T11:00:00.000,0.0,0.0
-144,Tà Hừa,2026-02-13T12:00:00.000,0.0,0.0
-144,Tà Hừa,2026-02-13T13:00:00.000,0.0,0.0
-144,Tà Hừa,2026-02-13T14:00:00.000,0.0,0.0
-144,Tà Hừa,2026-02-13T15:00:00.000,0.0,0.0
-144,Tà Hừa,2026-02-13T16:00:00.000,0.0,0.0
-144,Tà Hừa,2026-02-13T17:00:00.000,0.0,0.0
-144,Tà Hừa,2026-02-13T18:00:00.000,0.0,0.0
-144,Tà Hừa,2026-02-13T19:00:00.000,0.0,0.0
-144,Tà Hừa,2026-02-13T20:00:00.000,0.0,0.0
-144,Tà Hừa,2026-02-13T21:00:00.000,0.0,0.0
-144,Tà Hừa,2026-02-13T22:00:00.000,0.0,0.0
-144,Tà Hừa,2026-02-13T23:00:00.000,0.0,0.0
-144,Tà Hừa,2026-02-14T00:00:00.000,0.0,0.0
-144,Tà Hừa,2026-02-14T01:00:00.000,0.0,0.0
-144,Tà Hừa,2026-02-14T02:00:00.000,0.0,0.0
-144,Tà Hừa,2026-02-14T03:00:00.000,0.0,0.0
-144,Tà Hừa,2026-02-14T04:00:00.000,0.0,0.0
-144,Tà Hừa,2026-02-14T05:00:00.000,0.0,0.0
-144,Tà Hừa,2026-02-14T06:00:00.000,0.0,0.0
-144,Tà Hừa,2026-02-14T07:00:00.000,0.0,0.0
-144,Tà Hừa,2026-02-14T08:00:00.000,0.0,0.0
-144,Tà Hừa,2026-02-14T09:00:00.000,0.0,0.0
-144,Tà Hừa,2026-02-14T10:00:00.000,0.0,0.0
-144,Tà Hừa,2026-02-14T11:00:00.000,0.0,0.0
-144,Tà Hừa,2026-02-14T12:00:00.000,0.0,0.0
-144,Tà Hừa,2026-02-14T13:00:00.000,0.0,0.0
-144,Tà Hừa,2026-02-14T14:00:00.000,0.0,0.0
-144,Tà Hừa,2026-02-14T15:00:00.000,0.0,0.0
-144,Tà Hừa,2026-02-14T16:00:00.000,0.0,0.0
-144,Tà Hừa,2026-02-14T17:00:00.000,0.0,0.0
-144,Tà Hừa,2026-02-14T18:00:00.000,0.0,0.0
-144,Tà Hừa,2026-02-14T19:00:00.000,0.0,0.0
-144,Tà Hừa,2026-02-14T20:00:00.000,0.0,0.0
-144,Tà Hừa,2026-02-14T21:00:00.000,0.0,0.0
-144,Tà Hừa,2026-02-14T22:00:00.000,0.0,0.0
-144,Tà Hừa,2026-02-14T23:00:00.000,0.0,0.0
-144,Tà Hừa,2026-02-15T00:00:00.000,0.0,0.0
-144,Tà Hừa,2026-02-15T01:00:00.000,0.0,0.0
-144,Tà Hừa,2026-02-15T02:00:00.000,0.0,0.0
-144,Tà Hừa,2026-02-15T03:00:00.000,0.0,0.0
-144,Tà Hừa,2026-02-15T04:00:00.000,0.0,0.0
-144,Tà Hừa,2026-02-15T05:00:00.000,0.0,0.0
-144,Tà Hừa,2026-02-15T06:00:00.000,0.0,0.0
-144,Tà Hừa,2026-02-15T07:00:00.000,0.0,0.0
-144,Tà Hừa,2026-02-15T08:00:00.000,0.0,0.0
-144,Tà Hừa,2026-02-15T09:00:00.000,0.0,0.0
-144,Tà Hừa,2026-02-15T10:00:00.000,0.0,0.0
-144,Tà Hừa,2026-02-15T11:00:00.000,0.0,0.0
-144,Tà Hừa,2026-02-15T12:00:00.000,0.0,0.0
-144,Tà Hừa,2026-02-15T13:00:00.000,0.0,0.0
-144,Tà Hừa,2026-02-15T14:00:00.000,0.0,0.0
-144,Tà Hừa,2026-02-15T15:00:00.000,0.0,0.0
-144,Tà Hừa,2026-02-15T16:00:00.000,0.0,0.0
-144,Tà Hừa,2026-02-15T17:00:00.000,0.0,0.0
-144,Tà Hừa,2026-02-15T18:00:00.000,0.0,0.0
-144,Tà Hừa,2026-02-15T19:00:00.000,0.0,0.0
-144,Tà Hừa,2026-02-15T20:00:00.000,0.0,0.0
-144,Tà Hừa,2026-02-15T21:00:00.000,0.0,0.0
-144,Tà Hừa,2026-02-15T22:00:00.000,0.0,0.0
-144,Tà Hừa,2026-02-15T23:00:00.000,0.0,0.0
-144,Tà Hừa,2026-02-16T00:00:00.000,0.0,0.0
-144,Tà Hừa,2026-02-16T01:00:00.000,0.0,0.0
-144,Tà Hừa,2026-02-16T02:00:00.000,0.0,0.0
-144,Tà Hừa,2026-02-16T03:00:00.000,0.0,0.0
-144,Tà Hừa,2026-02-16T04:00:00.000,0.0,0.0
-144,Tà Hừa,2026-02-16T05:00:00.000,0.0,0.0
-144,Tà Hừa,2026-02-16T06:00:00.000,0.0,0.0
-144,Tà Hừa,2026-02-16T07:00:00.000,0.0,0.0
-144,Tà Hừa,2026-02-16T08:00:00.000,0.0,0.0
-144,Tà Hừa,2026-02-16T09:00:00.000,0.0,0.0
-144,Tà Hừa,2026-02-16T10:00:00.000,0.0,0.0
-144,Tà Hừa,2026-02-16T11:00:00.000,0.0,0.0
-144,Tà Hừa,2026-02-16T12:00:00.000,0.0,0.0
-144,Tà Hừa,2026-02-16T13:00:00.000,0.0,0.0
-144,Tà Hừa,2026-02-16T14:00:00.000,0.0,0.0
-144,Tà Hừa,2026-02-16T15:00:00.000,0.0,0.0
-144,Tà Hừa,2026-02-16T16:00:00.000,0.0,0.0
-144,Tà Hừa,2026-02-16T17:00:00.000,0.0,0.0
-144,Tà Hừa,2026-02-16T18:00:00.000,0.0,0.0
-144,Tà Hừa,2026-02-16T19:00:00.000,0.0,0.0
-144,Tà Hừa,2026-02-16T20:00:00.000,0.0,0.0
-144,Tà Hừa,2026-02-16T21:00:00.000,0.0,0.0
-144,Tà Hừa,2026-02-16T22:00:00.000,0.0,0.0
-144,Tà Hừa,2026-02-16T23:00:00.000,0.0,0.0
-144,Tà Hừa,2026-02-17T00:00:00.000,0.0,0.0
-144,Tà Hừa,2026-02-17T01:00:00.000,0.0,0.0
-144,Tà Hừa,2026-02-17T02:00:00.000,0.0,0.0
-144,Tà Hừa,2026-02-17T03:00:00.000,0.0,0.0
-144,Tà Hừa,2026-02-17T04:00:00.000,0.0,0.0
-144,Tà Hừa,2026-02-17T05:00:00.000,0.0,0.0
-144,Tà Hừa,2026-02-17T06:00:00.000,0.0,0.0
-144,Tà Hừa,2026-02-17T07:00:00.000,0.0,0.0
-144,Tà Hừa,2026-02-17T08:00:00.000,0.0,0.0
-144,Tà Hừa,2026-02-17T09:00:00.000,0.0,0.0
-144,Tà Hừa,2026-02-17T10:00:00.000,0.0,0.0
-144,Tà Hừa,2026-02-17T11:00:00.000,0.0,0.0
-144,Tà Hừa,2026-02-17T12:00:00.000,0.0,0.0
-144,Tà Hừa,2026-02-17T13:00:00.000,0.0,0.0
-144,Tà Hừa,2026-02-17T14:00:00.000,0.0,0.0
-144,Tà Hừa,2026-02-17T15:00:00.000,0.0,0.0
-144,Tà Hừa,2026-02-17T16:00:00.000,0.0,0.0
-144,Tà Hừa,2026-02-17T17:00:00.000,0.0,0.0
-144,Tà Hừa,2026-02-17T18:00:00.000,0.0,0.0
-144,Tà Hừa,2026-02-17T19:00:00.000,0.0,0.0
-144,Tà Hừa,2026-02-17T20:00:00.000,0.0,0.0
-144,Tà Hừa,2026-02-17T21:00:00.000,0.0,0.0
-144,Tà Hừa,2026-02-17T22:00:00.000,0.0,0.0
-144,Tà Hừa,2026-02-17T23:00:00.000,0.0,0.0
-144,Tà Hừa,2026-02-18T00:00:00.000,0.0,0.0
-144,Tà Hừa,2026-02-18T01:00:00.000,0.0,0.0
-144,Tà Hừa,2026-02-18T02:00:00.000,0.0,0.0
-144,Tà Hừa,2026-02-18T03:00:00.000,0.0,0.0
-144,Tà Hừa,2026-02-18T04:00:00.000,0.0,0.0
-144,Tà Hừa,2026-02-18T05:00:00.000,0.0,0.0
-144,Tà Hừa,2026-02-18T06:00:00.000,0.0,0.0
-144,Tà Hừa,2026-02-18T07:00:00.000,0.0,0.0
-144,Tà Hừa,2026-02-18T08:00:00.000,0.0,0.0
-144,Tà Hừa,2026-02-18T09:00:00.000,0.0,0.0
-144,Tà Hừa,2026-02-18T10:00:00.000,0.0,0.0
-144,Tà Hừa,2026-02-18T11:00:00.000,0.0,0.0
-144,Tà Hừa,2026-02-18T12:00:00.000,0.0,0.0
-144,Tà Hừa,2026-02-18T13:00:00.000,0.0,0.0
-144,Tà Hừa,2026-02-18T14:00:00.000,0.0,0.0
-144,Tà Hừa,2026-02-18T15:00:00.000,0.0,0.0
-144,Tà Hừa,2026-02-18T16:00:00.000,0.0,0.0
-144,Tà Hừa,2026-02-18T17:00:00.000,0.0,0.0
-144,Tà Hừa,2026-02-18T18:00:00.000,0.0,0.0
-144,Tà Hừa,2026-02-18T19:00:00.000,0.0,0.0
-144,Tà Hừa,2026-02-18T20:00:00.000,0.0,0.0
-144,Tà Hừa,2026-02-18T21:00:00.000,0.0,0.0
-144,Tà Hừa,2026-02-18T22:00:00.000,0.0,0.0
-144,Tà Hừa,2026-02-18T23:00:00.000,0.0,0.0
-144,Tà Hừa,2026-02-19T00:00:00.000,0.0,0.0
-144,Tà Hừa,2026-02-19T01:00:00.000,0.0,0.0
-144,Tà Hừa,2026-02-19T02:00:00.000,0.0,0.0
-144,Tà Hừa,2026-02-19T03:00:00.000,0.0,0.0
-144,Tà Hừa,2026-02-19T04:00:00.000,0.0,0.0
-144,Tà Hừa,2026-02-19T05:00:00.000,0.0,0.0
-144,Tà Hừa,2026-02-19T06:00:00.000,0.0,0.0
-144,Tà Hừa,2026-02-19T07:00:00.000,0.0,0.0
-144,Tà Hừa,2026-02-19T08:00:00.000,0.0,0.0
-144,Tà Hừa,2026-02-19T09:00:00.000,0.0,0.0
-144,Tà Hừa,2026-02-19T10:00:00.000,0.0,0.0
-144,Tà Hừa,2026-02-19T11:00:00.000,0.0,0.0
-144,Tà Hừa,2026-02-19T12:00:00.000,0.0,0.0
-144,Tà Hừa,2026-02-19T13:00:00.000,0.0,0.0
-144,Tà Hừa,2026-02-19T14:00:00.000,0.0,0.0
-144,Tà Hừa,2026-02-19T15:00:00.000,0.0,0.0
-144,Tà Hừa,2026-02-19T16:00:00.000,0.0,0.0
-144,Tà Hừa,2026-02-19T17:00:00.000,0.0,0.0
-144,Tà Hừa,2026-02-19T18:00:00.000,0.0,0.0
-144,Tà Hừa,2026-02-19T19:00:00.000,,0.0
-144,Tà Hừa,2026-02-19T20:00:00.000,,0.0
-144,Tà Hừa,2026-02-19T21:00:00.000,,0.0
-144,Tà Hừa,2026-02-19T22:00:00.000,,0.0
-144,Tà Hừa,2026-02-19T23:00:00.000,,0.0
-144,Tà Hừa,2026-02-20T00:00:00.000,,
-144,Tà Hừa,2026-02-20T01:00:00.000,,
-144,Tà Hừa,2026-02-20T02:00:00.000,,
-144,Tà Hừa,2026-02-20T03:00:00.000,,
-144,Tà Hừa,2026-02-20T04:00:00.000,,
-144,Tà Hừa,2026-02-20T05:00:00.000,,
-144,Tà Hừa,2026-02-20T06:00:00.000,,
-144,Tà Hừa,2026-02-20T07:00:00.000,,
-144,Tà Hừa,2026-02-20T08:00:00.000,,
-144,Tà Hừa,2026-02-20T09:00:00.000,,
-144,Tà Hừa,2026-02-20T10:00:00.000,,
-144,Tà Hừa,2026-02-20T11:00:00.000,,
-144,Tà Hừa,2026-02-20T12:00:00.000,,
-144,Tà Hừa,2026-02-20T13:00:00.000,,
-144,Tà Hừa,2026-02-20T14:00:00.000,,
-144,Tà Hừa,2026-02-20T15:00:00.000,,
-144,Tà Hừa,2026-02-20T16:00:00.000,,
-144,Tà Hừa,2026-02-20T17:00:00.000,,
-144,Tà Hừa,2026-02-20T18:00:00.000,,
-144,Tà Hừa,2026-02-20T19:00:00.000,,
-144,Tà Hừa,2026-02-20T20:00:00.000,,
-144,Tà Hừa,2026-02-20T21:00:00.000,,
-144,Tà Hừa,2026-02-20T22:00:00.000,,
-144,Tà Hừa,2026-02-20T23:00:00.000,,
-144,Tà Hừa,2026-02-21T00:00:00.000,,
-144,Tà Hừa,2026-02-21T01:00:00.000,,
-144,Tà Hừa,2026-02-21T02:00:00.000,,
-144,Tà Hừa,2026-02-21T03:00:00.000,,
-144,Tà Hừa,2026-02-21T04:00:00.000,,
-144,Tà Hừa,2026-02-21T05:00:00.000,,
-144,Tà Hừa,2026-02-21T06:00:00.000,,
-144,Tà Hừa,2026-02-21T07:00:00.000,,
-144,Tà Hừa,2026-02-21T08:00:00.000,,
-144,Tà Hừa,2026-02-21T09:00:00.000,,
-144,Tà Hừa,2026-02-21T10:00:00.000,,
-144,Tà Hừa,2026-02-21T11:00:00.000,,
-144,Tà Hừa,2026-02-21T12:00:00.000,,
-144,Tà Hừa,2026-02-21T13:00:00.000,,
-144,Tà Hừa,2026-02-21T14:00:00.000,,
-144,Tà Hừa,2026-02-21T15:00:00.000,,
-144,Tà Hừa,2026-02-21T16:00:00.000,,
-144,Tà Hừa,2026-02-21T17:00:00.000,,
-144,Tà Hừa,2026-02-21T18:00:00.000,,
-144,Tà Hừa,2026-02-21T19:00:00.000,,
-144,Tà Hừa,2026-02-21T20:00:00.000,,
-144,Tà Hừa,2026-02-21T21:00:00.000,,
-144,Tà Hừa,2026-02-21T22:00:00.000,,
-144,Tà Hừa,2026-02-21T23:00:00.000,,
-144,Tà Hừa,2026-02-22T00:00:00.000,,
-144,Tà Hừa,2026-02-22T01:00:00.000,,
-144,Tà Hừa,2026-02-22T02:00:00.000,,
-144,Tà Hừa,2026-02-22T03:00:00.000,,
-144,Tà Hừa,2026-02-22T04:00:00.000,,
-144,Tà Hừa,2026-02-22T05:00:00.000,,
-144,Tà Hừa,2026-02-22T06:00:00.000,,
-144,Tà Hừa,2026-02-22T07:00:00.000,,
-144,Tà Hừa,2026-02-22T08:00:00.000,,
-144,Tà Hừa,2026-02-22T09:00:00.000,,
-144,Tà Hừa,2026-02-22T10:00:00.000,,
-144,Tà Hừa,2026-02-22T11:00:00.000,,
-144,Tà Hừa,2026-02-22T12:00:00.000,,
-144,Tà Hừa,2026-02-22T13:00:00.000,,
-144,Tà Hừa,2026-02-22T14:00:00.000,,
-144,Tà Hừa,2026-02-22T15:00:00.000,,
-144,Tà Hừa,2026-02-22T16:00:00.000,,
-144,Tà Hừa,2026-02-22T17:00:00.000,,
-144,Tà Hừa,2026-02-22T18:00:00.000,,
-144,Tà Hừa,2026-02-22T19:00:00.000,,
-144,Tà Hừa,2026-02-22T20:00:00.000,,
-144,Tà Hừa,2026-02-22T21:00:00.000,,
-144,Tà Hừa,2026-02-22T22:00:00.000,,
-144,Tà Hừa,2026-02-22T23:00:00.000,,
-144,Tà Hừa,2026-02-23T00:00:00.000,,
-144,Tà Hừa,2026-02-23T01:00:00.000,,
-144,Tà Hừa,2026-02-23T02:00:00.000,,
-144,Tà Hừa,2026-02-23T03:00:00.000,,
-144,Tà Hừa,2026-02-23T04:00:00.000,,
-144,Tà Hừa,2026-02-23T05:00:00.000,,
-144,Tà Hừa,2026-02-23T06:00:00.000,,
-144,Tà Hừa,2026-02-23T07:00:00.000,,
-144,Tà Hừa,2026-02-23T08:00:00.000,,
-144,Tà Hừa,2026-02-23T09:00:00.000,,
-144,Tà Hừa,2026-02-23T10:00:00.000,,
-144,Tà Hừa,2026-02-23T11:00:00.000,,
-144,Tà Hừa,2026-02-23T12:00:00.000,,
-144,Tà Hừa,2026-02-23T13:00:00.000,,
-144,Tà Hừa,2026-02-23T14:00:00.000,,
-144,Tà Hừa,2026-02-23T15:00:00.000,,
-144,Tà Hừa,2026-02-23T16:00:00.000,,
-144,Tà Hừa,2026-02-23T17:00:00.000,,
-144,Tà Hừa,2026-02-23T18:00:00.000,,
-144,Tà Hừa,2026-02-23T19:00:00.000,,
-144,Tà Hừa,2026-02-23T20:00:00.000,,
-144,Tà Hừa,2026-02-23T21:00:00.000,,
-144,Tà Hừa,2026-02-23T22:00:00.000,,
-144,Tà Hừa,2026-02-23T23:00:00.000,,
-144,Tà Hừa,2026-02-24T00:00:00.000,,
-144,Tà Hừa,2026-02-24T01:00:00.000,,
-144,Tà Hừa,2026-02-24T02:00:00.000,0.0,0.0
-144,Tà Hừa,2026-02-24T03:00:00.000,0.0,0.0
-144,Tà Hừa,2026-02-24T04:00:00.000,0.0,0.0
-144,Tà Hừa,2026-02-24T05:00:00.000,0.0,0.0
-144,Tà Hừa,2026-02-24T06:00:00.000,0.0,0.0
-144,Tà Hừa,2026-02-24T07:00:00.000,0.0,0.0
-144,Tà Hừa,2026-02-24T08:00:00.000,0.0,0.0
-144,Tà Hừa,2026-02-24T09:00:00.000,0.0,0.0
-144,Tà Hừa,2026-02-24T10:00:00.000,0.0,0.0
-144,Tà Hừa,2026-02-24T11:00:00.000,0.0,0.0
-144,Tà Hừa,2026-02-24T12:00:00.000,0.0,0.0
-144,Tà Hừa,2026-02-24T13:00:00.000,0.0,0.0
-144,Tà Hừa,2026-02-24T14:00:00.000,0.0,0.0
-144,Tà Hừa,2026-02-24T15:00:00.000,0.0,0.0
-144,Tà Hừa,2026-02-24T16:00:00.000,0.0,0.0
-144,Tà Hừa,2026-02-24T17:00:00.000,0.0,0.0
-144,Tà Hừa,2026-02-24T18:00:00.000,0.0,0.0
-144,Tà Hừa,2026-02-24T19:00:00.000,0.0,0.0
-144,Tà Hừa,2026-02-24T20:00:00.000,0.0,0.0
-144,Tà Hừa,2026-02-24T21:00:00.000,0.0,0.0
-144,Tà Hừa,2026-02-24T22:00:00.000,0.0,0.0
-144,Tà Hừa,2026-02-24T23:00:00.000,0.0,0.0
-144,Tà Hừa,2026-02-25T00:00:00.000,0.0,0.0
-144,Tà Hừa,2026-02-25T01:00:00.000,0.0,0.0
-144,Tà Hừa,2026-02-25T02:00:00.000,0.0,0.0
-144,Tà Hừa,2026-02-25T03:00:00.000,0.0,0.0
-144,Tà Hừa,2026-02-25T04:00:00.000,0.0,0.0
-144,Tà Hừa,2026-02-25T05:00:00.000,1.2000000476837158,1.2000000476837158
-144,Tà Hừa,2026-02-25T06:00:00.000,1.399999976158142,2.600000023841858
-144,Tà Hừa,2026-02-25T07:00:00.000,0.0,2.600000023841858
-144,Tà Hừa,2026-02-25T08:00:00.000,0.0,2.600000023841858
-144,Tà Hừa,2026-02-25T09:00:00.000,0.0,2.600000023841858
-144,Tà Hừa,2026-02-25T10:00:00.000,0.0,2.600000023841858
-144,Tà Hừa,2026-02-25T11:00:00.000,0.0,2.600000023841858
-144,Tà Hừa,2026-02-25T12:00:00.000,0.0,2.600000023841858
-144,Tà Hừa,2026-02-25T13:00:00.000,0.0,2.600000023841858
-144,Tà Hừa,2026-02-25T14:00:00.000,0.0,2.600000023841858
-144,Tà Hừa,2026-02-25T15:00:00.000,0.0,2.600000023841858
-144,Tà Hừa,2026-02-25T16:00:00.000,0.0,2.600000023841858
-144,Tà Hừa,2026-02-25T17:00:00.000,0.0,2.600000023841858
-144,Tà Hừa,2026-02-25T18:00:00.000,0.0,2.600000023841858
-144,Tà Hừa,2026-02-25T19:00:00.000,0.0,2.600000023841858
-144,Tà Hừa,2026-02-25T20:00:00.000,0.0,2.600000023841858
-144,Tà Hừa,2026-02-25T21:00:00.000,0.0,2.600000023841858
-144,Tà Hừa,2026-02-25T22:00:00.000,0.0,2.600000023841858
-144,Tà Hừa,2026-02-25T23:00:00.000,0.20000000298023224,2.80000002682209
-144,Tà Hừa,2026-02-26T00:00:00.000,0.0,0.20000000298023224
-144,Tà Hừa,2026-02-26T01:00:00.000,0.4000000059604645,0.6000000089406967
-144,Tà Hừa,2026-02-26T02:00:00.000,0.4000000059604645,1.0000000149011612
-144,Tà Hừa,2026-02-26T03:00:00.000,0.6000000238418579,1.600000038743019
-144,Tà Hừa,2026-02-26T04:00:00.000,1.0,2.600000038743019
-144,Tà Hừa,2026-02-26T05:00:00.000,0.20000000298023224,2.8000000417232513
-144,Tà Hừa,2026-02-26T06:00:00.000,0.20000000298023224,3.0000000447034836
-144,Tà Hừa,2026-02-26T07:00:00.000,0.20000000298023224,3.200000047683716
-144,Tà Hừa,2026-02-26T08:00:00.000,0.0,3.200000047683716
-144,Tà Hừa,2026-02-26T09:00:00.000,0.0,3.200000047683716
-144,Tà Hừa,2026-02-26T10:00:00.000,0.0,3.200000047683716
-144,Tà Hừa,2026-02-26T11:00:00.000,0.0,3.200000047683716
-144,Tà Hừa,2026-02-26T12:00:00.000,0.0,3.200000047683716
-144,Tà Hừa,2026-02-26T13:00:00.000,0.0,3.200000047683716
-144,Tà Hừa,2026-02-26T14:00:00.000,0.0,3.200000047683716
-144,Tà Hừa,2026-02-26T15:00:00.000,0.0,3.200000047683716
-144,Tà Hừa,2026-02-26T16:00:00.000,0.0,3.200000047683716
-144,Tà Hừa,2026-02-26T17:00:00.000,0.0,3.200000047683716
-144,Tà Hừa,2026-02-26T18:00:00.000,0.0,3.200000047683716
-144,Tà Hừa,2026-02-26T19:00:00.000,0.0,3.200000047683716
-144,Tà Hừa,2026-02-26T20:00:00.000,0.0,3.200000047683716
-144,Tà Hừa,2026-02-26T21:00:00.000,0.0,3.200000047683716
-144,Tà Hừa,2026-02-26T22:00:00.000,0.0,3.200000047683716
-144,Tà Hừa,2026-02-26T23:00:00.000,0.0,3.200000047683716
-144,Tà Hừa,2026-02-27T00:00:00.000,0.0,0.0
-144,Tà Hừa,2026-02-27T01:00:00.000,0.0,0.0
-144,Tà Hừa,2026-02-27T02:00:00.000,0.0,0.0
-144,Tà Hừa,2026-02-27T03:00:00.000,0.0,0.0
-144,Tà Hừa,2026-02-27T04:00:00.000,0.0,0.0
-144,Tà Hừa,2026-02-27T05:00:00.000,0.0,0.0
-144,Tà Hừa,2026-02-27T06:00:00.000,0.0,0.0
-144,Tà Hừa,2026-02-27T07:00:00.000,0.0,0.0
-144,Tà Hừa,2026-02-27T08:00:00.000,0.0,0.0
-144,Tà Hừa,2026-02-27T09:00:00.000,0.0,0.0
-144,Tà Hừa,2026-02-27T10:00:00.000,0.0,0.0
-144,Tà Hừa,2026-02-27T11:00:00.000,0.0,0.0
-144,Tà Hừa,2026-02-27T12:00:00.000,0.0,0.0
-144,Tà Hừa,2026-02-27T13:00:00.000,0.0,0.0
-144,Tà Hừa,2026-02-27T14:00:00.000,0.0,0.0
-144,Tà Hừa,2026-02-27T15:00:00.000,0.0,0.0
-144,Tà Hừa,2026-02-27T16:00:00.000,0.0,0.0
-144,Tà Hừa,2026-02-27T17:00:00.000,0.0,0.0
-144,Tà Hừa,2026-02-27T18:00:00.000,0.0,0.0
-144,Tà Hừa,2026-02-27T19:00:00.000,0.0,0.0
-144,Tà Hừa,2026-02-27T20:00:00.000,0.0,0.0
-144,Tà Hừa,2026-02-27T21:00:00.000,0.0,0.0
-144,Tà Hừa,2026-02-27T22:00:00.000,0.0,0.0
-144,Tà Hừa,2026-02-27T23:00:00.000,0.0,0.0
-144,Tà Hừa,2026-02-28T00:00:00.000,0.0,0.0
-144,Tà Hừa,2026-02-28T01:00:00.000,0.0,0.0
-144,Tà Hừa,2026-02-28T02:00:00.000,0.0,0.0
-144,Tà Hừa,2026-02-28T03:00:00.000,0.0,0.0
-144,Tà Hừa,2026-02-28T04:00:00.000,0.0,0.0
-144,Tà Hừa,2026-02-28T05:00:00.000,0.0,0.0
-144,Tà Hừa,2026-02-28T06:00:00.000,0.0,0.0
-144,Tà Hừa,2026-02-28T07:00:00.000,0.0,0.0
-144,Tà Hừa,2026-02-28T08:00:00.000,0.0,0.0
-144,Tà Hừa,2026-02-28T09:00:00.000,0.0,0.0
-144,Tà Hừa,2026-02-28T10:00:00.000,0.0,0.0
-144,Tà Hừa,2026-02-28T11:00:00.000,0.0,0.0
-144,Tà Hừa,2026-02-28T12:00:00.000,0.0,0.0
-144,Tà Hừa,2026-02-28T13:00:00.000,0.0,0.0
-144,Tà Hừa,2026-02-28T14:00:00.000,0.0,0.0
-144,Tà Hừa,2026-02-28T15:00:00.000,0.0,0.0
-144,Tà Hừa,2026-02-28T16:00:00.000,0.0,0.0
-144,Tà Hừa,2026-02-28T17:00:00.000,0.0,0.0
-144,Tà Hừa,2026-02-28T18:00:00.000,0.0,0.0
-144,Tà Hừa,2026-02-28T19:00:00.000,0.0,0.0
-144,Tà Hừa,2026-02-28T20:00:00.000,0.0,0.0
-144,Tà Hừa,2026-02-28T21:00:00.000,0.0,0.0
-144,Tà Hừa,2026-02-28T22:00:00.000,0.0,0.0
-144,Tà Hừa,2026-02-28T23:00:00.000,0.0,0.0
-144,Tà Hừa,2026-03-01T00:00:00.000,0.0,0.0
-144,Tà Hừa,2026-03-01T01:00:00.000,0.0,0.0
-144,Tà Hừa,2026-03-01T02:00:00.000,0.0,0.0
-144,Tà Hừa,2026-03-01T03:00:00.000,0.0,0.0
-144,Tà Hừa,2026-03-01T04:00:00.000,0.0,0.0
-144,Tà Hừa,2026-03-01T05:00:00.000,0.0,0.0
-144,Tà Hừa,2026-03-01T06:00:00.000,0.0,0.0
-144,Tà Hừa,2026-03-01T07:00:00.000,0.0,0.0
-144,Tà Hừa,2026-03-01T08:00:00.000,0.0,0.0
-144,Tà Hừa,2026-03-01T09:00:00.000,0.0,0.0
-144,Tà Hừa,2026-03-01T10:00:00.000,0.0,0.0
-144,Tà Hừa,2026-03-01T11:00:00.000,0.0,0.0
-144,Tà Hừa,2026-03-01T12:00:00.000,0.0,0.0
-144,Tà Hừa,2026-03-01T13:00:00.000,0.0,0.0
-144,Tà Hừa,2026-03-01T14:00:00.000,0.0,0.0
-144,Tà Hừa,2026-03-01T15:00:00.000,0.0,0.0
-144,Tà Hừa,2026-03-01T16:00:00.000,0.0,0.0
-144,Tà Hừa,2026-03-01T17:00:00.000,0.0,0.0
-144,Tà Hừa,2026-03-01T18:00:00.000,0.0,0.0
-144,Tà Hừa,2026-03-01T19:00:00.000,0.0,0.0
-144,Tà Hừa,2026-03-01T20:00:00.000,0.0,0.0
-144,Tà Hừa,2026-03-01T21:00:00.000,0.0,0.0
-144,Tà Hừa,2026-03-01T22:00:00.000,0.0,0.0
-144,Tà Hừa,2026-03-01T23:00:00.000,0.0,0.0
-144,Tà Hừa,2026-03-02T00:00:00.000,0.0,0.0
-144,Tà Hừa,2026-03-02T01:00:00.000,0.0,0.0
-144,Tà Hừa,2026-03-02T02:00:00.000,0.0,0.0
-144,Tà Hừa,2026-03-02T03:00:00.000,0.0,0.0
-144,Tà Hừa,2026-03-02T04:00:00.000,0.0,0.0
-144,Tà Hừa,2026-03-02T05:00:00.000,0.0,0.0
-144,Tà Hừa,2026-03-02T06:00:00.000,0.0,0.0
-144,Tà Hừa,2026-03-02T07:00:00.000,0.0,0.0
-144,Tà Hừa,2026-03-02T08:00:00.000,0.0,0.0
-144,Tà Hừa,2026-03-02T09:00:00.000,0.0,0.0
-144,Tà Hừa,2026-03-02T10:00:00.000,0.0,0.0
-144,Tà Hừa,2026-03-02T11:00:00.000,0.0,0.0
-144,Tà Hừa,2026-03-02T12:00:00.000,0.0,0.0
-144,Tà Hừa,2026-03-02T13:00:00.000,0.0,0.0
-144,Tà Hừa,2026-03-02T14:00:00.000,0.0,0.0
-144,Tà Hừa,2026-03-02T15:00:00.000,0.0,0.0
-144,Tà Hừa,2026-03-02T16:00:00.000,0.0,0.0
-144,Tà Hừa,2026-03-02T17:00:00.000,0.0,0.0
-144,Tà Hừa,2026-03-02T18:00:00.000,0.0,0.0
-144,Tà Hừa,2026-03-02T19:00:00.000,0.0,0.0
-144,Tà Hừa,2026-03-02T20:00:00.000,0.0,0.0
-144,Tà Hừa,2026-03-02T21:00:00.000,0.0,0.0
-144,Tà Hừa,2026-03-02T22:00:00.000,0.0,0.0
-144,Tà Hừa,2026-03-02T23:00:00.000,0.0,0.0
-144,Tà Hừa,2026-03-03T00:00:00.000,0.0,0.0
-144,Tà Hừa,2026-03-03T01:00:00.000,0.0,0.0
-144,Tà Hừa,2026-03-03T02:00:00.000,0.0,0.0
-144,Tà Hừa,2026-03-03T03:00:00.000,0.0,0.0
-144,Tà Hừa,2026-03-03T04:00:00.000,0.0,0.0
-144,Tà Hừa,2026-03-03T05:00:00.000,0.0,0.0
-144,Tà Hừa,2026-03-03T06:00:00.000,0.0,0.0
-144,Tà Hừa,2026-03-03T07:00:00.000,0.0,0.0
-144,Tà Hừa,2026-03-03T08:00:00.000,0.0,0.0
-144,Tà Hừa,2026-03-03T09:00:00.000,0.0,0.0
-144,Tà Hừa,2026-03-03T10:00:00.000,0.0,0.0
-144,Tà Hừa,2026-03-03T11:00:00.000,0.0,0.0
-144,Tà Hừa,2026-03-03T12:00:00.000,0.0,0.0
-144,Tà Hừa,2026-03-03T13:00:00.000,0.0,0.0
-144,Tà Hừa,2026-03-03T14:00:00.000,0.0,0.0
-144,Tà Hừa,2026-03-03T15:00:00.000,0.0,0.0
-144,Tà Hừa,2026-03-03T16:00:00.000,0.0,0.0
-144,Tà Hừa,2026-03-03T17:00:00.000,0.0,0.0
-144,Tà Hừa,2026-03-03T18:00:00.000,0.0,0.0
-144,Tà Hừa,2026-03-03T19:00:00.000,0.0,0.0
-144,Tà Hừa,2026-03-03T20:00:00.000,0.0,0.0
-144,Tà Hừa,2026-03-03T21:00:00.000,0.0,0.0
-144,Tà Hừa,2026-03-03T22:00:00.000,0.0,0.0
-144,Tà Hừa,2026-03-03T23:00:00.000,0.0,0.0
-144,Tà Hừa,2026-03-04T00:00:00.000,0.0,0.0
-144,Tà Hừa,2026-03-04T01:00:00.000,0.0,0.0
-144,Tà Hừa,2026-03-04T02:00:00.000,0.0,0.0
-144,Tà Hừa,2026-03-04T03:00:00.000,0.0,0.0
-144,Tà Hừa,2026-03-04T04:00:00.000,0.0,0.0
-144,Tà Hừa,2026-03-04T05:00:00.000,0.0,0.0
-144,Tà Hừa,2026-03-04T06:00:00.000,0.0,0.0
-144,Tà Hừa,2026-03-04T07:00:00.000,0.0,0.0
-144,Tà Hừa,2026-03-04T08:00:00.000,0.0,0.0
-144,Tà Hừa,2026-03-04T09:00:00.000,0.0,0.0
-144,Tà Hừa,2026-03-04T10:00:00.000,0.0,0.0
-144,Tà Hừa,2026-03-04T11:00:00.000,0.0,0.0
-144,Tà Hừa,2026-03-04T12:00:00.000,0.0,0.0
-144,Tà Hừa,2026-03-04T13:00:00.000,0.0,0.0
-144,Tà Hừa,2026-03-04T14:00:00.000,0.0,0.0
-144,Tà Hừa,2026-03-04T15:00:00.000,0.0,0.0
-144,Tà Hừa,2026-03-04T16:00:00.000,0.0,0.0
-144,Tà Hừa,2026-03-04T17:00:00.000,0.0,0.0
-144,Tà Hừa,2026-03-04T18:00:00.000,0.0,0.0
-144,Tà Hừa,2026-03-04T19:00:00.000,0.0,0.0
-144,Tà Hừa,2026-03-04T20:00:00.000,0.0,0.0
-144,Tà Hừa,2026-03-04T21:00:00.000,0.0,0.0
-144,Tà Hừa,2026-03-04T22:00:00.000,0.0,0.0
-144,Tà Hừa,2026-03-04T23:00:00.000,0.0,0.0
-144,Tà Hừa,2026-03-05T00:00:00.000,0.0,0.0
-144,Tà Hừa,2026-03-05T01:00:00.000,0.0,0.0
-144,Tà Hừa,2026-03-05T02:00:00.000,0.0,0.0
-144,Tà Hừa,2026-03-05T03:00:00.000,0.0,0.0
-144,Tà Hừa,2026-03-05T04:00:00.000,0.0,0.0
-144,Tà Hừa,2026-03-05T05:00:00.000,0.0,0.0
-144,Tà Hừa,2026-03-05T06:00:00.000,0.0,0.0
-144,Tà Hừa,2026-03-05T07:00:00.000,0.0,0.0
-144,Tà Hừa,2026-03-05T08:00:00.000,0.0,0.0
-144,Tà Hừa,2026-03-05T09:00:00.000,0.0,0.0
-144,Tà Hừa,2026-03-05T10:00:00.000,0.0,0.0
-144,Tà Hừa,2026-03-05T11:00:00.000,0.0,0.0
-144,Tà Hừa,2026-03-05T12:00:00.000,0.0,0.0
-144,Tà Hừa,2026-03-05T13:00:00.000,0.0,0.0
-144,Tà Hừa,2026-03-05T14:00:00.000,0.0,0.0
-144,Tà Hừa,2026-03-05T15:00:00.000,0.0,0.0
-144,Tà Hừa,2026-03-05T16:00:00.000,0.0,0.0
-144,Tà Hừa,2026-03-05T17:00:00.000,0.0,0.0
-144,Tà Hừa,2026-03-05T18:00:00.000,0.0,0.0
-144,Tà Hừa,2026-03-05T19:00:00.000,0.0,0.0
-144,Tà Hừa,2026-03-05T20:00:00.000,0.0,0.0
-144,Tà Hừa,2026-03-05T21:00:00.000,0.0,0.0
-144,Tà Hừa,2026-03-05T22:00:00.000,0.0,0.0
-144,Tà Hừa,2026-03-05T23:00:00.000,0.0,0.0
-144,Tà Hừa,2026-03-06T00:00:00.000,0.0,0.0
-144,Tà Hừa,2026-03-06T01:00:00.000,0.0,0.0
-144,Tà Hừa,2026-03-06T02:00:00.000,0.0,0.0
-144,Tà Hừa,2026-03-06T03:00:00.000,0.0,0.0
-144,Tà Hừa,2026-03-06T04:00:00.000,0.0,0.0
-144,Tà Hừa,2026-03-06T05:00:00.000,0.0,0.0
-144,Tà Hừa,2026-03-06T06:00:00.000,0.0,0.0
-144,Tà Hừa,2026-03-06T07:00:00.000,0.0,0.0
-144,Tà Hừa,2026-03-06T08:00:00.000,0.0,0.0
-144,Tà Hừa,2026-03-06T09:00:00.000,0.0,0.0
-144,Tà Hừa,2026-03-06T10:00:00.000,0.0,0.0
-144,Tà Hừa,2026-03-06T11:00:00.000,0.0,0.0
-144,Tà Hừa,2026-03-06T12:00:00.000,0.0,0.0
-144,Tà Hừa,2026-03-06T13:00:00.000,0.0,0.0
-144,Tà Hừa,2026-03-06T14:00:00.000,0.0,0.0
-144,Tà Hừa,2026-03-06T15:00:00.000,0.0,0.0
-144,Tà Hừa,2026-03-06T16:00:00.000,0.0,0.0
-144,Tà Hừa,2026-03-06T17:00:00.000,0.0,0.0
-144,Tà Hừa,2026-03-06T18:00:00.000,0.0,0.0
-144,Tà Hừa,2026-03-06T19:00:00.000,0.0,0.0
-144,Tà Hừa,2026-03-06T20:00:00.000,0.0,0.0
-144,Tà Hừa,2026-03-06T21:00:00.000,0.0,0.0
-144,Tà Hừa,2026-03-06T22:00:00.000,0.0,0.0
-144,Tà Hừa,2026-03-06T23:00:00.000,0.0,0.0
-144,Tà Hừa,2026-03-07T00:00:00.000,0.0,0.0
-144,Tà Hừa,2026-03-07T01:00:00.000,0.0,0.0
-144,Tà Hừa,2026-03-07T02:00:00.000,0.0,0.0
-144,Tà Hừa,2026-03-07T03:00:00.000,0.0,0.0
-144,Tà Hừa,2026-03-07T04:00:00.000,0.0,0.0
-144,Tà Hừa,2026-03-07T05:00:00.000,0.0,0.0
-144,Tà Hừa,2026-03-07T06:00:00.000,0.0,0.0
-144,Tà Hừa,2026-03-07T07:00:00.000,0.0,0.0
-144,Tà Hừa,2026-03-07T08:00:00.000,0.0,0.0
-144,Tà Hừa,2026-03-07T09:00:00.000,0.0,0.0
-144,Tà Hừa,2026-03-07T10:00:00.000,0.0,0.0
-144,Tà Hừa,2026-03-07T11:00:00.000,0.0,0.0
-144,Tà Hừa,2026-03-07T12:00:00.000,0.0,0.0
-144,Tà Hừa,2026-03-07T13:00:00.000,0.0,0.0
-144,Tà Hừa,2026-03-07T14:00:00.000,0.0,0.0
-144,Tà Hừa,2026-03-07T15:00:00.000,0.0,0.0
-144,Tà Hừa,2026-03-07T16:00:00.000,0.0,0.0
-144,Tà Hừa,2026-03-07T17:00:00.000,0.0,0.0
-144,Tà Hừa,2026-03-07T18:00:00.000,0.0,0.0
-144,Tà Hừa,2026-03-07T19:00:00.000,0.0,0.0
-144,Tà Hừa,2026-03-07T20:00:00.000,0.0,0.0
-144,Tà Hừa,2026-03-07T21:00:00.000,0.0,0.0
-144,Tà Hừa,2026-03-07T22:00:00.000,0.0,0.0
-144,Tà Hừa,2026-03-07T23:00:00.000,0.0,0.0
-144,Tà Hừa,2026-03-08T00:00:00.000,0.0,0.0
-144,Tà Hừa,2026-03-08T01:00:00.000,1.600000023841858,1.600000023841858
-144,Tà Hừa,2026-03-08T02:00:00.000,0.0,1.600000023841858
-144,Tà Hừa,2026-03-08T03:00:00.000,0.0,1.600000023841858
-144,Tà Hừa,2026-03-08T04:00:00.000,0.0,1.600000023841858
-144,Tà Hừa,2026-03-08T05:00:00.000,0.0,1.600000023841858
-144,Tà Hừa,2026-03-08T06:00:00.000,0.0,1.600000023841858
-144,Tà Hừa,2026-03-08T07:00:00.000,0.0,1.600000023841858
-144,Tà Hừa,2026-03-08T08:00:00.000,0.4000000059604645,2.0000000298023224
-144,Tà Hừa,2026-03-08T09:00:00.000,2.0,4.000000029802322
-144,Tà Hừa,2026-03-08T10:00:00.000,0.20000000298023224,4.200000032782555
-144,Tà Hừa,2026-03-08T11:00:00.000,0.0,4.200000032782555
-144,Tà Hừa,2026-03-08T12:00:00.000,0.20000000298023224,4.400000035762787
-144,Tà Hừa,2026-03-08T13:00:00.000,0.0,4.400000035762787
-144,Tà Hừa,2026-03-08T14:00:00.000,0.0,4.400000035762787
-144,Tà Hừa,2026-03-08T15:00:00.000,0.0,4.400000035762787
-144,Tà Hừa,2026-03-08T16:00:00.000,0.0,4.400000035762787
-144,Tà Hừa,2026-03-08T17:00:00.000,0.0,4.400000035762787
-144,Tà Hừa,2026-03-08T18:00:00.000,0.0,4.400000035762787
-144,Tà Hừa,2026-03-08T19:00:00.000,0.0,4.400000035762787
-144,Tà Hừa,2026-03-08T20:00:00.000,0.0,4.400000035762787
-144,Tà Hừa,2026-03-08T21:00:00.000,0.0,4.400000035762787
-144,Tà Hừa,2026-03-08T22:00:00.000,0.0,4.400000035762787
-144,Tà Hừa,2026-03-08T23:00:00.000,0.0,4.400000035762787
-144,Tà Hừa,2026-03-09T00:00:00.000,0.0,0.0
-144,Tà Hừa,2026-03-09T01:00:00.000,0.0,0.0
-144,Tà Hừa,2026-03-09T02:00:00.000,1.600000023841858,1.600000023841858
-144,Tà Hừa,2026-03-09T03:00:00.000,0.0,1.600000023841858
-144,Tà Hừa,2026-03-09T04:00:00.000,0.800000011920929,2.400000035762787
-144,Tà Hừa,2026-03-09T05:00:00.000,0.20000000298023224,2.600000038743019
-144,Tà Hừa,2026-03-09T06:00:00.000,0.0,2.600000038743019
-144,Tà Hừa,2026-03-09T07:00:00.000,0.0,2.600000038743019
-144,Tà Hừa,2026-03-09T08:00:00.000,0.0,2.600000038743019
-144,Tà Hừa,2026-03-09T09:00:00.000,0.0,2.600000038743019
-144,Tà Hừa,2026-03-09T10:00:00.000,0.0,2.600000038743019
-144,Tà Hừa,2026-03-09T11:00:00.000,0.0,2.600000038743019
-144,Tà Hừa,2026-03-09T12:00:00.000,0.0,2.600000038743019
-144,Tà Hừa,2026-03-09T13:00:00.000,0.0,2.600000038743019
-144,Tà Hừa,2026-03-09T14:00:00.000,0.0,2.600000038743019
-144,Tà Hừa,2026-03-09T15:00:00.000,0.0,2.600000038743019
-144,Tà Hừa,2026-03-09T16:00:00.000,0.0,2.600000038743019
-144,Tà Hừa,2026-03-09T17:00:00.000,0.0,2.600000038743019
-144,Tà Hừa,2026-03-09T18:00:00.000,0.0,2.600000038743019
-144,Tà Hừa,2026-03-09T19:00:00.000,0.0,2.600000038743019
-144,Tà Hừa,2026-03-09T20:00:00.000,0.0,2.600000038743019
-144,Tà Hừa,2026-03-09T21:00:00.000,0.0,2.600000038743019
-144,Tà Hừa,2026-03-09T22:00:00.000,0.0,2.600000038743019
-144,Tà Hừa,2026-03-09T23:00:00.000,0.0,2.600000038743019
-144,Tà Hừa,2026-03-10T00:00:00.000,0.0,0.0
-144,Tà Hừa,2026-03-10T01:00:00.000,0.0,0.0
-144,Tà Hừa,2026-03-10T02:00:00.000,0.0,0.0
-144,Tà Hừa,2026-03-10T03:00:00.000,0.0,0.0
-144,Tà Hừa,2026-03-10T04:00:00.000,0.0,0.0
-144,Tà Hừa,2026-03-10T05:00:00.000,0.0,0.0
-144,Tà Hừa,2026-03-10T06:00:00.000,0.0,0.0
-144,Tà Hừa,2026-03-10T07:00:00.000,0.0,0.0
-144,Tà Hừa,2026-03-10T08:00:00.000,0.0,0.0
-144,Tà Hừa,2026-03-10T09:00:00.000,0.0,0.0
-144,Tà Hừa,2026-03-10T10:00:00.000,0.0,0.0
-144,Tà Hừa,2026-03-10T11:00:00.000,0.0,0.0
-144,Tà Hừa,2026-03-10T12:00:00.000,0.0,0.0
-144,Tà Hừa,2026-03-10T13:00:00.000,0.0,0.0
-144,Tà Hừa,2026-03-10T14:00:00.000,0.0,0.0
-144,Tà Hừa,2026-03-10T15:00:00.000,0.0,0.0
-144,Tà Hừa,2026-03-10T16:00:00.000,0.0,0.0
-144,Tà Hừa,2026-03-10T17:00:00.000,0.0,0.0
-144,Tà Hừa,2026-03-10T18:00:00.000,0.0,0.0
-144,Tà Hừa,2026-03-10T19:00:00.000,0.0,0.0
-144,Tà Hừa,2026-03-10T20:00:00.000,0.0,0.0
-144,Tà Hừa,2026-03-10T21:00:00.000,0.0,0.0
-144,Tà Hừa,2026-03-10T22:00:00.000,0.0,0.0
-144,Tà Hừa,2026-03-10T23:00:00.000,0.0,0.0
-144,Tà Hừa,2026-03-11T00:00:00.000,0.0,0.0
-144,Tà Hừa,2026-03-11T01:00:00.000,0.0,0.0
-144,Tà Hừa,2026-03-11T02:00:00.000,0.0,0.0
-144,Tà Hừa,2026-03-11T03:00:00.000,0.0,0.0
-144,Tà Hừa,2026-03-11T04:00:00.000,0.0,0.0
-144,Tà Hừa,2026-03-11T05:00:00.000,0.0,0.0
-144,Tà Hừa,2026-03-11T06:00:00.000,0.0,0.0
-144,Tà Hừa,2026-03-11T07:00:00.000,0.0,0.0
-144,Tà Hừa,2026-03-11T08:00:00.000,0.0,0.0
-144,Tà Hừa,2026-03-11T09:00:00.000,0.0,0.0
-144,Tà Hừa,2026-03-11T10:00:00.000,0.0,0.0
-144,Tà Hừa,2026-03-11T11:00:00.000,0.0,0.0
-144,Tà Hừa,2026-03-11T12:00:00.000,0.0,0.0
-144,Tà Hừa,2026-03-11T13:00:00.000,0.0,0.0
-144,Tà Hừa,2026-03-11T14:00:00.000,0.0,0.0
-144,Tà Hừa,2026-03-11T15:00:00.000,0.0,0.0
-144,Tà Hừa,2026-03-11T16:00:00.000,0.0,0.0
-144,Tà Hừa,2026-03-11T17:00:00.000,0.0,0.0
-144,Tà Hừa,2026-03-11T18:00:00.000,0.0,0.0
-144,Tà Hừa,2026-03-11T19:00:00.000,0.0,0.0
-144,Tà Hừa,2026-03-11T20:00:00.000,0.0,0.0
-144,Tà Hừa,2026-03-11T21:00:00.000,0.0,0.0
-144,Tà Hừa,2026-03-11T22:00:00.000,0.0,0.0
-144,Tà Hừa,2026-03-11T23:00:00.000,0.0,0.0
-144,Tà Hừa,2026-03-12T00:00:00.000,0.0,0.0
-144,Tà Hừa,2026-03-12T01:00:00.000,0.0,0.0
-144,Tà Hừa,2026-03-12T02:00:00.000,0.0,0.0
-144,Tà Hừa,2026-03-12T03:00:00.000,0.0,0.0
-144,Tà Hừa,2026-03-12T04:00:00.000,0.0,0.0
-144,Tà Hừa,2026-03-12T05:00:00.000,0.0,0.0
-144,Tà Hừa,2026-03-12T06:00:00.000,0.0,0.0
-144,Tà Hừa,2026-03-12T07:00:00.000,1.399999976158142,1.399999976158142
-144,Tà Hừa,2026-03-12T08:00:00.000,5.599999904632568,6.9999998807907104
-144,Tà Hừa,2026-03-12T09:00:00.000,0.4000000059604645,7.399999886751175
-144,Tà Hừa,2026-03-12T10:00:00.000,0.20000000298023224,7.599999889731407
-144,Tà Hừa,2026-03-12T11:00:00.000,0.0,7.599999889731407
-144,Tà Hừa,2026-03-12T12:00:00.000,0.0,7.599999889731407
-144,Tà Hừa,2026-03-12T13:00:00.000,0.0,7.599999889731407
-144,Tà Hừa,2026-03-12T14:00:00.000,0.20000000298023224,7.799999892711639
-144,Tà Hừa,2026-03-12T15:00:00.000,0.4000000059604645,8.199999898672104
-144,Tà Hừa,2026-03-12T16:00:00.000,1.7999999523162842,9.999999850988388
-144,Tà Hừa,2026-03-12T17:00:00.000,0.4000000059604645,10.399999856948853
-144,Tà Hừa,2026-03-12T18:00:00.000,0.20000000298023224,10.599999859929085
-144,Tà Hừa,2026-03-12T19:00:00.000,0.0,10.599999859929085
-144,Tà Hừa,2026-03-12T20:00:00.000,0.0,10.599999859929085
-144,Tà Hừa,2026-03-12T21:00:00.000,0.0,10.599999859929085
-144,Tà Hừa,2026-03-12T22:00:00.000,0.0,10.599999859929085
-144,Tà Hừa,2026-03-12T23:00:00.000,0.0,10.599999859929085
-144,Tà Hừa,2026-03-13T00:00:00.000,0.0,0.0
-144,Tà Hừa,2026-03-13T01:00:00.000,0.0,0.0
-144,Tà Hừa,2026-03-13T02:00:00.000,0.0,0.0
-144,Tà Hừa,2026-03-13T03:00:00.000,0.0,0.0
-144,Tà Hừa,2026-03-13T04:00:00.000,0.0,0.0
-144,Tà Hừa,2026-03-13T05:00:00.000,0.0,0.0
-144,Tà Hừa,2026-03-13T06:00:00.000,0.0,0.0
-144,Tà Hừa,2026-03-13T07:00:00.000,0.0,0.0
-144,Tà Hừa,2026-03-13T08:00:00.000,0.0,0.0
-144,Tà Hừa,2026-03-13T09:00:00.000,0.0,0.0
-144,Tà Hừa,2026-03-13T10:00:00.000,0.0,0.0
-144,Tà Hừa,2026-03-13T11:00:00.000,0.0,0.0
-144,Tà Hừa,2026-03-13T12:00:00.000,0.0,0.0
-144,Tà Hừa,2026-03-13T13:00:00.000,0.0,0.0
-144,Tà Hừa,2026-03-13T14:00:00.000,0.0,0.0
-144,Tà Hừa,2026-03-13T15:00:00.000,0.0,0.0
-144,Tà Hừa,2026-03-13T16:00:00.000,0.0,0.0
-144,Tà Hừa,2026-03-13T17:00:00.000,0.0,0.0
-144,Tà Hừa,2026-03-13T18:00:00.000,0.0,0.0
-144,Tà Hừa,2026-03-13T19:00:00.000,0.0,0.0
-144,Tà Hừa,2026-03-13T20:00:00.000,0.0,0.0
-144,Tà Hừa,2026-03-13T21:00:00.000,0.0,0.0
-144,Tà Hừa,2026-03-13T22:00:00.000,0.0,0.0
-144,Tà Hừa,2026-03-13T23:00:00.000,0.0,0.0
-144,Tà Hừa,2026-03-14T00:00:00.000,0.0,0.0
-144,Tà Hừa,2026-03-14T01:00:00.000,0.0,0.0
-144,Tà Hừa,2026-03-14T02:00:00.000,0.0,0.0
-144,Tà Hừa,2026-03-14T03:00:00.000,0.0,0.0
-144,Tà Hừa,2026-03-14T04:00:00.000,0.0,0.0
-144,Tà Hừa,2026-03-14T05:00:00.000,0.0,0.0
-144,Tà Hừa,2026-03-14T06:00:00.000,0.0,0.0
-144,Tà Hừa,2026-03-14T07:00:00.000,0.0,0.0
-144,Tà Hừa,2026-03-14T08:00:00.000,0.0,0.0
-144,Tà Hừa,2026-03-14T09:00:00.000,0.0,0.0
-144,Tà Hừa,2026-03-14T10:00:00.000,0.0,0.0
-144,Tà Hừa,2026-03-14T11:00:00.000,0.0,0.0
-144,Tà Hừa,2026-03-14T12:00:00.000,0.0,0.0
-144,Tà Hừa,2026-03-14T13:00:00.000,0.0,0.0
-144,Tà Hừa,2026-03-14T14:00:00.000,0.0,0.0
-144,Tà Hừa,2026-03-14T15:00:00.000,0.0,0.0
-144,Tà Hừa,2026-03-14T16:00:00.000,0.0,0.0
-144,Tà Hừa,2026-03-14T17:00:00.000,0.0,0.0
-144,Tà Hừa,2026-03-14T18:00:00.000,0.0,0.0
-144,Tà Hừa,2026-03-14T19:00:00.000,0.0,0.0
-144,Tà Hừa,2026-03-14T20:00:00.000,0.0,0.0
-144,Tà Hừa,2026-03-14T21:00:00.000,0.0,0.0
-144,Tà Hừa,2026-03-14T22:00:00.000,0.0,0.0
-144,Tà Hừa,2026-03-14T23:00:00.000,0.0,0.0
-144,Tà Hừa,2026-03-15T00:00:00.000,0.0,0.0
-144,Tà Hừa,2026-03-15T01:00:00.000,0.0,0.0
-144,Tà Hừa,2026-03-15T02:00:00.000,0.0,0.0
-144,Tà Hừa,2026-03-15T03:00:00.000,0.0,0.0
-144,Tà Hừa,2026-03-15T04:00:00.000,0.0,0.0
-144,Tà Hừa,2026-03-15T05:00:00.000,0.0,0.0
-144,Tà Hừa,2026-03-15T06:00:00.000,0.0,0.0
-144,Tà Hừa,2026-03-15T07:00:00.000,0.0,0.0
-144,Tà Hừa,2026-03-15T08:00:00.000,0.0,0.0
-144,Tà Hừa,2026-03-15T09:00:00.000,0.0,0.0
-144,Tà Hừa,2026-03-15T10:00:00.000,0.0,0.0
-144,Tà Hừa,2026-03-15T11:00:00.000,0.0,0.0
-144,Tà Hừa,2026-03-15T12:00:00.000,0.0,0.0
-144,Tà Hừa,2026-03-15T13:00:00.000,0.0,0.0
-144,Tà Hừa,2026-03-15T14:00:00.000,0.0,0.0
-144,Tà Hừa,2026-03-15T15:00:00.000,0.0,0.0
-144,Tà Hừa,2026-03-15T16:00:00.000,0.0,0.0
-144,Tà Hừa,2026-03-15T17:00:00.000,0.0,0.0
-144,Tà Hừa,2026-03-15T18:00:00.000,0.0,0.0
-144,Tà Hừa,2026-03-15T19:00:00.000,0.0,0.0
-144,Tà Hừa,2026-03-15T20:00:00.000,0.0,0.0
-144,Tà Hừa,2026-03-15T21:00:00.000,0.0,0.0
-144,Tà Hừa,2026-03-15T22:00:00.000,0.0,0.0
-144,Tà Hừa,2026-03-15T23:00:00.000,8.600000381469727,8.600000381469727
-144,Tà Hừa,2026-03-16T00:00:00.000,0.20000000298023224,8.800000384449959
-144,Tà Hừa,2026-03-16T01:00:00.000,0.0,8.800000384449959
-144,Tà Hừa,2026-03-16T02:00:00.000,0.0,8.800000384449959
-144,Tà Hừa,2026-03-16T03:00:00.000,0.0,8.800000384449959
-144,Tà Hừa,2026-03-16T04:00:00.000,14.199999809265137,23.000000193715096
-144,Tà Hừa,2026-03-16T05:00:00.000,0.20000000298023224,23.200000196695328
-144,Tà Hừa,2026-03-16T06:00:00.000,0.0,23.200000196695328
-144,Tà Hừa,2026-03-16T07:00:00.000,0.0,23.200000196695328
-144,Tà Hừa,2026-03-16T08:00:00.000,0.0,23.200000196695328
-144,Tà Hừa,2026-03-16T09:00:00.000,0.0,23.200000196695328
-144,Tà Hừa,2026-03-16T10:00:00.000,0.0,23.200000196695328
-144,Tà Hừa,2026-03-16T11:00:00.000,0.0,23.200000196695328
-144,Tà Hừa,2026-03-16T12:00:00.000,0.0,23.200000196695328
-144,Tà Hừa,2026-03-16T13:00:00.000,0.0,23.200000196695328
-144,Tà Hừa,2026-03-16T14:00:00.000,0.0,23.200000196695328
-144,Tà Hừa,2026-03-16T15:00:00.000,0.0,23.200000196695328
-144,Tà Hừa,2026-03-16T16:00:00.000,0.0,23.200000196695328
-144,Tà Hừa,2026-03-16T17:00:00.000,0.0,23.200000196695328
-144,Tà Hừa,2026-03-16T18:00:00.000,0.0,23.200000196695328
-144,Tà Hừa,2026-03-16T19:00:00.000,0.0,23.200000196695328
-144,Tà Hừa,2026-03-16T20:00:00.000,,23.200000196695328
-144,Tà Hừa,2026-03-16T21:00:00.000,,23.200000196695328
-144,Tà Hừa,2026-03-16T22:00:00.000,0.0,23.200000196695328
-144,Tà Hừa,2026-03-16T23:00:00.000,0.0,23.200000196695328
-144,Tà Hừa,2026-03-17T00:00:00.000,0.0,0.0
-144,Tà Hừa,2026-03-17T01:00:00.000,0.0,0.0
-144,Tà Hừa,2026-03-17T02:00:00.000,0.0,0.0
-144,Tà Hừa,2026-03-17T03:00:00.000,0.0,0.0
-144,Tà Hừa,2026-03-17T04:00:00.000,0.0,0.0
-144,Tà Hừa,2026-03-17T05:00:00.000,0.0,0.0
-144,Tà Hừa,2026-03-17T06:00:00.000,0.0,0.0
-144,Tà Hừa,2026-03-17T07:00:00.000,0.0,0.0
-144,Tà Hừa,2026-03-17T08:00:00.000,0.0,0.0
-144,Tà Hừa,2026-03-17T09:00:00.000,0.0,0.0
-144,Tà Hừa,2026-03-17T10:00:00.000,0.0,0.0
-144,Tà Hừa,2026-03-17T11:00:00.000,0.0,0.0
-144,Tà Hừa,2026-03-17T12:00:00.000,0.0,0.0
-144,Tà Hừa,2026-03-17T13:00:00.000,,0.0
-144,Tà Hừa,2026-03-17T14:00:00.000,0.0,0.0
-144,Tà Hừa,2026-03-17T15:00:00.000,0.0,0.0
-144,Tà Hừa,2026-03-17T16:00:00.000,0.0,0.0
-144,Tà Hừa,2026-03-17T17:00:00.000,0.0,0.0
-144,Tà Hừa,2026-03-17T18:00:00.000,0.0,0.0
-144,Tà Hừa,2026-03-17T19:00:00.000,0.0,0.0
-144,Tà Hừa,2026-03-17T20:00:00.000,0.0,0.0
-144,Tà Hừa,2026-03-17T21:00:00.000,0.0,0.0
-144,Tà Hừa,2026-03-17T22:00:00.000,0.0,0.0
-144,Tà Hừa,2026-03-17T23:00:00.000,0.0,0.0
-144,Tà Hừa,2026-03-18T00:00:00.000,0.0,0.0
-144,Tà Hừa,2026-03-18T01:00:00.000,0.0,0.0
-144,Tà Hừa,2026-03-18T02:00:00.000,0.0,0.0
-144,Tà Hừa,2026-03-18T03:00:00.000,0.0,0.0
-144,Tà Hừa,2026-03-18T04:00:00.000,0.0,0.0
-144,Tà Hừa,2026-03-18T05:00:00.000,0.0,0.0
-144,Tà Hừa,2026-03-18T06:00:00.000,0.0,0.0
-144,Tà Hừa,2026-03-18T07:00:00.000,0.0,0.0
-144,Tà Hừa,2026-03-18T08:00:00.000,0.0,0.0
-144,Tà Hừa,2026-03-18T09:00:00.000,0.0,0.0
-144,Tà Hừa,2026-03-18T10:00:00.000,0.0,0.0
-144,Tà Hừa,2026-03-18T11:00:00.000,0.0,0.0
-144,Tà Hừa,2026-03-18T12:00:00.000,0.0,0.0
-144,Tà Hừa,2026-03-18T13:00:00.000,0.0,0.0
-144,Tà Hừa,2026-03-18T14:00:00.000,0.0,0.0
-144,Tà Hừa,2026-03-18T15:00:00.000,0.0,0.0
-144,Tà Hừa,2026-03-18T16:00:00.000,0.0,0.0
-144,Tà Hừa,2026-03-18T17:00:00.000,0.0,0.0
-144,Tà Hừa,2026-03-18T18:00:00.000,0.0,0.0
-144,Tà Hừa,2026-03-18T19:00:00.000,0.0,0.0
-144,Tà Hừa,2026-03-18T20:00:00.000,0.0,0.0
-144,Tà Hừa,2026-03-18T21:00:00.000,0.0,0.0
-144,Tà Hừa,2026-03-18T22:00:00.000,0.0,0.0
-144,Tà Hừa,2026-03-18T23:00:00.000,0.0,0.0
-144,Tà Hừa,2026-03-19T00:00:00.000,0.0,0.0
-144,Tà Hừa,2026-03-19T01:00:00.000,0.0,0.0
-144,Tà Hừa,2026-03-19T02:00:00.000,0.0,0.0
-144,Tà Hừa,2026-03-19T03:00:00.000,0.0,0.0
-144,Tà Hừa,2026-03-19T04:00:00.000,0.0,0.0
-144,Tà Hừa,2026-03-19T05:00:00.000,0.0,0.0
-144,Tà Hừa,2026-03-19T06:00:00.000,0.0,0.0
-144,Tà Hừa,2026-03-19T07:00:00.000,0.0,0.0
-144,Tà Hừa,2026-03-19T08:00:00.000,0.0,0.0
-144,Tà Hừa,2026-03-19T09:00:00.000,0.0,0.0
-144,Tà Hừa,2026-03-19T10:00:00.000,0.0,0.0
-144,Tà Hừa,2026-03-19T11:00:00.000,0.0,0.0
-144,Tà Hừa,2026-03-19T12:00:00.000,0.0,0.0
-144,Tà Hừa,2026-03-19T13:00:00.000,0.0,0.0
-144,Tà Hừa,2026-03-19T14:00:00.000,0.0,0.0
-144,Tà Hừa,2026-03-19T15:00:00.000,0.0,0.0
-144,Tà Hừa,2026-03-19T16:00:00.000,0.0,0.0
-144,Tà Hừa,2026-03-19T17:00:00.000,0.0,0.0
-144,Tà Hừa,2026-03-19T18:00:00.000,0.0,0.0
-144,Tà Hừa,2026-03-19T19:00:00.000,0.0,0.0
-144,Tà Hừa,2026-03-19T20:00:00.000,0.0,0.0
-144,Tà Hừa,2026-03-19T21:00:00.000,0.0,0.0
-144,Tà Hừa,2026-03-19T22:00:00.000,0.0,0.0
-144,Tà Hừa,2026-03-19T23:00:00.000,0.0,0.0
-144,Tà Hừa,2026-03-20T00:00:00.000,0.0,0.0
-144,Tà Hừa,2026-03-20T01:00:00.000,0.0,0.0
-144,Tà Hừa,2026-03-20T02:00:00.000,0.0,0.0
-144,Tà Hừa,2026-03-20T03:00:00.000,0.0,0.0
-144,Tà Hừa,2026-03-20T04:00:00.000,0.0,0.0
-144,Tà Hừa,2026-03-20T05:00:00.000,0.0,0.0
-144,Tà Hừa,2026-03-20T06:00:00.000,0.0,0.0
-144,Tà Hừa,2026-03-20T07:00:00.000,0.0,0.0
-144,Tà Hừa,2026-03-20T08:00:00.000,0.0,0.0
-144,Tà Hừa,2026-03-20T09:00:00.000,0.0,0.0
-144,Tà Hừa,2026-03-20T10:00:00.000,0.0,0.0
-144,Tà Hừa,2026-03-20T11:00:00.000,0.0,0.0
-144,Tà Hừa,2026-03-20T12:00:00.000,0.0,0.0
-144,Tà Hừa,2026-03-20T13:00:00.000,0.0,0.0
-144,Tà Hừa,2026-03-20T14:00:00.000,0.0,0.0
-144,Tà Hừa,2026-03-20T15:00:00.000,0.0,0.0
-144,Tà Hừa,2026-03-20T16:00:00.000,0.0,0.0
-144,Tà Hừa,2026-03-20T17:00:00.000,0.0,0.0
-144,Tà Hừa,2026-03-20T18:00:00.000,0.0,0.0
-144,Tà Hừa,2026-03-20T19:00:00.000,0.0,0.0
-144,Tà Hừa,2026-03-20T20:00:00.000,0.0,0.0
-144,Tà Hừa,2026-03-20T21:00:00.000,0.0,0.0
-144,Tà Hừa,2026-03-20T22:00:00.000,0.0,0.0
-144,Tà Hừa,2026-03-20T23:00:00.000,0.0,0.0
-144,Tà Hừa,2026-03-21T00:00:00.000,0.0,0.0
-144,Tà Hừa,2026-03-21T01:00:00.000,0.0,0.0
-144,Tà Hừa,2026-03-21T02:00:00.000,0.0,0.0
-144,Tà Hừa,2026-03-21T03:00:00.000,0.0,0.0
-144,Tà Hừa,2026-03-21T04:00:00.000,0.0,0.0
-144,Tà Hừa,2026-03-21T05:00:00.000,0.0,0.0
-144,Tà Hừa,2026-03-21T06:00:00.000,0.0,0.0
-144,Tà Hừa,2026-03-21T07:00:00.000,0.0,0.0
-144,Tà Hừa,2026-03-21T08:00:00.000,0.0,0.0
-144,Tà Hừa,2026-03-21T09:00:00.000,0.0,0.0
-144,Tà Hừa,2026-03-21T10:00:00.000,0.0,0.0
-144,Tà Hừa,2026-03-21T11:00:00.000,0.0,0.0
-144,Tà Hừa,2026-03-21T12:00:00.000,0.0,0.0
-144,Tà Hừa,2026-03-21T13:00:00.000,0.0,0.0
-144,Tà Hừa,2026-03-21T14:00:00.000,0.0,0.0
-144,Tà Hừa,2026-03-21T15:00:00.000,0.0,0.0
-144,Tà Hừa,2026-03-21T16:00:00.000,0.0,0.0
-144,Tà Hừa,2026-03-21T17:00:00.000,0.0,0.0
-144,Tà Hừa,2026-03-21T18:00:00.000,0.0,0.0
-144,Tà Hừa,2026-03-21T19:00:00.000,0.0,0.0
-144,Tà Hừa,2026-03-21T20:00:00.000,0.0,0.0
-144,Tà Hừa,2026-03-21T21:00:00.000,0.0,0.0
-144,Tà Hừa,2026-03-21T22:00:00.000,0.0,0.0
-144,Tà Hừa,2026-03-21T23:00:00.000,0.0,0.0
-144,Tà Hừa,2026-03-22T00:00:00.000,0.0,0.0
-144,Tà Hừa,2026-03-22T01:00:00.000,0.0,0.0
-144,Tà Hừa,2026-03-22T02:00:00.000,0.0,0.0
-144,Tà Hừa,2026-03-22T03:00:00.000,0.0,0.0
-144,Tà Hừa,2026-03-22T04:00:00.000,0.0,0.0
-144,Tà Hừa,2026-03-22T05:00:00.000,0.0,0.0
-144,Tà Hừa,2026-03-22T06:00:00.000,0.0,0.0
-144,Tà Hừa,2026-03-22T07:00:00.000,0.0,0.0
-144,Tà Hừa,2026-03-22T08:00:00.000,0.0,0.0
-144,Tà Hừa,2026-03-22T09:00:00.000,0.0,0.0
-144,Tà Hừa,2026-03-22T10:00:00.000,0.0,0.0
-144,Tà Hừa,2026-03-22T11:00:00.000,0.0,0.0
-144,Tà Hừa,2026-03-22T12:00:00.000,0.0,0.0
-144,Tà Hừa,2026-03-22T13:00:00.000,0.0,0.0
-144,Tà Hừa,2026-03-22T14:00:00.000,0.0,0.0
-144,Tà Hừa,2026-03-22T15:00:00.000,0.0,0.0
-144,Tà Hừa,2026-03-22T16:00:00.000,0.0,0.0
-144,Tà Hừa,2026-03-22T17:00:00.000,0.0,0.0
-144,Tà Hừa,2026-03-22T18:00:00.000,0.0,0.0
-144,Tà Hừa,2026-03-22T19:00:00.000,0.0,0.0
-144,Tà Hừa,2026-03-22T20:00:00.000,0.0,0.0
-144,Tà Hừa,2026-03-22T21:00:00.000,2.4000000953674316,2.4000000953674316
-144,Tà Hừa,2026-03-22T22:00:00.000,0.20000000298023224,2.600000098347664
-144,Tà Hừa,2026-03-22T23:00:00.000,0.0,2.600000098347664
-144,Tà Hừa,2026-03-23T00:00:00.000,0.0,2.600000098347664
-144,Tà Hừa,2026-03-23T01:00:00.000,0.0,2.600000098347664
-144,Tà Hừa,2026-03-23T02:00:00.000,0.0,2.600000098347664
-144,Tà Hừa,2026-03-23T03:00:00.000,0.0,2.600000098347664
-144,Tà Hừa,2026-03-23T04:00:00.000,0.0,2.600000098347664
-144,Tà Hừa,2026-03-23T05:00:00.000,0.0,2.600000098347664
-144,Tà Hừa,2026-03-23T06:00:00.000,0.20000000298023224,2.800000101327896
-144,Tà Hừa,2026-03-23T07:00:00.000,0.0,2.800000101327896
-144,Tà Hừa,2026-03-23T08:00:00.000,0.0,2.800000101327896
-144,Tà Hừa,2026-03-23T09:00:00.000,0.0,2.800000101327896
-144,Tà Hừa,2026-03-23T10:00:00.000,0.0,2.800000101327896
-144,Tà Hừa,2026-03-23T11:00:00.000,0.0,2.800000101327896
-144,Tà Hừa,2026-03-23T12:00:00.000,0.0,2.800000101327896
-144,Tà Hừa,2026-03-23T13:00:00.000,0.0,2.800000101327896
-144,Tà Hừa,2026-03-23T14:00:00.000,0.0,2.800000101327896
-144,Tà Hừa,2026-03-23T15:00:00.000,0.0,2.800000101327896
-144,Tà Hừa,2026-03-23T16:00:00.000,0.0,2.800000101327896
-144,Tà Hừa,2026-03-23T17:00:00.000,0.0,2.800000101327896
-144,Tà Hừa,2026-03-23T18:00:00.000,0.0,2.800000101327896
-144,Tà Hừa,2026-03-23T19:00:00.000,0.0,2.800000101327896
-144,Tà Hừa,2026-03-23T20:00:00.000,0.0,2.800000101327896
-144,Tà Hừa,2026-03-23T21:00:00.000,0.0,2.800000101327896
-144,Tà Hừa,2026-03-23T22:00:00.000,0.0,2.800000101327896
-144,Tà Hừa,2026-03-23T23:00:00.000,0.0,2.800000101327896
-144,Tà Hừa,2026-03-24T00:00:00.000,0.0,0.0
-144,Tà Hừa,2026-03-24T01:00:00.000,0.0,0.0
-144,Tà Hừa,2026-03-24T02:00:00.000,0.0,0.0
-144,Tà Hừa,2026-03-24T03:00:00.000,0.0,0.0
-144,Tà Hừa,2026-03-24T04:00:00.000,0.0,0.0
-144,Tà Hừa,2026-03-24T05:00:00.000,0.0,0.0
-144,Tà Hừa,2026-03-24T06:00:00.000,0.0,0.0
-144,Tà Hừa,2026-03-24T07:00:00.000,0.0,0.0
-144,Tà Hừa,2026-03-24T08:00:00.000,0.0,0.0
-144,Tà Hừa,2026-03-24T09:00:00.000,0.0,0.0
-144,Tà Hừa,2026-03-24T10:00:00.000,0.0,0.0
-144,Tà Hừa,2026-03-24T11:00:00.000,0.0,0.0
-144,Tà Hừa,2026-03-24T12:00:00.000,0.0,0.0
-144,Tà Hừa,2026-03-24T13:00:00.000,0.0,0.0
-144,Tà Hừa,2026-03-24T14:00:00.000,0.0,0.0
-144,Tà Hừa,2026-03-24T15:00:00.000,0.0,0.0
-144,Tà Hừa,2026-03-24T16:00:00.000,0.0,0.0
-144,Tà Hừa,2026-03-24T17:00:00.000,0.0,0.0
-144,Tà Hừa,2026-03-24T18:00:00.000,0.0,0.0
-144,Tà Hừa,2026-03-24T19:00:00.000,0.0,0.0
-144,Tà Hừa,2026-03-24T20:00:00.000,0.0,0.0
-144,Tà Hừa,2026-03-24T21:00:00.000,0.0,0.0
-144,Tà Hừa,2026-03-24T22:00:00.000,0.0,0.0
-144,Tà Hừa,2026-03-24T23:00:00.000,0.0,0.0
-144,Tà Hừa,2026-03-25T00:00:00.000,0.0,0.0
-144,Tà Hừa,2026-03-25T01:00:00.000,0.0,0.0
-144,Tà Hừa,2026-03-25T02:00:00.000,0.0,0.0
-144,Tà Hừa,2026-03-25T03:00:00.000,0.0,0.0
-144,Tà Hừa,2026-03-25T04:00:00.000,0.0,0.0
-144,Tà Hừa,2026-03-25T05:00:00.000,0.0,0.0
-144,Tà Hừa,2026-03-25T06:00:00.000,0.0,0.0
-144,Tà Hừa,2026-03-25T07:00:00.000,0.0,0.0
-144,Tà Hừa,2026-03-25T08:00:00.000,0.0,0.0
-144,Tà Hừa,2026-03-25T09:00:00.000,0.0,0.0
-144,Tà Hừa,2026-03-25T10:00:00.000,0.0,0.0
-144,Tà Hừa,2026-03-25T11:00:00.000,0.0,0.0
-144,Tà Hừa,2026-03-25T12:00:00.000,0.0,0.0
-144,Tà Hừa,2026-03-25T13:00:00.000,0.0,0.0
-144,Tà Hừa,2026-03-25T14:00:00.000,0.0,0.0
-144,Tà Hừa,2026-03-25T15:00:00.000,0.0,0.0
-144,Tà Hừa,2026-03-25T16:00:00.000,0.0,0.0
-144,Tà Hừa,2026-03-25T17:00:00.000,0.0,0.0
-144,Tà Hừa,2026-03-25T18:00:00.000,0.0,0.0
-144,Tà Hừa,2026-03-25T19:00:00.000,0.0,0.0
-144,Tà Hừa,2026-03-25T20:00:00.000,0.0,0.0
-144,Tà Hừa,2026-03-25T21:00:00.000,0.0,0.0
-144,Tà Hừa,2026-03-25T22:00:00.000,0.0,0.0
-144,Tà Hừa,2026-03-25T23:00:00.000,0.0,0.0
-144,Tà Hừa,2026-03-26T00:00:00.000,0.0,0.0
-144,Tà Hừa,2026-03-26T01:00:00.000,0.0,0.0
-144,Tà Hừa,2026-03-26T02:00:00.000,0.0,0.0
-144,Tà Hừa,2026-03-26T03:00:00.000,0.0,0.0
-144,Tà Hừa,2026-03-26T04:00:00.000,0.0,0.0
-144,Tà Hừa,2026-03-26T05:00:00.000,0.0,0.0
-144,Tà Hừa,2026-03-26T06:00:00.000,0.0,0.0
-144,Tà Hừa,2026-03-26T07:00:00.000,0.0,0.0
-144,Tà Hừa,2026-03-26T08:00:00.000,0.0,0.0
-144,Tà Hừa,2026-03-26T09:00:00.000,0.0,0.0
-144,Tà Hừa,2026-03-26T10:00:00.000,0.0,0.0
-144,Tà Hừa,2026-03-26T11:00:00.000,0.0,0.0
-144,Tà Hừa,2026-03-26T12:00:00.000,0.0,0.0
-144,Tà Hừa,2026-03-26T13:00:00.000,0.0,0.0
-144,Tà Hừa,2026-03-26T14:00:00.000,0.0,0.0
-144,Tà Hừa,2026-03-26T15:00:00.000,0.0,0.0
-144,Tà Hừa,2026-03-26T16:00:00.000,0.0,0.0
-144,Tà Hừa,2026-03-26T17:00:00.000,0.0,0.0
-144,Tà Hừa,2026-03-26T18:00:00.000,0.0,0.0
-144,Tà Hừa,2026-03-26T19:00:00.000,0.0,0.0
-144,Tà Hừa,2026-03-26T20:00:00.000,0.0,0.0
-144,Tà Hừa,2026-03-26T21:00:00.000,0.0,0.0
-144,Tà Hừa,2026-03-26T22:00:00.000,0.0,0.0
-144,Tà Hừa,2026-03-26T23:00:00.000,0.0,0.0
-144,Tà Hừa,2026-03-27T00:00:00.000,0.0,0.0
-144,Tà Hừa,2026-03-27T01:00:00.000,0.0,0.0
-144,Tà Hừa,2026-03-27T02:00:00.000,0.0,0.0
-144,Tà Hừa,2026-03-27T03:00:00.000,0.0,0.0
-144,Tà Hừa,2026-03-27T04:00:00.000,0.0,0.0
-144,Tà Hừa,2026-03-27T05:00:00.000,0.0,0.0
-144,Tà Hừa,2026-03-27T06:00:00.000,0.0,0.0
-144,Tà Hừa,2026-03-27T07:00:00.000,0.0,0.0
-144,Tà Hừa,2026-03-27T08:00:00.000,0.0,0.0
-144,Tà Hừa,2026-03-27T09:00:00.000,0.0,0.0
-144,Tà Hừa,2026-03-27T10:00:00.000,0.0,0.0
-144,Tà Hừa,2026-03-27T11:00:00.000,0.0,0.0
-144,Tà Hừa,2026-03-27T12:00:00.000,0.0,0.0
-144,Tà Hừa,2026-03-27T13:00:00.000,0.0,0.0
-144,Tà Hừa,2026-03-27T14:00:00.000,0.0,0.0
-144,Tà Hừa,2026-03-27T15:00:00.000,0.0,0.0
-144,Tà Hừa,2026-03-27T16:00:00.000,0.0,0.0
-144,Tà Hừa,2026-03-27T17:00:00.000,0.0,0.0
-144,Tà Hừa,2026-03-27T18:00:00.000,0.0,0.0
-144,Tà Hừa,2026-03-27T19:00:00.000,0.0,0.0
-144,Tà Hừa,2026-03-27T20:00:00.000,0.0,0.0
-144,Tà Hừa,2026-03-27T21:00:00.000,0.0,0.0
-144,Tà Hừa,2026-03-27T22:00:00.000,0.0,0.0
-144,Tà Hừa,2026-03-27T23:00:00.000,0.0,0.0
-144,Tà Hừa,2026-03-28T00:00:00.000,0.0,0.0
-144,Tà Hừa,2026-03-28T01:00:00.000,0.0,0.0
-144,Tà Hừa,2026-03-28T02:00:00.000,0.0,0.0
-144,Tà Hừa,2026-03-28T03:00:00.000,0.0,0.0
-144,Tà Hừa,2026-03-28T04:00:00.000,0.0,0.0
-144,Tà Hừa,2026-03-28T05:00:00.000,0.0,0.0
-144,Tà Hừa,2026-03-28T06:00:00.000,0.0,0.0
-144,Tà Hừa,2026-03-28T07:00:00.000,0.0,0.0
-144,Tà Hừa,2026-03-28T08:00:00.000,0.0,0.0
-144,Tà Hừa,2026-03-28T09:00:00.000,0.0,0.0
-144,Tà Hừa,2026-03-28T10:00:00.000,0.0,0.0
-144,Tà Hừa,2026-03-28T11:00:00.000,0.0,0.0
-144,Tà Hừa,2026-03-28T12:00:00.000,0.0,0.0
-144,Tà Hừa,2026-03-28T13:00:00.000,0.0,0.0
-144,Tà Hừa,2026-03-28T14:00:00.000,0.0,0.0
-144,Tà Hừa,2026-03-28T15:00:00.000,0.0,0.0
-144,Tà Hừa,2026-03-28T16:00:00.000,0.0,0.0
-144,Tà Hừa,2026-03-28T17:00:00.000,0.0,0.0
-144,Tà Hừa,2026-03-28T18:00:00.000,0.0,0.0
-144,Tà Hừa,2026-03-28T19:00:00.000,0.0,0.0
-144,Tà Hừa,2026-03-28T20:00:00.000,0.0,0.0
-144,Tà Hừa,2026-03-28T21:00:00.000,0.0,0.0
-144,Tà Hừa,2026-03-28T22:00:00.000,0.0,0.0
-144,Tà Hừa,2026-03-28T23:00:00.000,0.0,0.0
-144,Tà Hừa,2026-03-29T00:00:00.000,0.0,0.0
-144,Tà Hừa,2026-03-29T01:00:00.000,0.0,0.0
-144,Tà Hừa,2026-03-29T02:00:00.000,0.0,0.0
-144,Tà Hừa,2026-03-29T03:00:00.000,0.0,0.0
-144,Tà Hừa,2026-03-29T04:00:00.000,0.0,0.0
-144,Tà Hừa,2026-03-29T05:00:00.000,0.0,0.0
-144,Tà Hừa,2026-03-29T06:00:00.000,0.0,0.0
-144,Tà Hừa,2026-03-29T07:00:00.000,0.0,0.0
-144,Tà Hừa,2026-03-29T08:00:00.000,0.0,0.0
-144,Tà Hừa,2026-03-29T09:00:00.000,0.0,0.0
-144,Tà Hừa,2026-03-29T10:00:00.000,0.0,0.0
-144,Tà Hừa,2026-03-29T11:00:00.000,0.0,0.0
-144,Tà Hừa,2026-03-29T12:00:00.000,0.0,0.0
-144,Tà Hừa,2026-03-29T13:00:00.000,0.0,0.0
-144,Tà Hừa,2026-03-29T14:00:00.000,0.0,0.0
-144,Tà Hừa,2026-03-29T15:00:00.000,0.0,0.0
-144,Tà Hừa,2026-03-29T16:00:00.000,0.0,0.0
-144,Tà Hừa,2026-03-29T17:00:00.000,0.0,0.0
-144,Tà Hừa,2026-03-29T18:00:00.000,0.0,0.0
-144,Tà Hừa,2026-03-29T19:00:00.000,0.0,0.0
-144,Tà Hừa,2026-03-29T20:00:00.000,0.0,0.0
-144,Tà Hừa,2026-03-29T21:00:00.000,0.0,0.0
-144,Tà Hừa,2026-03-29T22:00:00.000,0.0,0.0
-144,Tà Hừa,2026-03-29T23:00:00.000,0.0,0.0
-144,Tà Hừa,2026-03-30T00:00:00.000,0.0,0.0
-144,Tà Hừa,2026-03-30T01:00:00.000,0.0,0.0
-144,Tà Hừa,2026-03-30T02:00:00.000,0.0,0.0
-144,Tà Hừa,2026-03-30T03:00:00.000,0.0,0.0
-144,Tà Hừa,2026-03-30T04:00:00.000,0.0,0.0
-144,Tà Hừa,2026-03-30T05:00:00.000,0.0,0.0
-144,Tà Hừa,2026-03-30T06:00:00.000,0.0,0.0
-144,Tà Hừa,2026-03-30T07:00:00.000,0.0,0.0
-144,Tà Hừa,2026-03-30T08:00:00.000,0.0,0.0
-144,Tà Hừa,2026-03-30T09:00:00.000,0.0,0.0
-144,Tà Hừa,2026-03-30T10:00:00.000,0.0,0.0
-144,Tà Hừa,2026-03-30T11:00:00.000,0.0,0.0
-144,Tà Hừa,2026-03-30T12:00:00.000,0.0,0.0
-144,Tà Hừa,2026-03-30T13:00:00.000,0.0,0.0
-144,Tà Hừa,2026-03-30T14:00:00.000,0.0,0.0
-144,Tà Hừa,2026-03-30T15:00:00.000,0.0,0.0
-144,Tà Hừa,2026-03-30T16:00:00.000,0.0,0.0
-144,Tà Hừa,2026-03-30T17:00:00.000,0.0,0.0
-144,Tà Hừa,2026-03-30T18:00:00.000,0.0,0.0
-144,Tà Hừa,2026-03-30T19:00:00.000,0.0,0.0
-144,Tà Hừa,2026-03-30T20:00:00.000,0.0,0.0
-144,Tà Hừa,2026-03-30T21:00:00.000,0.0,0.0
-144,Tà Hừa,2026-03-30T22:00:00.000,0.0,0.0
-144,Tà Hừa,2026-03-30T23:00:00.000,0.0,0.0
-144,Tà Hừa,2026-03-31T00:00:00.000,0.0,0.0
-144,Tà Hừa,2026-03-31T01:00:00.000,0.0,0.0
-144,Tà Hừa,2026-03-31T02:00:00.000,0.0,0.0
-144,Tà Hừa,2026-03-31T03:00:00.000,0.0,0.0
-144,Tà Hừa,2026-03-31T04:00:00.000,0.0,0.0
-144,Tà Hừa,2026-03-31T05:00:00.000,0.0,0.0
-144,Tà Hừa,2026-03-31T06:00:00.000,0.0,0.0
-144,Tà Hừa,2026-03-31T07:00:00.000,0.0,0.0
-144,Tà Hừa,2026-03-31T08:00:00.000,0.0,0.0
-144,Tà Hừa,2026-03-31T09:00:00.000,0.0,0.0
-144,Tà Hừa,2026-03-31T10:00:00.000,0.0,0.0
-144,Tà Hừa,2026-03-31T11:00:00.000,0.0,0.0
-144,Tà Hừa,2026-03-31T12:00:00.000,0.0,0.0
-144,Tà Hừa,2026-03-31T13:00:00.000,0.0,0.0
-144,Tà Hừa,2026-03-31T14:00:00.000,0.0,0.0
-144,Tà Hừa,2026-03-31T15:00:00.000,0.0,0.0
-144,Tà Hừa,2026-03-31T16:00:00.000,0.0,0.0
-144,Tà Hừa,2026-03-31T17:00:00.000,0.0,0.0
-144,Tà Hừa,2026-03-31T18:00:00.000,0.0,0.0
-144,Tà Hừa,2026-03-31T19:00:00.000,0.0,0.0
-144,Tà Hừa,2026-03-31T20:00:00.000,0.0,0.0
-144,Tà Hừa,2026-03-31T21:00:00.000,0.0,0.0
-144,Tà Hừa,2026-03-31T22:00:00.000,0.0,0.0
-144,Tà Hừa,2026-03-31T23:00:00.000,0.0,0.0
-144,Tà Hừa,2026-04-01T00:00:00.000,0.0,0.0
-144,Tà Hừa,2026-04-01T01:00:00.000,0.0,0.0
-144,Tà Hừa,2026-04-01T02:00:00.000,0.0,0.0
-144,Tà Hừa,2026-04-01T03:00:00.000,0.0,0.0
-144,Tà Hừa,2026-04-01T04:00:00.000,0.0,0.0
-144,Tà Hừa,2026-04-01T05:00:00.000,0.0,0.0
-144,Tà Hừa,2026-04-01T06:00:00.000,0.0,0.0
-144,Tà Hừa,2026-04-01T07:00:00.000,0.0,0.0
-144,Tà Hừa,2026-04-01T08:00:00.000,0.0,0.0
-144,Tà Hừa,2026-04-01T09:00:00.000,0.0,0.0
-144,Tà Hừa,2026-04-01T10:00:00.000,0.0,0.0
-144,Tà Hừa,2026-04-01T11:00:00.000,0.0,0.0
-144,Tà Hừa,2026-04-01T12:00:00.000,0.0,0.0
-144,Tà Hừa,2026-04-01T13:00:00.000,0.0,0.0
-144,Tà Hừa,2026-04-01T14:00:00.000,0.0,0.0
-144,Tà Hừa,2026-04-01T15:00:00.000,0.0,0.0
-144,Tà Hừa,2026-04-01T16:00:00.000,0.0,0.0
-144,Tà Hừa,2026-04-01T17:00:00.000,0.0,0.0
-144,Tà Hừa,2026-04-01T18:00:00.000,0.0,0.0
-144,Tà Hừa,2026-04-01T19:00:00.000,0.0,0.0
-144,Tà Hừa,2026-04-01T20:00:00.000,0.0,0.0
-144,Tà Hừa,2026-04-01T21:00:00.000,0.0,0.0
-144,Tà Hừa,2026-04-01T22:00:00.000,0.0,0.0
-144,Tà Hừa,2026-04-01T23:00:00.000,0.0,0.0
-144,Tà Hừa,2026-04-02T00:00:00.000,0.0,0.0
-144,Tà Hừa,2026-04-02T01:00:00.000,0.0,0.0
-144,Tà Hừa,2026-04-02T02:00:00.000,0.0,0.0
-144,Tà Hừa,2026-04-02T03:00:00.000,0.0,0.0
-144,Tà Hừa,2026-04-02T04:00:00.000,0.0,0.0
-144,Tà Hừa,2026-04-02T05:00:00.000,0.0,0.0
-144,Tà Hừa,2026-04-02T06:00:00.000,0.0,0.0
-144,Tà Hừa,2026-04-02T07:00:00.000,0.0,0.0
-144,Tà Hừa,2026-04-02T08:00:00.000,0.0,0.0
-144,Tà Hừa,2026-04-02T09:00:00.000,0.0,0.0
-144,Tà Hừa,2026-04-02T10:00:00.000,0.0,0.0
-144,Tà Hừa,2026-04-02T11:00:00.000,0.0,0.0
-144,Tà Hừa,2026-04-02T12:00:00.000,0.0,0.0
-144,Tà Hừa,2026-04-02T13:00:00.000,0.0,0.0
-144,Tà Hừa,2026-04-02T14:00:00.000,0.0,0.0
-144,Tà Hừa,2026-04-02T15:00:00.000,0.0,0.0
-144,Tà Hừa,2026-04-02T16:00:00.000,0.0,0.0
-144,Tà Hừa,2026-04-02T17:00:00.000,0.0,0.0
-144,Tà Hừa,2026-04-02T18:00:00.000,0.20000000298023224,0.20000000298023224
-144,Tà Hừa,2026-04-02T19:00:00.000,1.600000023841858,1.8000000268220901
-144,Tà Hừa,2026-04-02T20:00:00.000,0.0,1.8000000268220901
-144,Tà Hừa,2026-04-02T21:00:00.000,0.0,1.8000000268220901
-144,Tà Hừa,2026-04-02T22:00:00.000,0.0,1.8000000268220901
-144,Tà Hừa,2026-04-02T23:00:00.000,0.20000000298023224,2.0000000298023224
-144,Tà Hừa,2026-04-03T00:00:00.000,0.0,0.20000000298023224
-144,Tà Hừa,2026-04-03T01:00:00.000,0.0,0.20000000298023224
-144,Tà Hừa,2026-04-03T02:00:00.000,0.0,0.20000000298023224
-144,Tà Hừa,2026-04-03T03:00:00.000,0.0,0.20000000298023224
-144,Tà Hừa,2026-04-03T04:00:00.000,0.0,0.20000000298023224
-144,Tà Hừa,2026-04-03T05:00:00.000,0.0,0.20000000298023224
-144,Tà Hừa,2026-04-03T06:00:00.000,0.0,0.20000000298023224
-144,Tà Hừa,2026-04-03T07:00:00.000,0.0,0.20000000298023224
-144,Tà Hừa,2026-04-03T08:00:00.000,0.0,0.20000000298023224
-144,Tà Hừa,2026-04-03T09:00:00.000,0.0,0.20000000298023224
-144,Tà Hừa,2026-04-03T10:00:00.000,0.0,0.20000000298023224
-144,Tà Hừa,2026-04-03T11:00:00.000,0.0,0.20000000298023224
-144,Tà Hừa,2026-04-03T12:00:00.000,0.0,0.20000000298023224
-144,Tà Hừa,2026-04-03T13:00:00.000,0.0,0.20000000298023224
-144,Tà Hừa,2026-04-03T14:00:00.000,0.0,0.20000000298023224
-144,Tà Hừa,2026-04-03T15:00:00.000,0.0,0.20000000298023224
-144,Tà Hừa,2026-04-03T16:00:00.000,0.0,0.20000000298023224
-144,Tà Hừa,2026-04-03T17:00:00.000,0.0,0.20000000298023224
-144,Tà Hừa,2026-04-03T18:00:00.000,0.0,0.20000000298023224
-144,Tà Hừa,2026-04-03T19:00:00.000,0.0,0.20000000298023224
-144,Tà Hừa,2026-04-03T20:00:00.000,0.0,0.20000000298023224
-144,Tà Hừa,2026-04-03T21:00:00.000,0.0,0.20000000298023224
-144,Tà Hừa,2026-04-03T22:00:00.000,0.0,0.20000000298023224
-144,Tà Hừa,2026-04-03T23:00:00.000,0.0,0.20000000298023224
-144,Tà Hừa,2026-04-04T00:00:00.000,0.0,0.0
-144,Tà Hừa,2026-04-04T01:00:00.000,0.0,0.0
-144,Tà Hừa,2026-04-04T02:00:00.000,0.0,0.0
-144,Tà Hừa,2026-04-04T03:00:00.000,0.0,0.0
-144,Tà Hừa,2026-04-04T04:00:00.000,0.0,0.0
-144,Tà Hừa,2026-04-04T05:00:00.000,0.0,0.0
-144,Tà Hừa,2026-04-04T06:00:00.000,0.0,0.0
-144,Tà Hừa,2026-04-04T07:00:00.000,0.0,0.0
-144,Tà Hừa,2026-04-04T08:00:00.000,0.0,0.0
-144,Tà Hừa,2026-04-04T09:00:00.000,0.0,0.0
-144,Tà Hừa,2026-04-04T10:00:00.000,0.0,0.0
-144,Tà Hừa,2026-04-04T11:00:00.000,0.0,0.0
-144,Tà Hừa,2026-04-04T12:00:00.000,,0.0
-144,Tà Hừa,2026-04-04T13:00:00.000,,0.0
-144,Tà Hừa,2026-04-04T14:00:00.000,,0.0
-144,Tà Hừa,2026-04-04T15:00:00.000,0.0,0.0
-144,Tà Hừa,2026-04-04T16:00:00.000,0.0,0.0
-144,Tà Hừa,2026-04-04T17:00:00.000,0.0,0.0
-144,Tà Hừa,2026-04-04T18:00:00.000,0.0,0.0
-144,Tà Hừa,2026-04-04T19:00:00.000,0.0,0.0
-144,Tà Hừa,2026-04-04T20:00:00.000,0.0,0.0
-144,Tà Hừa,2026-04-04T21:00:00.000,0.0,0.0
-144,Tà Hừa,2026-04-04T22:00:00.000,0.0,0.0
-144,Tà Hừa,2026-04-04T23:00:00.000,0.0,0.0
-144,Tà Hừa,2026-04-05T00:00:00.000,0.0,0.0
-144,Tà Hừa,2026-04-05T01:00:00.000,0.0,0.0
-144,Tà Hừa,2026-04-05T02:00:00.000,0.0,0.0
-144,Tà Hừa,2026-04-05T03:00:00.000,0.0,0.0
-144,Tà Hừa,2026-04-05T04:00:00.000,0.0,0.0
-144,Tà Hừa,2026-04-05T05:00:00.000,0.0,0.0
-144,Tà Hừa,2026-04-05T06:00:00.000,0.0,0.0
-144,Tà Hừa,2026-04-05T07:00:00.000,0.0,0.0
-144,Tà Hừa,2026-04-05T08:00:00.000,0.0,0.0
-144,Tà Hừa,2026-04-05T09:00:00.000,0.0,0.0
-144,Tà Hừa,2026-04-05T10:00:00.000,0.0,0.0
-144,Tà Hừa,2026-04-05T11:00:00.000,0.0,0.0
-144,Tà Hừa,2026-04-05T12:00:00.000,0.0,0.0
-144,Tà Hừa,2026-04-05T13:00:00.000,0.0,0.0
-144,Tà Hừa,2026-04-05T14:00:00.000,0.0,0.0
-144,Tà Hừa,2026-04-05T15:00:00.000,0.0,0.0
-144,Tà Hừa,2026-04-05T16:00:00.000,0.0,0.0
-144,Tà Hừa,2026-04-05T17:00:00.000,0.0,0.0
-144,Tà Hừa,2026-04-05T18:00:00.000,0.0,0.0
-144,Tà Hừa,2026-04-05T19:00:00.000,0.0,0.0
-144,Tà Hừa,2026-04-05T20:00:00.000,0.0,0.0
-144,Tà Hừa,2026-04-05T21:00:00.000,0.0,0.0
-144,Tà Hừa,2026-04-05T22:00:00.000,0.0,0.0
-144,Tà Hừa,2026-04-05T23:00:00.000,0.0,0.0
-144,Tà Hừa,2026-04-06T00:00:00.000,0.0,0.0
-144,Tà Hừa,2026-04-06T01:00:00.000,0.0,0.0
-144,Tà Hừa,2026-04-06T02:00:00.000,0.0,0.0
-144,Tà Hừa,2026-04-06T03:00:00.000,0.0,0.0
-144,Tà Hừa,2026-04-06T04:00:00.000,0.0,0.0
-144,Tà Hừa,2026-04-06T05:00:00.000,0.0,0.0
-144,Tà Hừa,2026-04-06T06:00:00.000,0.0,0.0
-144,Tà Hừa,2026-04-06T07:00:00.000,0.0,0.0
-144,Tà Hừa,2026-04-06T08:00:00.000,0.0,0.0
-144,Tà Hừa,2026-04-06T09:00:00.000,0.0,0.0
-144,Tà Hừa,2026-04-06T10:00:00.000,0.0,0.0
-144,Tà Hừa,2026-04-06T11:00:00.000,0.0,0.0
-144,Tà Hừa,2026-04-06T12:00:00.000,0.0,0.0
-144,Tà Hừa,2026-04-06T13:00:00.000,0.0,0.0
-144,Tà Hừa,2026-04-06T14:00:00.000,0.0,0.0
-144,Tà Hừa,2026-04-06T15:00:00.000,0.0,0.0
-144,Tà Hừa,2026-04-06T16:00:00.000,0.0,0.0
-144,Tà Hừa,2026-04-06T17:00:00.000,0.0,0.0
-144,Tà Hừa,2026-04-06T18:00:00.000,0.0,0.0
-144,Tà Hừa,2026-04-06T19:00:00.000,0.0,0.0
-144,Tà Hừa,2026-04-06T20:00:00.000,0.0,0.0
-144,Tà Hừa,2026-04-06T21:00:00.000,0.0,0.0
-144,Tà Hừa,2026-04-06T22:00:00.000,0.0,0.0
-144,Tà Hừa,2026-04-06T23:00:00.000,0.0,0.0
-144,Tà Hừa,2026-04-07T00:00:00.000,0.0,0.0
-144,Tà Hừa,2026-04-07T01:00:00.000,0.0,0.0
-144,Tà Hừa,2026-04-07T02:00:00.000,0.0,0.0
-144,Tà Hừa,2026-04-07T03:00:00.000,0.0,0.0
-144,Tà Hừa,2026-04-07T04:00:00.000,0.0,0.0
-144,Tà Hừa,2026-04-07T05:00:00.000,0.0,0.0
-144,Tà Hừa,2026-04-07T06:00:00.000,0.0,0.0
-144,Tà Hừa,2026-04-07T07:00:00.000,0.0,0.0
-144,Tà Hừa,2026-04-07T08:00:00.000,0.0,0.0
-144,Tà Hừa,2026-04-07T09:00:00.000,0.0,0.0
-144,Tà Hừa,2026-04-07T10:00:00.000,0.0,0.0
-144,Tà Hừa,2026-04-07T11:00:00.000,0.0,0.0
-144,Tà Hừa,2026-04-07T12:00:00.000,0.0,0.0
-144,Tà Hừa,2026-04-07T13:00:00.000,0.0,0.0
-144,Tà Hừa,2026-04-07T14:00:00.000,0.0,0.0
-144,Tà Hừa,2026-04-07T15:00:00.000,0.0,0.0
-144,Tà Hừa,2026-04-07T16:00:00.000,0.0,0.0
-144,Tà Hừa,2026-04-07T17:00:00.000,0.0,0.0
-144,Tà Hừa,2026-04-07T18:00:00.000,0.0,0.0
-144,Tà Hừa,2026-04-07T19:00:00.000,0.0,0.0
-144,Tà Hừa,2026-04-07T20:00:00.000,0.0,0.0
-144,Tà Hừa,2026-04-07T21:00:00.000,0.0,0.0
-144,Tà Hừa,2026-04-07T22:00:00.000,0.0,0.0
-144,Tà Hừa,2026-04-07T23:00:00.000,0.0,0.0
-144,Tà Hừa,2026-04-08T00:00:00.000,0.0,0.0
-144,Tà Hừa,2026-04-08T01:00:00.000,0.0,0.0
-144,Tà Hừa,2026-04-08T02:00:00.000,0.0,0.0
-144,Tà Hừa,2026-04-08T03:00:00.000,0.0,0.0
-144,Tà Hừa,2026-04-08T04:00:00.000,0.0,0.0
-144,Tà Hừa,2026-04-08T05:00:00.000,0.0,0.0
-144,Tà Hừa,2026-04-08T06:00:00.000,0.0,0.0
-144,Tà Hừa,2026-04-08T07:00:00.000,0.0,0.0
-144,Tà Hừa,2026-04-08T08:00:00.000,0.0,0.0
-144,Tà Hừa,2026-04-08T09:00:00.000,0.0,0.0
-144,Tà Hừa,2026-04-08T10:00:00.000,0.0,0.0
-144,Tà Hừa,2026-04-08T11:00:00.000,0.0,0.0
-144,Tà Hừa,2026-04-08T12:00:00.000,0.0,0.0
-144,Tà Hừa,2026-04-08T13:00:00.000,0.0,0.0
-144,Tà Hừa,2026-04-08T14:00:00.000,0.0,0.0
-144,Tà Hừa,2026-04-08T15:00:00.000,0.0,0.0
-144,Tà Hừa,2026-04-08T16:00:00.000,0.0,0.0
-144,Tà Hừa,2026-04-08T17:00:00.000,0.0,0.0
-144,Tà Hừa,2026-04-08T18:00:00.000,0.0,0.0
-144,Tà Hừa,2026-04-08T19:00:00.000,0.0,0.0
-144,Tà Hừa,2026-04-08T20:00:00.000,0.0,0.0
-144,Tà Hừa,2026-04-08T21:00:00.000,0.0,0.0
-144,Tà Hừa,2026-04-08T22:00:00.000,0.0,0.0
-144,Tà Hừa,2026-04-08T23:00:00.000,0.0,0.0
-144,Tà Hừa,2026-04-09T00:00:00.000,0.0,0.0
-144,Tà Hừa,2026-04-09T01:00:00.000,0.0,0.0
-144,Tà Hừa,2026-04-09T02:00:00.000,0.0,0.0
-144,Tà Hừa,2026-04-09T03:00:00.000,0.0,0.0
-144,Tà Hừa,2026-04-09T04:00:00.000,0.0,0.0
-144,Tà Hừa,2026-04-09T05:00:00.000,0.0,0.0
-144,Tà Hừa,2026-04-09T06:00:00.000,0.0,0.0
-144,Tà Hừa,2026-04-09T07:00:00.000,0.0,0.0
-144,Tà Hừa,2026-04-09T08:00:00.000,0.0,0.0
-144,Tà Hừa,2026-04-09T09:00:00.000,0.0,0.0
-144,Tà Hừa,2026-04-09T10:00:00.000,0.0,0.0
-144,Tà Hừa,2026-04-09T11:00:00.000,0.0,0.0
-144,Tà Hừa,2026-04-09T12:00:00.000,0.0,0.0
-144,Tà Hừa,2026-04-09T13:00:00.000,0.0,0.0
-144,Tà Hừa,2026-04-09T14:00:00.000,0.0,0.0
-144,Tà Hừa,2026-04-09T15:00:00.000,0.0,0.0
-144,Tà Hừa,2026-04-09T16:00:00.000,0.0,0.0
-144,Tà Hừa,2026-04-09T17:00:00.000,0.0,0.0
-144,Tà Hừa,2026-04-09T18:00:00.000,0.0,0.0
-144,Tà Hừa,2026-04-09T19:00:00.000,0.0,0.0
-144,Tà Hừa,2026-04-09T20:00:00.000,0.0,0.0
-144,Tà Hừa,2026-04-09T21:00:00.000,0.0,0.0
-144,Tà Hừa,2026-04-09T22:00:00.000,0.0,0.0
-144,Tà Hừa,2026-04-09T23:00:00.000,0.0,0.0
-144,Tà Hừa,2026-04-10T00:00:00.000,0.0,0.0
-144,Tà Hừa,2026-04-10T01:00:00.000,0.0,0.0
-144,Tà Hừa,2026-04-10T02:00:00.000,0.0,0.0
-144,Tà Hừa,2026-04-10T03:00:00.000,0.0,0.0
-144,Tà Hừa,2026-04-10T04:00:00.000,0.0,0.0
-144,Tà Hừa,2026-04-10T05:00:00.000,0.0,0.0
-144,Tà Hừa,2026-04-10T06:00:00.000,0.0,0.0
-144,Tà Hừa,2026-04-10T07:00:00.000,0.0,0.0
-144,Tà Hừa,2026-04-10T08:00:00.000,0.0,0.0
-144,Tà Hừa,2026-04-10T09:00:00.000,0.0,0.0
-144,Tà Hừa,2026-04-10T10:00:00.000,0.0,0.0
-144,Tà Hừa,2026-04-10T11:00:00.000,0.0,0.0
-144,Tà Hừa,2026-04-10T12:00:00.000,0.0,0.0
-144,Tà Hừa,2026-04-10T13:00:00.000,0.0,0.0
-144,Tà Hừa,2026-04-10T14:00:00.000,0.0,0.0
-144,Tà Hừa,2026-04-10T15:00:00.000,0.0,0.0
-144,Tà Hừa,2026-04-10T16:00:00.000,0.0,0.0
-144,Tà Hừa,2026-04-10T17:00:00.000,0.0,0.0
-144,Tà Hừa,2026-04-10T18:00:00.000,0.0,0.0
-144,Tà Hừa,2026-04-10T19:00:00.000,0.0,0.0
-144,Tà Hừa,2026-04-10T20:00:00.000,0.0,0.0
-144,Tà Hừa,2026-04-10T21:00:00.000,0.0,0.0
-144,Tà Hừa,2026-04-10T22:00:00.000,0.0,0.0
-144,Tà Hừa,2026-04-10T23:00:00.000,0.0,0.0
-144,Tà Hừa,2026-04-11T00:00:00.000,0.0,0.0
-144,Tà Hừa,2026-04-11T01:00:00.000,0.0,0.0
-144,Tà Hừa,2026-04-11T02:00:00.000,0.0,0.0
-144,Tà Hừa,2026-04-11T03:00:00.000,0.0,0.0
-144,Tà Hừa,2026-04-11T04:00:00.000,0.0,0.0
-144,Tà Hừa,2026-04-11T05:00:00.000,0.0,0.0
-144,Tà Hừa,2026-04-11T06:00:00.000,0.0,0.0
-144,Tà Hừa,2026-04-11T07:00:00.000,0.0,0.0
-144,Tà Hừa,2026-04-11T08:00:00.000,0.0,0.0
-144,Tà Hừa,2026-04-11T09:00:00.000,0.0,0.0
-144,Tà Hừa,2026-04-11T10:00:00.000,0.0,0.0
-144,Tà Hừa,2026-04-11T11:00:00.000,0.0,0.0
-144,Tà Hừa,2026-04-11T12:00:00.000,0.0,0.0
-144,Tà Hừa,2026-04-11T13:00:00.000,0.0,0.0
-144,Tà Hừa,2026-04-11T14:00:00.000,0.0,0.0
-144,Tà Hừa,2026-04-11T15:00:00.000,0.0,0.0
-144,Tà Hừa,2026-04-11T16:00:00.000,0.0,0.0
-144,Tà Hừa,2026-04-11T17:00:00.000,0.0,0.0
-144,Tà Hừa,2026-04-11T18:00:00.000,0.0,0.0
-144,Tà Hừa,2026-04-11T19:00:00.000,0.0,0.0
-144,Tà Hừa,2026-04-11T20:00:00.000,0.0,0.0
-144,Tà Hừa,2026-04-11T21:00:00.000,0.0,0.0
-144,Tà Hừa,2026-04-11T22:00:00.000,0.0,0.0
-144,Tà Hừa,2026-04-11T23:00:00.000,0.0,0.0
-144,Tà Hừa,2026-04-12T00:00:00.000,0.0,0.0
-144,Tà Hừa,2026-04-12T01:00:00.000,0.0,0.0
-144,Tà Hừa,2026-04-12T02:00:00.000,0.0,0.0
-144,Tà Hừa,2026-04-12T03:00:00.000,0.0,0.0
-144,Tà Hừa,2026-04-12T04:00:00.000,0.0,0.0
-144,Tà Hừa,2026-04-12T05:00:00.000,0.0,0.0
-144,Tà Hừa,2026-04-12T06:00:00.000,0.0,0.0
-144,Tà Hừa,2026-04-12T07:00:00.000,0.0,0.0
-144,Tà Hừa,2026-04-12T08:00:00.000,0.0,0.0
-144,Tà Hừa,2026-04-12T09:00:00.000,0.0,0.0
-144,Tà Hừa,2026-04-12T10:00:00.000,0.0,0.0
-144,Tà Hừa,2026-04-12T11:00:00.000,0.0,0.0
-144,Tà Hừa,2026-04-12T12:00:00.000,0.0,0.0
-144,Tà Hừa,2026-04-12T13:00:00.000,0.0,0.0
-144,Tà Hừa,2026-04-12T14:00:00.000,0.0,0.0
-144,Tà Hừa,2026-04-12T15:00:00.000,0.0,0.0
-144,Tà Hừa,2026-04-12T16:00:00.000,0.0,0.0
-144,Tà Hừa,2026-04-12T17:00:00.000,0.0,0.0
-144,Tà Hừa,2026-04-12T18:00:00.000,0.0,0.0
-144,Tà Hừa,2026-04-12T19:00:00.000,0.0,0.0
-144,Tà Hừa,2026-04-12T20:00:00.000,0.0,0.0
-144,Tà Hừa,2026-04-12T21:00:00.000,0.0,0.0
-144,Tà Hừa,2026-04-12T22:00:00.000,0.0,0.0
-144,Tà Hừa,2026-04-12T23:00:00.000,0.0,0.0
-144,Tà Hừa,2026-04-13T00:00:00.000,0.0,0.0
-144,Tà Hừa,2026-04-13T01:00:00.000,0.0,0.0
-144,Tà Hừa,2026-04-13T02:00:00.000,0.0,0.0
-144,Tà Hừa,2026-04-13T03:00:00.000,0.0,0.0
-144,Tà Hừa,2026-04-13T04:00:00.000,0.0,0.0
-144,Tà Hừa,2026-04-13T05:00:00.000,0.0,0.0
-144,Tà Hừa,2026-04-13T06:00:00.000,0.0,0.0
-144,Tà Hừa,2026-04-13T07:00:00.000,0.0,0.0
-144,Tà Hừa,2026-04-13T08:00:00.000,0.0,0.0
-144,Tà Hừa,2026-04-13T09:00:00.000,0.0,0.0
-144,Tà Hừa,2026-04-13T10:00:00.000,0.0,0.0
-144,Tà Hừa,2026-04-13T11:00:00.000,0.0,0.0
-144,Tà Hừa,2026-04-13T12:00:00.000,0.0,0.0
-144,Tà Hừa,2026-04-13T13:00:00.000,0.0,0.0
-144,Tà Hừa,2026-04-13T14:00:00.000,0.0,0.0
-144,Tà Hừa,2026-04-13T15:00:00.000,0.0,0.0
-144,Tà Hừa,2026-04-13T16:00:00.000,0.0,0.0
-144,Tà Hừa,2026-04-13T17:00:00.000,0.0,0.0
-144,Tà Hừa,2026-04-13T18:00:00.000,0.0,0.0
-144,Tà Hừa,2026-04-13T19:00:00.000,0.0,0.0
-144,Tà Hừa,2026-04-13T20:00:00.000,0.0,0.0
-144,Tà Hừa,2026-04-13T21:00:00.000,0.0,0.0
-144,Tà Hừa,2026-04-13T22:00:00.000,0.0,0.0
-144,Tà Hừa,2026-04-13T23:00:00.000,0.0,0.0
-144,Tà Hừa,2026-04-14T00:00:00.000,0.0,0.0
-144,Tà Hừa,2026-04-14T01:00:00.000,0.0,0.0
-144,Tà Hừa,2026-04-14T02:00:00.000,0.0,0.0
-144,Tà Hừa,2026-04-14T03:00:00.000,0.0,0.0
-144,Tà Hừa,2026-04-14T04:00:00.000,0.0,0.0
-144,Tà Hừa,2026-04-14T05:00:00.000,0.0,0.0
-144,Tà Hừa,2026-04-14T06:00:00.000,0.0,0.0
-144,Tà Hừa,2026-04-14T07:00:00.000,0.0,0.0
-144,Tà Hừa,2026-04-14T08:00:00.000,0.0,0.0
-144,Tà Hừa,2026-04-14T09:00:00.000,0.0,0.0
-144,Tà Hừa,2026-04-14T10:00:00.000,0.0,0.0
-144,Tà Hừa,2026-04-14T11:00:00.000,0.0,0.0
-144,Tà Hừa,2026-04-14T12:00:00.000,0.0,0.0
-144,Tà Hừa,2026-04-14T13:00:00.000,0.0,0.0
-144,Tà Hừa,2026-04-14T14:00:00.000,0.0,0.0
-144,Tà Hừa,2026-04-14T15:00:00.000,0.0,0.0
-144,Tà Hừa,2026-04-14T16:00:00.000,0.0,0.0
-144,Tà Hừa,2026-04-14T17:00:00.000,0.0,0.0
-144,Tà Hừa,2026-04-14T18:00:00.000,0.0,0.0
-144,Tà Hừa,2026-04-14T19:00:00.000,0.0,0.0
-144,Tà Hừa,2026-04-14T20:00:00.000,0.0,0.0
-144,Tà Hừa,2026-04-14T21:00:00.000,0.0,0.0
-144,Tà Hừa,2026-04-14T22:00:00.000,0.0,0.0
-144,Tà Hừa,2026-04-14T23:00:00.000,0.0,0.0
-144,Tà Hừa,2026-04-15T00:00:00.000,0.0,0.0
-144,Tà Hừa,2026-04-15T01:00:00.000,0.0,0.0
-144,Tà Hừa,2026-04-15T02:00:00.000,0.0,0.0
-144,Tà Hừa,2026-04-15T03:00:00.000,0.0,0.0
-144,Tà Hừa,2026-04-15T04:00:00.000,0.0,0.0
-144,Tà Hừa,2026-04-15T05:00:00.000,0.0,0.0
-144,Tà Hừa,2026-04-15T06:00:00.000,0.0,0.0
-144,Tà Hừa,2026-04-15T07:00:00.000,0.0,0.0
-144,Tà Hừa,2026-04-15T08:00:00.000,0.0,0.0
-144,Tà Hừa,2026-04-15T09:00:00.000,0.0,0.0
-144,Tà Hừa,2026-04-15T10:00:00.000,0.0,0.0
-144,Tà Hừa,2026-04-15T11:00:00.000,0.0,0.0
-144,Tà Hừa,2026-04-15T12:00:00.000,0.0,0.0
-144,Tà Hừa,2026-04-15T13:00:00.000,0.0,0.0
-144,Tà Hừa,2026-04-15T14:00:00.000,0.0,0.0
-144,Tà Hừa,2026-04-15T15:00:00.000,0.0,0.0
-144,Tà Hừa,2026-04-15T16:00:00.000,0.0,0.0
-144,Tà Hừa,2026-04-15T17:00:00.000,0.0,0.0
-144,Tà Hừa,2026-04-15T18:00:00.000,0.0,0.0
-144,Tà Hừa,2026-04-15T19:00:00.000,0.0,0.0
-144,Tà Hừa,2026-04-15T20:00:00.000,0.0,0.0
-144,Tà Hừa,2026-04-15T21:00:00.000,0.0,0.0
-144,Tà Hừa,2026-04-15T22:00:00.000,0.0,0.0
-144,Tà Hừa,2026-04-15T23:00:00.000,0.0,0.0
-144,Tà Hừa,2026-04-16T00:00:00.000,0.0,0.0
-144,Tà Hừa,2026-04-16T01:00:00.000,0.0,0.0
-144,Tà Hừa,2026-04-16T02:00:00.000,0.0,0.0
-144,Tà Hừa,2026-04-16T03:00:00.000,0.0,0.0
-144,Tà Hừa,2026-04-16T04:00:00.000,0.0,0.0
-144,Tà Hừa,2026-04-16T05:00:00.000,0.0,0.0
-144,Tà Hừa,2026-04-16T06:00:00.000,0.0,0.0
-144,Tà Hừa,2026-04-16T07:00:00.000,0.0,0.0
-144,Tà Hừa,2026-04-16T08:00:00.000,0.0,0.0
-144,Tà Hừa,2026-04-16T09:00:00.000,0.0,0.0
-144,Tà Hừa,2026-04-16T10:00:00.000,0.0,0.0
-144,Tà Hừa,2026-04-16T11:00:00.000,0.0,0.0
-144,Tà Hừa,2026-04-16T12:00:00.000,0.0,0.0
-144,Tà Hừa,2026-04-16T13:00:00.000,0.0,0.0
-144,Tà Hừa,2026-04-16T14:00:00.000,0.0,0.0
-144,Tà Hừa,2026-04-16T15:00:00.000,0.0,0.0
-144,Tà Hừa,2026-04-16T16:00:00.000,0.0,0.0
-144,Tà Hừa,2026-04-16T17:00:00.000,0.0,0.0
-144,Tà Hừa,2026-04-16T18:00:00.000,0.0,0.0
-144,Tà Hừa,2026-04-16T19:00:00.000,0.0,0.0
-144,Tà Hừa,2026-04-16T20:00:00.000,0.0,0.0
-144,Tà Hừa,2026-04-16T21:00:00.000,0.0,0.0
-144,Tà Hừa,2026-04-16T22:00:00.000,0.0,0.0
-144,Tà Hừa,2026-04-16T23:00:00.000,0.0,0.0
-144,Tà Hừa,2026-04-17T00:00:00.000,0.0,0.0
-144,Tà Hừa,2026-04-17T01:00:00.000,0.0,0.0
-144,Tà Hừa,2026-04-17T02:00:00.000,0.0,0.0
-144,Tà Hừa,2026-04-17T03:00:00.000,0.0,0.0
-144,Tà Hừa,2026-04-17T04:00:00.000,0.0,0.0
-144,Tà Hừa,2026-04-17T05:00:00.000,0.0,0.0
-144,Tà Hừa,2026-04-17T06:00:00.000,0.0,0.0
-144,Tà Hừa,2026-04-17T07:00:00.000,0.0,0.0
-144,Tà Hừa,2026-04-17T08:00:00.000,0.0,0.0
-144,Tà Hừa,2026-04-17T09:00:00.000,0.0,0.0
-144,Tà Hừa,2026-04-17T10:00:00.000,0.0,0.0
-144,Tà Hừa,2026-04-17T11:00:00.000,0.0,0.0
-144,Tà Hừa,2026-04-17T12:00:00.000,0.0,0.0
-144,Tà Hừa,2026-04-17T13:00:00.000,0.0,0.0
-144,Tà Hừa,2026-04-17T14:00:00.000,0.0,0.0
-144,Tà Hừa,2026-04-17T15:00:00.000,0.0,0.0
-144,Tà Hừa,2026-04-17T16:00:00.000,0.0,0.0
-144,Tà Hừa,2026-04-17T17:00:00.000,0.0,0.0
-144,Tà Hừa,2026-04-17T18:00:00.000,0.0,0.0
-144,Tà Hừa,2026-04-17T19:00:00.000,0.0,0.0
-144,Tà Hừa,2026-04-17T20:00:00.000,0.0,0.0
-144,Tà Hừa,2026-04-17T21:00:00.000,0.0,0.0
-144,Tà Hừa,2026-04-17T22:00:00.000,0.0,0.0
-144,Tà Hừa,2026-04-17T23:00:00.000,0.0,0.0
-144,Tà Hừa,2026-04-18T00:00:00.000,0.0,0.0
-144,Tà Hừa,2026-04-18T01:00:00.000,0.0,0.0
-144,Tà Hừa,2026-04-18T02:00:00.000,0.0,0.0
-144,Tà Hừa,2026-04-18T03:00:00.000,0.0,0.0
-144,Tà Hừa,2026-04-18T04:00:00.000,0.0,0.0
-144,Tà Hừa,2026-04-18T05:00:00.000,0.0,0.0
-144,Tà Hừa,2026-04-18T06:00:00.000,0.0,0.0
-144,Tà Hừa,2026-04-18T07:00:00.000,0.0,0.0
-144,Tà Hừa,2026-04-18T08:00:00.000,0.0,0.0
-144,Tà Hừa,2026-04-18T09:00:00.000,0.0,0.0
-144,Tà Hừa,2026-04-18T10:00:00.000,0.0,0.0
-144,Tà Hừa,2026-04-18T11:00:00.000,0.0,0.0
-144,Tà Hừa,2026-04-18T12:00:00.000,0.0,0.0
-144,Tà Hừa,2026-04-18T13:00:00.000,0.0,0.0
-144,Tà Hừa,2026-04-18T14:00:00.000,0.0,0.0
-144,Tà Hừa,2026-04-18T15:00:00.000,0.0,0.0
-144,Tà Hừa,2026-04-18T16:00:00.000,0.0,0.0
-144,Tà Hừa,2026-04-18T17:00:00.000,0.0,0.0
-144,Tà Hừa,2026-04-18T18:00:00.000,0.0,0.0
-144,Tà Hừa,2026-04-18T19:00:00.000,0.0,0.0
-144,Tà Hừa,2026-04-18T20:00:00.000,0.0,0.0
-144,Tà Hừa,2026-04-18T21:00:00.000,0.0,0.0
-144,Tà Hừa,2026-04-18T22:00:00.000,0.0,0.0
-144,Tà Hừa,2026-04-18T23:00:00.000,0.0,0.0
-144,Tà Hừa,2026-04-19T00:00:00.000,0.0,0.0
-144,Tà Hừa,2026-04-19T01:00:00.000,0.0,0.0
-144,Tà Hừa,2026-04-19T02:00:00.000,0.0,0.0
-144,Tà Hừa,2026-04-19T03:00:00.000,0.0,0.0
-144,Tà Hừa,2026-04-19T04:00:00.000,0.0,0.0
-144,Tà Hừa,2026-04-19T05:00:00.000,0.0,0.0
-144,Tà Hừa,2026-04-19T06:00:00.000,0.0,0.0
-144,Tà Hừa,2026-04-19T07:00:00.000,1.0,1.0
-144,Tà Hừa,2026-04-19T08:00:00.000,0.0,1.0
-144,Tà Hừa,2026-04-19T09:00:00.000,0.20000000298023224,1.2000000029802322
-144,Tà Hừa,2026-04-19T10:00:00.000,0.0,1.2000000029802322
-144,Tà Hừa,2026-04-19T11:00:00.000,0.0,1.2000000029802322
-144,Tà Hừa,2026-04-19T12:00:00.000,0.0,1.2000000029802322
-144,Tà Hừa,2026-04-19T13:00:00.000,0.0,1.2000000029802322
-144,Tà Hừa,2026-04-19T14:00:00.000,0.0,1.2000000029802322
-144,Tà Hừa,2026-04-19T15:00:00.000,0.0,1.2000000029802322
-144,Tà Hừa,2026-04-19T16:00:00.000,0.0,1.2000000029802322
-144,Tà Hừa,2026-04-19T17:00:00.000,0.0,1.2000000029802322
-144,Tà Hừa,2026-04-19T18:00:00.000,0.0,1.2000000029802322
-144,Tà Hừa,2026-04-19T19:00:00.000,0.0,1.2000000029802322
-144,Tà Hừa,2026-04-19T20:00:00.000,0.0,1.2000000029802322
-144,Tà Hừa,2026-04-19T21:00:00.000,0.0,1.2000000029802322
-144,Tà Hừa,2026-04-19T22:00:00.000,0.0,1.2000000029802322
-144,Tà Hừa,2026-04-19T23:00:00.000,0.0,1.2000000029802322
-144,Tà Hừa,2026-04-20T00:00:00.000,0.20000000298023224,0.20000000298023224
-144,Tà Hừa,2026-04-20T01:00:00.000,0.0,0.20000000298023224
-144,Tà Hừa,2026-04-20T02:00:00.000,2.4000000953674316,2.600000098347664
-144,Tà Hừa,2026-04-20T03:00:00.000,4.199999809265137,6.799999907612801
-144,Tà Hừa,2026-04-20T04:00:00.000,0.20000000298023224,6.999999910593033
-144,Tà Hừa,2026-04-20T05:00:00.000,0.20000000298023224,7.199999913573265
-144,Tà Hừa,2026-04-20T06:00:00.000,0.0,7.199999913573265
-144,Tà Hừa,2026-04-20T07:00:00.000,0.0,7.199999913573265
-144,Tà Hừa,2026-04-20T08:00:00.000,0.0,7.199999913573265
-144,Tà Hừa,2026-04-20T09:00:00.000,0.0,7.199999913573265
-144,Tà Hừa,2026-04-20T10:00:00.000,0.0,7.199999913573265
-144,Tà Hừa,2026-04-20T11:00:00.000,0.0,7.199999913573265
-144,Tà Hừa,2026-04-20T12:00:00.000,0.0,7.199999913573265
-144,Tà Hừa,2026-04-20T13:00:00.000,0.0,7.199999913573265
-144,Tà Hừa,2026-04-20T14:00:00.000,0.0,7.199999913573265
-144,Tà Hừa,2026-04-20T15:00:00.000,0.0,7.199999913573265
-144,Tà Hừa,2026-04-20T16:00:00.000,0.0,7.199999913573265
-144,Tà Hừa,2026-04-20T17:00:00.000,0.0,7.199999913573265
-144,Tà Hừa,2026-04-20T18:00:00.000,0.0,7.199999913573265
-144,Tà Hừa,2026-04-20T19:00:00.000,0.0,7.199999913573265
-144,Tà Hừa,2026-04-20T20:00:00.000,0.0,7.199999913573265
-144,Tà Hừa,2026-04-20T21:00:00.000,0.0,7.199999913573265
-144,Tà Hừa,2026-04-20T22:00:00.000,0.0,7.199999913573265
-144,Tà Hừa,2026-04-20T23:00:00.000,0.0,7.199999913573265
-144,Tà Hừa,2026-04-21T00:00:00.000,0.0,0.0
-144,Tà Hừa,2026-04-21T01:00:00.000,0.0,0.0
-144,Tà Hừa,2026-04-21T02:00:00.000,0.0,0.0
-144,Tà Hừa,2026-04-21T03:00:00.000,0.0,0.0
-144,Tà Hừa,2026-04-21T04:00:00.000,0.0,0.0
-144,Tà Hừa,2026-04-21T05:00:00.000,0.0,0.0
-144,Tà Hừa,2026-04-21T06:00:00.000,0.0,0.0
-144,Tà Hừa,2026-04-21T07:00:00.000,0.0,0.0
-144,Tà Hừa,2026-04-21T08:00:00.000,0.0,0.0
-144,Tà Hừa,2026-04-21T09:00:00.000,0.0,0.0
-144,Tà Hừa,2026-04-21T10:00:00.000,0.0,0.0
-144,Tà Hừa,2026-04-21T11:00:00.000,0.0,0.0
-144,Tà Hừa,2026-04-21T12:00:00.000,0.0,0.0
-144,Tà Hừa,2026-04-21T13:00:00.000,0.0,0.0
-144,Tà Hừa,2026-04-21T14:00:00.000,0.0,0.0
-144,Tà Hừa,2026-04-21T15:00:00.000,0.0,0.0
-144,Tà Hừa,2026-04-21T16:00:00.000,0.0,0.0
-144,Tà Hừa,2026-04-21T17:00:00.000,0.0,0.0
-144,Tà Hừa,2026-04-21T18:00:00.000,0.0,0.0
-144,Tà Hừa,2026-04-21T19:00:00.000,0.0,0.0
-144,Tà Hừa,2026-04-21T20:00:00.000,0.0,0.0
-144,Tà Hừa,2026-04-21T21:00:00.000,0.0,0.0
-144,Tà Hừa,2026-04-21T22:00:00.000,0.0,0.0
-144,Tà Hừa,2026-04-21T23:00:00.000,0.0,0.0
-144,Tà Hừa,2026-04-22T00:00:00.000,0.0,0.0
-144,Tà Hừa,2026-04-22T01:00:00.000,0.0,0.0
-144,Tà Hừa,2026-04-22T02:00:00.000,0.0,0.0
-144,Tà Hừa,2026-04-22T03:00:00.000,0.0,0.0
-144,Tà Hừa,2026-04-22T04:00:00.000,0.0,0.0
-144,Tà Hừa,2026-04-22T05:00:00.000,0.0,0.0
-144,Tà Hừa,2026-04-22T06:00:00.000,0.0,0.0
-144,Tà Hừa,2026-04-22T07:00:00.000,0.0,0.0
-144,Tà Hừa,2026-04-22T08:00:00.000,0.0,0.0
-144,Tà Hừa,2026-04-22T09:00:00.000,0.0,0.0
-144,Tà Hừa,2026-04-22T10:00:00.000,0.0,0.0
-144,Tà Hừa,2026-04-22T11:00:00.000,0.0,0.0
-144,Tà Hừa,2026-04-22T12:00:00.000,0.0,0.0
-144,Tà Hừa,2026-04-22T13:00:00.000,0.0,0.0
-144,Tà Hừa,2026-04-22T14:00:00.000,0.0,0.0
-144,Tà Hừa,2026-04-22T15:00:00.000,0.0,0.0
-144,Tà Hừa,2026-04-22T16:00:00.000,0.0,0.0
-144,Tà Hừa,2026-04-22T17:00:00.000,0.0,0.0
-144,Tà Hừa,2026-04-22T18:00:00.000,0.0,0.0
-144,Tà Hừa,2026-04-22T19:00:00.000,13.399999618530273,13.399999618530273
-144,Tà Hừa,2026-04-22T20:00:00.000,10.399999618530273,23.799999237060547
-144,Tà Hừa,2026-04-22T21:00:00.000,15.399999618530273,39.19999885559082
-144,Tà Hừa,2026-04-22T22:00:00.000,3.5999999046325684,42.79999876022339
-144,Tà Hừa,2026-04-22T23:00:00.000,5.199999809265137,47.999998569488525
-144,Tà Hừa,2026-04-23T00:00:00.000,0.0,34.59999895095825
-144,Tà Hừa,2026-04-23T01:00:00.000,0.0,34.59999895095825
-144,Tà Hừa,2026-04-23T02:00:00.000,,34.59999895095825
-144,Tà Hừa,2026-04-23T03:00:00.000,,34.59999895095825
-144,Tà Hừa,2026-04-23T04:00:00.000,,34.59999895095825
-144,Tà Hừa,2026-04-23T05:00:00.000,0.0,34.59999895095825
-144,Tà Hừa,2026-04-23T06:00:00.000,0.0,34.59999895095825
-144,Tà Hừa,2026-04-23T07:00:00.000,0.0,34.59999895095825
-144,Tà Hừa,2026-04-23T08:00:00.000,0.0,34.59999895095825
-144,Tà Hừa,2026-04-23T09:00:00.000,0.0,34.59999895095825
-144,Tà Hừa,2026-04-23T10:00:00.000,0.0,34.59999895095825
-144,Tà Hừa,2026-04-23T11:00:00.000,0.0,34.59999895095825
-144,Tà Hừa,2026-04-23T12:00:00.000,0.0,34.59999895095825
-144,Tà Hừa,2026-04-23T13:00:00.000,0.0,34.59999895095825
-144,Tà Hừa,2026-04-23T14:00:00.000,0.0,34.59999895095825
-144,Tà Hừa,2026-04-23T15:00:00.000,0.0,34.59999895095825
-144,Tà Hừa,2026-04-23T16:00:00.000,0.0,34.59999895095825
-144,Tà Hừa,2026-04-23T17:00:00.000,3.0,37.59999895095825
-144,Tà Hừa,2026-04-23T18:00:00.000,4.599999904632568,42.19999885559082
-144,Tà Hừa,2026-04-23T19:00:00.000,0.20000000298023224,42.39999885857105
-144,Tà Hừa,2026-04-23T20:00:00.000,0.0,42.39999885857105
-144,Tà Hừa,2026-04-23T21:00:00.000,0.0,42.39999885857105
-144,Tà Hừa,2026-04-23T22:00:00.000,0.0,42.39999885857105
-144,Tà Hừa,2026-04-23T23:00:00.000,0.0,42.39999885857105
-144,Tà Hừa,2026-04-24T00:00:00.000,0.0,0.0
-144,Tà Hừa,2026-04-24T01:00:00.000,0.0,0.0
-144,Tà Hừa,2026-04-24T02:00:00.000,0.0,0.0
-144,Tà Hừa,2026-04-24T03:00:00.000,0.0,0.0
-144,Tà Hừa,2026-04-24T04:00:00.000,0.0,0.0
-144,Tà Hừa,2026-04-24T05:00:00.000,0.0,0.0
-144,Tà Hừa,2026-04-24T06:00:00.000,0.0,0.0
-144,Tà Hừa,2026-04-24T07:00:00.000,0.0,0.0
-144,Tà Hừa,2026-04-24T08:00:00.000,0.0,0.0
-144,Tà Hừa,2026-04-24T09:00:00.000,0.0,0.0
-144,Tà Hừa,2026-04-24T10:00:00.000,0.0,0.0
-144,Tà Hừa,2026-04-24T11:00:00.000,0.0,0.0
-144,Tà Hừa,2026-04-24T12:00:00.000,0.0,0.0
-144,Tà Hừa,2026-04-24T13:00:00.000,0.0,0.0
-144,Tà Hừa,2026-04-24T14:00:00.000,0.0,0.0
-144,Tà Hừa,2026-04-24T15:00:00.000,0.0,0.0
-144,Tà Hừa,2026-04-24T16:00:00.000,0.0,0.0
-144,Tà Hừa,2026-04-24T17:00:00.000,0.0,0.0
-144,Tà Hừa,2026-04-24T18:00:00.000,0.0,0.0
-144,Tà Hừa,2026-04-24T19:00:00.000,0.0,0.0
-144,Tà Hừa,2026-04-24T20:00:00.000,0.0,0.0
-144,Tà Hừa,2026-04-24T21:00:00.000,0.0,0.0
-144,Tà Hừa,2026-04-24T22:00:00.000,0.0,0.0
-144,Tà Hừa,2026-04-24T23:00:00.000,0.0,0.0
-144,Tà Hừa,2026-04-25T00:00:00.000,0.0,0.0
-144,Tà Hừa,2026-04-25T01:00:00.000,0.0,0.0
-144,Tà Hừa,2026-04-25T02:00:00.000,0.0,0.0
-144,Tà Hừa,2026-04-25T03:00:00.000,0.0,0.0
-144,Tà Hừa,2026-04-25T04:00:00.000,0.0,0.0
-144,Tà Hừa,2026-04-25T05:00:00.000,0.0,0.0
-144,Tà Hừa,2026-04-25T06:00:00.000,0.0,0.0
-144,Tà Hừa,2026-04-25T07:00:00.000,0.0,0.0
-144,Tà Hừa,2026-04-25T08:00:00.000,0.0,0.0
-144,Tà Hừa,2026-04-25T09:00:00.000,0.0,0.0
-144,Tà Hừa,2026-04-25T10:00:00.000,0.0,0.0
-144,Tà Hừa,2026-04-25T11:00:00.000,0.0,0.0
-144,Tà Hừa,2026-04-25T12:00:00.000,0.0,0.0
-144,Tà Hừa,2026-04-25T13:00:00.000,0.0,0.0
-144,Tà Hừa,2026-04-25T14:00:00.000,0.0,0.0
-144,Tà Hừa,2026-04-25T15:00:00.000,0.0,0.0
-144,Tà Hừa,2026-04-25T16:00:00.000,0.0,0.0
-144,Tà Hừa,2026-04-25T17:00:00.000,0.0,0.0
-144,Tà Hừa,2026-04-25T18:00:00.000,0.0,0.0
-144,Tà Hừa,2026-04-25T19:00:00.000,0.0,0.0
-144,Tà Hừa,2026-04-25T20:00:00.000,0.0,0.0
-144,Tà Hừa,2026-04-25T21:00:00.000,0.0,0.0
-144,Tà Hừa,2026-04-25T22:00:00.000,0.0,0.0
-144,Tà Hừa,2026-04-25T23:00:00.000,0.0,0.0
-144,Tà Hừa,2026-04-26T00:00:00.000,0.0,0.0
-144,Tà Hừa,2026-04-26T01:00:00.000,0.0,0.0
-144,Tà Hừa,2026-04-26T02:00:00.000,0.0,0.0
-144,Tà Hừa,2026-04-26T03:00:00.000,0.0,0.0
-144,Tà Hừa,2026-04-26T04:00:00.000,0.0,0.0
-144,Tà Hừa,2026-04-26T05:00:00.000,0.0,0.0
-144,Tà Hừa,2026-04-26T06:00:00.000,0.0,0.0
-144,Tà Hừa,2026-04-26T07:00:00.000,0.0,0.0
-144,Tà Hừa,2026-04-26T08:00:00.000,0.0,0.0
-144,Tà Hừa,2026-04-26T09:00:00.000,0.0,0.0
-144,Tà Hừa,2026-04-26T10:00:00.000,22.0,22.0
-144,Tà Hừa,2026-04-26T11:00:00.000,2.799999952316284,24.799999952316284
-144,Tà Hừa,2026-04-26T12:00:00.000,0.800000011920929,25.599999964237213
-144,Tà Hừa,2026-04-26T13:00:00.000,0.0,25.599999964237213
-144,Tà Hừa,2026-04-26T14:00:00.000,0.0,25.599999964237213
-144,Tà Hừa,2026-04-26T15:00:00.000,0.0,25.599999964237213
-144,Tà Hừa,2026-04-26T16:00:00.000,1.600000023841858,27.19999998807907
-144,Tà Hừa,2026-04-26T17:00:00.000,4.400000095367432,31.600000083446503
-144,Tà Hừa,2026-04-26T18:00:00.000,2.200000047683716,33.80000013113022
-144,Tà Hừa,2026-04-26T19:00:00.000,2.799999952316284,36.6000000834465
-144,Tà Hừa,2026-04-26T20:00:00.000,0.20000000298023224,36.800000086426735
-144,Tà Hừa,2026-04-26T21:00:00.000,0.0,36.800000086426735
-144,Tà Hừa,2026-04-26T22:00:00.000,0.20000000298023224,37.00000008940697
-144,Tà Hừa,2026-04-26T23:00:00.000,0.0,37.00000008940697
-144,Tà Hừa,2026-04-27T00:00:00.000,0.0,0.4000000059604645
-144,Tà Hừa,2026-04-27T01:00:00.000,0.0,0.4000000059604645
-144,Tà Hừa,2026-04-27T02:00:00.000,0.0,0.4000000059604645
-144,Tà Hừa,2026-04-27T03:00:00.000,0.0,0.4000000059604645
-144,Tà Hừa,2026-04-27T04:00:00.000,0.0,0.4000000059604645
-144,Tà Hừa,2026-04-27T05:00:00.000,0.0,0.4000000059604645
-144,Tà Hừa,2026-04-27T06:00:00.000,0.0,0.4000000059604645
-144,Tà Hừa,2026-04-27T07:00:00.000,0.0,0.4000000059604645
-144,Tà Hừa,2026-04-27T08:00:00.000,0.0,0.4000000059604645
-144,Tà Hừa,2026-04-27T09:00:00.000,0.0,0.4000000059604645
-144,Tà Hừa,2026-04-27T10:00:00.000,0.0,0.4000000059604645
-144,Tà Hừa,2026-04-27T11:00:00.000,0.0,0.4000000059604645
-144,Tà Hừa,2026-04-27T12:00:00.000,0.0,0.4000000059604645
-144,Tà Hừa,2026-04-27T13:00:00.000,0.0,0.4000000059604645
-144,Tà Hừa,2026-04-27T14:00:00.000,0.0,0.4000000059604645
-144,Tà Hừa,2026-04-27T15:00:00.000,4.400000095367432,4.800000101327896
-144,Tà Hừa,2026-04-27T16:00:00.000,2.5999999046325684,7.4000000059604645
-144,Tà Hừa,2026-04-27T17:00:00.000,0.0,7.4000000059604645
-144,Tà Hừa,2026-04-27T18:00:00.000,0.0,7.4000000059604645
-144,Tà Hừa,2026-04-27T19:00:00.000,0.0,7.4000000059604645
-144,Tà Hừa,2026-04-27T20:00:00.000,0.0,7.4000000059604645
-144,Tà Hừa,2026-04-27T21:00:00.000,0.0,7.4000000059604645
-144,Tà Hừa,2026-04-27T22:00:00.000,0.0,7.4000000059604645
-144,Tà Hừa,2026-04-27T23:00:00.000,0.0,7.4000000059604645
-144,Tà Hừa,2026-04-28T00:00:00.000,0.0,0.0
-144,Tà Hừa,2026-04-28T01:00:00.000,0.0,0.0
-144,Tà Hừa,2026-04-28T02:00:00.000,0.0,0.0
-144,Tà Hừa,2026-04-28T03:00:00.000,0.0,0.0
-144,Tà Hừa,2026-04-28T04:00:00.000,0.0,0.0
-144,Tà Hừa,2026-04-28T05:00:00.000,0.20000000298023224,0.20000000298023224
-144,Tà Hừa,2026-04-28T06:00:00.000,0.0,0.20000000298023224
-144,Tà Hừa,2026-04-28T07:00:00.000,0.0,0.20000000298023224
-144,Tà Hừa,2026-04-28T08:00:00.000,0.0,0.20000000298023224
-144,Tà Hừa,2026-04-28T09:00:00.000,0.0,0.20000000298023224
-144,Tà Hừa,2026-04-28T10:00:00.000,0.0,0.20000000298023224
-144,Tà Hừa,2026-04-28T11:00:00.000,0.0,0.20000000298023224
-144,Tà Hừa,2026-04-28T12:00:00.000,,0.20000000298023224
-144,Tà Hừa,2026-04-28T13:00:00.000,0.0,0.20000000298023224
-144,Tà Hừa,2026-04-28T14:00:00.000,0.0,0.20000000298023224
-144,Tà Hừa,2026-04-28T15:00:00.000,0.0,0.20000000298023224
-144,Tà Hừa,2026-04-28T16:00:00.000,0.0,0.20000000298023224
-144,Tà Hừa,2026-04-28T17:00:00.000,0.0,0.20000000298023224
-144,Tà Hừa,2026-04-28T18:00:00.000,0.0,0.20000000298023224
-144,Tà Hừa,2026-04-28T19:00:00.000,0.0,0.20000000298023224
-144,Tà Hừa,2026-04-28T20:00:00.000,0.0,0.20000000298023224
-144,Tà Hừa,2026-04-28T21:00:00.000,0.0,0.20000000298023224
-144,Tà Hừa,2026-04-28T22:00:00.000,0.0,0.20000000298023224
-144,Tà Hừa,2026-04-28T23:00:00.000,0.0,0.20000000298023224
-144,Tà Hừa,2026-04-29T00:00:00.000,0.0,0.0
-144,Tà Hừa,2026-04-29T01:00:00.000,0.0,0.0
-144,Tà Hừa,2026-04-29T02:00:00.000,0.0,0.0
-144,Tà Hừa,2026-04-29T03:00:00.000,0.0,0.0
-144,Tà Hừa,2026-04-29T04:00:00.000,0.0,0.0
-144,Tà Hừa,2026-04-29T05:00:00.000,0.0,0.0
-144,Tà Hừa,2026-04-29T06:00:00.000,0.0,0.0
-144,Tà Hừa,2026-04-29T07:00:00.000,0.0,0.0
-144,Tà Hừa,2026-04-29T08:00:00.000,0.0,0.0
-144,Tà Hừa,2026-04-29T09:00:00.000,0.0,0.0
-144,Tà Hừa,2026-04-29T10:00:00.000,0.0,0.0
-144,Tà Hừa,2026-04-29T11:00:00.000,0.0,0.0
-144,Tà Hừa,2026-04-29T12:00:00.000,0.0,0.0
-144,Tà Hừa,2026-04-29T13:00:00.000,0.0,0.0
-144,Tà Hừa,2026-04-29T14:00:00.000,0.0,0.0
-144,Tà Hừa,2026-04-29T15:00:00.000,0.0,0.0
-144,Tà Hừa,2026-04-29T16:00:00.000,0.0,0.0
-144,Tà Hừa,2026-04-29T17:00:00.000,0.0,0.0
-144,Tà Hừa,2026-04-29T18:00:00.000,0.0,0.0
-144,Tà Hừa,2026-04-29T19:00:00.000,0.0,0.0
-144,Tà Hừa,2026-04-29T20:00:00.000,0.0,0.0
-144,Tà Hừa,2026-04-29T21:00:00.000,0.0,0.0
-144,Tà Hừa,2026-04-29T22:00:00.000,0.0,0.0
-144,Tà Hừa,2026-04-29T23:00:00.000,0.0,0.0
-144,Tà Hừa,2026-04-30T00:00:00.000,0.0,0.0
-144,Tà Hừa,2026-04-30T01:00:00.000,0.0,0.0
-144,Tà Hừa,2026-04-30T02:00:00.000,0.0,0.0
-144,Tà Hừa,2026-04-30T03:00:00.000,0.0,0.0
-144,Tà Hừa,2026-04-30T04:00:00.000,0.0,0.0
-144,Tà Hừa,2026-04-30T05:00:00.000,0.0,0.0
-144,Tà Hừa,2026-04-30T06:00:00.000,0.0,0.0
-144,Tà Hừa,2026-04-30T07:00:00.000,0.0,0.0
-144,Tà Hừa,2026-04-30T08:00:00.000,0.0,0.0
-144,Tà Hừa,2026-04-30T09:00:00.000,0.0,0.0
-144,Tà Hừa,2026-04-30T10:00:00.000,0.0,0.0
-144,Tà Hừa,2026-04-30T11:00:00.000,0.0,0.0
-144,Tà Hừa,2026-04-30T12:00:00.000,0.0,0.0
-144,Tà Hừa,2026-04-30T13:00:00.000,0.0,0.0
-144,Tà Hừa,2026-04-30T14:00:00.000,0.0,0.0
-144,Tà Hừa,2026-04-30T15:00:00.000,0.4000000059604645,0.4000000059604645
-144,Tà Hừa,2026-04-30T16:00:00.000,0.0,0.4000000059604645
-144,Tà Hừa,2026-04-30T17:00:00.000,0.0,0.4000000059604645
-144,Tà Hừa,2026-04-30T18:00:00.000,0.0,0.4000000059604645
-144,Tà Hừa,2026-04-30T19:00:00.000,0.0,0.4000000059604645
-144,Tà Hừa,2026-04-30T20:00:00.000,0.0,0.4000000059604645
-144,Tà Hừa,2026-04-30T21:00:00.000,0.0,0.4000000059604645
-144,Tà Hừa,2026-04-30T22:00:00.000,0.0,0.4000000059604645
-144,Tà Hừa,2026-04-30T23:00:00.000,0.0,0.4000000059604645
-144,Tà Hừa,2026-05-01T00:00:00.000,0.0,0.0
-144,Tà Hừa,2026-05-01T01:00:00.000,0.0,0.0
-144,Tà Hừa,2026-05-01T02:00:00.000,0.0,0.0
-144,Tà Hừa,2026-05-01T03:00:00.000,0.0,0.0
-144,Tà Hừa,2026-05-01T04:00:00.000,0.0,0.0
-144,Tà Hừa,2026-05-01T05:00:00.000,0.0,0.0
-144,Tà Hừa,2026-05-01T06:00:00.000,0.0,0.0
-144,Tà Hừa,2026-05-01T07:00:00.000,0.0,0.0
-144,Tà Hừa,2026-05-01T08:00:00.000,0.0,0.0
-144,Tà Hừa,2026-05-01T09:00:00.000,0.0,0.0
-144,Tà Hừa,2026-05-01T10:00:00.000,0.0,0.0
-144,Tà Hừa,2026-05-01T11:00:00.000,0.0,0.0
-144,Tà Hừa,2026-05-01T12:00:00.000,0.0,0.0
-144,Tà Hừa,2026-05-01T13:00:00.000,0.0,0.0
-144,Tà Hừa,2026-05-01T14:00:00.000,0.0,0.0
-144,Tà Hừa,2026-05-01T15:00:00.000,0.0,0.0
-144,Tà Hừa,2026-05-01T16:00:00.000,0.0,0.0
-144,Tà Hừa,2026-05-01T17:00:00.000,0.0,0.0
-144,Tà Hừa,2026-05-01T18:00:00.000,0.0,0.0
-144,Tà Hừa,2026-05-01T19:00:00.000,0.0,0.0
-144,Tà Hừa,2026-05-01T20:00:00.000,0.0,0.0
-144,Tà Hừa,2026-05-01T21:00:00.000,0.0,0.0
-144,Tà Hừa,2026-05-01T22:00:00.000,0.0,0.0
-144,Tà Hừa,2026-05-01T23:00:00.000,0.0,0.0
-144,Tà Hừa,2026-05-02T00:00:00.000,0.0,0.0
-144,Tà Hừa,2026-05-02T01:00:00.000,0.0,0.0
-144,Tà Hừa,2026-05-02T02:00:00.000,0.0,0.0
-144,Tà Hừa,2026-05-02T03:00:00.000,0.0,0.0
-144,Tà Hừa,2026-05-02T04:00:00.000,0.0,0.0
-144,Tà Hừa,2026-05-02T05:00:00.000,0.0,0.0
-144,Tà Hừa,2026-05-02T06:00:00.000,7.199999809265137,7.199999809265137
-144,Tà Hừa,2026-05-02T07:00:00.000,2.5999999046325684,9.799999713897705
-144,Tà Hừa,2026-05-02T08:00:00.000,2.5999999046325684,12.399999618530273
-144,Tà Hừa,2026-05-02T09:00:00.000,0.20000000298023224,12.599999621510506
-144,Tà Hừa,2026-05-02T10:00:00.000,0.0,12.599999621510506
-144,Tà Hừa,2026-05-02T11:00:00.000,0.20000000298023224,12.799999624490738
-144,Tà Hừa,2026-05-02T12:00:00.000,0.0,12.799999624490738
-144,Tà Hừa,2026-05-02T13:00:00.000,0.0,12.799999624490738
-144,Tà Hừa,2026-05-02T14:00:00.000,0.0,12.799999624490738
-144,Tà Hừa,2026-05-02T15:00:00.000,0.0,12.799999624490738
-144,Tà Hừa,2026-05-02T16:00:00.000,11.600000381469727,24.400000005960464
-144,Tà Hừa,2026-05-02T17:00:00.000,0.0,24.400000005960464
-144,Tà Hừa,2026-05-02T18:00:00.000,13.600000381469727,38.00000038743019
-144,Tà Hừa,2026-05-02T19:00:00.000,0.4000000059604645,38.400000393390656
-144,Tà Hừa,2026-05-02T20:00:00.000,0.0,38.400000393390656
-144,Tà Hừa,2026-05-02T21:00:00.000,0.0,38.400000393390656
-144,Tà Hừa,2026-05-02T22:00:00.000,0.0,38.400000393390656
-144,Tà Hừa,2026-05-02T23:00:00.000,0.20000000298023224,38.60000039637089
-144,Tà Hừa,2026-05-03T00:00:00.000,0.800000011920929,1.0000000149011612
-144,Tà Hừa,2026-05-03T01:00:00.000,0.0,1.0000000149011612
-144,Tà Hừa,2026-05-03T02:00:00.000,0.0,1.0000000149011612
-144,Tà Hừa,2026-05-03T03:00:00.000,1.0,2.000000014901161
-144,Tà Hừa,2026-05-03T04:00:00.000,0.20000000298023224,2.2000000178813934
-144,Tà Hừa,2026-05-03T05:00:00.000,3.4000000953674316,5.600000113248825
-144,Tà Hừa,2026-05-03T06:00:00.000,4.800000190734863,10.400000303983688
-144,Tà Hừa,2026-05-03T07:00:00.000,7.199999809265137,17.600000113248825
-144,Tà Hừa,2026-05-03T08:00:00.000,4.400000095367432,22.000000208616257
-144,Tà Hừa,2026-05-03T09:00:00.000,0.20000000298023224,22.20000021159649
-144,Tà Hừa,2026-05-03T10:00:00.000,4.199999809265137,26.400000020861626
-144,Tà Hừa,2026-05-03T11:00:00.000,3.200000047683716,29.60000006854534
-144,Tà Hừa,2026-05-03T12:00:00.000,2.200000047683716,31.800000116229057
-144,Tà Hừa,2026-05-03T13:00:00.000,0.0,31.800000116229057
-144,Tà Hừa,2026-05-03T14:00:00.000,0.0,31.800000116229057
-144,Tà Hừa,2026-05-03T15:00:00.000,0.0,31.800000116229057
-144,Tà Hừa,2026-05-03T16:00:00.000,0.0,31.800000116229057
-144,Tà Hừa,2026-05-03T17:00:00.000,0.0,31.800000116229057
-144,Tà Hừa,2026-05-03T18:00:00.000,0.0,31.800000116229057
-144,Tà Hừa,2026-05-03T19:00:00.000,0.0,31.800000116229057
-144,Tà Hừa,2026-05-03T20:00:00.000,0.0,31.800000116229057
-144,Tà Hừa,2026-05-03T21:00:00.000,0.0,31.800000116229057
-144,Tà Hừa,2026-05-03T22:00:00.000,0.0,31.800000116229057
-144,Tà Hừa,2026-05-03T23:00:00.000,0.0,31.800000116229057
-144,Tà Hừa,2026-05-04T00:00:00.000,0.0,0.0
-144,Tà Hừa,2026-05-04T01:00:00.000,2.0,2.0
-144,Tà Hừa,2026-05-04T02:00:00.000,14.199999809265137,16.199999809265137
-144,Tà Hừa,2026-05-04T03:00:00.000,0.0,16.199999809265137
-144,Tà Hừa,2026-05-04T04:00:00.000,0.0,16.199999809265137
-144,Tà Hừa,2026-05-04T05:00:00.000,0.0,16.199999809265137
-144,Tà Hừa,2026-05-04T06:00:00.000,0.0,16.199999809265137
-144,Tà Hừa,2026-05-04T07:00:00.000,0.0,16.199999809265137
-144,Tà Hừa,2026-05-04T08:00:00.000,0.0,16.199999809265137
-144,Tà Hừa,2026-05-04T09:00:00.000,0.0,16.199999809265137
-144,Tà Hừa,2026-05-04T10:00:00.000,0.0,16.199999809265137
-144,Tà Hừa,2026-05-04T11:00:00.000,0.0,16.199999809265137
-144,Tà Hừa,2026-05-04T12:00:00.000,0.0,16.199999809265137
-144,Tà Hừa,2026-05-04T13:00:00.000,0.0,16.199999809265137
-144,Tà Hừa,2026-05-04T14:00:00.000,0.0,16.199999809265137
-144,Tà Hừa,2026-05-04T15:00:00.000,0.0,16.199999809265137
-144,Tà Hừa,2026-05-04T16:00:00.000,0.0,16.199999809265137
-144,Tà Hừa,2026-05-04T17:00:00.000,0.0,16.199999809265137
-144,Tà Hừa,2026-05-04T18:00:00.000,0.0,16.199999809265137
-144,Tà Hừa,2026-05-04T19:00:00.000,0.0,16.199999809265137
-144,Tà Hừa,2026-05-04T20:00:00.000,0.0,16.199999809265137
-144,Tà Hừa,2026-05-04T21:00:00.000,0.0,16.199999809265137
-144,Tà Hừa,2026-05-04T22:00:00.000,0.0,16.199999809265137
-144,Tà Hừa,2026-05-04T23:00:00.000,0.0,16.199999809265137
-144,Tà Hừa,2026-05-05T00:00:00.000,0.0,0.0
-144,Tà Hừa,2026-05-05T01:00:00.000,0.0,0.0
-144,Tà Hừa,2026-05-05T02:00:00.000,0.0,0.0
-144,Tà Hừa,2026-05-05T03:00:00.000,0.0,0.0
-144,Tà Hừa,2026-05-05T04:00:00.000,0.0,0.0
-144,Tà Hừa,2026-05-05T05:00:00.000,0.0,0.0
-144,Tà Hừa,2026-05-05T06:00:00.000,0.0,0.0
-144,Tà Hừa,2026-05-05T07:00:00.000,0.0,0.0
-144,Tà Hừa,2026-05-05T08:00:00.000,0.0,0.0
-144,Tà Hừa,2026-05-05T09:00:00.000,0.0,0.0
-144,Tà Hừa,2026-05-05T10:00:00.000,0.0,0.0
-144,Tà Hừa,2026-05-05T11:00:00.000,0.0,0.0
-144,Tà Hừa,2026-05-05T12:00:00.000,0.0,0.0
-144,Tà Hừa,2026-05-05T13:00:00.000,0.0,0.0
-144,Tà Hừa,2026-05-05T14:00:00.000,0.0,0.0
-144,Tà Hừa,2026-05-05T15:00:00.000,0.0,0.0
-144,Tà Hừa,2026-05-05T16:00:00.000,0.0,0.0
-144,Tà Hừa,2026-05-05T17:00:00.000,0.0,0.0
-144,Tà Hừa,2026-05-05T18:00:00.000,0.0,0.0
-144,Tà Hừa,2026-05-05T19:00:00.000,0.0,0.0
-144,Tà Hừa,2026-05-05T20:00:00.000,0.0,0.0
-144,Tà Hừa,2026-05-05T21:00:00.000,0.0,0.0
-144,Tà Hừa,2026-05-05T22:00:00.000,0.0,0.0
-144,Tà Hừa,2026-05-05T23:00:00.000,0.0,0.0
-144,Tà Hừa,2026-05-06T00:00:00.000,0.0,0.0
-144,Tà Hừa,2026-05-06T01:00:00.000,0.0,0.0
-144,Tà Hừa,2026-05-06T02:00:00.000,0.0,0.0
-144,Tà Hừa,2026-05-06T03:00:00.000,0.0,0.0
-144,Tà Hừa,2026-05-06T04:00:00.000,0.0,0.0
-144,Tà Hừa,2026-05-06T05:00:00.000,0.0,0.0
-144,Tà Hừa,2026-05-06T06:00:00.000,0.0,0.0
-144,Tà Hừa,2026-05-06T07:00:00.000,0.0,0.0
-144,Tà Hừa,2026-05-06T08:00:00.000,0.0,0.0
-144,Tà Hừa,2026-05-06T09:00:00.000,0.0,0.0
-144,Tà Hừa,2026-05-06T10:00:00.000,0.0,0.0
-144,Tà Hừa,2026-05-06T11:00:00.000,0.20000000298023224,0.20000000298023224
-144,Tà Hừa,2026-05-06T12:00:00.000,0.0,0.20000000298023224
-144,Tà Hừa,2026-05-06T13:00:00.000,0.0,0.20000000298023224
-144,Tà Hừa,2026-05-06T14:00:00.000,0.0,0.20000000298023224
-144,Tà Hừa,2026-05-06T15:00:00.000,0.0,0.20000000298023224
-144,Tà Hừa,2026-05-06T16:00:00.000,0.0,0.20000000298023224
-144,Tà Hừa,2026-05-06T17:00:00.000,0.0,0.20000000298023224
-144,Tà Hừa,2026-05-06T18:00:00.000,0.0,0.20000000298023224
-144,Tà Hừa,2026-05-06T19:00:00.000,0.0,0.20000000298023224
-144,Tà Hừa,2026-05-06T20:00:00.000,0.0,0.20000000298023224
-144,Tà Hừa,2026-05-06T21:00:00.000,0.0,0.20000000298023224
-144,Tà Hừa,2026-05-06T22:00:00.000,3.799999952316284,3.9999999552965164
-144,Tà Hừa,2026-05-06T23:00:00.000,0.20000000298023224,4.199999958276749
-144,Tà Hừa,2026-05-07T00:00:00.000,0.0,3.9999999552965164
-144,Tà Hừa,2026-05-07T01:00:00.000,0.0,3.9999999552965164
-144,Tà Hừa,2026-05-07T02:00:00.000,0.0,3.9999999552965164
-144,Tà Hừa,2026-05-07T03:00:00.000,0.0,3.9999999552965164
-144,Tà Hừa,2026-05-07T04:00:00.000,0.0,3.9999999552965164
-144,Tà Hừa,2026-05-07T05:00:00.000,0.20000000298023224,4.199999958276749
-144,Tà Hừa,2026-05-07T06:00:00.000,0.0,4.199999958276749
-144,Tà Hừa,2026-05-07T07:00:00.000,0.0,4.199999958276749
-144,Tà Hừa,2026-05-07T08:00:00.000,0.0,4.199999958276749
-144,Tà Hừa,2026-05-07T09:00:00.000,0.0,4.199999958276749
-144,Tà Hừa,2026-05-07T10:00:00.000,0.0,4.199999958276749
-144,Tà Hừa,2026-05-07T11:00:00.000,0.0,4.199999958276749
-144,Tà Hừa,2026-05-07T12:00:00.000,0.0,4.199999958276749
-144,Tà Hừa,2026-05-07T13:00:00.000,0.0,4.199999958276749
-144,Tà Hừa,2026-05-07T14:00:00.000,0.0,4.199999958276749
-144,Tà Hừa,2026-05-07T15:00:00.000,0.0,4.199999958276749
-144,Tà Hừa,2026-05-07T16:00:00.000,0.0,4.199999958276749
-144,Tà Hừa,2026-05-07T17:00:00.000,0.0,4.199999958276749
-144,Tà Hừa,2026-05-07T18:00:00.000,0.0,4.199999958276749
-144,Tà Hừa,2026-05-07T19:00:00.000,0.0,4.199999958276749
-144,Tà Hừa,2026-05-07T20:00:00.000,0.0,4.199999958276749
-144,Tà Hừa,2026-05-07T21:00:00.000,0.0,4.199999958276749
-144,Tà Hừa,2026-05-07T22:00:00.000,0.0,4.199999958276749
-144,Tà Hừa,2026-05-07T23:00:00.000,4.800000190734863,9.000000149011612
-144,Tà Hừa,2026-05-08T00:00:00.000,0.4000000059604645,5.200000196695328
-144,Tà Hừa,2026-05-08T01:00:00.000,0.0,5.200000196695328
-144,Tà Hừa,2026-05-08T02:00:00.000,0.20000000298023224,5.40000019967556
-144,Tà Hừa,2026-05-08T03:00:00.000,24.399999618530273,29.799999818205833
-144,Tà Hừa,2026-05-08T04:00:00.000,24.799999237060547,54.59999905526638
-144,Tà Hừa,2026-05-08T05:00:00.000,4.599999904632568,59.19999895989895
-144,Tà Hừa,2026-05-08T06:00:00.000,1.399999976158142,60.59999893605709
-144,Tà Hừa,2026-05-08T07:00:00.000,0.20000000298023224,60.79999893903732
-144,Tà Hừa,2026-05-08T08:00:00.000,0.0,60.79999893903732
-144,Tà Hừa,2026-05-08T09:00:00.000,0.0,60.79999893903732
-144,Tà Hừa,2026-05-08T10:00:00.000,0.0,60.79999893903732
-144,Tà Hừa,2026-05-08T11:00:00.000,0.0,60.79999893903732
-144,Tà Hừa,2026-05-08T12:00:00.000,0.0,60.79999893903732
-144,Tà Hừa,2026-05-08T13:00:00.000,0.0,60.79999893903732
-144,Tà Hừa,2026-05-08T14:00:00.000,0.0,60.79999893903732
-144,Tà Hừa,2026-05-08T15:00:00.000,0.0,60.79999893903732
-144,Tà Hừa,2026-05-08T16:00:00.000,0.0,60.79999893903732
-144,Tà Hừa,2026-05-08T17:00:00.000,0.0,60.79999893903732
-144,Tà Hừa,2026-05-08T18:00:00.000,0.0,60.79999893903732
-144,Tà Hừa,2026-05-08T19:00:00.000,0.0,60.79999893903732
-144,Tà Hừa,2026-05-08T20:00:00.000,0.0,60.79999893903732
-144,Tà Hừa,2026-05-08T21:00:00.000,0.0,60.79999893903732
-144,Tà Hừa,2026-05-08T22:00:00.000,0.0,60.79999893903732
-144,Tà Hừa,2026-05-08T23:00:00.000,0.0,60.79999893903732
-144,Tà Hừa,2026-05-09T00:00:00.000,0.0,0.0
-144,Tà Hừa,2026-05-09T01:00:00.000,0.0,0.0
-144,Tà Hừa,2026-05-09T02:00:00.000,0.0,0.0
-144,Tà Hừa,2026-05-09T03:00:00.000,0.0,0.0
-144,Tà Hừa,2026-05-09T04:00:00.000,0.0,0.0
-144,Tà Hừa,2026-05-09T05:00:00.000,0.0,0.0
-144,Tà Hừa,2026-05-09T06:00:00.000,0.0,0.0
-144,Tà Hừa,2026-05-09T07:00:00.000,0.0,0.0
-144,Tà Hừa,2026-05-09T08:00:00.000,0.0,0.0
-144,Tà Hừa,2026-05-09T09:00:00.000,0.0,0.0
-144,Tà Hừa,2026-05-09T10:00:00.000,0.0,0.0
-144,Tà Hừa,2026-05-09T11:00:00.000,0.0,0.0
-144,Tà Hừa,2026-05-09T12:00:00.000,0.0,0.0
-144,Tà Hừa,2026-05-09T13:00:00.000,0.0,0.0
-144,Tà Hừa,2026-05-09T14:00:00.000,0.0,0.0
-144,Tà Hừa,2026-05-09T15:00:00.000,0.0,0.0
-144,Tà Hừa,2026-05-09T16:00:00.000,0.0,0.0
-144,Tà Hừa,2026-05-09T17:00:00.000,0.0,0.0
-144,Tà Hừa,2026-05-09T18:00:00.000,0.4000000059604645,0.4000000059604645
-144,Tà Hừa,2026-05-09T19:00:00.000,4.0,4.4000000059604645
-144,Tà Hừa,2026-05-09T20:00:00.000,3.4000000953674316,7.800000101327896
-144,Tà Hừa,2026-05-09T21:00:00.000,0.800000011920929,8.600000113248825
-144,Tà Hừa,2026-05-09T22:00:00.000,1.600000023841858,10.200000137090683
-144,Tà Hừa,2026-05-09T23:00:00.000,1.7999999523162842,12.000000089406967
-144,Tà Hừa,2026-05-10T00:00:00.000,1.2000000476837158,8.800000131130219
-144,Tà Hừa,2026-05-10T01:00:00.000,1.2000000476837158,10.000000178813934
-144,Tà Hừa,2026-05-10T02:00:00.000,0.6000000238418579,10.600000202655792
-144,Tà Hừa,2026-05-10T03:00:00.000,8.600000381469727,19.20000058412552
-144,Tà Hừa,2026-05-10T04:00:00.000,3.200000047683716,22.400000631809235
-144,Tà Hừa,2026-05-10T05:00:00.000,1.600000023841858,24.000000655651093
-144,Tà Hừa,2026-05-10T06:00:00.000,1.2000000476837158,25.20000070333481
-144,Tà Hừa,2026-05-10T07:00:00.000,0.4000000059604645,25.600000709295273
-144,Tà Hừa,2026-05-10T08:00:00.000,0.20000000298023224,25.800000712275505
-144,Tà Hừa,2026-05-10T09:00:00.000,1.399999976158142,27.200000688433647
-144,Tà Hừa,2026-05-10T10:00:00.000,0.20000000298023224,27.40000069141388
-144,Tà Hừa,2026-05-10T11:00:00.000,0.6000000238418579,28.000000715255737
-144,Tà Hừa,2026-05-10T12:00:00.000,0.4000000059604645,28.400000721216202
-144,Tà Hừa,2026-05-10T13:00:00.000,0.0,28.400000721216202
-144,Tà Hừa,2026-05-10T14:00:00.000,0.4000000059604645,28.800000727176666
-144,Tà Hừa,2026-05-10T15:00:00.000,0.20000000298023224,29.0000007301569
-144,Tà Hừa,2026-05-10T16:00:00.000,0.4000000059604645,29.400000736117363
-144,Tà Hừa,2026-05-10T17:00:00.000,0.20000000298023224,29.600000739097595
-144,Tà Hừa,2026-05-10T18:00:00.000,0.20000000298023224,29.800000742077827
-144,Tà Hừa,2026-05-10T19:00:00.000,,29.800000742077827
-144,Tà Hừa,2026-05-10T20:00:00.000,0.0,29.800000742077827
-144,Tà Hừa,2026-05-10T21:00:00.000,0.0,29.800000742077827
-144,Tà Hừa,2026-05-10T22:00:00.000,0.0,29.800000742077827
-144,Tà Hừa,2026-05-10T23:00:00.000,0.0,29.800000742077827
-144,Tà Hừa,2026-05-11T00:00:00.000,0.20000000298023224,0.20000000298023224
-144,Tà Hừa,2026-05-11T01:00:00.000,0.0,0.20000000298023224
-144,Tà Hừa,2026-05-11T02:00:00.000,0.0,0.20000000298023224
-144,Tà Hừa,2026-05-11T03:00:00.000,0.0,0.20000000298023224
-144,Tà Hừa,2026-05-11T04:00:00.000,4.800000190734863,5.0000001937150955
-144,Tà Hừa,2026-05-11T05:00:00.000,8.600000381469727,13.600000575184822
-144,Tà Hừa,2026-05-11T06:00:00.000,0.20000000298023224,13.800000578165054
-144,Tà Hừa,2026-05-11T07:00:00.000,0.0,13.800000578165054
-144,Tà Hừa,2026-05-11T08:00:00.000,0.0,13.800000578165054
-144,Tà Hừa,2026-05-11T09:00:00.000,0.0,13.800000578165054
-144,Tà Hừa,2026-05-11T10:00:00.000,0.0,13.800000578165054
-144,Tà Hừa,2026-05-11T11:00:00.000,0.0,13.800000578165054
-144,Tà Hừa,2026-05-11T12:00:00.000,0.0,13.800000578165054
-144,Tà Hừa,2026-05-11T13:00:00.000,0.0,13.800000578165054
-144,Tà Hừa,2026-05-11T14:00:00.000,0.0,13.800000578165054
-144,Tà Hừa,2026-05-11T15:00:00.000,0.0,13.800000578165054
-144,Tà Hừa,2026-05-11T16:00:00.000,,13.800000578165054
-144,Tà Hừa,2026-05-11T17:00:00.000,0.0,13.800000578165054
-144,Tà Hừa,2026-05-11T18:00:00.000,,13.800000578165054
-144,Tà Hừa,2026-05-11T19:00:00.000,,13.800000578165054
-144,Tà Hừa,2026-05-11T20:00:00.000,0.0,13.800000578165054
-144,Tà Hừa,2026-05-11T21:00:00.000,0.0,13.800000578165054
-144,Tà Hừa,2026-05-11T22:00:00.000,0.0,13.800000578165054
-144,Tà Hừa,2026-05-11T23:00:00.000,0.0,13.800000578165054
-144,Tà Hừa,2026-05-12T00:00:00.000,0.0,0.0
-144,Tà Hừa,2026-05-12T01:00:00.000,7.800000190734863,7.800000190734863
-144,Tà Hừa,2026-05-12T02:00:00.000,3.4000000953674316,11.200000286102295
-144,Tà Hừa,2026-05-12T03:00:00.000,0.0,11.200000286102295
-144,Tà Hừa,2026-05-12T04:00:00.000,0.0,11.200000286102295
-144,Tà Hừa,2026-05-12T05:00:00.000,3.5999999046325684,14.800000190734863
-144,Tà Hừa,2026-05-12T06:00:00.000,0.4000000059604645,15.200000196695328
-144,Tà Hừa,2026-05-12T07:00:00.000,0.20000000298023224,15.40000019967556
-144,Tà Hừa,2026-05-12T08:00:00.000,0.4000000059604645,15.800000205636024
-144,Tà Hừa,2026-05-12T09:00:00.000,0.0,15.800000205636024
-144,Tà Hừa,2026-05-12T10:00:00.000,0.20000000298023224,16.000000208616257
-144,Tà Hừa,2026-05-12T11:00:00.000,0.0,16.000000208616257
-144,Tà Hừa,2026-05-12T12:00:00.000,0.0,16.000000208616257
-144,Tà Hừa,2026-05-12T13:00:00.000,0.0,16.000000208616257
-144,Tà Hừa,2026-05-12T14:00:00.000,0.0,16.000000208616257
-144,Tà Hừa,2026-05-12T15:00:00.000,0.0,16.000000208616257
-144,Tà Hừa,2026-05-12T16:00:00.000,0.0,16.000000208616257
-144,Tà Hừa,2026-05-12T17:00:00.000,0.0,16.000000208616257
-144,Tà Hừa,2026-05-12T18:00:00.000,0.0,16.000000208616257
-144,Tà Hừa,2026-05-12T19:00:00.000,0.0,16.000000208616257
-144,Tà Hừa,2026-05-12T20:00:00.000,0.0,16.000000208616257
-144,Tà Hừa,2026-05-12T21:00:00.000,0.0,16.000000208616257
-144,Tà Hừa,2026-05-12T22:00:00.000,0.0,16.000000208616257
-144,Tà Hừa,2026-05-12T23:00:00.000,0.0,16.000000208616257
-144,Tà Hừa,2026-05-13T00:00:00.000,0.0,0.0
-144,Tà Hừa,2026-05-13T01:00:00.000,0.0,0.0
-144,Tà Hừa,2026-05-13T02:00:00.000,0.0,0.0
-144,Tà Hừa,2026-05-13T03:00:00.000,0.0,0.0
-144,Tà Hừa,2026-05-13T04:00:00.000,0.0,0.0
-144,Tà Hừa,2026-05-13T05:00:00.000,0.0,0.0
-144,Tà Hừa,2026-05-13T06:00:00.000,0.0,0.0
-144,Tà Hừa,2026-05-13T07:00:00.000,0.0,0.0
-144,Tà Hừa,2026-05-13T08:00:00.000,0.0,0.0
-144,Tà Hừa,2026-05-13T09:00:00.000,0.0,0.0
-144,Tà Hừa,2026-05-13T10:00:00.000,0.0,0.0
-144,Tà Hừa,2026-05-13T11:00:00.000,0.0,0.0
-144,Tà Hừa,2026-05-13T12:00:00.000,0.0,0.0
-144,Tà Hừa,2026-05-13T13:00:00.000,0.0,0.0
-144,Tà Hừa,2026-05-13T14:00:00.000,0.0,0.0
-144,Tà Hừa,2026-05-13T15:00:00.000,0.0,0.0
-144,Tà Hừa,2026-05-13T16:00:00.000,0.0,0.0
-144,Tà Hừa,2026-05-13T17:00:00.000,0.0,0.0
-144,Tà Hừa,2026-05-13T18:00:00.000,0.0,0.0
-144,Tà Hừa,2026-05-13T19:00:00.000,0.0,0.0
-144,Tà Hừa,2026-05-13T20:00:00.000,0.0,0.0
-144,Tà Hừa,2026-05-13T21:00:00.000,0.0,0.0
-144,Tà Hừa,2026-05-13T22:00:00.000,0.0,0.0
-144,Tà Hừa,2026-05-13T23:00:00.000,0.0,0.0
-144,Tà Hừa,2026-05-14T00:00:00.000,0.0,0.0
-144,Tà Hừa,2026-05-14T01:00:00.000,0.0,0.0
-144,Tà Hừa,2026-05-14T02:00:00.000,0.0,0.0
-144,Tà Hừa,2026-05-14T03:00:00.000,0.0,0.0
-144,Tà Hừa,2026-05-14T04:00:00.000,0.0,0.0
-144,Tà Hừa,2026-05-14T05:00:00.000,0.0,0.0
-144,Tà Hừa,2026-05-14T06:00:00.000,0.0,0.0
-144,Tà Hừa,2026-05-14T07:00:00.000,0.0,0.0
-144,Tà Hừa,2026-05-14T08:00:00.000,0.0,0.0
-144,Tà Hừa,2026-05-14T09:00:00.000,0.0,0.0
-144,Tà Hừa,2026-05-14T10:00:00.000,0.0,0.0
-144,Tà Hừa,2026-05-14T11:00:00.000,0.0,0.0
-144,Tà Hừa,2026-05-14T12:00:00.000,0.0,0.0
-144,Tà Hừa,2026-05-14T13:00:00.000,0.0,0.0
-144,Tà Hừa,2026-05-14T14:00:00.000,0.0,0.0
-144,Tà Hừa,2026-05-14T15:00:00.000,0.0,0.0
-144,Tà Hừa,2026-05-14T16:00:00.000,0.0,0.0
-144,Tà Hừa,2026-05-14T17:00:00.000,0.0,0.0
-144,Tà Hừa,2026-05-14T18:00:00.000,0.0,0.0
-144,Tà Hừa,2026-05-14T19:00:00.000,0.0,0.0
-144,Tà Hừa,2026-05-14T20:00:00.000,0.0,0.0
-144,Tà Hừa,2026-05-14T21:00:00.000,0.0,0.0
-144,Tà Hừa,2026-05-14T22:00:00.000,0.0,0.0
-144,Tà Hừa,2026-05-14T23:00:00.000,0.0,0.0
-144,Tà Hừa,2026-05-15T00:00:00.000,0.0,0.0
-144,Tà Hừa,2026-05-15T01:00:00.000,0.0,0.0
-144,Tà Hừa,2026-05-15T02:00:00.000,0.0,0.0
-144,Tà Hừa,2026-05-15T03:00:00.000,0.0,0.0
-144,Tà Hừa,2026-05-15T04:00:00.000,0.0,0.0
-144,Tà Hừa,2026-05-15T05:00:00.000,0.0,0.0
-144,Tà Hừa,2026-05-15T06:00:00.000,0.0,0.0
-144,Tà Hừa,2026-05-15T07:00:00.000,0.0,0.0
-144,Tà Hừa,2026-05-15T08:00:00.000,0.0,0.0
-144,Tà Hừa,2026-05-15T09:00:00.000,0.0,0.0
-144,Tà Hừa,2026-05-15T10:00:00.000,0.0,0.0
-144,Tà Hừa,2026-05-15T11:00:00.000,0.0,0.0
-144,Tà Hừa,2026-05-15T12:00:00.000,0.0,0.0
-144,Tà Hừa,2026-05-15T13:00:00.000,0.0,0.0
-144,Tà Hừa,2026-05-15T14:00:00.000,0.0,0.0
-144,Tà Hừa,2026-05-15T15:00:00.000,0.0,0.0
-144,Tà Hừa,2026-05-15T16:00:00.000,0.0,0.0
-144,Tà Hừa,2026-05-15T17:00:00.000,0.0,0.0
-144,Tà Hừa,2026-05-15T18:00:00.000,0.0,0.0
-144,Tà Hừa,2026-05-15T19:00:00.000,0.0,0.0
-144,Tà Hừa,2026-05-15T20:00:00.000,0.0,0.0
-144,Tà Hừa,2026-05-15T21:00:00.000,0.0,0.0
-144,Tà Hừa,2026-05-15T22:00:00.000,0.0,0.0
-144,Tà Hừa,2026-05-15T23:00:00.000,0.0,0.0
-144,Tà Hừa,2026-05-17T00:00:00.000,0.0,0.0
-144,Tà Hừa,2026-05-17T01:00:00.000,0.0,0.0
-144,Tà Hừa,2026-05-17T02:00:00.000,0.0,0.0
-144,Tà Hừa,2026-05-17T03:00:00.000,0.0,0.0
-144,Tà Hừa,2026-05-17T04:00:00.000,0.0,0.0
-144,Tà Hừa,2026-05-17T05:00:00.000,0.0,0.0
-144,Tà Hừa,2026-05-17T06:00:00.000,0.0,0.0
-144,Tà Hừa,2026-05-17T07:00:00.000,0.0,0.0
-144,Tà Hừa,2026-05-17T08:00:00.000,0.0,0.0
-144,Tà Hừa,2026-05-17T09:00:00.000,0.0,0.0
-144,Tà Hừa,2026-05-17T10:00:00.000,0.0,0.0
-144,Tà Hừa,2026-05-17T11:00:00.000,0.0,0.0
-144,Tà Hừa,2026-05-17T12:00:00.000,0.0,0.0
-144,Tà Hừa,2026-05-17T13:00:00.000,0.0,0.0
-144,Tà Hừa,2026-05-17T14:00:00.000,0.0,0.0
-144,Tà Hừa,2026-05-17T15:00:00.000,0.0,0.0
-144,Tà Hừa,2026-05-17T16:00:00.000,0.0,0.0
-144,Tà Hừa,2026-05-17T17:00:00.000,0.0,0.0
-144,Tà Hừa,2026-05-17T18:00:00.000,0.0,0.0
-144,Tà Hừa,2026-05-17T19:00:00.000,0.0,0.0
-144,Tà Hừa,2026-05-17T20:00:00.000,0.0,0.0
-144,Tà Hừa,2026-05-17T21:00:00.000,0.0,0.0
-144,Tà Hừa,2026-05-17T22:00:00.000,0.0,0.0
-144,Tà Hừa,2026-05-17T23:00:00.000,0.0,0.0
-144,Tà Hừa,2026-05-18T00:00:00.000,0.0,0.0
-144,Tà Hừa,2026-05-18T01:00:00.000,0.0,0.0
-144,Tà Hừa,2026-05-18T02:00:00.000,0.0,0.0
-144,Tà Hừa,2026-05-18T03:00:00.000,0.0,0.0
-144,Tà Hừa,2026-05-18T04:00:00.000,0.0,0.0
-144,Tà Hừa,2026-05-18T05:00:00.000,0.0,0.0
-144,Tà Hừa,2026-05-18T06:00:00.000,0.0,0.0
-144,Tà Hừa,2026-05-18T07:00:00.000,0.0,0.0
-144,Tà Hừa,2026-05-18T08:00:00.000,0.0,0.0
-144,Tà Hừa,2026-05-18T09:00:00.000,0.0,0.0
-144,Tà Hừa,2026-05-18T10:00:00.000,0.0,0.0
-144,Tà Hừa,2026-05-18T11:00:00.000,0.0,0.0
-144,Tà Hừa,2026-05-18T12:00:00.000,,0.0
-144,Tà Hừa,2026-05-18T13:00:00.000,,0.0
-144,Tà Hừa,2026-05-18T14:00:00.000,,0.0
-144,Tà Hừa,2026-05-18T15:00:00.000,,0.0
-144,Tà Hừa,2026-05-18T16:00:00.000,,0.0
-144,Tà Hừa,2026-05-18T17:00:00.000,,0.0
-144,Tà Hừa,2026-05-18T18:00:00.000,,0.0
-144,Tà Hừa,2026-05-18T19:00:00.000,,0.0
-144,Tà Hừa,2026-05-18T20:00:00.000,,0.0
-144,Tà Hừa,2026-05-18T21:00:00.000,,0.0
-144,Tà Hừa,2026-05-18T22:00:00.000,,0.0
-144,Tà Hừa,2026-05-18T23:00:00.000,,0.0
-144,Tà Hừa,2026-05-19T00:00:00.000,,0.0
-144,Tà Hừa,2026-05-19T01:00:00.000,,0.0
-144,Tà Hừa,2026-05-19T02:00:00.000,,0.0
-144,Tà Hừa,2026-05-19T03:00:00.000,,0.0
-144,Tà Hừa,2026-05-19T04:00:00.000,,0.0
-144,Tà Hừa,2026-05-19T05:00:00.000,,0.0
-144,Tà Hừa,2026-05-19T06:00:00.000,,0.0
-144,Tà Hừa,2026-05-19T07:00:00.000,,0.0
-144,Tà Hừa,2026-05-19T08:00:00.000,,0.0
-144,Tà Hừa,2026-05-19T09:00:00.000,,0.0
-144,Tà Hừa,2026-05-19T10:00:00.000,,0.0
-144,Tà Hừa,2026-05-19T11:00:00.000,,0.0
-144,Tà Hừa,2026-05-19T12:00:00.000,,0.0
-144,Tà Hừa,2026-05-19T13:00:00.000,,0.0
-144,Tà Hừa,2026-05-19T14:00:00.000,,0.0
-144,Tà Hừa,2026-05-19T15:00:00.000,,0.0
-144,Tà Hừa,2026-05-19T16:00:00.000,,0.0
-144,Tà Hừa,2026-05-19T17:00:00.000,,0.0
-144,Tà Hừa,2026-05-19T18:00:00.000,,0.0
-144,Tà Hừa,2026-05-19T19:00:00.000,,0.0
-144,Tà Hừa,2026-05-19T20:00:00.000,,0.0
-144,Tà Hừa,2026-05-19T21:00:00.000,,3.200000047683716
-144,Tà Hừa,2026-05-19T22:00:00.000,,9.400000095367432
-144,Tà Hừa,2026-05-19T23:00:00.000,,10.400000393390656
-144,Tà Hừa,2026-05-20T00:00:00.000,,11.600000441074371
-144,Tà Hừa,2026-05-20T01:00:00.000,,11.600000441074371
-144,Tà Hừa,2026-05-20T02:00:00.000,,11.800000444054604
-144,Tà Hừa,2026-05-20T03:00:00.000,,11.800000444054604
-144,Tà Hừa,2026-05-20T04:00:00.000,,11.800000444054604
-144,Tà Hừa,2026-05-20T05:00:00.000,,11.800000444054604
-144,Tà Hừa,2026-05-20T06:00:00.000,,13.00000049173832
-144,Tà Hừa,2026-05-20T07:00:00.000,,13.00000049173832
-144,Tà Hừa,2026-05-20T08:00:00.000,,13.200000494718552
-144,Tà Hừa,2026-05-20T09:00:00.000,,13.200000494718552
-144,Tà Hừa,2026-05-20T10:00:00.000,,13.200000494718552
-144,Tà Hừa,2026-05-20T11:00:00.000,,13.200000494718552
-144,Tà Hừa,2026-05-20T12:00:00.000,,13.200000494718552
-144,Tà Hừa,2026-05-20T13:00:00.000,,13.400000497698784
-144,Tà Hừa,2026-05-20T14:00:00.000,,13.400000497698784
-144,Tà Hừa,2026-05-20T15:00:00.000,,13.400000497698784
-144,Tà Hừa,2026-05-20T16:00:00.000,,13.400000497698784
-144,Tà Hừa,2026-05-20T17:00:00.000,,13.400000497698784
-144,Tà Hừa,2026-05-20T18:00:00.000,,13.400000497698784
-144,Tà Hừa,2026-05-20T19:00:00.000,,13.400000497698784
-144,Tà Hừa,2026-05-20T20:00:00.000,,13.400000497698784
-144,Tà Hừa,2026-05-20T21:00:00.000,,13.400000497698784
-144,Tà Hừa,2026-05-20T22:00:00.000,,13.400000497698784
-144,Tà Hừa,2026-05-20T23:00:00.000,,13.400000497698784
-144,Tà Hừa,2026-05-21T00:00:00.000,,0.0
-144,Tà Hừa,2026-05-21T01:00:00.000,,0.0
-144,Tà Hừa,2026-05-21T02:00:00.000,,0.0
-144,Tà Hừa,2026-05-21T03:00:00.000,,0.0
-144,Tà Hừa,2026-05-21T04:00:00.000,,0.0
-144,Tà Hừa,2026-05-21T05:00:00.000,,4.199999809265137
-144,Tà Hừa,2026-05-21T06:00:00.000,,6.800000101327896
-144,Tà Hừa,2026-05-21T07:00:00.000,,6.800000101327896
-144,Tà Hừa,2026-05-21T08:00:00.000,,13.800000220537186
-144,Tà Hừa,2026-05-21T09:00:00.000,,14.000000223517418
-144,Tà Hừa,2026-05-21T10:00:00.000,,14.000000223517418
-144,Tà Hừa,2026-05-21T11:00:00.000,,14.000000223517418
-144,Tà Hừa,2026-05-21T12:00:00.000,,14.000000223517418
-144,Tà Hừa,2026-05-21T13:00:00.000,,14.000000223517418
-144,Tà Hừa,2026-05-21T14:00:00.000,,17.40000031888485
-144,Tà Hừa,2026-05-21T15:00:00.000,,21.40000008046627
-144,Tà Hừa,2026-05-21T16:00:00.000,,21.80000013113022
-144,Tà Hừa,2026-05-21T17:00:00.000,,21.80000013113022
-144,Tà Hừa,2026-05-21T18:00:00.000,,21.80000013113022
-144,Tà Hừa,2026-05-21T19:00:00.000,,21.80000013113022
-144,Tà Hừa,2026-05-21T20:00:00.000,,21.80000013113022
-144,Tà Hừa,2026-05-21T21:00:00.000,,21.80000013113022
-144,Tà Hừa,2026-05-21T22:00:00.000,,21.80000013113022
-144,Tà Hừa,2026-05-21T23:00:00.000,,21.80000013113022
-144,Tà Hừa,2026-05-22T00:00:00.000,,0.0
-144,Tà Hừa,2026-05-22T01:00:00.000,,0.0
-144,Tà Hừa,2026-05-22T02:00:00.000,,0.0
-144,Tà Hừa,2026-05-22T03:00:00.000,,0.0
-144,Tà Hừa,2026-05-22T04:00:00.000,,0.0
-144,Tà Hừa,2026-05-22T05:00:00.000,,0.0
-144,Tà Hừa,2026-05-22T06:00:00.000,,0.0
-144,Tà Hừa,2026-05-22T07:00:00.000,,0.0
-144,Tà Hừa,2026-05-22T08:00:00.000,,0.0
-144,Tà Hừa,2026-05-22T09:00:00.000,,0.0
-144,Tà Hừa,2026-05-22T10:00:00.000,,0.0
-144,Tà Hừa,2026-05-22T11:00:00.000,,0.0
-144,Tà Hừa,2026-05-22T12:00:00.000,,0.0
-144,Tà Hừa,2026-05-22T13:00:00.000,,0.0
-144,Tà Hừa,2026-05-22T14:00:00.000,,0.0
-144,Tà Hừa,2026-05-22T15:00:00.000,,0.0
-144,Tà Hừa,2026-05-22T16:00:00.000,,0.0
-144,Tà Hừa,2026-05-22T17:00:00.000,,0.0
-144,Tà Hừa,2026-05-22T18:00:00.000,,0.0
-144,Tà Hừa,2026-05-22T19:00:00.000,,0.0
-144,Tà Hừa,2026-05-22T20:00:00.000,,0.0
-144,Tà Hừa,2026-05-22T21:00:00.000,,0.0
-144,Tà Hừa,2026-05-22T22:00:00.000,,0.0
-144,Tà Hừa,2026-05-22T23:00:00.000,,0.0
-144,Tà Hừa,2026-05-23T00:00:00.000,,0.0
-144,Tà Hừa,2026-05-23T01:00:00.000,,0.0
-144,Tà Hừa,2026-05-23T02:00:00.000,,0.0
-144,Tà Hừa,2026-05-23T03:00:00.000,,0.0
-144,Tà Hừa,2026-05-23T04:00:00.000,,0.0
-144,Tà Hừa,2026-05-23T05:00:00.000,,0.0
-144,Tà Hừa,2026-05-23T06:00:00.000,,0.0
-144,Tà Hừa,2026-05-23T07:00:00.000,,0.0
-144,Tà Hừa,2026-05-23T08:00:00.000,,0.0
-144,Tà Hừa,2026-05-23T09:00:00.000,,0.0
-144,Tà Hừa,2026-05-23T10:00:00.000,,0.0
-144,Tà Hừa,2026-05-23T11:00:00.000,,0.0
-144,Tà Hừa,2026-05-23T12:00:00.000,,0.0
-144,Tà Hừa,2026-05-23T13:00:00.000,,0.0
-144,Tà Hừa,2026-05-23T14:00:00.000,,0.0
-144,Tà Hừa,2026-05-23T15:00:00.000,,0.0
-144,Tà Hừa,2026-05-23T16:00:00.000,,0.0
-144,Tà Hừa,2026-05-23T17:00:00.000,,0.0
-144,Tà Hừa,2026-05-23T18:00:00.000,,0.0
-144,Tà Hừa,2026-05-23T19:00:00.000,,0.0
-144,Tà Hừa,2026-05-23T20:00:00.000,,0.6000000238418579
-144,Tà Hừa,2026-05-23T21:00:00.000,,0.8000000268220901
-144,Tà Hừa,2026-05-23T22:00:00.000,,
-144,Tà Hừa,2026-05-23T23:00:00.000,,
-144,Tà Hừa,2026-05-24T00:00:00.000,,0.20000000298023224
-144,Tà Hừa,2026-05-24T01:00:00.000,,0.20000000298023224
-144,Tà Hừa,2026-05-24T02:00:00.000,,0.20000000298023224
-144,Tà Hừa,2026-05-24T03:00:00.000,,0.20000000298023224
-144,Tà Hừa,2026-05-24T04:00:00.000,,0.20000000298023224
-144,Tà Hừa,2026-05-24T05:00:00.000,,0.20000000298023224
-144,Tà Hừa,2026-05-24T06:00:00.000,,0.20000000298023224
-144,Tà Hừa,2026-05-24T07:00:00.000,,0.20000000298023224
-144,Tà Hừa,2026-05-24T08:00:00.000,,0.20000000298023224
-144,Tà Hừa,2026-05-24T09:00:00.000,,0.20000000298023224
-144,Tà Hừa,2026-05-24T10:00:00.000,,0.20000000298023224
-144,Tà Hừa,2026-05-24T11:00:00.000,,0.20000000298023224
-144,Tà Hừa,2026-05-24T12:00:00.000,,0.20000000298023224
-144,Tà Hừa,2026-05-24T13:00:00.000,,1.5999999791383743
-144,Tà Hừa,2026-05-24T14:00:00.000,,1.7999999821186066
-144,Tà Hừa,2026-05-24T15:00:00.000,,1.7999999821186066
-144,Tà Hừa,2026-05-24T16:00:00.000,,1.7999999821186066
-144,Tà Hừa,2026-05-24T17:00:00.000,,1.7999999821186066
-144,Tà Hừa,2026-05-24T18:00:00.000,,4.200000077486038
-144,Tà Hừa,2026-05-24T19:00:00.000,,4.4000000804662704
-144,Tà Hừa,2026-05-24T20:00:00.000,,8.200000077486038
-144,Tà Hừa,2026-05-24T21:00:00.000,,8.400000005960464
-144,Tà Hừa,2026-05-24T22:00:00.000,,8.400000005960464
-144,Tà Hừa,2026-05-24T23:00:00.000,,8.400000005960464
-144,Tà Hừa,2026-05-25T00:00:00.000,,0.0
-144,Tà Hừa,2026-05-25T01:00:00.000,,0.0
-144,Tà Hừa,2026-05-25T02:00:00.000,,0.0
-144,Tà Hừa,2026-05-25T03:00:00.000,,0.20000000298023224
-144,Tà Hừa,2026-05-25T04:00:00.000,,0.20000000298023224
-144,Tà Hừa,2026-05-25T05:00:00.000,,0.20000000298023224
-144,Tà Hừa,2026-05-25T06:00:00.000,,0.20000000298023224
-144,Tà Hừa,2026-05-25T07:00:00.000,,0.20000000298023224
-144,Tà Hừa,2026-05-25T08:00:00.000,,0.20000000298023224
-144,Tà Hừa,2026-05-25T09:00:00.000,,0.20000000298023224
-144,Tà Hừa,2026-05-25T10:00:00.000,,0.20000000298023224
-144,Tà Hừa,2026-05-25T11:00:00.000,,0.20000000298023224
-144,Tà Hừa,2026-05-25T12:00:00.000,,0.20000000298023224
-144,Tà Hừa,2026-05-25T13:00:00.000,,0.4000000059604645
-144,Tà Hừa,2026-05-25T14:00:00.000,,0.6000000089406967
-144,Tà Hừa,2026-05-25T15:00:00.000,,2.8000000417232513
-144,Tà Hừa,2026-05-25T16:00:00.000,,2.8000000417232513
-144,Tà Hừa,2026-05-25T17:00:00.000,,2.8000000417232513
-144,Tà Hừa,2026-05-25T18:00:00.000,,2.8000000417232513
-144,Tà Hừa,2026-05-25T19:00:00.000,,2.8000000417232513
-144,Tà Hừa,2026-05-25T20:00:00.000,,2.8000000417232513
-144,Tà Hừa,2026-05-25T21:00:00.000,,2.8000000417232513
-144,Tà Hừa,2026-05-25T22:00:00.000,,2.8000000417232513
-144,Tà Hừa,2026-05-25T23:00:00.000,,2.8000000417232513
-144,Tà Hừa,2026-05-26T00:00:00.000,,0.0
-144,Tà Hừa,2026-05-26T01:00:00.000,,0.0
-144,Tà Hừa,2026-05-26T02:00:00.000,,0.0
-144,Tà Hừa,2026-05-26T03:00:00.000,,0.0
-144,Tà Hừa,2026-05-26T04:00:00.000,,0.0
-144,Tà Hừa,2026-05-26T05:00:00.000,,0.0
-144,Tà Hừa,2026-05-26T06:00:00.000,,0.0
-144,Tà Hừa,2026-05-26T07:00:00.000,,0.0
-144,Tà Hừa,2026-05-26T08:00:00.000,,0.0
-144,Tà Hừa,2026-05-26T09:00:00.000,,0.0
-144,Tà Hừa,2026-05-26T10:00:00.000,,0.0
-144,Tà Hừa,2026-05-26T11:00:00.000,,0.0
-144,Tà Hừa,2026-05-26T12:00:00.000,,0.0
-144,Tà Hừa,2026-05-26T13:00:00.000,,0.0
-144,Tà Hừa,2026-05-26T14:00:00.000,,0.0
-144,Tà Hừa,2026-05-26T15:00:00.000,,0.0
-144,Tà Hừa,2026-05-26T16:00:00.000,,0.0
-144,Tà Hừa,2026-05-26T17:00:00.000,,0.0
-144,Tà Hừa,2026-05-26T18:00:00.000,,0.0
-144,Tà Hừa,2026-05-26T19:00:00.000,,0.0
-144,Tà Hừa,2026-05-26T20:00:00.000,,0.0
-144,Tà Hừa,2026-05-26T21:00:00.000,,0.0
-144,Tà Hừa,2026-05-26T22:00:00.000,,0.0
-144,Tà Hừa,2026-05-26T23:00:00.000,,0.0
-144,Tà Hừa,2026-05-27T00:00:00.000,,0.0
-144,Tà Hừa,2026-05-27T01:00:00.000,,0.0
-144,Tà Hừa,2026-05-27T02:00:00.000,,0.0
-144,Tà Hừa,2026-05-27T03:00:00.000,,0.0
-144,Tà Hừa,2026-05-27T04:00:00.000,,0.0
-144,Tà Hừa,2026-05-27T05:00:00.000,,0.0
-144,Tà Hừa,2026-05-27T06:00:00.000,,0.0
-144,Tà Hừa,2026-05-27T07:00:00.000,,0.0
-144,Tà Hừa,2026-05-27T08:00:00.000,,0.0
-144,Tà Hừa,2026-05-27T09:00:00.000,,0.0
-144,Tà Hừa,2026-05-27T10:00:00.000,,0.0
-144,Tà Hừa,2026-05-27T11:00:00.000,,0.0
-144,Tà Hừa,2026-05-27T12:00:00.000,,0.0
-144,Tà Hừa,2026-05-27T13:00:00.000,,0.0
-144,Tà Hừa,2026-05-27T14:00:00.000,,0.0
-144,Tà Hừa,2026-05-27T15:00:00.000,,0.0
-144,Tà Hừa,2026-05-27T16:00:00.000,,0.0
-144,Tà Hừa,2026-05-27T17:00:00.000,,0.0
-144,Tà Hừa,2026-05-27T18:00:00.000,,0.0
-144,Tà Hừa,2026-05-27T19:00:00.000,,0.0
-144,Tà Hừa,2026-05-27T20:00:00.000,,0.0
-144,Tà Hừa,2026-05-27T21:00:00.000,,0.0
-144,Tà Hừa,2026-05-27T22:00:00.000,,0.0
-144,Tà Hừa,2026-05-27T23:00:00.000,,0.0
-144,Tà Hừa,2026-05-28T00:00:00.000,,0.0
-144,Tà Hừa,2026-05-28T01:00:00.000,,0.0
-144,Tà Hừa,2026-05-28T02:00:00.000,,0.0
-144,Tà Hừa,2026-05-28T03:00:00.000,,0.0
-144,Tà Hừa,2026-05-28T04:00:00.000,,0.0
-144,Tà Hừa,2026-05-28T05:00:00.000,,0.0
-144,Tà Hừa,2026-05-28T06:00:00.000,,0.0
-144,Tà Hừa,2026-05-28T07:00:00.000,,0.0
-144,Tà Hừa,2026-05-28T08:00:00.000,,0.0
-144,Tà Hừa,2026-05-28T09:00:00.000,,0.0
-144,Tà Hừa,2026-05-28T10:00:00.000,,0.0
-144,Tà Hừa,2026-05-28T11:00:00.000,,0.0
-144,Tà Hừa,2026-05-28T12:00:00.000,,0.0
-144,Tà Hừa,2026-05-28T13:00:00.000,,0.0
-144,Tà Hừa,2026-05-28T14:00:00.000,,0.0
-144,Tà Hừa,2026-05-28T15:00:00.000,,0.0
-144,Tà Hừa,2026-05-28T16:00:00.000,,0.0
-144,Tà Hừa,2026-05-28T17:00:00.000,,0.0
-144,Tà Hừa,2026-05-28T18:00:00.000,,0.0
-144,Tà Hừa,2026-05-28T19:00:00.000,,0.0
-144,Tà Hừa,2026-05-28T20:00:00.000,,0.0
-144,Tà Hừa,2026-05-28T21:00:00.000,,0.0
-144,Tà Hừa,2026-05-28T22:00:00.000,,2.799999952316284
-144,Tà Hừa,2026-05-28T23:00:00.000,,3.4000000953674316
-144,Tà Hừa,2026-05-29T00:00:00.000,,3.600000098347664
-144,Tà Hừa,2026-05-29T01:00:00.000,,3.600000098347664
-144,Tà Hừa,2026-05-29T02:00:00.000,,3.600000098347664
-144,Tà Hừa,2026-05-29T03:00:00.000,,3.600000098347664
-144,Tà Hừa,2026-05-29T04:00:00.000,,3.600000098347664
-144,Tà Hừa,2026-05-29T05:00:00.000,,3.600000098347664
-144,Tà Hừa,2026-05-29T06:00:00.000,,3.600000098347664
-144,Tà Hừa,2026-05-29T07:00:00.000,,3.600000098347664
-144,Tà Hừa,2026-05-29T08:00:00.000,,5.4000000804662704
-144,Tà Hừa,2026-05-29T09:00:00.000,,5.4000000804662704
-144,Tà Hừa,2026-05-29T10:00:00.000,,14.000000283122063
-144,Tà Hừa,2026-05-29T11:00:00.000,,14.200000286102295
-144,Tà Hừa,2026-05-29T12:00:00.000,,14.200000286102295
-144,Tà Hừa,2026-05-29T13:00:00.000,,14.200000286102295
-144,Tà Hừa,2026-05-29T14:00:00.000,,14.200000286102295
-144,Tà Hừa,2026-05-29T15:00:00.000,,14.200000286102295
-144,Tà Hừa,2026-05-29T16:00:00.000,,14.200000286102295
-144,Tà Hừa,2026-05-29T17:00:00.000,,14.200000286102295
-144,Tà Hừa,2026-05-29T18:00:00.000,,14.200000286102295
-144,Tà Hừa,2026-05-29T19:00:00.000,,14.200000286102295
-144,Tà Hừa,2026-05-29T20:00:00.000,,14.200000286102295
-144,Tà Hừa,2026-05-29T21:00:00.000,,14.200000286102295
-144,Tà Hừa,2026-05-29T22:00:00.000,,14.200000286102295
-144,Tà Hừa,2026-05-29T23:00:00.000,,14.200000286102295
-144,Tà Hừa,2026-05-30T00:00:00.000,,0.0
-144,Tà Hừa,2026-05-30T01:00:00.000,,0.0
-144,Tà Hừa,2026-05-30T02:00:00.000,,0.0
-144,Tà Hừa,2026-05-30T03:00:00.000,,0.0
-144,Tà Hừa,2026-05-30T04:00:00.000,,0.0
-144,Tà Hừa,2026-05-30T05:00:00.000,,10.599999904632568
-144,Tà Hừa,2026-05-30T06:00:00.000,,18.199999809265137
-144,Tà Hừa,2026-05-30T07:00:00.000,,50.99999952316284
-144,Tà Hừa,2026-05-30T08:00:00.000,,54.00000023841858
-144,Tà Hừa,2026-05-30T09:00:00.000,,58.200000286102295
-144,Tà Hừa,2026-05-30T10:00:00.000,,61.60000038146973
-144,Tà Hừa,2026-05-30T11:00:00.000,,86.60000038146973
-144,Tà Hừa,2026-05-30T12:00:00.000,,91.00000071525574
-144,Tà Hừa,2026-05-30T13:00:00.000,,94.60000085830688
-144,Tà Hừa,2026-05-30T14:00:00.000,,95.80000066757202
-144,Tà Hừa,2026-05-30T15:00:00.000,,95.80000066757202
-144,Tà Hừa,2026-05-30T16:00:00.000,,95.80000066757202
-144,Tà Hừa,2026-05-30T17:00:00.000,,95.80000066757202
-144,Tà Hừa,2026-05-30T18:00:00.000,,95.80000066757202
-144,Tà Hừa,2026-05-30T19:00:00.000,,95.80000066757202
-144,Tà Hừa,2026-05-30T20:00:00.000,,95.80000066757202
-144,Tà Hừa,2026-05-30T21:00:00.000,,95.80000066757202
-144,Tà Hừa,2026-05-30T22:00:00.000,,95.80000066757202
-144,Tà Hừa,2026-05-30T23:00:00.000,,95.80000066757202
-144,Tà Hừa,2026-05-31T00:00:00.000,,0.0
-144,Tà Hừa,2026-05-31T01:00:00.000,,0.0
-144,Tà Hừa,2026-05-31T02:00:00.000,,0.0
-144,Tà Hừa,2026-05-31T03:00:00.000,,0.0
-144,Tà Hừa,2026-05-31T04:00:00.000,,0.0
-144,Tà Hừa,2026-05-31T05:00:00.000,,0.0
-144,Tà Hừa,2026-05-31T06:00:00.000,,0.0
-144,Tà Hừa,2026-05-31T07:00:00.000,,0.0
-144,Tà Hừa,2026-05-31T08:00:00.000,,0.0
-144,Tà Hừa,2026-05-31T09:00:00.000,,0.0
-144,Tà Hừa,2026-05-31T10:00:00.000,,0.0
-144,Tà Hừa,2026-05-31T11:00:00.000,,0.0
-144,Tà Hừa,2026-05-31T12:00:00.000,,0.0
-144,Tà Hừa,2026-05-31T13:00:00.000,,0.0
-144,Tà Hừa,2026-05-31T14:00:00.000,,0.0
-144,Tà Hừa,2026-05-31T15:00:00.000,,0.0
-144,Tà Hừa,2026-05-31T16:00:00.000,,0.6000000238418579
-144,Tà Hừa,2026-05-31T17:00:00.000,,0.6000000238418579
-144,Tà Hừa,2026-05-31T18:00:00.000,,0.6000000238418579
-144,Tà Hừa,2026-05-31T19:00:00.000,,0.6000000238418579
-144,Tà Hừa,2026-05-31T20:00:00.000,,0.6000000238418579
-144,Tà Hừa,2026-05-31T21:00:00.000,,0.6000000238418579
-144,Tà Hừa,2026-05-31T22:00:00.000,,0.6000000238418579
-144,Tà Hừa,2026-05-31T23:00:00.000,,0.6000000238418579
-144,Tà Hừa,2026-06-01T00:00:00.000,0.0,0.0
-144,Tà Hừa,2026-06-01T01:00:00.000,0.0,0.0
-144,Tà Hừa,2026-06-01T02:00:00.000,0.0,0.0
-144,Tà Hừa,2026-06-01T03:00:00.000,0.0,0.0
-144,Tà Hừa,2026-06-01T04:00:00.000,0.0,0.0
-144,Tà Hừa,2026-06-01T05:00:00.000,0.0,0.0
-144,Tà Hừa,2026-06-01T06:00:00.000,0.0,0.0
-144,Tà Hừa,2026-06-01T07:00:00.000,0.0,0.0
-144,Tà Hừa,2026-06-01T08:00:00.000,0.0,0.0
-144,Tà Hừa,2026-06-01T09:00:00.000,0.0,0.0
-144,Tà Hừa,2026-06-01T10:00:00.000,,0.0
-144,Tà Hừa,2026-06-01T11:00:00.000,,0.0
-144,Tà Hừa,2026-06-01T12:00:00.000,,0.20000000298023224
-144,Tà Hừa,2026-06-01T13:00:00.000,,0.20000000298023224
-144,Tà Hừa,2026-06-01T14:00:00.000,,6.399999812245369
-144,Tà Hừa,2026-06-01T15:00:00.000,,9.199999824166298
-144,Tà Hừa,2026-06-01T16:00:00.000,,9.199999824166298
-144,Tà Hừa,2026-06-01T17:00:00.000,,9.199999824166298
-144,Tà Hừa,2026-06-01T18:00:00.000,,9.199999824166298
-144,Tà Hừa,2026-06-01T19:00:00.000,,9.199999824166298
-144,Tà Hừa,2026-06-01T20:00:00.000,,9.199999824166298
-144,Tà Hừa,2026-06-01T21:00:00.000,,9.199999824166298
-144,Tà Hừa,2026-06-01T22:00:00.000,,9.199999824166298
-144,Tà Hừa,2026-06-01T23:00:00.000,,9.199999824166298
-144,Tà Hừa,2026-06-02T00:00:00.000,,0.0
-144,Tà Hừa,2026-06-02T01:00:00.000,,0.0
-144,Tà Hừa,2026-06-02T02:00:00.000,,0.0
-144,Tà Hừa,2026-06-02T03:00:00.000,,0.0
-144,Tà Hừa,2026-06-02T04:00:00.000,,0.0
-144,Tà Hừa,2026-06-02T05:00:00.000,,0.0
-144,Tà Hừa,2026-06-02T06:00:00.000,,0.0
-144,Tà Hừa,2026-06-02T07:00:00.000,,0.0
-144,Tà Hừa,2026-06-02T08:00:00.000,,0.0
-144,Tà Hừa,2026-06-02T09:00:00.000,,0.0
-144,Tà Hừa,2026-06-02T10:00:00.000,,0.0
-144,Tà Hừa,2026-06-02T11:00:00.000,,0.0
-144,Tà Hừa,2026-06-02T12:00:00.000,,0.0
-144,Tà Hừa,2026-06-02T13:00:00.000,,0.20000000298023224
-144,Tà Hừa,2026-06-02T14:00:00.000,,0.20000000298023224
-144,Tà Hừa,2026-06-02T15:00:00.000,,0.20000000298023224
-144,Tà Hừa,2026-06-02T16:00:00.000,,0.20000000298023224
-144,Tà Hừa,2026-06-02T17:00:00.000,,0.20000000298023224
-144,Tà Hừa,2026-06-02T18:00:00.000,,0.20000000298023224
-144,Tà Hừa,2026-06-02T19:00:00.000,,0.20000000298023224
-144,Tà Hừa,2026-06-02T20:00:00.000,,0.20000000298023224
-144,Tà Hừa,2026-06-02T21:00:00.000,,0.20000000298023224
-144,Tà Hừa,2026-06-02T22:00:00.000,,0.20000000298023224
-144,Tà Hừa,2026-06-02T23:00:00.000,,0.20000000298023224
-144,Tà Hừa,2026-06-03T00:00:00.000,,0.0
-144,Tà Hừa,2026-06-03T01:00:00.000,,0.0
-144,Tà Hừa,2026-06-03T02:00:00.000,,0.0
-144,Tà Hừa,2026-06-03T03:00:00.000,,0.0
-144,Tà Hừa,2026-06-03T04:00:00.000,,0.0
-144,Tà Hừa,2026-06-03T05:00:00.000,,0.0
-144,Tà Hừa,2026-06-03T06:00:00.000,,0.0
-144,Tà Hừa,2026-06-03T07:00:00.000,,0.0
-144,Tà Hừa,2026-06-03T08:00:00.000,,0.0
-144,Tà Hừa,2026-06-03T09:00:00.000,,0.0
-144,Tà Hừa,2026-06-03T10:00:00.000,,0.0
-144,Tà Hừa,2026-06-03T11:00:00.000,,0.0
-144,Tà Hừa,2026-06-03T12:00:00.000,,0.0
-144,Tà Hừa,2026-06-03T13:00:00.000,,0.0
-144,Tà Hừa,2026-06-03T14:00:00.000,,0.0
-144,Tà Hừa,2026-06-03T15:00:00.000,,0.0
-144,Tà Hừa,2026-06-03T16:00:00.000,,0.0
-144,Tà Hừa,2026-06-03T17:00:00.000,,0.0
-144,Tà Hừa,2026-06-03T18:00:00.000,,0.0
-144,Tà Hừa,2026-06-03T19:00:00.000,,0.0
-144,Tà Hừa,2026-06-03T20:00:00.000,,0.0
-144,Tà Hừa,2026-06-03T21:00:00.000,,0.0
-144,Tà Hừa,2026-06-03T22:00:00.000,,0.0
-144,Tà Hừa,2026-06-03T23:00:00.000,,0.0
-144,Tà Hừa,2026-06-04T00:00:00.000,,0.0
-144,Tà Hừa,2026-06-04T01:00:00.000,,0.0
-144,Tà Hừa,2026-06-04T02:00:00.000,,0.0
-144,Tà Hừa,2026-06-04T03:00:00.000,,0.0
-144,Tà Hừa,2026-06-04T04:00:00.000,,0.0
-144,Tà Hừa,2026-06-04T05:00:00.000,,0.0
-144,Tà Hừa,2026-06-04T06:00:00.000,0.0,0.0
-144,Tà Hừa,2026-06-04T07:00:00.000,0.0,0.0
-144,Tà Hừa,2026-06-04T08:00:00.000,0.0,0.0
-144,Tà Hừa,2026-06-04T09:00:00.000,0.0,0.0
-144,Tà Hừa,2026-06-04T10:00:00.000,0.0,0.0
-144,Tà Hừa,2026-06-04T11:00:00.000,0.0,0.0
-144,Tà Hừa,2026-06-04T12:00:00.000,0.0,0.0
-144,Tà Hừa,2026-06-04T13:00:00.000,0.0,0.0
-144,Tà Hừa,2026-06-04T14:00:00.000,0.0,0.0
-144,Tà Hừa,2026-06-04T15:00:00.000,0.0,0.0
-144,Tà Hừa,2026-06-04T16:00:00.000,0.0,0.0
-144,Tà Hừa,2026-06-04T17:00:00.000,0.0,0.0
-144,Tà Hừa,2026-06-04T18:00:00.000,0.0,0.0
-144,Tà Hừa,2026-06-04T19:00:00.000,0.0,0.0
-144,Tà Hừa,2026-06-04T20:00:00.000,0.0,0.0
-144,Tà Hừa,2026-06-04T21:00:00.000,0.0,0.0
-144,Tà Hừa,2026-06-04T22:00:00.000,0.0,0.0
-144,Tà Hừa,2026-06-04T23:00:00.000,0.0,0.0
-144,Tà Hừa,2026-06-05T00:00:00.000,0.0,0.0
-144,Tà Hừa,2026-06-05T01:00:00.000,0.0,0.0
-144,Tà Hừa,2026-06-05T02:00:00.000,0.0,0.0
-144,Tà Hừa,2026-06-05T03:00:00.000,0.0,0.0
-144,Tà Hừa,2026-06-05T04:00:00.000,6.800000190734863,6.800000190734863
-144,Tà Hừa,2026-06-05T05:00:00.000,7.800000190734863,14.600000381469727
-144,Tà Hừa,2026-06-05T06:00:00.000,6.0,20.600000381469727
-144,Tà Hừa,2026-06-05T07:00:00.000,5.199999809265137,25.800000190734863
-144,Tà Hừa,2026-06-05T08:00:00.000,5.199999809265137,31.0
-144,Tà Hừa,2026-06-05T09:00:00.000,3.5999999046325684,34.59999990463257
-144,Tà Hừa,2026-06-05T10:00:00.000,1.600000023841858,36.199999928474426
-144,Tà Hừa,2026-06-05T11:00:00.000,1.2000000476837158,37.39999997615814
-144,Tà Hừa,2026-06-05T12:00:00.000,0.6000000238418579,38.0
-144,Tà Hừa,2026-06-05T13:00:00.000,0.20000000298023224,38.20000000298023
-144,Tà Hừa,2026-06-05T14:00:00.000,0.0,38.20000000298023
-144,Tà Hừa,2026-06-05T15:00:00.000,0.0,38.20000000298023
-144,Tà Hừa,2026-06-05T16:00:00.000,0.0,38.20000000298023
-144,Tà Hừa,2026-06-05T17:00:00.000,0.0,38.20000000298023
-144,Tà Hừa,2026-06-05T18:00:00.000,0.0,38.20000000298023
-144,Tà Hừa,2026-06-05T19:00:00.000,0.0,38.20000000298023
-144,Tà Hừa,2026-06-05T20:00:00.000,0.0,38.20000000298023
-144,Tà Hừa,2026-06-05T21:00:00.000,0.0,38.20000000298023
-144,Tà Hừa,2026-06-05T22:00:00.000,0.0,38.20000000298023
-144,Tà Hừa,2026-06-05T23:00:00.000,0.0,38.20000000298023
-144,Tà Hừa,2026-06-06T00:00:00.000,0.0,0.0
-144,Tà Hừa,2026-06-06T01:00:00.000,0.0,0.0
-144,Tà Hừa,2026-06-06T02:00:00.000,0.0,0.0
-144,Tà Hừa,2026-06-06T03:00:00.000,0.0,0.0
-144,Tà Hừa,2026-06-06T04:00:00.000,0.0,0.0
-144,Tà Hừa,2026-06-06T05:00:00.000,2.4000000953674316,2.4000000953674316
-144,Tà Hừa,2026-06-06T06:00:00.000,0.0,2.4000000953674316
-144,Tà Hừa,2026-06-06T07:00:00.000,0.0,2.4000000953674316
-144,Tà Hừa,2026-06-06T08:00:00.000,0.0,2.4000000953674316
-144,Tà Hừa,2026-06-06T09:00:00.000,0.0,2.4000000953674316
-144,Tà Hừa,2026-06-06T10:00:00.000,0.0,2.4000000953674316
-144,Tà Hừa,2026-06-06T11:00:00.000,0.0,2.4000000953674316
-144,Tà Hừa,2026-06-06T12:00:00.000,0.0,2.4000000953674316
-144,Tà Hừa,2026-06-06T13:00:00.000,0.0,2.4000000953674316
-144,Tà Hừa,2026-06-06T14:00:00.000,0.0,2.4000000953674316
-144,Tà Hừa,2026-06-06T15:00:00.000,0.0,2.4000000953674316
-144,Tà Hừa,2026-06-06T16:00:00.000,0.0,2.4000000953674316
-144,Tà Hừa,2026-06-06T17:00:00.000,0.0,2.4000000953674316
-144,Tà Hừa,2026-06-06T18:00:00.000,0.0,2.4000000953674316
-144,Tà Hừa,2026-06-06T19:00:00.000,14.199999809265137,2.4000000953674316
-144,Tà Hừa,2026-06-06T20:00:00.000,0.20000000298023224,16.59999990463257
-144,Tà Hừa,2026-06-06T21:00:00.000,0.0,17.20000047981739
-144,Tà Hừa,2026-06-06T22:00:00.000,0.0,17.20000047981739
-144,Tà Hừa,2026-06-06T23:00:00.000,0.0,17.20000047981739
-144,Tà Hừa,2026-06-07T00:00:00.000,0.0,0.20000000298023224
-144,Tà Hừa,2026-06-07T01:00:00.000,0.0,0.20000000298023224
-144,Tà Hừa,2026-06-07T02:00:00.000,0.0,0.20000000298023224
-144,Tà Hừa,2026-06-07T03:00:00.000,0.0,0.20000000298023224
-144,Tà Hừa,2026-06-07T04:00:00.000,0.0,0.20000000298023224
-144,Tà Hừa,2026-06-07T05:00:00.000,0.0,0.20000000298023224
-144,Tà Hừa,2026-06-07T06:00:00.000,0.0,0.20000000298023224
-144,Tà Hừa,2026-06-07T07:00:00.000,0.0,0.20000000298023224
-144,Tà Hừa,2026-06-07T08:00:00.000,0.0,0.20000000298023224
-144,Tà Hừa,2026-06-07T09:00:00.000,0.0,0.20000000298023224
-144,Tà Hừa,2026-06-07T10:00:00.000,0.0,0.20000000298023224
-144,Tà Hừa,2026-06-07T11:00:00.000,0.0,0.20000000298023224
-144,Tà Hừa,2026-06-07T12:00:00.000,0.0,0.20000000298023224
-144,Tà Hừa,2026-06-07T13:00:00.000,0.0,0.20000000298023224
-144,Tà Hừa,2026-06-07T14:00:00.000,0.20000000298023224,0.20000000298023224
-144,Tà Hừa,2026-06-07T15:00:00.000,0.0,0.4000000059604645
-144,Tà Hừa,2026-06-07T16:00:00.000,0.0,0.4000000059604645
-144,Tà Hừa,2026-06-07T17:00:00.000,0.0,0.4000000059604645
-144,Tà Hừa,2026-06-07T18:00:00.000,0.0,0.4000000059604645
-144,Tà Hừa,2026-06-07T19:00:00.000,0.0,0.4000000059604645
-144,Tà Hừa,2026-06-07T20:00:00.000,0.0,0.4000000059604645
-144,Tà Hừa,2026-06-07T21:00:00.000,0.0,0.4000000059604645
-144,Tà Hừa,2026-06-07T22:00:00.000,0.0,0.4000000059604645
-144,Tà Hừa,2026-06-07T23:00:00.000,1.7999999523162842,0.4000000059604645
-144,Tà Hừa,2026-06-08T00:00:00.000,0.20000000298023224,14.199999570846558
-144,Tà Hừa,2026-06-08T01:00:00.000,0.0,15.39999957382679
-144,Tà Hừa,2026-06-08T02:00:00.000,0.0,15.39999957382679
-144,Tà Hừa,2026-06-08T03:00:00.000,0.0,15.39999957382679
-144,Tà Hừa,2026-06-08T04:00:00.000,0.4000000059604645,15.39999957382679
-144,Tà Hừa,2026-06-08T05:00:00.000,0.0,15.799999579787254
-144,Tà Hừa,2026-06-08T06:00:00.000,0.0,15.799999579787254
-144,Tà Hừa,2026-06-08T07:00:00.000,0.20000000298023224,15.799999579787254
-144,Tà Hừa,2026-06-08T08:00:00.000,0.0,15.999999582767487
-144,Tà Hừa,2026-06-08T09:00:00.000,0.0,15.999999582767487
-144,Tà Hừa,2026-06-08T10:00:00.000,0.0,15.999999582767487
-144,Tà Hừa,2026-06-08T11:00:00.000,0.0,15.999999582767487
-144,Tà Hừa,2026-06-08T12:00:00.000,0.0,15.999999582767487
-144,Tà Hừa,2026-06-08T13:00:00.000,0.0,15.999999582767487
-144,Tà Hừa,2026-06-08T14:00:00.000,0.0,15.999999582767487
-144,Tà Hừa,2026-06-08T15:00:00.000,0.0,15.999999582767487
-144,Tà Hừa,2026-06-08T16:00:00.000,6.800000190734863,15.999999582767487
-144,Tà Hừa,2026-06-08T17:00:00.000,2.200000047683716,22.79999977350235
-144,Tà Hừa,2026-06-08T18:00:00.000,0.0,25.39999943971634
-144,Tà Hừa,2026-06-08T19:00:00.000,0.0,25.39999943971634
-144,Tà Hừa,2026-06-08T20:00:00.000,0.0,25.39999943971634
-144,Tà Hừa,2026-06-08T21:00:00.000,0.0,25.39999943971634
-144,Tà Hừa,2026-06-08T22:00:00.000,0.0,25.39999943971634
-144,Tà Hừa,2026-06-08T23:00:00.000,0.0,25.39999943971634
-144,Tà Hừa,2026-06-09T00:00:00.000,0.0,0.0
-144,Tà Hừa,2026-06-09T01:00:00.000,0.0,0.0
-144,Tà Hừa,2026-06-09T02:00:00.000,0.0,0.0
-144,Tà Hừa,2026-06-09T03:00:00.000,0.6000000238418579,0.0
-144,Tà Hừa,2026-06-09T04:00:00.000,11.800000190734863,0.6000000238418579
-144,Tà Hừa,2026-06-09T05:00:00.000,4.800000190734863,12.600000202655792
-144,Tà Hừa,2026-06-09T06:00:00.000,17.799999237060547,18.20000058412552
-144,Tà Hừa,2026-06-09T07:00:00.000,28.399999618530273,38.1999996304512
-144,Tà Hừa,2026-06-09T08:00:00.000,13.600000381469727,69.40000039339066
-144,Tà Hừa,2026-06-09T09:00:00.000,3.4000000953674316,88.40000039339066
-144,Tà Hừa,2026-06-09T10:00:00.000,0.0,95.80000048875809
-144,Tà Hừa,2026-06-09T11:00:00.000,0.0,95.80000048875809
-144,Tà Hừa,2026-06-09T12:00:00.000,0.0,95.80000048875809
-144,Tà Hừa,2026-06-09T13:00:00.000,0.20000000298023224,95.80000048875809
-144,Tà Hừa,2026-06-09T14:00:00.000,1.0,96.00000049173832
-144,Tà Hừa,2026-06-09T15:00:00.000,0.20000000298023224,97.20000049471855
-144,Tà Hừa,2026-06-09T16:00:00.000,0.0,97.40000049769878
-144,Tà Hừa,2026-06-09T17:00:00.000,0.0,97.40000049769878
-144,Tà Hừa,2026-06-09T18:00:00.000,0.0,97.40000049769878
-144,Tà Hừa,2026-06-09T19:00:00.000,0.0,97.40000049769878
-144,Tà Hừa,2026-06-09T20:00:00.000,0.0,97.40000049769878
-144,Tà Hừa,2026-06-09T21:00:00.000,0.0,97.40000049769878
-144,Tà Hừa,2026-06-09T22:00:00.000,0.20000000298023224,97.40000049769878
-144,Tà Hừa,2026-06-09T23:00:00.000,0.0,97.80000050365925
-144,Tà Hừa,2026-06-10T00:00:00.000,0.0,0.4000000059604645
-144,Tà Hừa,2026-06-10T01:00:00.000,0.0,0.4000000059604645
-144,Tà Hừa,2026-06-10T02:00:00.000,0.0,0.4000000059604645
-144,Tà Hừa,2026-06-10T03:00:00.000,0.4000000059604645,0.4000000059604645
-144,Tà Hừa,2026-06-10T04:00:00.000,0.0,0.800000011920929
-144,Tà Hừa,2026-06-10T05:00:00.000,0.0,0.800000011920929
-144,Tà Hừa,2026-06-10T06:00:00.000,0.0,0.800000011920929
-144,Tà Hừa,2026-06-10T07:00:00.000,0.0,0.800000011920929
-144,Tà Hừa,2026-06-10T08:00:00.000,0.0,0.800000011920929
-144,Tà Hừa,2026-06-10T09:00:00.000,0.0,0.800000011920929
-144,Tà Hừa,2026-06-10T10:00:00.000,0.0,0.800000011920929
-144,Tà Hừa,2026-06-10T11:00:00.000,0.0,0.800000011920929
-144,Tà Hừa,2026-06-10T12:00:00.000,0.0,0.800000011920929
-144,Tà Hừa,2026-06-10T13:00:00.000,0.0,0.800000011920929
-144,Tà Hừa,2026-06-10T14:00:00.000,0.0,0.800000011920929
-144,Tà Hừa,2026-06-10T15:00:00.000,,0.800000011920929
-144,Tà Hừa,2026-06-10T16:00:00.000,0.0,0.800000011920929
-144,Tà Hừa,2026-06-10T17:00:00.000,0.0,0.800000011920929
-144,Tà Hừa,2026-06-10T18:00:00.000,0.0,0.800000011920929
-144,Tà Hừa,2026-06-10T19:00:00.000,0.0,0.800000011920929
-144,Tà Hừa,2026-06-10T20:00:00.000,0.0,0.800000011920929
-144,Tà Hừa,2026-06-10T21:00:00.000,0.0,0.800000011920929
-144,Tà Hừa,2026-06-10T22:00:00.000,0.0,0.800000011920929
-144,Tà Hừa,2026-06-10T23:00:00.000,0.0,0.800000011920929
-144,Tà Hừa,2026-06-11T00:00:00.000,0.0,0.0
-144,Tà Hừa,2026-06-11T01:00:00.000,0.0,0.0
-144,Tà Hừa,2026-06-11T02:00:00.000,0.0,0.0
-144,Tà Hừa,2026-06-11T03:00:00.000,0.0,0.0
-144,Tà Hừa,2026-06-11T04:00:00.000,0.0,0.0
-144,Tà Hừa,2026-06-11T05:00:00.000,0.0,0.0
-144,Tà Hừa,2026-06-11T06:00:00.000,0.20000000298023224,0.0
-144,Tà Hừa,2026-06-11T07:00:00.000,0.0,0.20000000298023224
-144,Tà Hừa,2026-06-11T08:00:00.000,0.0,0.20000000298023224
-144,Tà Hừa,2026-06-11T09:00:00.000,0.0,0.20000000298023224
-144,Tà Hừa,2026-06-11T10:00:00.000,0.0,0.20000000298023224
-144,Tà Hừa,2026-06-11T11:00:00.000,0.0,0.20000000298023224
-144,Tà Hừa,2026-06-11T12:00:00.000,0.0,0.20000000298023224
-144,Tà Hừa,2026-06-11T13:00:00.000,0.0,0.20000000298023224
-144,Tà Hừa,2026-06-11T14:00:00.000,0.0,0.20000000298023224
-144,Tà Hừa,2026-06-11T15:00:00.000,0.0,0.20000000298023224
-144,Tà Hừa,2026-06-11T16:00:00.000,0.0,0.20000000298023224
-144,Tà Hừa,2026-06-11T17:00:00.000,0.0,0.20000000298023224
-144,Tà Hừa,2026-06-11T18:00:00.000,0.0,0.20000000298023224
-144,Tà Hừa,2026-06-11T19:00:00.000,0.0,0.20000000298023224
-144,Tà Hừa,2026-06-11T20:00:00.000,0.0,0.20000000298023224
-144,Tà Hừa,2026-06-11T21:00:00.000,0.0,0.20000000298023224
-144,Tà Hừa,2026-06-11T22:00:00.000,0.4000000059604645,0.20000000298023224
-144,Tà Hừa,2026-06-11T23:00:00.000,3.799999952316284,0.6000000089406967
-144,Tà Hừa,2026-06-12T00:00:00.000,3.0,5.599999904632568
-144,Tà Hừa,2026-06-12T01:00:00.000,0.800000011920929,9.600000143051147
-144,Tà Hừa,2026-06-12T02:00:00.000,0.20000000298023224,10.800000250339508
-144,Tà Hừa,2026-06-12T03:00:00.000,0.0,11.200000241398811
-144,Tà Hừa,2026-06-12T04:00:00.000,0.0,11.200000241398811
-144,Tà Hừa,2026-06-12T05:00:00.000,4.199999809265137,11.400000244379044
-144,Tà Hừa,2026-06-12T06:00:00.000,1.7999999523162842,15.60000005364418
-144,Tà Hừa,2026-06-12T07:00:00.000,1.399999976158142,18.200000196695328
-144,Tà Hừa,2026-06-12T08:00:00.000,2.200000047683716,19.800000220537186
-144,Tà Hừa,2026-06-12T09:00:00.000,1.0,22.400000244379044
-144,Tà Hừa,2026-06-12T10:00:00.000,0.20000000298023224,25.000000149011612
-144,Tà Hừa,2026-06-12T11:00:00.000,0.0,25.200000151991844
-144,Tà Hừa,2026-06-12T12:00:00.000,0.0,25.200000151991844
-144,Tà Hừa,2026-06-12T13:00:00.000,0.0,25.200000151991844
-144,Tà Hừa,2026-06-12T14:00:00.000,0.0,25.200000151991844
-144,Tà Hừa,2026-06-12T15:00:00.000,0.0,25.200000151991844
-144,Tà Hừa,2026-06-12T16:00:00.000,0.0,25.200000151991844
-144,Tà Hừa,2026-06-12T17:00:00.000,0.0,25.200000151991844
-144,Tà Hừa,2026-06-12T18:00:00.000,0.0,25.200000151991844
-144,Tà Hừa,2026-06-12T19:00:00.000,0.0,25.200000151991844
-144,Tà Hừa,2026-06-12T20:00:00.000,0.0,25.200000151991844
-144,Tà Hừa,2026-06-12T21:00:00.000,0.0,25.200000151991844
-144,Tà Hừa,2026-06-12T22:00:00.000,0.0,25.200000151991844
-144,Tà Hừa,2026-06-12T23:00:00.000,0.0,25.200000151991844
-144,Tà Hừa,2026-06-13T00:00:00.000,0.0,0.0
-144,Tà Hừa,2026-06-13T01:00:00.000,0.0,0.0
-144,Tà Hừa,2026-06-13T02:00:00.000,0.0,0.0
-144,Tà Hừa,2026-06-13T03:00:00.000,0.0,0.0
-144,Tà Hừa,2026-06-13T04:00:00.000,0.0,0.0
-144,Tà Hừa,2026-06-13T05:00:00.000,0.0,0.0
-144,Tà Hừa,2026-06-13T06:00:00.000,0.0,0.0
-144,Tà Hừa,2026-06-13T07:00:00.000,0.0,0.0
-144,Tà Hừa,2026-06-13T08:00:00.000,0.0,0.0
-144,Tà Hừa,2026-06-13T09:00:00.000,0.0,0.0
-144,Tà Hừa,2026-06-13T10:00:00.000,0.0,0.0
-144,Tà Hừa,2026-06-13T11:00:00.000,0.0,0.0
-144,Tà Hừa,2026-06-13T12:00:00.000,0.0,0.0
-144,Tà Hừa,2026-06-13T13:00:00.000,0.0,0.0
-144,Tà Hừa,2026-06-13T14:00:00.000,0.0,0.0
-144,Tà Hừa,2026-06-13T15:00:00.000,0.0,0.0
-144,Tà Hừa,2026-06-13T16:00:00.000,0.0,0.0
-144,Tà Hừa,2026-06-13T17:00:00.000,0.0,0.0
-144,Tà Hừa,2026-06-13T18:00:00.000,0.0,0.0
-144,Tà Hừa,2026-06-13T19:00:00.000,0.0,0.0
-144,Tà Hừa,2026-06-13T20:00:00.000,0.0,0.0
-144,Tà Hừa,2026-06-13T21:00:00.000,0.0,0.0
-144,Tà Hừa,2026-06-13T22:00:00.000,0.0,0.0
-144,Tà Hừa,2026-06-13T23:00:00.000,0.0,0.0
-144,Tà Hừa,2026-06-14T00:00:00.000,0.0,0.0
-144,Tà Hừa,2026-06-14T01:00:00.000,0.0,0.0
-144,Tà Hừa,2026-06-14T02:00:00.000,0.0,0.0
-144,Tà Hừa,2026-06-14T03:00:00.000,0.0,0.0
-144,Tà Hừa,2026-06-14T04:00:00.000,0.0,0.0
-144,Tà Hừa,2026-06-14T05:00:00.000,0.0,0.0
-144,Tà Hừa,2026-06-14T06:00:00.000,0.0,0.0
-144,Tà Hừa,2026-06-14T07:00:00.000,0.0,0.0
-144,Tà Hừa,2026-06-14T08:00:00.000,0.0,0.0
-144,Tà Hừa,2026-06-14T09:00:00.000,0.0,0.0
-144,Tà Hừa,2026-06-14T10:00:00.000,0.0,0.0
-144,Tà Hừa,2026-06-14T11:00:00.000,0.0,0.0
-144,Tà Hừa,2026-06-14T12:00:00.000,0.0,0.0
-144,Tà Hừa,2026-06-14T13:00:00.000,0.0,0.0
-144,Tà Hừa,2026-06-14T14:00:00.000,0.0,0.0
-144,Tà Hừa,2026-06-14T15:00:00.000,0.0,0.0
-144,Tà Hừa,2026-06-14T16:00:00.000,0.0,0.0
-144,Tà Hừa,2026-06-14T17:00:00.000,0.0,0.0
-144,Tà Hừa,2026-06-14T18:00:00.000,0.20000000298023224,0.0
-144,Tà Hừa,2026-06-14T19:00:00.000,0.0,0.20000000298023224
-144,Tà Hừa,2026-06-14T20:00:00.000,0.0,0.20000000298023224
-144,Tà Hừa,2026-06-14T21:00:00.000,7.199999809265137,0.20000000298023224
-144,Tà Hừa,2026-06-14T22:00:00.000,1.0,7.399999812245369
-144,Tà Hừa,2026-06-14T23:00:00.000,0.0,13.200000002980232
-144,Tà Hừa,2026-06-15T00:00:00.000,0.0,13.0
-144,Tà Hừa,2026-06-15T01:00:00.000,0.0,13.0
-144,Tà Hừa,2026-06-15T02:00:00.000,0.0,13.0
-144,Tà Hừa,2026-06-15T03:00:00.000,0.0,13.0
-144,Tà Hừa,2026-06-15T04:00:00.000,0.0,13.0
-144,Tà Hừa,2026-06-15T05:00:00.000,0.0,13.0
-144,Tà Hừa,2026-06-15T06:00:00.000,0.0,13.0
-144,Tà Hừa,2026-06-15T07:00:00.000,0.0,13.0
-144,Tà Hừa,2026-06-15T08:00:00.000,0.20000000298023224,13.0
-144,Tà Hừa,2026-06-15T09:00:00.000,0.0,13.200000002980232
-144,Tà Hừa,2026-06-15T10:00:00.000,0.0,13.200000002980232
-144,Tà Hừa,2026-06-15T11:00:00.000,0.0,13.200000002980232
-144,Tà Hừa,2026-06-15T12:00:00.000,0.0,13.200000002980232
-144,Tà Hừa,2026-06-15T13:00:00.000,0.0,13.200000002980232
-144,Tà Hừa,2026-06-15T14:00:00.000,0.0,13.200000002980232
-144,Tà Hừa,2026-06-15T15:00:00.000,0.0,13.200000002980232
-144,Tà Hừa,2026-06-15T16:00:00.000,0.0,13.200000002980232
-144,Tà Hừa,2026-06-15T17:00:00.000,0.4000000059604645,13.200000002980232
-144,Tà Hừa,2026-06-15T18:00:00.000,,13.600000008940697
-144,Tà Hừa,2026-06-15T19:00:00.000,0.0,13.600000008940697
-144,Tà Hừa,2026-06-15T20:00:00.000,0.0,14.000000014901161
-144,Tà Hừa,2026-06-15T21:00:00.000,0.0,14.400000020861626
-144,Tà Hừa,2026-06-15T22:00:00.000,0.0,14.400000020861626
-144,Tà Hừa,2026-06-15T23:00:00.000,0.0,14.400000020861626
-144,Tà Hừa,2026-06-16T00:00:00.000,0.0,0.0
-144,Tà Hừa,2026-06-16T01:00:00.000,0.0,0.0
-144,Tà Hừa,2026-06-16T02:00:00.000,0.0,0.0
-144,Tà Hừa,2026-06-16T03:00:00.000,0.0,0.0
-144,Tà Hừa,2026-06-16T04:00:00.000,0.0,0.0
-144,Tà Hừa,2026-06-16T05:00:00.000,0.0,0.0
-144,Tà Hừa,2026-06-16T06:00:00.000,0.0,0.0
-144,Tà Hừa,2026-06-16T07:00:00.000,0.0,0.0
-144,Tà Hừa,2026-06-16T08:00:00.000,0.0,0.0
-144,Tà Hừa,2026-06-16T09:00:00.000,0.0,0.0
-144,Tà Hừa,2026-06-16T10:00:00.000,0.0,0.0
-144,Tà Hừa,2026-06-16T11:00:00.000,0.0,0.0
-144,Tà Hừa,2026-06-16T12:00:00.000,0.0,0.0
-144,Tà Hừa,2026-06-16T13:00:00.000,0.0,0.0
-144,Tà Hừa,2026-06-16T14:00:00.000,0.0,0.0
-144,Tà Hừa,2026-06-16T15:00:00.000,7.599999904632568,0.0
-144,Tà Hừa,2026-06-16T16:00:00.000,0.0,7.599999904632568
-144,Tà Hừa,2026-06-16T17:00:00.000,0.0,7.599999904632568
-144,Tà Hừa,2026-06-16T18:00:00.000,0.0,7.599999904632568
-144,Tà Hừa,2026-06-16T19:00:00.000,0.0,7.599999904632568
-144,Tà Hừa,2026-06-16T20:00:00.000,0.0,7.599999904632568
-144,Tà Hừa,2026-06-16T21:00:00.000,0.0,7.599999904632568
-144,Tà Hừa,2026-06-16T22:00:00.000,0.0,7.599999904632568
-144,Tà Hừa,2026-06-16T23:00:00.000,0.0,7.599999904632568
-144,Tà Hừa,2026-06-17T00:00:00.000,0.0,0.0
-144,Tà Hừa,2026-06-17T01:00:00.000,0.0,0.0
-144,Tà Hừa,2026-06-17T02:00:00.000,0.0,0.0
-144,Tà Hừa,2026-06-17T03:00:00.000,0.0,0.0
-144,Tà Hừa,2026-06-17T04:00:00.000,0.0,0.0
-144,Tà Hừa,2026-06-17T05:00:00.000,0.0,0.0
-144,Tà Hừa,2026-06-17T06:00:00.000,0.0,0.0
-144,Tà Hừa,2026-06-17T07:00:00.000,0.0,0.0
-144,Tà Hừa,2026-06-17T08:00:00.000,0.20000000298023224,0.0
-144,Tà Hừa,2026-06-17T09:00:00.000,0.4000000059604645,0.20000000298023224
-144,Tà Hừa,2026-06-17T10:00:00.000,0.0,0.6000000089406967
-144,Tà Hừa,2026-06-17T11:00:00.000,0.0,0.6000000089406967
-144,Tà Hừa,2026-06-17T12:00:00.000,0.0,0.6000000089406967
-144,Tà Hừa,2026-06-17T13:00:00.000,0.0,0.6000000089406967
-144,Tà Hừa,2026-06-17T14:00:00.000,0.0,0.6000000089406967
-144,Tà Hừa,2026-06-17T15:00:00.000,0.0,0.6000000089406967
-144,Tà Hừa,2026-06-17T16:00:00.000,0.0,0.6000000089406967
-144,Tà Hừa,2026-06-17T17:00:00.000,0.0,0.6000000089406967
-144,Tà Hừa,2026-06-17T18:00:00.000,2.0,0.6000000089406967
-144,Tà Hừa,2026-06-17T19:00:00.000,0.20000000298023224,3.8000000566244125
-144,Tà Hừa,2026-06-17T20:00:00.000,0.0,4.000000059604645
-144,Tà Hừa,2026-06-17T21:00:00.000,0.0,4.000000059604645
-144,Tà Hừa,2026-06-17T22:00:00.000,0.0,4.000000059604645
-144,Tà Hừa,2026-06-17T23:00:00.000,0.0,4.000000059604645
-144,Tà Hừa,2026-06-18T00:00:00.000,0.0,0.0
-144,Tà Hừa,2026-06-18T01:00:00.000,0.0,0.0
-144,Tà Hừa,2026-06-18T02:00:00.000,0.0,0.0
-144,Tà Hừa,2026-06-18T03:00:00.000,0.0,0.0
-144,Tà Hừa,2026-06-18T04:00:00.000,0.0,0.0
-144,Tà Hừa,2026-06-18T05:00:00.000,0.0,0.0
-144,Tà Hừa,2026-06-18T06:00:00.000,0.0,0.0
-144,Tà Hừa,2026-06-18T07:00:00.000,0.0,0.0
-144,Tà Hừa,2026-06-18T08:00:00.000,0.0,0.0
-144,Tà Hừa,2026-06-18T09:00:00.000,0.0,0.0
-144,Tà Hừa,2026-06-18T10:00:00.000,0.0,0.0
-144,Tà Hừa,2026-06-18T11:00:00.000,0.0,0.0
-144,Tà Hừa,2026-06-18T12:00:00.000,0.0,0.0
-144,Tà Hừa,2026-06-18T13:00:00.000,0.0,0.0
-144,Tà Hừa,2026-06-18T14:00:00.000,0.0,0.0
-144,Tà Hừa,2026-06-18T15:00:00.000,0.0,0.0
-144,Tà Hừa,2026-06-18T16:00:00.000,0.0,0.0
-144,Tà Hừa,2026-06-18T17:00:00.000,0.0,0.0
-144,Tà Hừa,2026-06-18T18:00:00.000,0.0,0.0
-144,Tà Hừa,2026-06-18T19:00:00.000,0.0,0.0
-144,Tà Hừa,2026-06-18T20:00:00.000,0.0,0.0
-144,Tà Hừa,2026-06-18T21:00:00.000,0.0,0.0
-144,Tà Hừa,2026-06-18T22:00:00.000,0.0,0.0
-144,Tà Hừa,2026-06-18T23:00:00.000,0.0,0.0
-144,Tà Hừa,2026-06-19T00:00:00.000,0.0,0.0
-144,Tà Hừa,2026-06-19T01:00:00.000,0.0,0.0
-144,Tà Hừa,2026-06-19T02:00:00.000,0.20000000298023224,0.0
-144,Tà Hừa,2026-06-19T03:00:00.000,0.4000000059604645,0.20000000298023224
-144,Tà Hừa,2026-06-19T04:00:00.000,0.20000000298023224,0.6000000089406967
-144,Tà Hừa,2026-06-19T05:00:00.000,0.0,0.800000011920929
-144,Tà Hừa,2026-06-19T06:00:00.000,0.0,0.800000011920929
-144,Tà Hừa,2026-06-19T07:00:00.000,0.0,0.800000011920929
-144,Tà Hừa,2026-06-19T08:00:00.000,0.0,1.0000000149011612
-144,Tà Hừa,2026-06-19T09:00:00.000,0.0,1.0000000149011612
-144,Tà Hừa,2026-06-19T10:00:00.000,0.0,1.0000000149011612
-144,Tà Hừa,2026-06-19T11:00:00.000,0.0,1.0000000149011612
-144,Tà Hừa,2026-06-19T12:00:00.000,0.0,1.0000000149011612
-144,Tà Hừa,2026-06-19T13:00:00.000,0.0,1.0000000149011612
-144,Tà Hừa,2026-06-19T14:00:00.000,0.0,1.0000000149011612
-144,Tà Hừa,2026-06-19T15:00:00.000,9.399999618530273,1.0000000149011612
-144,Tà Hừa,2026-06-19T16:00:00.000,0.4000000059604645,10.799999639391899
-144,Tà Hừa,2026-06-19T17:00:00.000,0.0,11.199999645352364
-144,Tà Hừa,2026-06-19T18:00:00.000,0.0,11.199999645352364
-144,Tà Hừa,2026-06-19T19:00:00.000,0.0,11.199999645352364
-144,Tà Hừa,2026-06-19T20:00:00.000,0.0,11.199999645352364
-144,Tà Hừa,2026-06-19T21:00:00.000,0.0,11.199999645352364
-144,Tà Hừa,2026-06-19T22:00:00.000,0.0,11.199999645352364
-144,Tà Hừa,2026-06-19T23:00:00.000,0.0,11.199999645352364
-144,Tà Hừa,2026-06-20T00:00:00.000,0.0,0.0
-144,Tà Hừa,2026-06-20T01:00:00.000,0.20000000298023224,0.0
-144,Tà Hừa,2026-06-20T02:00:00.000,0.0,0.20000000298023224
-144,Tà Hừa,2026-06-20T03:00:00.000,0.0,0.20000000298023224
-144,Tà Hừa,2026-06-20T04:00:00.000,0.0,0.20000000298023224
-144,Tà Hừa,2026-06-20T05:00:00.000,0.0,0.20000000298023224
-144,Tà Hừa,2026-06-20T06:00:00.000,0.0,0.20000000298023224
-144,Tà Hừa,2026-06-20T07:00:00.000,0.0,0.20000000298023224
-144,Tà Hừa,2026-06-20T08:00:00.000,0.0,0.20000000298023224
-144,Tà Hừa,2026-06-20T09:00:00.000,0.0,0.20000000298023224
-144,Tà Hừa,2026-06-20T10:00:00.000,0.0,0.20000000298023224
-144,Tà Hừa,2026-06-20T11:00:00.000,0.0,0.20000000298023224
-144,Tà Hừa,2026-06-20T12:00:00.000,0.0,0.20000000298023224
-144,Tà Hừa,2026-06-20T13:00:00.000,0.0,0.20000000298023224
-144,Tà Hừa,2026-06-20T14:00:00.000,0.0,0.20000000298023224
-144,Tà Hừa,2026-06-20T15:00:00.000,0.0,0.20000000298023224
-144,Tà Hừa,2026-06-20T16:00:00.000,0.0,0.20000000298023224
-144,Tà Hừa,2026-06-20T17:00:00.000,0.0,0.20000000298023224
-144,Tà Hừa,2026-06-20T18:00:00.000,0.0,0.20000000298023224
-144,Tà Hừa,2026-06-20T19:00:00.000,0.0,0.20000000298023224
-144,Tà Hừa,2026-06-20T20:00:00.000,0.0,0.20000000298023224
-144,Tà Hừa,2026-06-20T21:00:00.000,0.0,0.20000000298023224
-144,Tà Hừa,2026-06-20T22:00:00.000,0.0,0.20000000298023224
-144,Tà Hừa,2026-06-20T23:00:00.000,0.0,0.20000000298023224
-144,Tà Hừa,2026-06-21T00:00:00.000,0.0,0.0
-144,Tà Hừa,2026-06-21T01:00:00.000,0.0,0.0
-144,Tà Hừa,2026-06-21T02:00:00.000,0.0,0.0
-144,Tà Hừa,2026-06-21T03:00:00.000,0.0,0.0
-144,Tà Hừa,2026-06-21T04:00:00.000,0.0,0.0
-144,Tà Hừa,2026-06-21T05:00:00.000,0.0,0.0
-144,Tà Hừa,2026-06-21T06:00:00.000,0.0,0.0
-144,Tà Hừa,2026-06-21T07:00:00.000,0.0,0.0
-144,Tà Hừa,2026-06-21T08:00:00.000,0.0,0.0
-144,Tà Hừa,2026-06-21T09:00:00.000,0.0,0.0
-144,Tà Hừa,2026-06-21T10:00:00.000,0.20000000298023224,0.0
-144,Tà Hừa,2026-06-21T11:00:00.000,0.800000011920929,0.20000000298023224
-144,Tà Hừa,2026-06-21T12:00:00.000,0.20000000298023224,1.0000000149011612
-144,Tà Hừa,2026-06-21T13:00:00.000,0.20000000298023224,1.2000000178813934
-144,Tà Hừa,2026-06-21T14:00:00.000,0.0,1.4000000208616257
-144,Tà Hừa,2026-06-21T15:00:00.000,0.0,1.4000000208616257
-144,Tà Hừa,2026-06-21T16:00:00.000,0.0,1.4000000208616257
-144,Tà Hừa,2026-06-21T17:00:00.000,0.0,1.4000000208616257
-144,Tà Hừa,2026-06-21T18:00:00.000,0.0,1.4000000208616257
-144,Tà Hừa,2026-06-21T19:00:00.000,0.0,1.4000000208616257
-144,Tà Hừa,2026-06-21T20:00:00.000,8.399999618530273,1.4000000208616257
-144,Tà Hừa,2026-06-21T21:00:00.000,0.0,11.199999615550041
-144,Tà Hừa,2026-06-21T22:00:00.000,0.0,11.199999615550041
-144,Tà Hừa,2026-06-21T23:00:00.000,0.0,11.199999615550041
-144,Tà Hừa,2026-06-22T00:00:00.000,0.0,8.399999618530273
-144,Tà Hừa,2026-06-22T01:00:00.000,0.0,8.399999618530273
-144,Tà Hừa,2026-06-22T02:00:00.000,0.0,8.399999618530273
-144,Tà Hừa,2026-06-22T03:00:00.000,0.0,8.399999618530273
-144,Tà Hừa,2026-06-22T04:00:00.000,0.0,8.399999618530273
-144,Tà Hừa,2026-06-22T05:00:00.000,0.0,8.399999618530273
-144,Tà Hừa,2026-06-22T06:00:00.000,0.0,8.399999618530273
-144,Tà Hừa,2026-06-22T07:00:00.000,0.0,8.399999618530273
-144,Tà Hừa,2026-06-22T08:00:00.000,0.0,8.399999618530273
-144,Tà Hừa,2026-06-22T09:00:00.000,0.0,8.399999618530273
-144,Tà Hừa,2026-06-22T10:00:00.000,0.0,8.399999618530273
-144,Tà Hừa,2026-06-22T11:00:00.000,0.0,8.399999618530273
-144,Tà Hừa,2026-06-22T12:00:00.000,0.0,8.399999618530273
-144,Tà Hừa,2026-06-22T13:00:00.000,0.0,8.399999618530273
-144,Tà Hừa,2026-06-22T14:00:00.000,0.0,8.399999618530273
-144,Tà Hừa,2026-06-22T15:00:00.000,0.0,8.399999618530273
-144,Tà Hừa,2026-06-22T16:00:00.000,0.0,8.399999618530273
-144,Tà Hừa,2026-06-22T17:00:00.000,0.0,8.399999618530273
-144,Tà Hừa,2026-06-22T18:00:00.000,0.0,8.399999618530273
-144,Tà Hừa,2026-06-22T19:00:00.000,0.20000000298023224,8.399999618530273
-144,Tà Hừa,2026-06-22T20:00:00.000,0.0,8.599999621510506
-144,Tà Hừa,2026-06-22T21:00:00.000,0.0,8.599999621510506
-144,Tà Hừa,2026-06-22T22:00:00.000,0.0,8.599999621510506
-144,Tà Hừa,2026-06-22T23:00:00.000,0.0,8.599999621510506
-144,Tà Hừa,2026-06-23T00:00:00.000,0.0,0.0
-144,Tà Hừa,2026-06-23T01:00:00.000,0.0,0.0
-144,Tà Hừa,2026-06-23T02:00:00.000,0.0,0.0
-144,Tà Hừa,2026-06-23T03:00:00.000,0.0,0.0
-144,Tà Hừa,2026-06-23T04:00:00.000,0.0,0.0
-144,Tà Hừa,2026-06-23T05:00:00.000,0.0,0.0
-144,Tà Hừa,2026-06-23T06:00:00.000,0.0,0.0
-144,Tà Hừa,2026-06-23T07:00:00.000,0.0,0.0
-144,Tà Hừa,2026-06-23T08:00:00.000,0.0,0.0
-144,Tà Hừa,2026-06-23T09:00:00.000,0.0,0.0
-144,Tà Hừa,2026-06-23T10:00:00.000,0.0,0.0
-144,Tà Hừa,2026-06-23T11:00:00.000,0.0,0.0
-144,Tà Hừa,2026-06-23T12:00:00.000,0.0,0.0
-144,Tà Hừa,2026-06-23T13:00:00.000,0.0,0.0
-144,Tà Hừa,2026-06-23T14:00:00.000,0.0,0.0
-144,Tà Hừa,2026-06-23T15:00:00.000,0.0,0.0
-144,Tà Hừa,2026-06-23T16:00:00.000,0.0,0.0
-144,Tà Hừa,2026-06-23T17:00:00.000,0.0,0.0
-144,Tà Hừa,2026-06-23T18:00:00.000,0.0,0.0
-144,Tà Hừa,2026-06-23T19:00:00.000,0.0,0.0
-144,Tà Hừa,2026-06-23T20:00:00.000,0.4000000059604645,0.0
-144,Tà Hừa,2026-06-23T21:00:00.000,0.0,0.4000000059604645
-144,Tà Hừa,2026-06-23T22:00:00.000,0.0,0.4000000059604645
-144,Tà Hừa,2026-06-23T23:00:00.000,0.0,0.4000000059604645
-144,Tà Hừa,2026-06-24T00:00:00.000,0.20000000298023224,0.4000000059604645
-144,Tà Hừa,2026-06-24T01:00:00.000,0.0,0.6000000089406967
-144,Tà Hừa,2026-06-24T02:00:00.000,0.0,0.6000000089406967
-144,Tà Hừa,2026-06-24T03:00:00.000,0.0,0.6000000089406967
-144,Tà Hừa,2026-06-24T04:00:00.000,0.0,0.6000000089406967
-144,Tà Hừa,2026-06-24T05:00:00.000,0.0,0.6000000089406967
-144,Tà Hừa,2026-06-24T06:00:00.000,0.0,0.6000000089406967
-144,Tà Hừa,2026-06-24T07:00:00.000,0.0,0.6000000089406967
-144,Tà Hừa,2026-06-24T08:00:00.000,0.0,0.6000000089406967
-144,Tà Hừa,2026-06-24T09:00:00.000,0.0,0.6000000089406967
-144,Tà Hừa,2026-06-24T10:00:00.000,0.0,0.6000000089406967
-144,Tà Hừa,2026-06-24T11:00:00.000,0.0,0.6000000089406967
-144,Tà Hừa,2026-06-24T12:00:00.000,0.0,0.6000000089406967
-144,Tà Hừa,2026-06-24T13:00:00.000,0.0,0.6000000089406967
-144,Tà Hừa,2026-06-24T14:00:00.000,0.0,0.6000000089406967
-144,Tà Hừa,2026-06-24T15:00:00.000,0.0,0.6000000089406967
-144,Tà Hừa,2026-06-24T16:00:00.000,0.0,0.6000000089406967
-144,Tà Hừa,2026-06-24T17:00:00.000,0.0,0.6000000089406967
-144,Tà Hừa,2026-06-24T18:00:00.000,0.0,0.6000000089406967
-144,Tà Hừa,2026-06-24T19:00:00.000,0.0,0.6000000089406967
-144,Tà Hừa,2026-06-24T20:00:00.000,0.0,0.6000000089406967
-144,Tà Hừa,2026-06-24T21:00:00.000,0.0,0.6000000089406967
-144,Tà Hừa,2026-06-24T22:00:00.000,0.0,0.6000000089406967
-144,Tà Hừa,2026-06-24T23:00:00.000,0.0,0.6000000089406967
-144,Tà Hừa,2026-06-25T00:00:00.000,0.0,0.0
-144,Tà Hừa,2026-06-25T01:00:00.000,0.0,0.0
-144,Tà Hừa,2026-06-25T02:00:00.000,0.0,0.0
-144,Tà Hừa,2026-06-25T03:00:00.000,0.0,0.0
-144,Tà Hừa,2026-06-25T04:00:00.000,0.0,0.0
-144,Tà Hừa,2026-06-25T05:00:00.000,0.0,0.0
-144,Tà Hừa,2026-06-25T06:00:00.000,0.0,0.0
-144,Tà Hừa,2026-06-25T07:00:00.000,0.0,0.0
-144,Tà Hừa,2026-06-25T08:00:00.000,0.0,0.0
-144,Tà Hừa,2026-06-25T09:00:00.000,0.0,0.0
-144,Tà Hừa,2026-06-25T10:00:00.000,0.0,0.0
-144,Tà Hừa,2026-06-25T11:00:00.000,0.0,0.0
-144,Tà Hừa,2026-06-25T12:00:00.000,0.0,0.0
-144,Tà Hừa,2026-06-25T13:00:00.000,0.0,0.0
-144,Tà Hừa,2026-06-25T14:00:00.000,0.0,0.0
-144,Tà Hừa,2026-06-25T15:00:00.000,0.0,0.0
-144,Tà Hừa,2026-06-25T16:00:00.000,0.0,0.0
-144,Tà Hừa,2026-06-25T17:00:00.000,0.0,0.0
-144,Tà Hừa,2026-06-25T18:00:00.000,0.0,0.0
-144,Tà Hừa,2026-06-25T19:00:00.000,0.0,0.0
-144,Tà Hừa,2026-06-25T20:00:00.000,0.0,0.0
-144,Tà Hừa,2026-06-25T21:00:00.000,0.0,0.0
-144,Tà Hừa,2026-06-25T22:00:00.000,0.0,0.0
-144,Tà Hừa,2026-06-25T23:00:00.000,0.0,0.0
-144,Tà Hừa,2026-06-26T00:00:00.000,0.0,0.0
-144,Tà Hừa,2026-06-26T01:00:00.000,0.0,0.0
-144,Tà Hừa,2026-06-26T02:00:00.000,0.0,0.0
-144,Tà Hừa,2026-06-26T03:00:00.000,0.4000000059604645,0.0
-144,Tà Hừa,2026-06-26T04:00:00.000,0.4000000059604645,0.4000000059604645
-144,Tà Hừa,2026-06-26T05:00:00.000,0.20000000298023224,0.800000011920929
-144,Tà Hừa,2026-06-26T06:00:00.000,0.20000000298023224,1.0000000149011612
-144,Tà Hừa,2026-06-26T07:00:00.000,1.0,1.2000000178813934
-144,Tà Hừa,2026-06-26T08:00:00.000,1.2000000476837158,2.2000000178813934
-144,Tà Hừa,2026-06-26T09:00:00.000,1.0,3.4000000655651093
-144,Tà Hừa,2026-06-26T10:00:00.000,1.0,4.400000065565109
-144,Tà Hừa,2026-06-26T11:00:00.000,0.6000000238418579,5.400000065565109
-144,Tà Hừa,2026-06-26T12:00:00.000,0.20000000298023224,6.000000089406967
-144,Tà Hừa,2026-06-26T13:00:00.000,0.0,6.200000092387199
-144,Tà Hừa,2026-06-26T14:00:00.000,0.0,6.200000092387199
-144,Tà Hừa,2026-06-26T15:00:00.000,0.0,6.200000092387199
-144,Tà Hừa,2026-06-26T16:00:00.000,0.0,6.200000092387199
-144,Tà Hừa,2026-06-26T17:00:00.000,0.0,6.200000092387199
-144,Tà Hừa,2026-06-26T18:00:00.000,0.0,6.200000092387199
-144,Tà Hừa,2026-06-26T19:00:00.000,0.0,6.200000092387199
-144,Tà Hừa,2026-06-26T20:00:00.000,0.0,6.200000092387199
-144,Tà Hừa,2026-06-26T21:00:00.000,0.0,6.200000092387199
-144,Tà Hừa,2026-06-26T22:00:00.000,0.0,6.200000092387199
-144,Tà Hừa,2026-06-26T23:00:00.000,0.0,6.200000092387199
-144,Tà Hừa,2026-06-27T00:00:00.000,0.0,0.0
-144,Tà Hừa,2026-06-27T01:00:00.000,0.0,0.0
-144,Tà Hừa,2026-06-27T02:00:00.000,0.0,0.0
-144,Tà Hừa,2026-06-27T03:00:00.000,0.0,0.0
-144,Tà Hừa,2026-06-27T04:00:00.000,0.0,0.0
-144,Tà Hừa,2026-06-27T05:00:00.000,5.800000190734863,0.0
-144,Tà Hừa,2026-06-27T06:00:00.000,0.20000000298023224,5.800000190734863
-144,Tà Hừa,2026-06-27T07:00:00.000,2.200000047683716,6.0000001937150955
-144,Tà Hừa,2026-06-27T08:00:00.000,1.7999999523162842,8.200000241398811
-144,Tà Hừa,2026-06-27T09:00:00.000,0.20000000298023224,10.000000193715096
-144,Tà Hừa,2026-06-27T10:00:00.000,0.0,10.200000196695328
-144,Tà Hừa,2026-06-27T11:00:00.000,0.0,10.200000196695328
-144,Tà Hừa,2026-06-27T12:00:00.000,0.0,10.200000196695328
-144,Tà Hừa,2026-06-27T13:00:00.000,0.0,10.200000196695328
-144,Tà Hừa,2026-06-27T14:00:00.000,0.0,10.200000196695328
-144,Tà Hừa,2026-06-27T15:00:00.000,0.0,10.200000196695328
-144,Tà Hừa,2026-06-27T16:00:00.000,0.0,10.200000196695328
-144,Tà Hừa,2026-06-27T17:00:00.000,0.0,10.200000196695328
-144,Tà Hừa,2026-06-27T18:00:00.000,0.0,10.200000196695328
-144,Tà Hừa,2026-06-27T19:00:00.000,0.0,10.200000196695328
-144,Tà Hừa,2026-06-27T20:00:00.000,0.0,10.200000196695328
-144,Tà Hừa,2026-06-27T21:00:00.000,0.0,10.200000196695328
-144,Tà Hừa,2026-06-27T22:00:00.000,0.0,10.200000196695328
-144,Tà Hừa,2026-06-27T23:00:00.000,0.0,10.200000196695328
-144,Tà Hừa,2026-06-28T00:00:00.000,0.0,0.0
-144,Tà Hừa,2026-06-28T01:00:00.000,0.0,0.0
-144,Tà Hừa,2026-06-28T02:00:00.000,0.0,0.0
-144,Tà Hừa,2026-06-28T03:00:00.000,0.0,0.0
-144,Tà Hừa,2026-06-28T04:00:00.000,0.0,0.0
-144,Tà Hừa,2026-06-28T05:00:00.000,0.0,0.0
-144,Tà Hừa,2026-06-28T06:00:00.000,0.0,0.0
-144,Tà Hừa,2026-06-28T07:00:00.000,1.399999976158142,0.0
-144,Tà Hừa,2026-06-28T08:00:00.000,6.400000095367432,1.399999976158142
-144,Tà Hừa,2026-06-28T09:00:00.000,0.20000000298023224,7.800000071525574
-144,Tà Hừa,2026-06-28T10:00:00.000,0.0,8.000000074505806
-144,Tà Hừa,2026-06-28T11:00:00.000,0.0,8.000000074505806
-144,Tà Hừa,2026-06-28T12:00:00.000,0.0,8.000000074505806
-144,Tà Hừa,2026-06-28T13:00:00.000,13.399999618530273,8.000000074505806
-144,Tà Hừa,2026-06-28T14:00:00.000,5.599999904632568,21.39999969303608
-144,Tà Hừa,2026-06-28T15:00:00.000,0.20000000298023224,26.999999597668648
-144,Tà Hừa,2026-06-28T16:00:00.000,0.0,27.19999960064888
-144,Tà Hừa,2026-06-28T17:00:00.000,0.0,27.19999960064888
-144,Tà Hừa,2026-06-28T18:00:00.000,0.0,27.19999960064888
-144,Tà Hừa,2026-06-28T19:00:00.000,0.0,27.19999960064888
-144,Tà Hừa,2026-06-28T20:00:00.000,0.0,27.19999960064888
-144,Tà Hừa,2026-06-28T21:00:00.000,0.0,27.19999960064888
-144,Tà Hừa,2026-06-28T22:00:00.000,0.0,27.19999960064888
-144,Tà Hừa,2026-06-28T23:00:00.000,0.0,27.19999960064888
-144,Tà Hừa,2026-06-29T00:00:00.000,0.0,0.0
-144,Tà Hừa,2026-06-29T01:00:00.000,0.0,0.0
-144,Tà Hừa,2026-06-29T02:00:00.000,0.0,0.0
-144,Tà Hừa,2026-06-29T03:00:00.000,0.0,0.0
-144,Tà Hừa,2026-06-29T04:00:00.000,0.0,0.0
-144,Tà Hừa,2026-06-29T05:00:00.000,0.0,0.0
-144,Tà Hừa,2026-06-29T06:00:00.000,0.0,0.0
-144,Tà Hừa,2026-06-29T07:00:00.000,0.20000000298023224,0.0
-144,Tà Hừa,2026-06-29T08:00:00.000,0.0,0.20000000298023224
-144,Tà Hừa,2026-06-29T09:00:00.000,0.20000000298023224,0.20000000298023224
-144,Tà Hừa,2026-06-29T10:00:00.000,0.0,0.4000000059604645
-144,Tà Hừa,2026-06-29T11:00:00.000,0.0,0.4000000059604645
-144,Tà Hừa,2026-06-29T12:00:00.000,7.0,0.4000000059604645
-144,Tà Hừa,2026-06-29T13:00:00.000,0.4000000059604645,7.4000000059604645
-144,Tà Hừa,2026-06-29T14:00:00.000,0.0,7.800000011920929
-144,Tà Hừa,2026-06-29T15:00:00.000,0.20000000298023224,7.800000011920929
-144,Tà Hừa,2026-06-29T16:00:00.000,0.0,8.000000014901161
-144,Tà Hừa,2026-06-29T17:00:00.000,0.0,8.000000014901161
-144,Tà Hừa,2026-06-29T18:00:00.000,0.0,8.000000014901161
-144,Tà Hừa,2026-06-29T19:00:00.000,0.0,8.000000014901161
-144,Tà Hừa,2026-06-29T20:00:00.000,0.0,8.000000014901161
-144,Tà Hừa,2026-06-29T21:00:00.000,0.0,8.000000014901161
-144,Tà Hừa,2026-06-29T22:00:00.000,0.0,8.000000014901161
-144,Tà Hừa,2026-06-29T23:00:00.000,0.0,8.000000014901161
-144,Tà Hừa,2026-06-30T00:00:00.000,0.0,0.0
-144,Tà Hừa,2026-06-30T01:00:00.000,0.0,0.0
-144,Tà Hừa,2026-06-30T02:00:00.000,0.0,0.0
-144,Tà Hừa,2026-06-30T03:00:00.000,0.0,0.0
-144,Tà Hừa,2026-06-30T04:00:00.000,0.0,0.0
-144,Tà Hừa,2026-06-30T05:00:00.000,0.0,0.0
-144,Tà Hừa,2026-06-30T06:00:00.000,0.0,0.0
-144,Tà Hừa,2026-06-30T07:00:00.000,0.0,0.0
-144,Tà Hừa,2026-06-30T08:00:00.000,0.0,0.0
-144,Tà Hừa,2026-06-30T09:00:00.000,0.0,0.0
-144,Tà Hừa,2026-06-30T10:00:00.000,1.2000000476837158,0.0
-144,Tà Hừa,2026-06-30T11:00:00.000,0.6000000238418579,1.2000000476837158
-144,Tà Hừa,2026-06-30T12:00:00.000,0.4000000059604645,1.8000000715255737
-144,Tà Hừa,2026-06-30T13:00:00.000,0.20000000298023224,2.200000077486038
-144,Tà Hừa,2026-06-30T14:00:00.000,0.0,2.4000000804662704
-144,Tà Hừa,2026-06-30T15:00:00.000,0.0,2.4000000804662704
-144,Tà Hừa,2026-06-30T16:00:00.000,0.0,2.4000000804662704
-144,Tà Hừa,2026-06-30T17:00:00.000,0.0,2.4000000804662704
-144,Tà Hừa,2026-06-30T18:00:00.000,0.0,2.4000000804662704
-144,Tà Hừa,2026-06-30T19:00:00.000,0.0,2.4000000804662704
-144,Tà Hừa,2026-06-30T20:00:00.000,0.0,2.4000000804662704
-144,Tà Hừa,2026-06-30T21:00:00.000,0.0,2.4000000804662704
-144,Tà Hừa,2026-06-30T22:00:00.000,0.0,2.4000000804662704
-144,Tà Hừa,2026-06-30T23:00:00.000,0.0,2.4000000804662704
-144,Tà Hừa,2026-07-01T00:00:00.000,0.0,0.0
-144,Tà Hừa,2026-07-01T01:00:00.000,0.0,0.0
-144,Tà Hừa,2026-07-01T02:00:00.000,0.0,0.0
-144,Tà Hừa,2026-07-01T03:00:00.000,0.20000000298023224,0.0
-144,Tà Hừa,2026-07-01T04:00:00.000,0.800000011920929,0.20000000298023224
-144,Tà Hừa,2026-07-01T05:00:00.000,1.2000000476837158,1.0000000149011612
-144,Tà Hừa,2026-07-01T06:00:00.000,2.799999952316284,2.200000062584877
-144,Tà Hừa,2026-07-01T07:00:00.000,4.199999809265137,5.000000014901161
-144,Tà Hừa,2026-07-01T08:00:00.000,3.0,9.199999824166298
-144,Tà Hừa,2026-07-01T09:00:00.000,1.399999976158142,12.199999824166298
-144,Tà Hừa,2026-07-01T10:00:00.000,0.20000000298023224,13.59999980032444
-144,Tà Hừa,2026-07-01T11:00:00.000,0.6000000238418579,13.799999803304672
-144,Tà Hừa,2026-07-01T12:00:00.000,0.20000000298023224,14.39999982714653
-144,Tà Hừa,2026-07-01T13:00:00.000,0.0,14.599999830126762
-144,Tà Hừa,2026-07-01T14:00:00.000,0.0,14.599999830126762
-144,Tà Hừa,2026-07-01T15:00:00.000,0.0,14.599999830126762
-144,Tà Hừa,2026-07-01T16:00:00.000,0.20000000298023224,14.599999830126762
-144,Tà Hừa,2026-07-01T17:00:00.000,0.0,14.799999833106995
-144,Tà Hừa,2026-07-01T18:00:00.000,0.0,14.799999833106995
-144,Tà Hừa,2026-07-01T19:00:00.000,0.0,14.799999833106995
-144,Tà Hừa,2026-07-01T20:00:00.000,0.0,14.799999833106995
-144,Tà Hừa,2026-07-01T21:00:00.000,0.0,14.799999833106995
-144,Tà Hừa,2026-07-01T22:00:00.000,0.0,14.799999833106995
-144,Tà Hừa,2026-07-01T23:00:00.000,0.0,14.799999833106995
-144,Tà Hừa,2026-07-02T00:00:00.000,1.600000023841858,0.0
-144,Tà Hừa,2026-07-02T01:00:00.000,0.20000000298023224,1.600000023841858
-144,Tà Hừa,2026-07-02T02:00:00.000,0.0,1.8000000268220901
-144,Tà Hừa,2026-07-02T03:00:00.000,0.0,1.8000000268220901
-144,Tà Hừa,2026-07-02T04:00:00.000,0.0,1.8000000268220901
-144,Tà Hừa,2026-07-02T05:00:00.000,0.6000000238418579,1.8000000268220901
-144,Tà Hừa,2026-07-02T06:00:00.000,0.800000011920929,2.400000050663948
-144,Tà Hừa,2026-07-02T07:00:00.000,0.20000000298023224,3.200000062584877
-144,Tà Hừa,2026-07-02T08:00:00.000,0.0,3.4000000655651093
-144,Tà Hừa,2026-07-02T09:00:00.000,0.0,3.4000000655651093
-144,Tà Hừa,2026-07-02T10:00:00.000,0.0,3.4000000655651093
-144,Tà Hừa,2026-07-02T11:00:00.000,0.0,3.4000000655651093
-144,Tà Hừa,2026-07-02T12:00:00.000,0.0,3.4000000655651093
-144,Tà Hừa,2026-07-02T13:00:00.000,0.0,3.4000000655651093
-144,Tà Hừa,2026-07-02T14:00:00.000,0.0,3.4000000655651093
-144,Tà Hừa,2026-07-02T15:00:00.000,0.0,3.4000000655651093
-144,Tà Hừa,2026-07-02T16:00:00.000,0.0,3.4000000655651093
-144,Tà Hừa,2026-07-02T17:00:00.000,0.0,3.4000000655651093
-144,Tà Hừa,2026-07-02T18:00:00.000,0.0,3.4000000655651093
-144,Tà Hừa,2026-07-02T19:00:00.000,0.0,3.4000000655651093
-144,Tà Hừa,2026-07-02T20:00:00.000,0.0,3.4000000655651093
-144,Tà Hừa,2026-07-02T21:00:00.000,0.0,3.4000000655651093
-144,Tà Hừa,2026-07-02T22:00:00.000,0.0,3.4000000655651093
-144,Tà Hừa,2026-07-02T23:00:00.000,0.0,3.4000000655651093
-144,Tà Hừa,2026-07-03T00:00:00.000,0.0,0.0
-144,Tà Hừa,2026-07-03T01:00:00.000,0.0,0.0
-144,Tà Hừa,2026-07-03T02:00:00.000,0.0,0.0
-144,Tà Hừa,2026-07-03T03:00:00.000,0.0,0.0
-144,Tà Hừa,2026-07-03T04:00:00.000,0.0,0.0
-144,Tà Hừa,2026-07-03T05:00:00.000,0.0,0.0
-144,Tà Hừa,2026-07-03T06:00:00.000,0.0,0.0
-144,Tà Hừa,2026-07-03T07:00:00.000,0.0,0.0
-144,Tà Hừa,2026-07-03T08:00:00.000,0.0,0.0
-144,Tà Hừa,2026-07-03T09:00:00.000,0.0,0.0
-144,Tà Hừa,2026-07-03T10:00:00.000,0.0,0.0
-144,Tà Hừa,2026-07-03T11:00:00.000,0.0,0.0
-144,Tà Hừa,2026-07-03T12:00:00.000,0.0,0.0
-144,Tà Hừa,2026-07-03T13:00:00.000,0.0,0.0
-144,Tà Hừa,2026-07-03T14:00:00.000,0.0,0.0
-144,Tà Hừa,2026-07-03T15:00:00.000,0.0,0.0
-144,Tà Hừa,2026-07-03T16:00:00.000,0.0,0.0
-144,Tà Hừa,2026-07-03T17:00:00.000,0.0,0.0
-144,Tà Hừa,2026-07-03T18:00:00.000,0.0,0.0
-144,Tà Hừa,2026-07-03T19:00:00.000,0.0,0.0
-144,Tà Hừa,2026-07-03T20:00:00.000,0.0,0.0
-144,Tà Hừa,2026-07-03T21:00:00.000,0.0,0.0
-144,Tà Hừa,2026-07-03T22:00:00.000,0.0,0.0
-144,Tà Hừa,2026-07-03T23:00:00.000,0.0,0.0
-144,Tà Hừa,2026-07-04T00:00:00.000,0.0,0.0
-144,Tà Hừa,2026-07-04T01:00:00.000,0.0,0.0
-144,Tà Hừa,2026-07-04T02:00:00.000,0.0,0.0
-144,Tà Hừa,2026-07-04T03:00:00.000,0.0,0.0
-144,Tà Hừa,2026-07-04T04:00:00.000,0.0,0.0
-144,Tà Hừa,2026-07-04T05:00:00.000,0.0,0.0
-144,Tà Hừa,2026-07-04T06:00:00.000,0.0,0.0
-144,Tà Hừa,2026-07-04T07:00:00.000,0.0,0.0
-144,Tà Hừa,2026-07-04T08:00:00.000,0.0,0.0
-144,Tà Hừa,2026-07-04T09:00:00.000,0.0,0.0
-144,Tà Hừa,2026-07-04T10:00:00.000,0.0,0.0
-144,Tà Hừa,2026-07-04T11:00:00.000,0.0,0.0
-144,Tà Hừa,2026-07-04T12:00:00.000,0.0,0.0
-144,Tà Hừa,2026-07-04T13:00:00.000,0.0,0.0
-144,Tà Hừa,2026-07-04T14:00:00.000,0.0,0.0
-144,Tà Hừa,2026-07-04T15:00:00.000,0.0,0.0
-144,Tà Hừa,2026-07-04T16:00:00.000,0.0,0.0
-144,Tà Hừa,2026-07-04T17:00:00.000,0.0,0.0
-144,Tà Hừa,2026-07-04T18:00:00.000,0.0,0.0
-144,Tà Hừa,2026-07-04T19:00:00.000,0.0,0.0
-144,Tà Hừa,2026-07-04T20:00:00.000,0.0,0.0
-144,Tà Hừa,2026-07-04T21:00:00.000,0.0,0.0
-144,Tà Hừa,2026-07-04T22:00:00.000,0.0,0.0
-144,Tà Hừa,2026-07-04T23:00:00.000,0.0,0.0
-144,Tà Hừa,2026-07-05T00:00:00.000,0.0,0.0
-144,Tà Hừa,2026-07-05T01:00:00.000,0.0,0.0
-144,Tà Hừa,2026-07-05T02:00:00.000,0.0,0.0
-144,Tà Hừa,2026-07-05T03:00:00.000,0.0,0.0
-144,Tà Hừa,2026-07-05T04:00:00.000,0.0,0.0
-144,Tà Hừa,2026-07-05T05:00:00.000,0.0,0.0
-144,Tà Hừa,2026-07-05T06:00:00.000,0.0,0.0
-144,Tà Hừa,2026-07-05T07:00:00.000,0.0,0.0
-144,Tà Hừa,2026-07-05T08:00:00.000,2.0,0.0
-144,Tà Hừa,2026-07-05T09:00:00.000,0.0,2.0
-144,Tà Hừa,2026-07-05T10:00:00.000,0.0,2.0
-144,Tà Hừa,2026-07-05T11:00:00.000,0.0,2.0
-144,Tà Hừa,2026-07-05T12:00:00.000,1.0,2.0
-144,Tà Hừa,2026-07-05T13:00:00.000,0.800000011920929,3.0
-144,Tà Hừa,2026-07-05T14:00:00.000,0.20000000298023224,3.800000011920929
-144,Tà Hừa,2026-07-05T15:00:00.000,0.0,4.000000014901161
-144,Tà Hừa,2026-07-05T16:00:00.000,0.0,4.000000014901161
-144,Tà Hừa,2026-07-05T17:00:00.000,0.20000000298023224,4.000000014901161
-144,Tà Hừa,2026-07-05T18:00:00.000,0.0,4.200000017881393
-144,Tà Hừa,2026-07-05T19:00:00.000,0.4000000059604645,4.200000017881393
-144,Tà Hừa,2026-07-05T20:00:00.000,8.600000381469727,4.600000023841858
-144,Tà Hừa,2026-07-05T21:00:00.000,1.600000023841858,13.200000405311584
-144,Tà Hừa,2026-07-05T22:00:00.000,2.4000000953674316,14.800000429153442
-144,Tà Hừa,2026-07-05T23:00:00.000,3.200000047683716,17.200000524520874
-144,Tà Hừa,2026-07-06T00:00:00.000,1.7999999523162842,15.800000548362732
-144,Tà Hừa,2026-07-06T01:00:00.000,0.4000000059604645,17.600000500679016
-144,Tà Hừa,2026-07-06T02:00:00.000,0.20000000298023224,18.00000050663948
-144,Tà Hừa,2026-07-06T03:00:00.000,0.0,18.200000509619713
-144,Tà Hừa,2026-07-06T04:00:00.000,0.20000000298023224,18.200000509619713
-144,Tà Hừa,2026-07-06T05:00:00.000,0.4000000059604645,18.400000512599945
-144,Tà Hừa,2026-07-06T06:00:00.000,0.20000000298023224,18.80000051856041
-144,Tà Hừa,2026-07-06T07:00:00.000,1.600000023841858,19.000000521540642
-144,Tà Hừa,2026-07-06T08:00:00.000,2.4000000953674316,20.6000005453825
-144,Tà Hừa,2026-07-06T09:00:00.000,1.2000000476837158,23.00000064074993
-144,Tà Hừa,2026-07-06T10:00:00.000,5.199999809265137,24.200000688433647
-144,Tà Hừa,2026-07-06T11:00:00.000,3.4000000953674316,29.400000497698784
-144,Tà Hừa,2026-07-06T12:00:00.000,0.6000000238418579,32.800000593066216
-144,Tà Hừa,2026-07-06T13:00:00.000,0.20000000298023224,33.40000061690807
-144,Tà Hừa,2026-07-06T14:00:00.000,0.0,33.600000619888306
-144,Tà Hừa,2026-07-06T15:00:00.000,0.0,33.600000619888306
-144,Tà Hừa,2026-07-06T16:00:00.000,0.0,33.600000619888306
-144,Tà Hừa,2026-07-06T17:00:00.000,0.0,33.600000619888306
-144,Tà Hừa,2026-07-06T18:00:00.000,0.0,33.600000619888306
-144,Tà Hừa,2026-07-06T19:00:00.000,0.0,33.600000619888306
-144,Tà Hừa,2026-07-06T20:00:00.000,0.0,33.600000619888306
-144,Tà Hừa,2026-07-06T21:00:00.000,0.0,33.600000619888306
-144,Tà Hừa,2026-07-06T22:00:00.000,0.0,33.600000619888306
-144,Tà Hừa,2026-07-06T23:00:00.000,0.0,33.600000619888306
-144,Tà Hừa,2026-07-07T00:00:00.000,0.0,0.0
-144,Tà Hừa,2026-07-07T01:00:00.000,0.0,0.0
-144,Tà Hừa,2026-07-07T02:00:00.000,0.0,0.0
-144,Tà Hừa,2026-07-07T03:00:00.000,0.0,0.0
-144,Tà Hừa,2026-07-07T04:00:00.000,0.0,0.0
-144,Tà Hừa,2026-07-07T05:00:00.000,0.0,0.0
-144,Tà Hừa,2026-07-07T06:00:00.000,0.0,0.0
-144,Tà Hừa,2026-07-07T07:00:00.000,0.0,0.0
-144,Tà Hừa,2026-07-07T08:00:00.000,0.0,0.0
-144,Tà Hừa,2026-07-07T09:00:00.000,0.0,0.0
-144,Tà Hừa,2026-07-07T10:00:00.000,0.0,0.0
-144,Tà Hừa,2026-07-07T11:00:00.000,0.0,0.0
-144,Tà Hừa,2026-07-07T12:00:00.000,0.0,0.0
-144,Tà Hừa,2026-07-07T13:00:00.000,0.0,0.0
-144,Tà Hừa,2026-07-07T14:00:00.000,0.0,0.0
-144,Tà Hừa,2026-07-07T15:00:00.000,0.0,0.0
-144,Tà Hừa,2026-07-07T16:00:00.000,0.0,0.0
-144,Tà Hừa,2026-07-07T17:00:00.000,0.0,0.0
-144,Tà Hừa,2026-07-07T18:00:00.000,0.0,0.0
-144,Tà Hừa,2026-07-07T19:00:00.000,0.20000000298023224,0.0
-144,Tà Hừa,2026-07-07T20:00:00.000,0.0,0.20000000298023224
-144,Tà Hừa,2026-07-07T21:00:00.000,6.0,0.20000000298023224
-144,Tà Hừa,2026-07-07T22:00:00.000,0.0,6.200000002980232
-144,Tà Hừa,2026-07-07T23:00:00.000,0.0,6.200000002980232
-144,Tà Hừa,2026-07-08T00:00:00.000,0.4000000059604645,6.0
-144,Tà Hừa,2026-07-08T01:00:00.000,0.4000000059604645,6.4000000059604645
-144,Tà Hừa,2026-07-08T02:00:00.000,0.800000011920929,6.800000011920929
-144,Tà Hừa,2026-07-08T03:00:00.000,0.6000000238418579,7.600000023841858
-144,Tà Hừa,2026-07-08T04:00:00.000,3.0,8.200000047683716
-144,Tà Hừa,2026-07-08T05:00:00.000,1.2000000476837158,11.200000047683716
-144,Tà Hừa,2026-07-08T06:00:00.000,0.4000000059604645,12.400000095367432
-144,Tà Hừa,2026-07-08T07:00:00.000,1.7999999523162842,12.800000101327896
-144,Tà Hừa,2026-07-08T08:00:00.000,1.600000023841858,14.60000005364418
-144,Tà Hừa,2026-07-08T09:00:00.000,1.0,16.200000077486038
-144,Tà Hừa,2026-07-08T10:00:00.000,1.600000023841858,17.200000077486038
-144,Tà Hừa,2026-07-08T11:00:00.000,2.0,18.800000101327896
-144,Tà Hừa,2026-07-08T12:00:00.000,1.399999976158142,20.800000101327896
-144,Tà Hừa,2026-07-08T13:00:00.000,1.399999976158142,22.200000077486038
-144,Tà Hừa,2026-07-08T14:00:00.000,0.20000000298023224,23.60000005364418
-144,Tà Hừa,2026-07-08T15:00:00.000,0.20000000298023224,23.800000056624413
-144,Tà Hừa,2026-07-08T16:00:00.000,0.20000000298023224,24.000000059604645
-144,Tà Hừa,2026-07-08T17:00:00.000,0.0,24.200000062584877
-144,Tà Hừa,2026-07-08T18:00:00.000,0.20000000298023224,24.200000062584877
-144,Tà Hừa,2026-07-08T19:00:00.000,0.0,24.40000006556511
-144,Tà Hừa,2026-07-08T20:00:00.000,0.0,24.40000006556511
-144,Tà Hừa,2026-07-08T21:00:00.000,0.0,24.40000006556511
-144,Tà Hừa,2026-07-08T22:00:00.000,4.599999904632568,24.40000006556511
-144,Tà Hừa,2026-07-08T23:00:00.000,11.800000190734863,28.999999970197678
-144,Tà Hừa,2026-07-09T00:00:00.000,7.199999809265137,16.40000009536743
-144,Tà Hừa,2026-07-09T01:00:00.000,7.0,23.59999990463257
-144,Tà Hừa,2026-07-09T02:00:00.000,3.4000000953674316,30.59999990463257
-144,Tà Hừa,2026-07-09T03:00:00.000,1.0,34.0
-144,Tà Hừa,2026-07-09T04:00:00.000,4.599999904632568,35.0
-144,Tà Hừa,2026-07-09T05:00:00.000,0.800000011920929,39.59999990463257
-144,Tà Hừa,2026-07-09T06:00:00.000,0.20000000298023224,40.3999999165535
-144,Tà Hừa,2026-07-09T07:00:00.000,0.20000000298023224,40.59999991953373
-144,Tà Hừa,2026-07-09T08:00:00.000,0.0,40.79999992251396
-144,Tà Hừa,2026-07-09T09:00:00.000,0.0,40.79999992251396
-144,Tà Hừa,2026-07-09T10:00:00.000,0.0,40.79999992251396
-144,Tà Hừa,2026-07-09T11:00:00.000,0.0,40.79999992251396
-144,Tà Hừa,2026-07-09T12:00:00.000,0.0,40.79999992251396
-144,Tà Hừa,2026-07-09T13:00:00.000,0.0,40.79999992251396
-144,Tà Hừa,2026-07-09T14:00:00.000,0.0,40.79999992251396
-144,Tà Hừa,2026-07-09T15:00:00.000,0.0,40.79999992251396
-144,Tà Hừa,2026-07-09T16:00:00.000,0.0,40.79999992251396
-144,Tà Hừa,2026-07-09T17:00:00.000,0.0,40.79999992251396
-144,Tà Hừa,2026-07-09T18:00:00.000,0.0,40.79999992251396
-144,Tà Hừa,2026-07-09T19:00:00.000,0.0,40.79999992251396
-144,Tà Hừa,2026-07-09T20:00:00.000,0.0,40.79999992251396
-144,Tà Hừa,2026-07-09T21:00:00.000,2.200000047683716,40.79999992251396
-144,Tà Hừa,2026-07-09T22:00:00.000,0.20000000298023224,42.99999997019768
-144,Tà Hừa,2026-07-09T23:00:00.000,0.0,43.19999997317791
-144,Tà Hừa,2026-07-10T00:00:00.000,0.0,2.400000050663948
-144,Tà Hừa,2026-07-10T01:00:00.000,0.0,2.400000050663948
-144,Tà Hừa,2026-07-10T02:00:00.000,0.0,2.400000050663948
-144,Tà Hừa,2026-07-10T03:00:00.000,0.0,2.400000050663948
-144,Tà Hừa,2026-07-10T04:00:00.000,0.0,2.400000050663948
-144,Tà Hừa,2026-07-10T05:00:00.000,0.0,2.400000050663948
-144,Tà Hừa,2026-07-10T06:00:00.000,0.0,2.400000050663948
-144,Tà Hừa,2026-07-10T07:00:00.000,0.0,2.400000050663948
-144,Tà Hừa,2026-07-10T08:00:00.000,0.0,2.400000050663948
-144,Tà Hừa,2026-07-10T09:00:00.000,0.0,2.400000050663948
-144,Tà Hừa,2026-07-10T10:00:00.000,0.0,2.400000050663948
-144,Tà Hừa,2026-07-10T11:00:00.000,0.20000000298023224,2.400000050663948
-144,Tà Hừa,2026-07-10T12:00:00.000,0.20000000298023224,2.6000000536441803
-144,Tà Hừa,2026-07-10T13:00:00.000,0.0,2.8000000566244125
-144,Tà Hừa,2026-07-10T14:00:00.000,0.0,2.8000000566244125
-144,Tà Hừa,2026-07-10T15:00:00.000,0.4000000059604645,2.8000000566244125
-144,Tà Hừa,2026-07-10T16:00:00.000,1.600000023841858,3.200000062584877
-144,Tà Hừa,2026-07-10T17:00:00.000,0.6000000238418579,4.800000086426735
-144,Tà Hừa,2026-07-10T18:00:00.000,0.20000000298023224,5.400000110268593
-144,Tà Hừa,2026-07-10T19:00:00.000,1.2000000476837158,5.600000113248825
-144,Tà Hừa,2026-07-10T20:00:00.000,0.800000011920929,6.800000160932541
-144,Tà Hừa,2026-07-10T21:00:00.000,0.20000000298023224,7.60000017285347
-144,Tà Hừa,2026-07-10T22:00:00.000,0.20000000298023224,7.800000175833702
-144,Tà Hừa,2026-07-10T23:00:00.000,,8.000000178813934
-144,Tà Hừa,2026-07-11T00:00:00.000,0.0,1.2000000178813934
-144,Tà Hừa,2026-07-11T01:00:00.000,0.0,1.2000000178813934
-144,Tà Hừa,2026-07-11T02:00:00.000,0.0,1.2000000178813934
-144,Tà Hừa,2026-07-11T03:00:00.000,0.0,1.2000000178813934
-144,Tà Hừa,2026-07-11T04:00:00.000,0.0,1.2000000178813934
-144,Tà Hừa,2026-07-11T05:00:00.000,0.0,1.2000000178813934
-144,Tà Hừa,2026-07-11T06:00:00.000,0.0,1.2000000178813934
-144,Tà Hừa,2026-07-11T07:00:00.000,0.0,1.2000000178813934
-144,Tà Hừa,2026-07-11T08:00:00.000,0.0,1.2000000178813934
-144,Tà Hừa,2026-07-11T09:00:00.000,0.20000000298023224,1.2000000178813934
-144,Tà Hừa,2026-07-11T10:00:00.000,0.0,1.4000000208616257
-144,Tà Hừa,2026-07-11T11:00:00.000,0.0,1.4000000208616257
-144,Tà Hừa,2026-07-11T12:00:00.000,0.0,1.4000000208616257
-144,Tà Hừa,2026-07-11T13:00:00.000,0.0,1.4000000208616257
-144,Tà Hừa,2026-07-11T14:00:00.000,4.199999809265137,1.4000000208616257
-144,Tà Hừa,2026-07-11T15:00:00.000,23.399999618530273,5.599999830126762
-144,Tà Hừa,2026-07-11T16:00:00.000,0.20000000298023224,28.999999448657036
-144,Tà Hừa,2026-07-11T17:00:00.000,0.0,29.199999451637268
-144,Tà Hừa,2026-07-11T18:00:00.000,0.0,29.199999451637268
-144,Tà Hừa,2026-07-11T19:00:00.000,0.0,29.199999451637268
-144,Tà Hừa,2026-07-11T20:00:00.000,0.0,29.199999451637268
-144,Tà Hừa,2026-07-11T21:00:00.000,0.4000000059604645,29.199999451637268
-144,Tà Hừa,2026-07-11T22:00:00.000,0.0,29.599999457597733
-144,Tà Hừa,2026-07-11T23:00:00.000,5.599999904632568,29.599999457597733
-144,Tà Hừa,2026-07-12T00:00:00.000,0.20000000298023224,5.999999910593033
-144,Tà Hừa,2026-07-12T01:00:00.000,0.0,6.199999913573265
-144,Tà Hừa,2026-07-12T02:00:00.000,0.0,6.199999913573265
-144,Tà Hừa,2026-07-12T03:00:00.000,0.0,6.199999913573265
-144,Tà Hừa,2026-07-12T04:00:00.000,0.0,6.199999913573265
-144,Tà Hừa,2026-07-12T05:00:00.000,0.0,6.199999913573265
-144,Tà Hừa,2026-07-12T06:00:00.000,0.0,6.199999913573265
-144,Tà Hừa,2026-07-12T07:00:00.000,0.0,6.199999913573265
-144,Tà Hừa,2026-07-12T08:00:00.000,0.0,6.199999913573265
-144,Tà Hừa,2026-07-12T09:00:00.000,0.0,6.199999913573265
-144,Tà Hừa,2026-07-12T10:00:00.000,0.0,6.199999913573265
-144,Tà Hừa,2026-07-12T11:00:00.000,0.0,6.199999913573265
-144,Tà Hừa,2026-07-12T12:00:00.000,0.0,6.199999913573265
-144,Tà Hừa,2026-07-12T13:00:00.000,0.0,6.199999913573265
-144,Tà Hừa,2026-07-12T14:00:00.000,0.0,6.199999913573265
-144,Tà Hừa,2026-07-12T15:00:00.000,0.0,6.199999913573265
-144,Tà Hừa,2026-07-12T16:00:00.000,0.0,6.199999913573265
-144,Tà Hừa,2026-07-12T17:00:00.000,2.200000047683716,6.199999913573265
-144,Tà Hừa,2026-07-12T18:00:00.000,0.0,8.399999961256981
-144,Tà Hừa,2026-07-12T19:00:00.000,0.0,8.399999961256981
-144,Tà Hừa,2026-07-12T20:00:00.000,0.0,8.399999961256981
-144,Tà Hừa,2026-07-12T21:00:00.000,0.0,8.399999961256981
-144,Tà Hừa,2026-07-12T22:00:00.000,0.0,8.399999961256981
-144,Tà Hừa,2026-07-12T23:00:00.000,0.0,8.399999961256981
-144,Tà Hừa,2026-07-13T00:00:00.000,0.0,0.0
-144,Tà Hừa,2026-07-13T01:00:00.000,0.0,0.0
-144,Tà Hừa,2026-07-13T02:00:00.000,0.0,0.0
-144,Tà Hừa,2026-07-13T03:00:00.000,0.0,0.0
-144,Tà Hừa,2026-07-13T04:00:00.000,0.0,0.0
-144,Tà Hừa,2026-07-13T05:00:00.000,0.0,0.0
-144,Tà Hừa,2026-07-13T06:00:00.000,0.0,0.0
-144,Tà Hừa,2026-07-13T07:00:00.000,0.0,0.0
-144,Tà Hừa,2026-07-13T08:00:00.000,0.0,0.0
-144,Tà Hừa,2026-07-13T09:00:00.000,0.0,0.0
-144,Tà Hừa,2026-07-13T10:00:00.000,0.0,0.0
-144,Tà Hừa,2026-07-13T11:00:00.000,0.0,0.0
-144,Tà Hừa,2026-07-13T12:00:00.000,0.0,0.0
-144,Tà Hừa,2026-07-13T13:00:00.000,0.0,0.0
-144,Tà Hừa,2026-07-13T14:00:00.000,0.0,0.0
-144,Tà Hừa,2026-07-13T15:00:00.000,0.0,0.0
-144,Tà Hừa,2026-07-13T16:00:00.000,0.0,0.0
-144,Tà Hừa,2026-07-13T17:00:00.000,0.0,0.0
-144,Tà Hừa,2026-07-13T18:00:00.000,0.0,0.0
-144,Tà Hừa,2026-07-13T19:00:00.000,0.0,0.0
-144,Tà Hừa,2026-07-13T20:00:00.000,0.0,0.0
-144,Tà Hừa,2026-07-13T21:00:00.000,0.0,0.0
-144,Tà Hừa,2026-07-13T22:00:00.000,0.0,0.0
-144,Tà Hừa,2026-07-13T23:00:00.000,0.0,0.0
-144,Tà Hừa,2026-07-14T00:00:00.000,0.0,0.0
-144,Tà Hừa,2026-07-14T01:00:00.000,0.0,0.0
-144,Tà Hừa,2026-07-14T02:00:00.000,0.0,0.0
-144,Tà Hừa,2026-07-14T03:00:00.000,0.0,0.0
-144,Tà Hừa,2026-07-14T04:00:00.000,0.0,0.0
-144,Tà Hừa,2026-07-14T05:00:00.000,0.0,0.0
-144,Tà Hừa,2026-07-14T06:00:00.000,0.0,0.0
-144,Tà Hừa,2026-07-14T07:00:00.000,0.0,0.0
-144,Tà Hừa,2026-07-14T08:00:00.000,0.0,0.0
-144,Tà Hừa,2026-07-14T09:00:00.000,0.20000000298023224,0.0
-144,Tà Hừa,2026-07-14T10:00:00.000,0.0,0.20000000298023224
-144,Tà Hừa,2026-07-14T11:00:00.000,0.0,0.20000000298023224
-144,Tà Hừa,2026-07-14T12:00:00.000,0.0,0.20000000298023224
-144,Tà Hừa,2026-07-14T13:00:00.000,0.20000000298023224,0.20000000298023224
-144,Tà Hừa,2026-07-14T14:00:00.000,0.0,0.4000000059604645
-144,Tà Hừa,2026-07-14T15:00:00.000,0.0,0.4000000059604645
-144,Tà Hừa,2026-07-14T16:00:00.000,0.0,0.4000000059604645
-144,Tà Hừa,2026-07-14T17:00:00.000,0.0,0.4000000059604645
-144,Tà Hừa,2026-07-14T18:00:00.000,0.0,0.4000000059604645
-144,Tà Hừa,2026-07-14T19:00:00.000,0.0,0.4000000059604645
-144,Tà Hừa,2026-07-14T20:00:00.000,0.0,0.4000000059604645
-144,Tà Hừa,2026-07-14T21:00:00.000,0.0,0.4000000059604645
-144,Tà Hừa,2026-07-14T22:00:00.000,0.0,0.4000000059604645
-144,Tà Hừa,2026-07-14T23:00:00.000,0.0,0.4000000059604645
-144,Tà Hừa,2026-07-15T00:00:00.000,0.0,0.0
-144,Tà Hừa,2026-07-15T01:00:00.000,0.0,0.0
-144,Tà Hừa,2026-07-15T02:00:00.000,0.0,0.0
-144,Tà Hừa,2026-07-15T03:00:00.000,0.0,0.0
-144,Tà Hừa,2026-07-15T04:00:00.000,0.0,0.0
-144,Tà Hừa,2026-07-15T05:00:00.000,0.0,0.0
-144,Tà Hừa,2026-07-15T06:00:00.000,0.0,0.0
-144,Tà Hừa,2026-07-15T07:00:00.000,0.0,0.0
-144,Tà Hừa,2026-07-15T08:00:00.000,0.0,0.0
-144,Tà Hừa,2026-07-15T09:00:00.000,0.0,0.0
-144,Tà Hừa,2026-07-15T10:00:00.000,0.0,0.0
-144,Tà Hừa,2026-07-15T11:00:00.000,0.0,0.0
-144,Tà Hừa,2026-07-15T12:00:00.000,0.0,0.0
-144,Tà Hừa,2026-07-15T13:00:00.000,0.0,0.0
-144,Tà Hừa,2026-07-15T14:00:00.000,0.0,0.0
